08-12 20:51:05.761  8476  8541 I DFInstaObserve: !toggles disable_feed=0 disable_explore=0 disable_reels=0 disable_stories=0 disable_adds=0
08-12 20:51:05.761  8476  8541 I DFInstaObserve: /feed/timeline/
08-12 20:51:05.781  8476  8613 I DFInstaObserve: !toggles disable_feed=0 disable_explore=0 disable_reels=0 disable_stories=0 disable_adds=0
08-12 20:51:05.781  8476  8613 I DFInstaObserve: /feed/reels_tray/
08-12 20:51:06.166  8476  8672 I DFInstaObserve: !toggles disable_feed=0 disable_explore=0 disable_reels=0 disable_stories=0 disable_adds=0
08-12 20:51:06.963  8476  8619 I DFInstaObserve: !toggles disable_feed=0 disable_explore=0 disable_reels=0 disable_stories=0 disable_adds=0
08-12 20:51:06.963  8476  8619 I DFInstaObserve: /discover/topical_explore
08-12 20:51:07.146  8476  8672 I DFInstaObserve: !toggles disable_feed=0 disable_explore=0 disable_reels=0 disable_stories=0 disable_adds=0
08-12 20:51:07.821  8476  8571 I DFInstaObserve: !toggles disable_feed=0 disable_explore=0 disable_reels=0 disable_stories=0 disable_adds=0
08-12 20:51:07.824  8476  8513 I DFInstaObserve: !toggles disable_feed=0 disable_explore=0 disable_reels=0 disable_stories=0 disable_adds=0
08-12 20:51:07.830  8476  8513 I DFInstaObserve: !toggles disable_feed=0 disable_explore=0 disable_reels=0 disable_stories=0 disable_adds=0
08-12 20:51:07.887  8476  8538 I DFInstaObserve: !toggles disable_feed=0 disable_explore=0 disable_reels=0 disable_stories=0 disable_adds=0
08-12 20:51:07.888  8476  8538 I DFInstaObserve: /feed/timeline/
08-12 20:51:07.888  8476  8633 I DFInstaObserve: !toggles disable_feed=0 disable_explore=0 disable_reels=0 disable_stories=0 disable_adds=0
08-12 20:51:07.896  8476  8613 I DFInstaObserve: !toggles disable_feed=0 disable_explore=0 disable_reels=0 disable_stories=0 disable_adds=0
08-12 20:51:08.414  8476  8572 I DFInstaObserve: !toggles disable_feed=0 disable_explore=0 disable_reels=0 disable_stories=0 disable_adds=0
08-12 20:51:08.544  8476  8613 I DFInstaObserve: !toggles disable_feed=0 disable_explore=0 disable_reels=0 disable_stories=0 disable_adds=0
08-12 20:51:08.548  8476  8618 I DFInstaObserve: !toggles disable_feed=0 disable_explore=0 disable_reels=0 disable_stories=0 disable_adds=0
08-12 20:51:08.841  8476  8633 I DFInstaObserve: !toggles disable_feed=0 disable_explore=0 disable_reels=0 disable_stories=0 disable_adds=0
08-12 20:51:08.896  8476  8819 I DFInstaObserve: !toggles disable_feed=0 disable_explore=0 disable_reels=0 disable_stories=0 disable_adds=0
08-12 20:51:09.084  8476  8603 I DFInstaObserve: !toggles disable_feed=0 disable_explore=0 disable_reels=0 disable_stories=0 disable_adds=0
08-12 20:51:09.500  8476  8812 I DFInstaObserve: !toggles disable_feed=0 disable_explore=0 disable_reels=0 disable_stories=0 disable_adds=0
08-12 20:51:09.510  8476  8810 I DFInstaObserve: !toggles disable_feed=0 disable_explore=0 disable_reels=0 disable_stories=0 disable_adds=0
08-12 20:51:09.582  8476  8646 I DFInstaObserve: !toggles disable_feed=0 disable_explore=0 disable_reels=0 disable_stories=0 disable_adds=0
08-12 20:51:09.635  8476  8646 I DFInstaObserve: !toggles disable_feed=0 disable_explore=0 disable_reels=0 disable_stories=0 disable_adds=0
08-12 20:51:09.664  8476  8983 I DFInstaObserve: !toggles disable_feed=0 disable_explore=0 disable_reels=0 disable_stories=0 disable_adds=0
08-12 20:51:09.927  8476  8672 I DFInstaObserve: !toggles disable_feed=0 disable_explore=0 disable_reels=0 disable_stories=0 disable_adds=0
08-12 20:51:10.915  8476  8672 I DFInstaObserve: !toggles disable_feed=0 disable_explore=0 disable_reels=0 disable_stories=0 disable_adds=0
08-12 20:51:11.156  8476  8512 I DFInstaObserve: !toggles disable_feed=0 disable_explore=0 disable_reels=0 disable_stories=0 disable_adds=0
08-12 20:51:11.161  8476  8512 I DFInstaObserve: !toggles disable_feed=0 disable_explore=0 disable_reels=0 disable_stories=0 disable_adds=0
08-12 20:51:11.204  8476  8541 I DFInstaObserve: !toggles disable_feed=0 disable_explore=0 disable_reels=0 disable_stories=0 disable_adds=0
08-12 20:51:11.209  8476  8619 I DFInstaObserve: !toggles disable_feed=0 disable_explore=0 disable_reels=0 disable_stories=0 disable_adds=0
08-12 20:51:11.240  8476  8810 I DFInstaObserve: !toggles disable_feed=0 disable_explore=0 disable_reels=0 disable_stories=0 disable_adds=0
08-12 20:51:11.244  8476  8619 I DFInstaObserve: !toggles disable_feed=0 disable_explore=0 disable_reels=0 disable_stories=0 disable_adds=0
08-12 20:51:11.280  8476  8541 I DFInstaObserve: !toggles disable_feed=0 disable_explore=0 disable_reels=0 disable_stories=0 disable_adds=0
08-12 20:51:11.284  8476  8619 I DFInstaObserve: !toggles disable_feed=0 disable_explore=0 disable_reels=0 disable_stories=0 disable_adds=0
08-12 20:51:11.310  8476  8541 I DFInstaObserve: !toggles disable_feed=0 disable_explore=0 disable_reels=0 disable_stories=0 disable_adds=0
08-12 20:51:11.321  8476  8619 I DFInstaObserve: !toggles disable_feed=0 disable_explore=0 disable_reels=0 disable_stories=0 disable_adds=0
08-12 20:51:11.335  8476  8541 I DFInstaObserve: !toggles disable_feed=0 disable_explore=0 disable_reels=0 disable_stories=0 disable_adds=0
08-12 20:51:11.344  8476  8619 I DFInstaObserve: !toggles disable_feed=0 disable_explore=0 disable_reels=0 disable_stories=0 disable_adds=0
08-12 20:51:11.373  8476  8541 I DFInstaObserve: !toggles disable_feed=0 disable_explore=0 disable_reels=0 disable_stories=0 disable_adds=0
08-12 20:51:11.398  8476  8541 I DFInstaObserve: !toggles disable_feed=0 disable_explore=0 disable_reels=0 disable_stories=0 disable_adds=0
08-12 20:51:11.422  8476  8619 I DFInstaObserve: !toggles disable_feed=0 disable_explore=0 disable_reels=0 disable_stories=0 disable_adds=0
08-12 20:51:11.454  8476  8810 I DFInstaObserve: !toggles disable_feed=0 disable_explore=0 disable_reels=0 disable_stories=0 disable_adds=0
08-12 20:51:11.829  8476  8512 I DFInstaObserve: !toggles disable_feed=0 disable_explore=0 disable_reels=0 disable_stories=0 disable_adds=0
08-12 20:51:11.834  8476  8512 I DFInstaObserve: !toggles disable_feed=0 disable_explore=0 disable_reels=0 disable_stories=0 disable_adds=0
08-12 20:51:11.872  8476  8571 I DFInstaObserve: !toggles disable_feed=0 disable_explore=0 disable_reels=0 disable_stories=0 disable_adds=0
08-12 20:51:11.887  8476  8619 I DFInstaObserve: !toggles disable_feed=0 disable_explore=0 disable_reels=0 disable_stories=0 disable_adds=0
08-12 20:51:11.906  8476  8646 I DFInstaObserve: !toggles disable_feed=0 disable_explore=0 disable_reels=0 disable_stories=0 disable_adds=0
08-12 20:51:12.140  8476  8619 I DFInstaObserve: !toggles disable_feed=0 disable_explore=0 disable_reels=0 disable_stories=0 disable_adds=0
08-12 20:51:12.148  8476  8810 I DFInstaObserve: !toggles disable_feed=0 disable_explore=0 disable_reels=0 disable_stories=0 disable_adds=0
08-12 20:51:12.417  8476  8646 I DFInstaObserve: !toggles disable_feed=0 disable_explore=0 disable_reels=0 disable_stories=0 disable_adds=0
08-12 20:51:12.454  8476  8646 I DFInstaObserve: !toggles disable_feed=0 disable_explore=0 disable_reels=0 disable_stories=0 disable_adds=0
08-12 20:51:12.665  8476  8646 I DFInstaObserve: !toggles disable_feed=0 disable_explore=0 disable_reels=0 disable_stories=0 disable_adds=0
08-12 20:51:12.707  8476  8646 I DFInstaObserve: !toggles disable_feed=0 disable_explore=0 disable_reels=0 disable_stories=0 disable_adds=0
08-12 20:51:12.752  8476  8646 I DFInstaObserve: !toggles disable_feed=0 disable_explore=0 disable_reels=0 disable_stories=0 disable_adds=0
08-12 20:51:12.791  8476  8646 I DFInstaObserve: !toggles disable_feed=0 disable_explore=0 disable_reels=0 disable_stories=0 disable_adds=0
08-12 20:51:13.045  8476  8646 I DFInstaObserve: !toggles disable_feed=0 disable_explore=0 disable_reels=0 disable_stories=0 disable_adds=0
08-12 20:51:13.128  8476  8646 I DFInstaObserve: !toggles disable_feed=0 disable_explore=0 disable_reels=0 disable_stories=0 disable_adds=0
08-12 20:51:13.204  8476  8646 I DFInstaObserve: !toggles disable_feed=0 disable_explore=0 disable_reels=0 disable_stories=0 disable_adds=0
08-12 20:51:13.279  8476  8646 I DFInstaObserve: !toggles disable_feed=0 disable_explore=0 disable_reels=0 disable_stories=0 disable_adds=0
08-12 20:51:13.331  8476  8646 I DFInstaObserve: !toggles disable_feed=0 disable_explore=0 disable_reels=0 disable_stories=0 disable_adds=0
08-12 20:51:13.363  8476  8646 I DFInstaObserve: !toggles disable_feed=0 disable_explore=0 disable_reels=0 disable_stories=0 disable_adds=0
08-12 20:51:13.405  8476  8646 I DFInstaObserve: !toggles disable_feed=0 disable_explore=0 disable_reels=0 disable_stories=0 disable_adds=0
08-12 20:51:13.493  8476  8646 I DFInstaObserve: !toggles disable_feed=0 disable_explore=0 disable_reels=0 disable_stories=0 disable_adds=0
08-12 20:51:13.738  8476  8646 I DFInstaObserve: !toggles disable_feed=0 disable_explore=0 disable_reels=0 disable_stories=0 disable_adds=0
08-12 20:51:13.776  8476  8646 I DFInstaObserve: !toggles disable_feed=0 disable_explore=0 disable_reels=0 disable_stories=0 disable_adds=0
08-12 20:51:23.306  8476  9010 I DFInstaObserve: !toggles disable_feed=0 disable_explore=0 disable_reels=0 disable_stories=0 disable_adds=0
08-12 20:51:23.306  8476  9010 I DFInstaObserve: /feed/timeline/
08-12 20:51:23.307  8476  8810 I DFInstaObserve: !toggles disable_feed=0 disable_explore=0 disable_reels=0 disable_stories=0 disable_adds=0
08-12 20:51:23.307  8476  8810 I DFInstaObserve: /feed/reels_tray/
08-12 20:51:24.922  8476  8512 I DFInstaObserve: !toggles disable_feed=0 disable_explore=0 disable_reels=0 disable_stories=0 disable_adds=0
08-12 20:51:24.970  8476  8512 I DFInstaObserve: !toggles disable_feed=0 disable_explore=0 disable_reels=0 disable_stories=0 disable_adds=0
08-12 20:51:24.995  8476  8646 I DFInstaObserve: !toggles disable_feed=0 disable_explore=0 disable_reels=0 disable_stories=0 disable_adds=0
08-12 20:51:25.043  8476  8646 I DFInstaObserve: !toggles disable_feed=0 disable_explore=0 disable_reels=0 disable_stories=0 disable_adds=0
08-12 20:51:25.115  8476  8812 I DFInstaObserve: !toggles disable_feed=0 disable_explore=0 disable_reels=0 disable_stories=0 disable_adds=0
08-12 20:51:25.115  8476  8812 I DFInstaObserve: /feed/timeline/
08-12 20:51:27.282  8476  8512 I DFInstaObserve: !toggles disable_feed=0 disable_explore=0 disable_reels=0 disable_stories=0 disable_adds=0
08-12 20:51:27.368  8476  8646 I DFInstaObserve: !toggles disable_feed=0 disable_explore=0 disable_reels=0 disable_stories=0 disable_adds=0
08-12 20:51:27.415  8476  8646 I DFInstaObserve: !toggles disable_feed=0 disable_explore=0 disable_reels=0 disable_stories=0 disable_adds=0
08-12 20:51:31.427  8476  8538 I DFInstaObserve: !toggles disable_feed=0 disable_explore=0 disable_reels=0 disable_stories=0 disable_adds=0
08-12 20:51:31.428  8476  8538 I DFInstaObserve: /feed/timeline/
08-12 20:51:31.434  8476  9046 I DFInstaObserve: !toggles disable_feed=0 disable_explore=0 disable_reels=0 disable_stories=0 disable_adds=0
08-12 20:51:31.434  8476  9046 I DFInstaObserve: /feed/reels_tray/
08-12 20:51:31.876  8476  9079 I DFInstaObserve: !toggles disable_feed=0 disable_explore=0 disable_reels=0 disable_stories=0 disable_adds=0
08-12 20:51:31.876  8476  9079 I DFInstaObserve: /feed/reels_media_stream/
08-12 20:51:32.188  8476  8512 I DFInstaObserve: !toggles disable_feed=0 disable_explore=0 disable_reels=0 disable_stories=0 disable_adds=0
08-12 20:51:32.251  8476  8984 I DFInstaObserve: !toggles disable_feed=0 disable_explore=0 disable_reels=0 disable_stories=0 disable_adds=0
08-12 20:51:32.258  8476  8646 I DFInstaObserve: !toggles disable_feed=0 disable_explore=0 disable_reels=0 disable_stories=0 disable_adds=0
08-12 20:51:32.451  8476  8646 I DFInstaObserve: !toggles disable_feed=0 disable_explore=0 disable_reels=0 disable_stories=0 disable_adds=0
08-12 20:51:32.492  8476  8646 I DFInstaObserve: !toggles disable_feed=0 disable_explore=0 disable_reels=0 disable_stories=0 disable_adds=0
08-12 20:51:32.785  8476  8984 I DFInstaObserve: !toggles disable_feed=0 disable_explore=0 disable_reels=0 disable_stories=0 disable_adds=0
08-12 20:51:32.837  8476  8984 I DFInstaObserve: !toggles disable_feed=0 disable_explore=0 disable_reels=0 disable_stories=0 disable_adds=0
08-12 20:51:33.130  8476  8812 I DFInstaObserve: !toggles disable_feed=0 disable_explore=0 disable_reels=0 disable_stories=0 disable_adds=0
08-12 20:51:33.130  8476  8812 I DFInstaObserve: /feed/timeline/
08-12 20:51:33.216  8476  8646 I DFInstaObserve: !toggles disable_feed=0 disable_explore=0 disable_reels=0 disable_stories=0 disable_adds=0
08-12 20:51:33.255  8476  8646 I DFInstaObserve: !toggles disable_feed=0 disable_explore=0 disable_reels=0 disable_stories=0 disable_adds=0
08-12 20:51:33.392  8476  8646 I DFInstaObserve: !toggles disable_feed=0 disable_explore=0 disable_reels=0 disable_stories=0 disable_adds=0
08-12 20:51:33.433  8476  8646 I DFInstaObserve: !toggles disable_feed=0 disable_explore=0 disable_reels=0 disable_stories=0 disable_adds=0
08-12 20:51:33.727  8476  8646 I DFInstaObserve: !toggles disable_feed=0 disable_explore=0 disable_reels=0 disable_stories=0 disable_adds=0
08-12 20:51:33.765  8476  8646 I DFInstaObserve: !toggles disable_feed=0 disable_explore=0 disable_reels=0 disable_stories=0 disable_adds=0
08-12 20:51:35.105  8476  8512 I DFInstaObserve: !toggles disable_feed=0 disable_explore=0 disable_reels=0 disable_stories=0 disable_adds=0
08-12 20:51:35.117  8476  8512 I DFInstaObserve: !toggles disable_feed=0 disable_explore=0 disable_reels=0 disable_stories=0 disable_adds=0
08-12 20:51:35.149  8476  9079 I DFInstaObserve: !toggles disable_feed=0 disable_explore=0 disable_reels=0 disable_stories=0 disable_adds=0
08-12 20:51:35.225  8476  8984 I DFInstaObserve: !toggles disable_feed=0 disable_explore=0 disable_reels=0 disable_stories=0 disable_adds=0
08-12 20:51:35.242  8476  8646 I DFInstaObserve: !toggles disable_feed=0 disable_explore=0 disable_reels=0 disable_stories=0 disable_adds=0
08-12 20:51:35.289  8476  8646 I DFInstaObserve: !toggles disable_feed=0 disable_explore=0 disable_reels=0 disable_stories=0 disable_adds=0
08-12 20:51:42.877  8476  8512 I DFInstaObserve: !toggles disable_feed=0 disable_explore=0 disable_reels=0 disable_stories=0 disable_adds=0
08-12 20:51:43.056  8476  8984 I DFInstaObserve: !toggles disable_feed=0 disable_explore=0 disable_reels=0 disable_stories=0 disable_adds=0
08-12 20:51:46.399  8476  8512 I DFInstaObserve: !toggles disable_feed=0 disable_explore=0 disable_reels=0 disable_stories=0 disable_adds=0
08-12 20:51:46.406  8476  8984 I DFInstaObserve: !toggles disable_feed=0 disable_explore=0 disable_reels=0 disable_stories=0 disable_adds=0
08-12 20:51:53.078  8476  8512 I DFInstaObserve: !toggles disable_feed=0 disable_explore=0 disable_reels=0 disable_stories=0 disable_adds=0
08-12 20:51:56.195  8476  8512 I DFInstaObserve: !toggles disable_feed=0 disable_explore=0 disable_reels=0 disable_stories=0 disable_adds=0
08-12 20:51:56.443  8476  8812 I DFInstaObserve: !toggles disable_feed=0 disable_explore=0 disable_reels=0 disable_stories=0 disable_adds=0
08-12 20:51:56.443  8476  8812 I DFInstaObserve: /feed/timeline/
08-12 20:51:58.461  8476  8984 I DFInstaObserve: !toggles disable_feed=0 disable_explore=0 disable_reels=0 disable_stories=0 disable_adds=0
08-12 20:51:58.466  8476  8984 I DFInstaObserve: !toggles disable_feed=0 disable_explore=0 disable_reels=0 disable_stories=0 disable_adds=0
08-12 20:51:58.516  8476  8619 I DFInstaObserve: !toggles disable_feed=0 disable_explore=0 disable_reels=0 disable_stories=0 disable_adds=0
08-12 20:51:58.522  8476  9089 I DFInstaObserve: !toggles disable_feed=0 disable_explore=0 disable_reels=0 disable_stories=0 disable_adds=0
08-12 20:51:58.597  8476  8646 I DFInstaObserve: !toggles disable_feed=0 disable_explore=0 disable_reels=0 disable_stories=0 disable_adds=0
08-12 20:51:58.618  8476  9089 I DFInstaObserve: !toggles disable_feed=0 disable_explore=0 disable_reels=0 disable_stories=0 disable_adds=0
08-12 20:51:58.657  8476  8646 I DFInstaObserve: !toggles disable_feed=0 disable_explore=0 disable_reels=0 disable_stories=0 disable_adds=0
08-12 20:51:59.500  8476  8619 I DFInstaObserve: !toggles disable_feed=0 disable_explore=0 disable_reels=0 disable_stories=0 disable_adds=0
08-12 20:51:59.646  8476  8619 I DFInstaObserve: !toggles disable_feed=0 disable_explore=0 disable_reels=0 disable_stories=0 disable_adds=0
08-12 20:51:59.863  8476  8984 I DFInstaObserve: !toggles disable_feed=0 disable_explore=0 disable_reels=0 disable_stories=0 disable_adds=0
08-12 20:51:59.868  8476  8984 I DFInstaObserve: !toggles disable_feed=0 disable_explore=0 disable_reels=0 disable_stories=0 disable_adds=0
08-12 20:51:59.907  8476  9090 I DFInstaObserve: !toggles disable_feed=0 disable_explore=0 disable_reels=0 disable_stories=0 disable_adds=0
08-12 20:51:59.914  8476  8812 I DFInstaObserve: !toggles disable_feed=0 disable_explore=0 disable_reels=0 disable_stories=0 disable_adds=0
08-12 20:51:59.915  8476  8646 I DFInstaObserve: !toggles disable_feed=0 disable_explore=0 disable_reels=0 disable_stories=0 disable_adds=0
08-12 20:51:59.949  8476  9090 I DFInstaObserve: !toggles disable_feed=0 disable_explore=0 disable_reels=0 disable_stories=0 disable_adds=0
08-12 20:51:59.959  8476  8619 I DFInstaObserve: !toggles disable_feed=0 disable_explore=0 disable_reels=0 disable_stories=0 disable_adds=0
08-12 20:52:00.100  8476  9232 I DFInstaObserve: !toggles disable_feed=0 disable_explore=0 disable_reels=0 disable_stories=0 disable_adds=0
08-12 20:52:00.107  8476  8646 I DFInstaObserve: !toggles disable_feed=0 disable_explore=0 disable_reels=0 disable_stories=0 disable_adds=0
08-12 20:52:00.173  8476  8646 I DFInstaObserve: !toggles disable_feed=0 disable_explore=0 disable_reels=0 disable_stories=0 disable_adds=0
08-12 20:52:00.371  8476  8646 I DFInstaObserve: !toggles disable_feed=0 disable_explore=0 disable_reels=0 disable_stories=0 disable_adds=0
08-12 20:52:00.410  8476  8672 I DFInstaObserve: !toggles disable_feed=0 disable_explore=0 disable_reels=0 disable_stories=0 disable_adds=0
08-12 20:52:00.505  8476  8672 I DFInstaObserve: !toggles disable_feed=0 disable_explore=0 disable_reels=0 disable_stories=0 disable_adds=0
08-12 20:52:01.980  8476  9216 I DFInstaObserve: !toggles disable_feed=0 disable_explore=0 disable_reels=0 disable_stories=0 disable_adds=0
08-12 20:52:02.027  8476  9223 I DFInstaObserve: !toggles disable_feed=0 disable_explore=0 disable_reels=0 disable_stories=0 disable_adds=0
08-12 20:52:02.090  8476  9223 I DFInstaObserve: !toggles disable_feed=0 disable_explore=0 disable_reels=0 disable_stories=0 disable_adds=0
08-12 20:52:04.477  8476  9216 I DFInstaObserve: !toggles disable_feed=0 disable_explore=0 disable_reels=0 disable_stories=0 disable_adds=0
08-12 20:52:04.534  8476  9223 I DFInstaObserve: !toggles disable_feed=0 disable_explore=0 disable_reels=0 disable_stories=0 disable_adds=0
08-12 20:52:07.560  8476  9227 I DFInstaObserve: !toggles disable_feed=0 disable_explore=0 disable_reels=0 disable_stories=0 disable_adds=0
08-12 20:52:07.560  8476  9227 I DFInstaObserve: /discover/topical_explore
08-12 20:52:08.012  8476  9284 I DFInstaObserve: !toggles disable_feed=0 disable_explore=0 disable_reels=0 disable_stories=0 disable_adds=0
08-12 20:52:08.248  8476  9293 I DFInstaObserve: !toggles disable_feed=0 disable_explore=0 disable_reels=0 disable_stories=0 disable_adds=0
08-12 20:52:10.222  8476  9282 I DFInstaObserve: !toggles disable_feed=0 disable_explore=0 disable_reels=0 disable_stories=0 disable_adds=0
08-12 20:52:10.672  8476  9291 I DFInstaObserve: !toggles disable_feed=0 disable_explore=0 disable_reels=0 disable_stories=0 disable_adds=0
08-12 20:52:12.720  8476  9282 I DFInstaObserve: !toggles disable_feed=0 disable_explore=0 disable_reels=0 disable_stories=0 disable_adds=0
08-12 20:52:13.171  8476  9291 I DFInstaObserve: !toggles disable_feed=0 disable_explore=0 disable_reels=0 disable_stories=0 disable_adds=0
08-12 20:52:14.404  8476  9329 I DFInstaObserve: !toggles disable_feed=0 disable_explore=0 disable_reels=0 disable_stories=0 disable_adds=0
08-12 20:52:14.404  8476  9329 I DFInstaObserve: /discover/topical_explore
08-12 20:52:17.867  8476  8512 I DFInstaObserve: !toggles disable_feed=0 disable_explore=0 disable_reels=0 disable_stories=0 disable_adds=0
08-12 20:52:17.876  8476  8512 I DFInstaObserve: !toggles disable_feed=0 disable_explore=0 disable_reels=0 disable_stories=0 disable_adds=0
08-12 20:52:17.881  8476  8512 I DFInstaObserve: !toggles disable_feed=0 disable_explore=0 disable_reels=0 disable_stories=0 disable_adds=0
08-12 20:52:18.032  8476  8512 I DFInstaObserve: !toggles disable_feed=0 disable_explore=0 disable_reels=0 disable_stories=0 disable_adds=0
08-12 20:52:18.043  8476  8512 I DFInstaObserve: !toggles disable_feed=0 disable_explore=0 disable_reels=0 disable_stories=0 disable_adds=0
08-12 20:52:18.044  8476  9384 I DFInstaObserve: !toggles disable_feed=0 disable_explore=0 disable_reels=0 disable_stories=0 disable_adds=0
08-12 20:52:18.087  8476  9387 I DFInstaObserve: !toggles disable_feed=0 disable_explore=0 disable_reels=0 disable_stories=0 disable_adds=0
08-12 20:52:18.131  8476  9260 I DFInstaObserve: !toggles disable_feed=0 disable_explore=0 disable_reels=0 disable_stories=0 disable_adds=0
08-12 20:52:18.143  8476  8646 I DFInstaObserve: !toggles disable_feed=0 disable_explore=0 disable_reels=0 disable_stories=0 disable_adds=0
08-12 20:52:18.155  8476  9263 I DFInstaObserve: !toggles disable_feed=0 disable_explore=0 disable_reels=0 disable_stories=0 disable_adds=0
08-12 20:52:18.176  8476  9089 I DFInstaObserve: !toggles disable_feed=0 disable_explore=0 disable_reels=0 disable_stories=0 disable_adds=0
08-12 20:52:18.203  8476  9263 I DFInstaObserve: !toggles disable_feed=0 disable_explore=0 disable_reels=0 disable_stories=0 disable_adds=0
08-12 20:52:18.277  8476  9089 I DFInstaObserve: !toggles disable_feed=0 disable_explore=0 disable_reels=0 disable_stories=0 disable_adds=0
08-12 20:52:18.291  8476  9387 I DFInstaObserve: !toggles disable_feed=0 disable_explore=0 disable_reels=0 disable_stories=0 disable_adds=0
08-12 20:52:18.317  8476  9405 I DFInstaObserve: !toggles disable_feed=0 disable_explore=0 disable_reels=0 disable_stories=0 disable_adds=0
08-12 20:52:18.369  8476  9387 I DFInstaObserve: !toggles disable_feed=0 disable_explore=0 disable_reels=0 disable_stories=0 disable_adds=0
08-12 20:52:18.388  8476  8646 I DFInstaObserve: !toggles disable_feed=0 disable_explore=0 disable_reels=0 disable_stories=0 disable_adds=0
08-12 20:52:18.409  8476  9387 I DFInstaObserve: !toggles disable_feed=0 disable_explore=0 disable_reels=0 disable_stories=0 disable_adds=0
08-12 20:52:18.417  8476  9203 I DFInstaObserve: !toggles disable_feed=0 disable_explore=0 disable_reels=0 disable_stories=0 disable_adds=0
08-12 20:52:18.450  8476  9263 I DFInstaObserve: !toggles disable_feed=0 disable_explore=0 disable_reels=0 disable_stories=0 disable_adds=0
08-12 20:52:18.450  8476  9263 I DFInstaObserve: /discover/topical_explore
08-12 20:52:18.455  8476  9329 I DFInstaObserve: !toggles disable_feed=0 disable_explore=0 disable_reels=0 disable_stories=0 disable_adds=0
08-12 20:52:18.458  8476  8646 I DFInstaObserve: !toggles disable_feed=0 disable_explore=0 disable_reels=0 disable_stories=0 disable_adds=0
08-12 20:52:18.462  8476  9203 I DFInstaObserve: !toggles disable_feed=0 disable_explore=0 disable_reels=0 disable_stories=0 disable_adds=0
08-12 20:52:18.504  8476  9387 I DFInstaObserve: !toggles disable_feed=0 disable_explore=0 disable_reels=0 disable_stories=0 disable_adds=0
08-12 20:52:18.511  8476  9089 I DFInstaObserve: !toggles disable_feed=0 disable_explore=0 disable_reels=0 disable_stories=0 disable_adds=0
08-12 20:52:18.538  8476  9203 I DFInstaObserve: !toggles disable_feed=0 disable_explore=0 disable_reels=0 disable_stories=0 disable_adds=0
08-12 20:52:18.549  8476  9089 I DFInstaObserve: !toggles disable_feed=0 disable_explore=0 disable_reels=0 disable_stories=0 disable_adds=0
08-12 20:52:18.575  8476  9203 I DFInstaObserve: !toggles disable_feed=0 disable_explore=0 disable_reels=0 disable_stories=0 disable_adds=0
08-12 20:52:18.646  8476  8646 I DFInstaObserve: !toggles disable_feed=0 disable_explore=0 disable_reels=0 disable_stories=0 disable_adds=0
08-12 20:52:18.674  8476  8646 I DFInstaObserve: !toggles disable_feed=0 disable_explore=0 disable_reels=0 disable_stories=0 disable_adds=0
08-12 20:52:18.753  8476  8646 I DFInstaObserve: !toggles disable_feed=0 disable_explore=0 disable_reels=0 disable_stories=0 disable_adds=0
08-12 20:52:18.794  8476  8646 I DFInstaObserve: !toggles disable_feed=0 disable_explore=0 disable_reels=0 disable_stories=0 disable_adds=0
08-12 20:52:18.954  8476  8646 I DFInstaObserve: !toggles disable_feed=0 disable_explore=0 disable_reels=0 disable_stories=0 disable_adds=0
08-12 20:52:18.990  8476  8646 I DFInstaObserve: !toggles disable_feed=0 disable_explore=0 disable_reels=0 disable_stories=0 disable_adds=0
08-12 20:52:19.111  8476  8646 I DFInstaObserve: !toggles disable_feed=0 disable_explore=0 disable_reels=0 disable_stories=0 disable_adds=0
08-12 20:52:19.151  8476  8646 I DFInstaObserve: !toggles disable_feed=0 disable_explore=0 disable_reels=0 disable_stories=0 disable_adds=0
08-12 20:52:19.683  8476  8646 I DFInstaObserve: !toggles disable_feed=0 disable_explore=0 disable_reels=0 disable_stories=0 disable_adds=0
08-12 20:52:19.736  8476  8646 I DFInstaObserve: !toggles disable_feed=0 disable_explore=0 disable_reels=0 disable_stories=0 disable_adds=0
08-12 20:52:19.870  8476  8646 I DFInstaObserve: !toggles disable_feed=0 disable_explore=0 disable_reels=0 disable_stories=0 disable_adds=0
08-12 20:52:19.903  8476  8646 I DFInstaObserve: !toggles disable_feed=0 disable_explore=0 disable_reels=0 disable_stories=0 disable_adds=0
08-12 20:52:19.995  8476  8646 I DFInstaObserve: !toggles disable_feed=0 disable_explore=0 disable_reels=0 disable_stories=0 disable_adds=0
08-12 20:52:20.263  8476  9395 I DFInstaObserve: !toggles disable_feed=0 disable_explore=0 disable_reels=0 disable_stories=0 disable_adds=0
08-12 20:52:20.308  8476  9395 I DFInstaObserve: !toggles disable_feed=0 disable_explore=0 disable_reels=0 disable_stories=0 disable_adds=0
08-12 20:52:20.323  8476  9393 I DFInstaObserve: !toggles disable_feed=0 disable_explore=0 disable_reels=0 disable_stories=0 disable_adds=0
08-12 20:52:21.123  8476  9426 I DFInstaObserve: !toggles disable_feed=0 disable_explore=0 disable_reels=0 disable_stories=0 disable_adds=0
08-12 20:52:21.234  8476  9435 I DFInstaObserve: !toggles disable_feed=0 disable_explore=0 disable_reels=0 disable_stories=0 disable_adds=0
08-12 20:52:21.347  8476  9444 I DFInstaObserve: !toggles disable_feed=0 disable_explore=0 disable_reels=0 disable_stories=0 disable_adds=0
08-12 20:52:22.955  8476  9384 I DFInstaObserve: !toggles disable_feed=0 disable_explore=0 disable_reels=0 disable_stories=0 disable_adds=0
08-12 20:52:22.959  8476  9466 I DFInstaObserve: !toggles disable_feed=0 disable_explore=0 disable_reels=0 disable_stories=0 disable_adds=0
08-12 20:52:22.990  8476  8646 I DFInstaObserve: !toggles disable_feed=0 disable_explore=0 disable_reels=0 disable_stories=0 disable_adds=0
08-12 20:52:23.004  8476  9387 I DFInstaObserve: !toggles disable_feed=0 disable_explore=0 disable_reels=0 disable_stories=0 disable_adds=0
08-12 20:52:23.009  8476  9263 I DFInstaObserve: !toggles disable_feed=0 disable_explore=0 disable_reels=0 disable_stories=0 disable_adds=0
08-12 20:52:23.049  8476  9387 I DFInstaObserve: !toggles disable_feed=0 disable_explore=0 disable_reels=0 disable_stories=0 disable_adds=0
08-12 20:52:23.062  8476  9329 I DFInstaObserve: !toggles disable_feed=0 disable_explore=0 disable_reels=0 disable_stories=0 disable_adds=0
08-12 20:52:23.111  8476  9329 I DFInstaObserve: !toggles disable_feed=0 disable_explore=0 disable_reels=0 disable_stories=0 disable_adds=0
08-12 20:52:23.129  8476  9329 I DFInstaObserve: !toggles disable_feed=0 disable_explore=0 disable_reels=0 disable_stories=0 disable_adds=0
08-12 20:52:23.172  8476  9203 I DFInstaObserve: !toggles disable_feed=0 disable_explore=0 disable_reels=0 disable_stories=0 disable_adds=0
08-12 20:52:23.182  8476  8646 I DFInstaObserve: !toggles disable_feed=0 disable_explore=0 disable_reels=0 disable_stories=0 disable_adds=0
08-12 20:52:23.198  8476  9387 I DFInstaObserve: !toggles disable_feed=0 disable_explore=0 disable_reels=0 disable_stories=0 disable_adds=0
08-12 20:52:23.228  8476  9387 I DFInstaObserve: !toggles disable_feed=0 disable_explore=0 disable_reels=0 disable_stories=0 disable_adds=0
08-12 20:52:23.318  8476  8646 I DFInstaObserve: !toggles disable_feed=0 disable_explore=0 disable_reels=0 disable_stories=0 disable_adds=0
08-12 20:52:23.328  8476  9203 I DFInstaObserve: !toggles disable_feed=0 disable_explore=0 disable_reels=0 disable_stories=0 disable_adds=0
08-12 20:52:23.340  8476  9329 I DFInstaObserve: !toggles disable_feed=0 disable_explore=0 disable_reels=0 disable_stories=0 disable_adds=0
08-12 20:52:23.378  8476  9387 I DFInstaObserve: !toggles disable_feed=0 disable_explore=0 disable_reels=0 disable_stories=0 disable_adds=0
08-12 20:52:23.401  8476  9329 I DFInstaObserve: !toggles disable_feed=0 disable_explore=0 disable_reels=0 disable_stories=0 disable_adds=0
08-12 20:52:23.449  8476  9387 I DFInstaObserve: !toggles disable_feed=0 disable_explore=0 disable_reels=0 disable_stories=0 disable_adds=0
08-12 20:52:23.458  8476  9443 I DFInstaObserve: !toggles disable_feed=0 disable_explore=0 disable_reels=0 disable_stories=0 disable_adds=0
08-12 20:52:23.493  8476  9439 I DFInstaObserve: !toggles disable_feed=0 disable_explore=0 disable_reels=0 disable_stories=0 disable_adds=0
08-12 20:52:23.635  8476  9387 I DFInstaObserve: !toggles disable_feed=0 disable_explore=0 disable_reels=0 disable_stories=0 disable_adds=0
08-12 20:52:23.641  8476  9329 I DFInstaObserve: !toggles disable_feed=0 disable_explore=0 disable_reels=0 disable_stories=0 disable_adds=0
08-12 20:52:23.684  8476  9451 I DFInstaObserve: !toggles disable_feed=0 disable_explore=0 disable_reels=0 disable_stories=0 disable_adds=0
08-12 20:52:23.710  8476  9263 I DFInstaObserve: !toggles disable_feed=0 disable_explore=0 disable_reels=0 disable_stories=0 disable_adds=0
08-12 20:52:23.713  8476  8646 I DFInstaObserve: !toggles disable_feed=0 disable_explore=0 disable_reels=0 disable_stories=0 disable_adds=0
08-12 20:52:23.718  8476  9387 I DFInstaObserve: !toggles disable_feed=0 disable_explore=0 disable_reels=0 disable_stories=0 disable_adds=0
08-12 20:52:23.743  8476  9451 I DFInstaObserve: !toggles disable_feed=0 disable_explore=0 disable_reels=0 disable_stories=0 disable_adds=0
08-12 20:52:23.801  8476  9387 I DFInstaObserve: !toggles disable_feed=0 disable_explore=0 disable_reels=0 disable_stories=0 disable_adds=0
08-12 20:52:23.811  8476  9329 I DFInstaObserve: !toggles disable_feed=0 disable_explore=0 disable_reels=0 disable_stories=0 disable_adds=0
08-12 20:52:23.970  8476  8646 I DFInstaObserve: !toggles disable_feed=0 disable_explore=0 disable_reels=0 disable_stories=0 disable_adds=0
08-12 20:52:24.143  8476  8646 I DFInstaObserve: !toggles disable_feed=0 disable_explore=0 disable_reels=0 disable_stories=0 disable_adds=0
08-12 20:52:24.195  8476  8646 I DFInstaObserve: !toggles disable_feed=0 disable_explore=0 disable_reels=0 disable_stories=0 disable_adds=0
08-12 20:52:24.245  8476  9482 I DFInstaObserve: !toggles disable_feed=0 disable_explore=0 disable_reels=0 disable_stories=0 disable_adds=0
08-12 20:52:24.368  8476  9203 I DFInstaObserve: !toggles disable_feed=0 disable_explore=0 disable_reels=0 disable_stories=0 disable_adds=0
08-12 20:52:24.447  8476  8646 I DFInstaObserve: !toggles disable_feed=0 disable_explore=0 disable_reels=0 disable_stories=0 disable_adds=0
08-12 20:52:24.497  8476  8646 I DFInstaObserve: !toggles disable_feed=0 disable_explore=0 disable_reels=0 disable_stories=0 disable_adds=0
08-12 20:52:24.549  8476  9384 I DFInstaObserve: !toggles disable_feed=0 disable_explore=0 disable_reels=0 disable_stories=0 disable_adds=0
08-12 20:52:24.557  8476  9384 I DFInstaObserve: !toggles disable_feed=0 disable_explore=0 disable_reels=0 disable_stories=0 disable_adds=0
08-12 20:52:24.581  8476  8672 I DFInstaObserve: !toggles disable_feed=0 disable_explore=0 disable_reels=0 disable_stories=0 disable_adds=0
08-12 20:52:24.596  8476  9492 I DFInstaObserve: !toggles disable_feed=0 disable_explore=0 disable_reels=0 disable_stories=0 disable_adds=0
08-12 20:52:24.624  8476  9492 I DFInstaObserve: !toggles disable_feed=0 disable_explore=0 disable_reels=0 disable_stories=0 disable_adds=0
08-12 20:52:24.692  8476  8672 I DFInstaObserve: !toggles disable_feed=0 disable_explore=0 disable_reels=0 disable_stories=0 disable_adds=0
08-12 20:52:24.720  8476  9466 I DFInstaObserve: !toggles disable_feed=0 disable_explore=0 disable_reels=0 disable_stories=0 disable_adds=0
08-12 20:52:24.838  8476  8646 I DFInstaObserve: !toggles disable_feed=0 disable_explore=0 disable_reels=0 disable_stories=0 disable_adds=0
08-12 20:52:24.924  8476  8646 I DFInstaObserve: !toggles disable_feed=0 disable_explore=0 disable_reels=0 disable_stories=0 disable_adds=0
08-12 20:52:25.059  8476  8646 I DFInstaObserve: !toggles disable_feed=0 disable_explore=0 disable_reels=0 disable_stories=0 disable_adds=0
08-12 20:52:25.100  8476  8646 I DFInstaObserve: !toggles disable_feed=0 disable_explore=0 disable_reels=0 disable_stories=0 disable_adds=0
08-12 20:52:25.230  8476  8646 I DFInstaObserve: !toggles disable_feed=0 disable_explore=0 disable_reels=0 disable_stories=0 disable_adds=0
08-12 20:52:25.278  8476  8646 I DFInstaObserve: !toggles disable_feed=0 disable_explore=0 disable_reels=0 disable_stories=0 disable_adds=0
08-12 20:52:25.335  8476  8646 I DFInstaObserve: !toggles disable_feed=0 disable_explore=0 disable_reels=0 disable_stories=0 disable_adds=0
08-12 20:52:26.919  8476  9513 I DFInstaObserve: !toggles disable_feed=0 disable_explore=0 disable_reels=0 disable_stories=0 disable_adds=0
08-12 20:52:26.920  8476  9512 I DFInstaObserve: !toggles disable_feed=0 disable_explore=0 disable_reels=0 disable_stories=0 disable_adds=0
08-12 20:52:29.390  8476  9513 I DFInstaObserve: !toggles disable_feed=0 disable_explore=0 disable_reels=0 disable_stories=0 disable_adds=0
08-12 20:52:29.390  8476  9512 I DFInstaObserve: !toggles disable_feed=0 disable_explore=0 disable_reels=0 disable_stories=0 disable_adds=0
08-12 20:52:32.330  8476  9203 I DFInstaObserve: !toggles disable_feed=0 disable_explore=0 disable_reels=0 disable_stories=0 disable_adds=0
08-12 20:52:32.330  8476  9203 I DFInstaObserve: /clips/discover
08-12 20:52:32.330  8476  9203 I DFInstaObserve: /clips/discover/stream/
08-12 20:52:34.870  8476  9548 I DFInstaObserve: !toggles disable_feed=0 disable_explore=0 disable_reels=0 disable_stories=0 disable_adds=0
08-12 20:52:34.875  8476  9549 I DFInstaObserve: !toggles disable_feed=0 disable_explore=0 disable_reels=0 disable_stories=0 disable_adds=0
08-12 20:52:36.827  8476  9384 I DFInstaObserve: !toggles disable_feed=0 disable_explore=0 disable_reels=0 disable_stories=0 disable_adds=0
08-12 20:52:36.835  8476  9384 I DFInstaObserve: !toggles disable_feed=0 disable_explore=0 disable_reels=0 disable_stories=0 disable_adds=0
08-12 20:52:36.863  8476  8646 I DFInstaObserve: !toggles disable_feed=0 disable_explore=0 disable_reels=0 disable_stories=0 disable_adds=0
08-12 20:52:36.866  8476  9602 I DFInstaObserve: !toggles disable_feed=0 disable_explore=0 disable_reels=0 disable_stories=0 disable_adds=0
08-12 20:52:37.066  8476  8646 I DFInstaObserve: !toggles disable_feed=0 disable_explore=0 disable_reels=0 disable_stories=0 disable_adds=0
08-12 20:52:37.114  8476  9384 I DFInstaObserve: !toggles disable_feed=0 disable_explore=0 disable_reels=0 disable_stories=0 disable_adds=0
08-12 20:52:37.121  8476  9384 I DFInstaObserve: !toggles disable_feed=0 disable_explore=0 disable_reels=0 disable_stories=0 disable_adds=0
08-12 20:52:37.144  8476  8646 I DFInstaObserve: !toggles disable_feed=0 disable_explore=0 disable_reels=0 disable_stories=0 disable_adds=0
08-12 20:52:37.160  8476  9602 I DFInstaObserve: !toggles disable_feed=0 disable_explore=0 disable_reels=0 disable_stories=0 disable_adds=0
08-12 20:52:37.209  8476  8646 I DFInstaObserve: !toggles disable_feed=0 disable_explore=0 disable_reels=0 disable_stories=0 disable_adds=0
08-12 20:52:37.260  8476  8646 I DFInstaObserve: !toggles disable_feed=0 disable_explore=0 disable_reels=0 disable_stories=0 disable_adds=0
08-12 20:52:37.264  8476  9263 I DFInstaObserve: !toggles disable_feed=0 disable_explore=0 disable_reels=0 disable_stories=0 disable_adds=0
08-12 20:52:37.783  8476  8646 I DFInstaObserve: !toggles disable_feed=0 disable_explore=0 disable_reels=0 disable_stories=0 disable_adds=0
08-12 20:52:37.830  8476  8646 I DFInstaObserve: !toggles disable_feed=0 disable_explore=0 disable_reels=0 disable_stories=0 disable_adds=0
08-12 20:52:38.003  8476  8646 I DFInstaObserve: !toggles disable_feed=0 disable_explore=0 disable_reels=0 disable_stories=0 disable_adds=0
08-12 20:52:38.145  8476  9588 I DFInstaObserve: !toggles disable_feed=0 disable_explore=0 disable_reels=0 disable_stories=0 disable_adds=0
08-12 20:52:38.147  8476  9589 I DFInstaObserve: !toggles disable_feed=0 disable_explore=0 disable_reels=0 disable_stories=0 disable_adds=0
08-12 20:52:41.462  8476  9635 I DFInstaObserve: !toggles disable_feed=0 disable_explore=0 disable_reels=0 disable_stories=0 disable_adds=0
08-12 20:52:41.463  8476  9634 I DFInstaObserve: !toggles disable_feed=0 disable_explore=0 disable_reels=0 disable_stories=0 disable_adds=0
08-12 20:52:42.747  8476  9384 I DFInstaObserve: !toggles disable_feed=0 disable_explore=0 disable_reels=0 disable_stories=0 disable_adds=0
08-12 20:52:44.834  8476  9677 I DFInstaObserve: !toggles disable_feed=0 disable_explore=0 disable_reels=0 disable_stories=0 disable_adds=0
08-12 20:52:44.834  8476  9678 I DFInstaObserve: !toggles disable_feed=0 disable_explore=0 disable_reels=0 disable_stories=0 disable_adds=0
08-12 20:52:45.618  8476  9602 I DFInstaObserve: !toggles disable_feed=0 disable_explore=0 disable_reels=0 disable_stories=0 disable_adds=0
08-12 20:52:45.618  8476  9602 I DFInstaObserve: /clips/discover
08-12 20:52:45.618  8476  9602 I DFInstaObserve: /clips/discover/stream/
08-12 20:52:46.038  8476  9466 I DFInstaObserve: !toggles disable_feed=0 disable_explore=0 disable_reels=0 disable_stories=0 disable_adds=0
08-12 20:52:48.148  8476  9706 I DFInstaObserve: !toggles disable_feed=0 disable_explore=0 disable_reels=0 disable_stories=0 disable_adds=0
08-12 20:52:48.148  8476  9705 I DFInstaObserve: !toggles disable_feed=0 disable_explore=0 disable_reels=0 disable_stories=0 disable_adds=0
08-12 20:52:48.907  8476  9496 I DFInstaObserve: !toggles disable_feed=0 disable_explore=0 disable_reels=0 disable_stories=0 disable_adds=0
08-12 20:52:49.134  8476  8672 I DFInstaObserve: !toggles disable_feed=0 disable_explore=0 disable_reels=0 disable_stories=0 disable_adds=0
08-12 20:52:49.521  8476  9466 I DFInstaObserve: !toggles disable_feed=0 disable_explore=0 disable_reels=0 disable_stories=0 disable_adds=0
08-12 20:52:49.527  8476  9466 I DFInstaObserve: !toggles disable_feed=0 disable_explore=0 disable_reels=0 disable_stories=0 disable_adds=0
08-12 20:52:49.553  8476  8646 I DFInstaObserve: !toggles disable_feed=0 disable_explore=0 disable_reels=0 disable_stories=0 disable_adds=0
08-12 20:52:49.565  8476  9737 I DFInstaObserve: !toggles disable_feed=0 disable_explore=0 disable_reels=0 disable_stories=0 disable_adds=0
08-12 20:52:49.600  8476  8646 I DFInstaObserve: !toggles disable_feed=0 disable_explore=0 disable_reels=0 disable_stories=0 disable_adds=0
08-12 20:52:49.634  8476  8646 I DFInstaObserve: !toggles disable_feed=0 disable_explore=0 disable_reels=0 disable_stories=0 disable_adds=0
08-12 20:52:49.819  8476  8646 I DFInstaObserve: !toggles disable_feed=0 disable_explore=0 disable_reels=0 disable_stories=0 disable_adds=0
08-12 20:52:49.853  8476  9466 I DFInstaObserve: !toggles disable_feed=0 disable_explore=0 disable_reels=0 disable_stories=0 disable_adds=0
08-12 20:52:49.893  8476  8646 I DFInstaObserve: !toggles disable_feed=0 disable_explore=0 disable_reels=0 disable_stories=0 disable_adds=0
08-12 20:52:49.944  8476  8646 I DFInstaObserve: !toggles disable_feed=0 disable_explore=0 disable_reels=0 disable_stories=0 disable_adds=0
08-12 20:52:50.095  8476  8646 I DFInstaObserve: !toggles disable_feed=0 disable_explore=0 disable_reels=0 disable_stories=0 disable_adds=0
08-12 20:52:50.110  8476  9203 I DFInstaObserve: !toggles disable_feed=0 disable_explore=0 disable_reels=0 disable_stories=0 disable_adds=0
08-12 20:52:54.668  8476  9203 I DFInstaObserve: !toggles disable_feed=0 disable_explore=0 disable_reels=0 disable_stories=0 disable_adds=0
08-12 20:52:54.668  8476  9203 I DFInstaObserve: /clips/discover
08-12 20:52:54.668  8476  9203 I DFInstaObserve: /clips/discover/stream/
08-12 20:52:57.864  8476  8646 I DFInstaObserve: !toggles disable_feed=0 disable_explore=0 disable_reels=0 disable_stories=0 disable_adds=0
08-12 20:52:58.476  8476  8646 I DFInstaObserve: !toggles disable_feed=0 disable_explore=0 disable_reels=0 disable_stories=0 disable_adds=0
08-12 20:52:58.517  8476  8646 I DFInstaObserve: !toggles disable_feed=0 disable_explore=0 disable_reels=0 disable_stories=0 disable_adds=0
08-12 20:52:58.666  8476  8646 I DFInstaObserve: !toggles disable_feed=0 disable_explore=0 disable_reels=0 disable_stories=0 disable_adds=0
08-12 20:52:58.710  8476  8646 I DFInstaObserve: !toggles disable_feed=0 disable_explore=0 disable_reels=0 disable_stories=0 disable_adds=0
08-12 20:52:58.867  8476  8646 I DFInstaObserve: !toggles disable_feed=0 disable_explore=0 disable_reels=0 disable_stories=0 disable_adds=0
08-12 20:53:08.652  8476  9384 I DFInstaObserve: !toggles disable_feed=0 disable_explore=0 disable_reels=0 disable_stories=0 disable_adds=0
08-12 20:53:19.340  8476  9263 I DFInstaObserve: !toggles disable_feed=0 disable_explore=0 disable_reels=0 disable_stories=0 disable_adds=0
08-12 20:53:19.340  8476  9263 I DFInstaObserve: /feed/timeline/
08-12 20:53:21.079  8476  9384 I DFInstaObserve: !toggles disable_feed=0 disable_explore=0 disable_reels=0 disable_stories=0 disable_adds=0
08-12 20:53:21.084  8476  9384 I DFInstaObserve: !toggles disable_feed=0 disable_explore=0 disable_reels=0 disable_stories=0 disable_adds=0
08-12 20:53:21.119  8476  9737 I DFInstaObserve: !toggles disable_feed=0 disable_explore=0 disable_reels=0 disable_stories=0 disable_adds=0
08-12 20:53:21.125  8476  9496 I DFInstaObserve: !toggles disable_feed=0 disable_explore=0 disable_reels=0 disable_stories=0 disable_adds=0
08-12 20:53:21.189  8476  9859 I DFInstaObserve: !toggles disable_feed=0 disable_explore=0 disable_reels=0 disable_stories=0 disable_adds=0
08-12 20:53:21.352  8476  8646 I DFInstaObserve: !toggles disable_feed=0 disable_explore=0 disable_reels=0 disable_stories=0 disable_adds=0
08-12 20:53:21.399  8476  8646 I DFInstaObserve: !toggles disable_feed=0 disable_explore=0 disable_reels=0 disable_stories=0 disable_adds=0
08-12 20:53:21.439  8476  8646 I DFInstaObserve: !toggles disable_feed=0 disable_explore=0 disable_reels=0 disable_stories=0 disable_adds=0
08-12 20:53:21.476  8476  8646 I DFInstaObserve: !toggles disable_feed=0 disable_explore=0 disable_reels=0 disable_stories=0 disable_adds=0
08-12 20:53:25.257  8476  8672 I DFInstaObserve: !toggles disable_feed=0 disable_explore=0 disable_reels=0 disable_stories=0 disable_adds=0
08-12 20:53:27.291  8476  9916 I DFInstaObserve: !toggles disable_feed=0 disable_explore=0 disable_reels=0 disable_stories=0 disable_adds=0
08-12 20:53:27.337  8476  9916 I DFInstaObserve: !toggles disable_feed=0 disable_explore=0 disable_reels=0 disable_stories=0 disable_adds=0
08-12 20:53:29.659  8476  9889 I DFInstaObserve: !toggles disable_feed=0 disable_explore=0 disable_reels=0 disable_stories=0 disable_adds=0
08-12 20:53:29.660  8476  9895 I DFInstaObserve: !toggles disable_feed=0 disable_explore=0 disable_reels=0 disable_stories=0 disable_adds=0
08-12 20:53:29.672  8476  9895 I DFInstaObserve: !toggles disable_feed=0 disable_explore=0 disable_reels=0 disable_stories=0 disable_adds=0
08-12 20:53:29.673  8476  9889 I DFInstaObserve: !toggles disable_feed=0 disable_explore=0 disable_reels=0 disable_stories=0 disable_adds=0
08-12 20:53:33.432  8476  9857 I DFInstaObserve: !toggles disable_feed=0 disable_explore=0 disable_reels=0 disable_stories=0 disable_adds=0
08-12 20:53:33.432  8476  9857 I DFInstaObserve: /discover/topical_explore
08-12 20:53:33.565  8476  9953 I DFInstaObserve: !toggles disable_feed=0 disable_explore=0 disable_reels=0 disable_stories=0 disable_adds=0
08-12 20:53:33.632  8476  9961 I DFInstaObserve: !toggles disable_feed=0 disable_explore=0 disable_reels=0 disable_stories=0 disable_adds=0
08-12 20:53:35.605  8476  9952 I DFInstaObserve: !toggles disable_feed=0 disable_explore=0 disable_reels=0 disable_stories=0 disable_adds=0
08-12 20:53:35.931  8476  9960 I DFInstaObserve: !toggles disable_feed=0 disable_explore=0 disable_reels=0 disable_stories=0 disable_adds=0
08-12 20:53:36.649  8476  9989 I DFInstaObserve: !toggles disable_feed=0 disable_explore=0 disable_reels=0 disable_stories=0 disable_adds=0
08-12 20:53:36.774  8476  9999 I DFInstaObserve: !toggles disable_feed=0 disable_explore=0 disable_reels=0 disable_stories=0 disable_adds=0
08-12 20:53:37.246  8476  9466 I DFInstaObserve: !toggles disable_feed=0 disable_explore=0 disable_reels=0 disable_stories=0 disable_adds=0
08-12 20:53:37.256  8476  9466 I DFInstaObserve: !toggles disable_feed=0 disable_explore=0 disable_reels=0 disable_stories=0 disable_adds=0
08-12 20:53:37.261  8476  9466 I DFInstaObserve: !toggles disable_feed=0 disable_explore=0 disable_reels=0 disable_stories=0 disable_adds=0
08-12 20:53:37.521  8476  9466 I DFInstaObserve: !toggles disable_feed=0 disable_explore=0 disable_reels=0 disable_stories=0 disable_adds=0
08-12 20:53:37.528  8476 10015 I DFInstaObserve: !toggles disable_feed=0 disable_explore=0 disable_reels=0 disable_stories=0 disable_adds=0
08-12 20:53:37.554  8476 10020 I DFInstaObserve: !toggles disable_feed=0 disable_explore=0 disable_reels=0 disable_stories=0 disable_adds=0
08-12 20:53:37.589  8476  9203 I DFInstaObserve: !toggles disable_feed=0 disable_explore=0 disable_reels=0 disable_stories=0 disable_adds=0
08-12 20:53:37.611  8476  9948 I DFInstaObserve: !toggles disable_feed=0 disable_explore=0 disable_reels=0 disable_stories=0 disable_adds=0
08-12 20:53:37.643  8476  8646 I DFInstaObserve: !toggles disable_feed=0 disable_explore=0 disable_reels=0 disable_stories=0 disable_adds=0
08-12 20:53:37.663  8476  9203 I DFInstaObserve: !toggles disable_feed=0 disable_explore=0 disable_reels=0 disable_stories=0 disable_adds=0
08-12 20:53:37.672  8476  9948 I DFInstaObserve: !toggles disable_feed=0 disable_explore=0 disable_reels=0 disable_stories=0 disable_adds=0
08-12 20:53:37.833  8476  9857 I DFInstaObserve: !toggles disable_feed=0 disable_explore=0 disable_reels=0 disable_stories=0 disable_adds=0
08-12 20:53:37.841  8476  9203 I DFInstaObserve: !toggles disable_feed=0 disable_explore=0 disable_reels=0 disable_stories=0 disable_adds=0
08-12 20:53:37.880  8476  9857 I DFInstaObserve: !toggles disable_feed=0 disable_explore=0 disable_reels=0 disable_stories=0 disable_adds=0
08-12 20:53:37.901  8476  9203 I DFInstaObserve: !toggles disable_feed=0 disable_explore=0 disable_reels=0 disable_stories=0 disable_adds=0
08-12 20:53:37.929  8476  9857 I DFInstaObserve: !toggles disable_feed=0 disable_explore=0 disable_reels=0 disable_stories=0 disable_adds=0
08-12 20:53:37.952  8476  9203 I DFInstaObserve: !toggles disable_feed=0 disable_explore=0 disable_reels=0 disable_stories=0 disable_adds=0
08-12 20:53:37.983  8476  9203 I DFInstaObserve: !toggles disable_feed=0 disable_explore=0 disable_reels=0 disable_stories=0 disable_adds=0
08-12 20:53:38.017  8476  9203 I DFInstaObserve: !toggles disable_feed=0 disable_explore=0 disable_reels=0 disable_stories=0 disable_adds=0
08-12 20:53:38.047  8476  9602 I DFInstaObserve: !toggles disable_feed=0 disable_explore=0 disable_reels=0 disable_stories=0 disable_adds=0
08-12 20:53:38.078  8476  9203 I DFInstaObserve: !toggles disable_feed=0 disable_explore=0 disable_reels=0 disable_stories=0 disable_adds=0
08-12 20:53:38.089  8476  9203 I DFInstaObserve: !toggles disable_feed=0 disable_explore=0 disable_reels=0 disable_stories=0 disable_adds=0
08-12 20:53:38.127  8476 10004 I DFInstaObserve: !toggles disable_feed=0 disable_explore=0 disable_reels=0 disable_stories=0 disable_adds=0
08-12 20:53:38.140  8476  9602 I DFInstaObserve: !toggles disable_feed=0 disable_explore=0 disable_reels=0 disable_stories=0 disable_adds=0
08-12 20:53:38.164  8476  9602 I DFInstaObserve: !toggles disable_feed=0 disable_explore=0 disable_reels=0 disable_stories=0 disable_adds=0
08-12 20:53:38.185  8476  9602 I DFInstaObserve: !toggles disable_feed=0 disable_explore=0 disable_reels=0 disable_stories=0 disable_adds=0
08-12 20:53:38.200  8476  8646 I DFInstaObserve: !toggles disable_feed=0 disable_explore=0 disable_reels=0 disable_stories=0 disable_adds=0
08-12 20:53:38.241  8476  8646 I DFInstaObserve: !toggles disable_feed=0 disable_explore=0 disable_reels=0 disable_stories=0 disable_adds=0
08-12 20:53:38.397  8476  8646 I DFInstaObserve: !toggles disable_feed=0 disable_explore=0 disable_reels=0 disable_stories=0 disable_adds=0
08-12 20:53:38.437  8476  8646 I DFInstaObserve: !toggles disable_feed=0 disable_explore=0 disable_reels=0 disable_stories=0 disable_adds=0
08-12 20:53:38.622  8476  8646 I DFInstaObserve: !toggles disable_feed=0 disable_explore=0 disable_reels=0 disable_stories=0 disable_adds=0
08-12 20:53:38.666  8476  8646 I DFInstaObserve: !toggles disable_feed=0 disable_explore=0 disable_reels=0 disable_stories=0 disable_adds=0
08-12 20:53:38.849  8476  8646 I DFInstaObserve: !toggles disable_feed=0 disable_explore=0 disable_reels=0 disable_stories=0 disable_adds=0
08-12 20:53:38.896  8476  8646 I DFInstaObserve: !toggles disable_feed=0 disable_explore=0 disable_reels=0 disable_stories=0 disable_adds=0
08-12 20:53:39.020  8476  8646 I DFInstaObserve: !toggles disable_feed=0 disable_explore=0 disable_reels=0 disable_stories=0 disable_adds=0
08-12 20:53:39.035  8476 10006 I DFInstaObserve: !toggles disable_feed=0 disable_explore=0 disable_reels=0 disable_stories=0 disable_adds=0
08-12 20:53:39.160  8476 10006 I DFInstaObserve: !toggles disable_feed=0 disable_explore=0 disable_reels=0 disable_stories=0 disable_adds=0
08-12 20:53:39.162  8476 10011 I DFInstaObserve: !toggles disable_feed=0 disable_explore=0 disable_reels=0 disable_stories=0 disable_adds=0
08-12 20:53:39.207  8476  8646 I DFInstaObserve: !toggles disable_feed=0 disable_explore=0 disable_reels=0 disable_stories=0 disable_adds=0
08-12 20:53:39.211  8476 10011 I DFInstaObserve: !toggles disable_feed=0 disable_explore=0 disable_reels=0 disable_stories=0 disable_adds=0
08-12 20:53:39.675  8476  8646 I DFInstaObserve: !toggles disable_feed=0 disable_explore=0 disable_reels=0 disable_stories=0 disable_adds=0
08-12 20:53:39.726  8476  8646 I DFInstaObserve: !toggles disable_feed=0 disable_explore=0 disable_reels=0 disable_stories=0 disable_adds=0
08-12 20:53:39.802  8476  8646 I DFInstaObserve: !toggles disable_feed=0 disable_explore=0 disable_reels=0 disable_stories=0 disable_adds=0
08-12 20:53:39.859  8476  8646 I DFInstaObserve: !toggles disable_feed=0 disable_explore=0 disable_reels=0 disable_stories=0 disable_adds=0
08-12 20:53:39.980  8476  9203 I DFInstaObserve: !toggles disable_feed=0 disable_explore=0 disable_reels=0 disable_stories=0 disable_adds=0
08-12 20:53:39.980  8476  9203 I DFInstaObserve: /discover/topical_explore
08-12 20:53:40.045  8476  8646 I DFInstaObserve: !toggles disable_feed=0 disable_explore=0 disable_reels=0 disable_stories=0 disable_adds=0
08-12 20:53:40.061  8476 10045 I DFInstaObserve: !toggles disable_feed=0 disable_explore=0 disable_reels=0 disable_stories=0 disable_adds=0
08-12 20:53:42.422  8476 10058 I DFInstaObserve: !toggles disable_feed=0 disable_explore=0 disable_reels=0 disable_stories=0 disable_adds=0
08-12 20:53:42.495  8476 10058 I DFInstaObserve: !toggles disable_feed=0 disable_explore=0 disable_reels=0 disable_stories=0 disable_adds=0
08-12 20:53:42.541  8476 10070 I DFInstaObserve: !toggles disable_feed=0 disable_explore=0 disable_reels=0 disable_stories=0 disable_adds=0
08-12 20:53:42.569  8476 10070 I DFInstaObserve: !toggles disable_feed=0 disable_explore=0 disable_reels=0 disable_stories=0 disable_adds=0
08-12 20:53:43.433  8476 10015 I DFInstaObserve: !toggles disable_feed=0 disable_explore=0 disable_reels=0 disable_stories=0 disable_adds=0
08-12 20:53:43.449  8476 10015 I DFInstaObserve: !toggles disable_feed=0 disable_explore=0 disable_reels=0 disable_stories=0 disable_adds=0
08-12 20:53:43.458  8476 10015 I DFInstaObserve: !toggles disable_feed=0 disable_explore=0 disable_reels=0 disable_stories=0 disable_adds=0
08-12 20:53:43.558  8476 10015 I DFInstaObserve: !toggles disable_feed=0 disable_explore=0 disable_reels=0 disable_stories=0 disable_adds=0
08-12 20:53:43.582  8476 10095 I DFInstaObserve: !toggles disable_feed=0 disable_explore=0 disable_reels=0 disable_stories=0 disable_adds=0
08-12 20:53:43.598  8476 10095 I DFInstaObserve: !toggles disable_feed=0 disable_explore=0 disable_reels=0 disable_stories=0 disable_adds=0
08-12 20:53:43.629  8476  9602 I DFInstaObserve: !toggles disable_feed=0 disable_explore=0 disable_reels=0 disable_stories=0 disable_adds=0
08-12 20:53:43.647  8476 10091 I DFInstaObserve: !toggles disable_feed=0 disable_explore=0 disable_reels=0 disable_stories=0 disable_adds=0
08-12 20:53:43.673  8476  8646 I DFInstaObserve: !toggles disable_feed=0 disable_explore=0 disable_reels=0 disable_stories=0 disable_adds=0
08-12 20:53:43.682  8476  9203 I DFInstaObserve: !toggles disable_feed=0 disable_explore=0 disable_reels=0 disable_stories=0 disable_adds=0
08-12 20:53:43.689  8476 10106 I DFInstaObserve: !toggles disable_feed=0 disable_explore=0 disable_reels=0 disable_stories=0 disable_adds=0
08-12 20:53:43.699  8476  9203 I DFInstaObserve: !toggles disable_feed=0 disable_explore=0 disable_reels=0 disable_stories=0 disable_adds=0
08-12 20:53:43.737  8476  9602 I DFInstaObserve: !toggles disable_feed=0 disable_explore=0 disable_reels=0 disable_stories=0 disable_adds=0
08-12 20:53:43.760  8476 10004 I DFInstaObserve: !toggles disable_feed=0 disable_explore=0 disable_reels=0 disable_stories=0 disable_adds=0
08-12 20:53:43.799  8476 10094 I DFInstaObserve: !toggles disable_feed=0 disable_explore=0 disable_reels=0 disable_stories=0 disable_adds=0
08-12 20:53:43.836  8476 10094 I DFInstaObserve: !toggles disable_feed=0 disable_explore=0 disable_reels=0 disable_stories=0 disable_adds=0
08-12 20:53:43.863  8476 10004 I DFInstaObserve: !toggles disable_feed=0 disable_explore=0 disable_reels=0 disable_stories=0 disable_adds=0
08-12 20:53:43.885  8476  9602 I DFInstaObserve: !toggles disable_feed=0 disable_explore=0 disable_reels=0 disable_stories=0 disable_adds=0
08-12 20:53:43.887  8476 10125 I DFInstaObserve: !toggles disable_feed=0 disable_explore=0 disable_reels=0 disable_stories=0 disable_adds=0
08-12 20:53:43.890  8476 10124 I DFInstaObserve: !toggles disable_feed=0 disable_explore=0 disable_reels=0 disable_stories=0 disable_adds=0
08-12 20:53:43.929  8476  9602 I DFInstaObserve: !toggles disable_feed=0 disable_explore=0 disable_reels=0 disable_stories=0 disable_adds=0
08-12 20:53:43.963  8476 10094 I DFInstaObserve: !toggles disable_feed=0 disable_explore=0 disable_reels=0 disable_stories=0 disable_adds=0
08-12 20:53:44.020  8476 10092 I DFInstaObserve: !toggles disable_feed=0 disable_explore=0 disable_reels=0 disable_stories=0 disable_adds=0
08-12 20:53:44.027  8476  9602 I DFInstaObserve: !toggles disable_feed=0 disable_explore=0 disable_reels=0 disable_stories=0 disable_adds=0
08-12 20:53:44.027  8476  8646 I DFInstaObserve: !toggles disable_feed=0 disable_explore=0 disable_reels=0 disable_stories=0 disable_adds=0
08-12 20:53:44.042  8476 10004 I DFInstaObserve: !toggles disable_feed=0 disable_explore=0 disable_reels=0 disable_stories=0 disable_adds=0
08-12 20:53:44.042  8476 10004 I DFInstaObserve: /discover/topical_explore
08-12 20:53:44.052  8476 10091 I DFInstaObserve: !toggles disable_feed=0 disable_explore=0 disable_reels=0 disable_stories=0 disable_adds=0
08-12 20:53:44.089  8476 10091 I DFInstaObserve: !toggles disable_feed=0 disable_explore=0 disable_reels=0 disable_stories=0 disable_adds=0
08-12 20:53:44.093  8476  8646 I DFInstaObserve: !toggles disable_feed=0 disable_explore=0 disable_reels=0 disable_stories=0 disable_adds=0
08-12 20:53:44.099  8476  9602 I DFInstaObserve: !toggles disable_feed=0 disable_explore=0 disable_reels=0 disable_stories=0 disable_adds=0
08-12 20:53:44.188  8476  8646 I DFInstaObserve: !toggles disable_feed=0 disable_explore=0 disable_reels=0 disable_stories=0 disable_adds=0
08-12 20:53:44.238  8476  8646 I DFInstaObserve: !toggles disable_feed=0 disable_explore=0 disable_reels=0 disable_stories=0 disable_adds=0
08-12 20:53:44.506  8476  8646 I DFInstaObserve: !toggles disable_feed=0 disable_explore=0 disable_reels=0 disable_stories=0 disable_adds=0
08-12 20:53:44.542  8476  8646 I DFInstaObserve: !toggles disable_feed=0 disable_explore=0 disable_reels=0 disable_stories=0 disable_adds=0
08-12 20:53:44.780  8476  8646 I DFInstaObserve: !toggles disable_feed=0 disable_explore=0 disable_reels=0 disable_stories=0 disable_adds=0
08-12 20:53:44.811  8476  8646 I DFInstaObserve: !toggles disable_feed=0 disable_explore=0 disable_reels=0 disable_stories=0 disable_adds=0
08-12 20:53:44.951  8476  8646 I DFInstaObserve: !toggles disable_feed=0 disable_explore=0 disable_reels=0 disable_stories=0 disable_adds=0
08-12 20:53:45.010  8476  8646 I DFInstaObserve: !toggles disable_feed=0 disable_explore=0 disable_reels=0 disable_stories=0 disable_adds=0
08-12 20:53:45.105  8476  8646 I DFInstaObserve: !toggles disable_feed=0 disable_explore=0 disable_reels=0 disable_stories=0 disable_adds=0
08-12 20:53:45.146  8476  8646 I DFInstaObserve: !toggles disable_feed=0 disable_explore=0 disable_reels=0 disable_stories=0 disable_adds=0
08-12 20:53:45.315  8476  8646 I DFInstaObserve: !toggles disable_feed=0 disable_explore=0 disable_reels=0 disable_stories=0 disable_adds=0
08-12 20:53:45.363  8476  8646 I DFInstaObserve: !toggles disable_feed=0 disable_explore=0 disable_reels=0 disable_stories=0 disable_adds=0
08-12 20:53:45.558  8476  8646 I DFInstaObserve: !toggles disable_feed=0 disable_explore=0 disable_reels=0 disable_stories=0 disable_adds=0
08-12 20:53:45.841  8476 10114 I DFInstaObserve: !toggles disable_feed=0 disable_explore=0 disable_reels=0 disable_stories=0 disable_adds=0
08-12 20:53:45.867  8476 10114 I DFInstaObserve: !toggles disable_feed=0 disable_explore=0 disable_reels=0 disable_stories=0 disable_adds=0
08-12 20:53:45.957  8476 10126 I DFInstaObserve: !toggles disable_feed=0 disable_explore=0 disable_reels=0 disable_stories=0 disable_adds=0
08-12 20:53:46.208  8476 10126 I DFInstaObserve: !toggles disable_feed=0 disable_explore=0 disable_reels=0 disable_stories=0 disable_adds=0
08-12 20:53:46.880  8476 10111 I DFInstaObserve: !toggles disable_feed=0 disable_explore=0 disable_reels=0 disable_stories=0 disable_adds=0
08-12 20:53:46.880  8476 10111 I DFInstaObserve: /discover/topical_explore
08-12 20:53:47.028  8476 10187 I DFInstaObserve: !toggles disable_feed=0 disable_explore=0 disable_reels=0 disable_stories=0 disable_adds=0
08-12 20:53:47.038  8476 10095 I DFInstaObserve: !toggles disable_feed=0 disable_explore=0 disable_reels=0 disable_stories=0 disable_adds=0
08-12 20:53:47.074  8476 10174 I DFInstaObserve: !toggles disable_feed=0 disable_explore=0 disable_reels=0 disable_stories=0 disable_adds=0
08-12 20:53:47.078  8476  9602 I DFInstaObserve: !toggles disable_feed=0 disable_explore=0 disable_reels=0 disable_stories=0 disable_adds=0
08-12 20:53:47.105  8476  8646 I DFInstaObserve: !toggles disable_feed=0 disable_explore=0 disable_reels=0 disable_stories=0 disable_adds=0
08-12 20:53:47.126  8476 10092 I DFInstaObserve: !toggles disable_feed=0 disable_explore=0 disable_reels=0 disable_stories=0 disable_adds=0
08-12 20:53:47.131  8476 10174 I DFInstaObserve: !toggles disable_feed=0 disable_explore=0 disable_reels=0 disable_stories=0 disable_adds=0
08-12 20:53:47.164  8476  8646 I DFInstaObserve: !toggles disable_feed=0 disable_explore=0 disable_reels=0 disable_stories=0 disable_adds=0
08-12 20:53:47.168  8476 10174 I DFInstaObserve: !toggles disable_feed=0 disable_explore=0 disable_reels=0 disable_stories=0 disable_adds=0
08-12 20:53:47.177  8476 10092 I DFInstaObserve: !toggles disable_feed=0 disable_explore=0 disable_reels=0 disable_stories=0 disable_adds=0
08-12 20:53:47.214  8476  9602 I DFInstaObserve: !toggles disable_feed=0 disable_explore=0 disable_reels=0 disable_stories=0 disable_adds=0
08-12 20:53:47.227  8476 10091 I DFInstaObserve: !toggles disable_feed=0 disable_explore=0 disable_reels=0 disable_stories=0 disable_adds=0
08-12 20:53:47.236  8476  8646 I DFInstaObserve: !toggles disable_feed=0 disable_explore=0 disable_reels=0 disable_stories=0 disable_adds=0
08-12 20:53:47.252  8476  9602 I DFInstaObserve: !toggles disable_feed=0 disable_explore=0 disable_reels=0 disable_stories=0 disable_adds=0
08-12 20:53:47.276  8476  9602 I DFInstaObserve: !toggles disable_feed=0 disable_explore=0 disable_reels=0 disable_stories=0 disable_adds=0
08-12 20:53:47.322  8476  9602 I DFInstaObserve: !toggles disable_feed=0 disable_explore=0 disable_reels=0 disable_stories=0 disable_adds=0
08-12 20:53:47.354  8476  8646 I DFInstaObserve: !toggles disable_feed=0 disable_explore=0 disable_reels=0 disable_stories=0 disable_adds=0
08-12 20:53:47.356  8476 10092 I DFInstaObserve: !toggles disable_feed=0 disable_explore=0 disable_reels=0 disable_stories=0 disable_adds=0
08-12 20:53:47.458  8476 10174 I DFInstaObserve: !toggles disable_feed=0 disable_explore=0 disable_reels=0 disable_stories=0 disable_adds=0
08-12 20:53:47.460  8476  8646 I DFInstaObserve: !toggles disable_feed=0 disable_explore=0 disable_reels=0 disable_stories=0 disable_adds=0
08-12 20:53:47.474  8476 10004 I DFInstaObserve: !toggles disable_feed=0 disable_explore=0 disable_reels=0 disable_stories=0 disable_adds=0
08-12 20:53:47.536  8476 10092 I DFInstaObserve: !toggles disable_feed=0 disable_explore=0 disable_reels=0 disable_stories=0 disable_adds=0
08-12 20:53:47.589  8476 10092 I DFInstaObserve: !toggles disable_feed=0 disable_explore=0 disable_reels=0 disable_stories=0 disable_adds=0
08-12 20:53:47.619  8476  9602 I DFInstaObserve: !toggles disable_feed=0 disable_explore=0 disable_reels=0 disable_stories=0 disable_adds=0
08-12 20:53:47.654  8476 10092 I DFInstaObserve: !toggles disable_feed=0 disable_explore=0 disable_reels=0 disable_stories=0 disable_adds=0
08-12 20:53:47.663  8476 10004 I DFInstaObserve: !toggles disable_feed=0 disable_explore=0 disable_reels=0 disable_stories=0 disable_adds=0
08-12 20:53:47.676  8476  8646 I DFInstaObserve: !toggles disable_feed=0 disable_explore=0 disable_reels=0 disable_stories=0 disable_adds=0
08-12 20:53:47.691  8476 10004 I DFInstaObserve: !toggles disable_feed=0 disable_explore=0 disable_reels=0 disable_stories=0 disable_adds=0
08-12 20:53:47.700  8476 10004 I DFInstaObserve: !toggles disable_feed=0 disable_explore=0 disable_reels=0 disable_stories=0 disable_adds=0
08-12 20:53:47.723  8476 10174 I DFInstaObserve: !toggles disable_feed=0 disable_explore=0 disable_reels=0 disable_stories=0 disable_adds=0
08-12 20:53:47.735  8476  8646 I DFInstaObserve: !toggles disable_feed=0 disable_explore=0 disable_reels=0 disable_stories=0 disable_adds=0
08-12 20:53:47.868  8476  8646 I DFInstaObserve: !toggles disable_feed=0 disable_explore=0 disable_reels=0 disable_stories=0 disable_adds=0
08-12 20:53:47.917  8476  8646 I DFInstaObserve: !toggles disable_feed=0 disable_explore=0 disable_reels=0 disable_stories=0 disable_adds=0
08-12 20:53:47.980  8476  8646 I DFInstaObserve: !toggles disable_feed=0 disable_explore=0 disable_reels=0 disable_stories=0 disable_adds=0
08-12 20:53:48.017  8476  8646 I DFInstaObserve: !toggles disable_feed=0 disable_explore=0 disable_reels=0 disable_stories=0 disable_adds=0
08-12 20:53:48.076  8476  8646 I DFInstaObserve: !toggles disable_feed=0 disable_explore=0 disable_reels=0 disable_stories=0 disable_adds=0
08-12 20:53:48.117  8476  8646 I DFInstaObserve: !toggles disable_feed=0 disable_explore=0 disable_reels=0 disable_stories=0 disable_adds=0
08-12 20:53:48.258  8476  8646 I DFInstaObserve: !toggles disable_feed=0 disable_explore=0 disable_reels=0 disable_stories=0 disable_adds=0
08-12 20:53:48.293  8476  8646 I DFInstaObserve: !toggles disable_feed=0 disable_explore=0 disable_reels=0 disable_stories=0 disable_adds=0
08-12 20:53:48.542  8476  8646 I DFInstaObserve: !toggles disable_feed=0 disable_explore=0 disable_reels=0 disable_stories=0 disable_adds=0
08-12 20:53:49.070  8476 10190 I DFInstaObserve: !toggles disable_feed=0 disable_explore=0 disable_reels=0 disable_stories=0 disable_adds=0
08-12 20:53:49.108  8476 10190 I DFInstaObserve: !toggles disable_feed=0 disable_explore=0 disable_reels=0 disable_stories=0 disable_adds=0
08-12 20:53:49.264  8476 10197 I DFInstaObserve: !toggles disable_feed=0 disable_explore=0 disable_reels=0 disable_stories=0 disable_adds=0
08-12 20:53:50.078  8476 10257 I DFInstaObserve: !toggles disable_feed=0 disable_explore=0 disable_reels=0 disable_stories=0 disable_adds=0
08-12 20:53:50.085  8476 10095 I DFInstaObserve: !toggles disable_feed=0 disable_explore=0 disable_reels=0 disable_stories=0 disable_adds=0
08-12 20:53:50.125  8476 10233 I DFInstaObserve: !toggles disable_feed=0 disable_explore=0 disable_reels=0 disable_stories=0 disable_adds=0
08-12 20:53:50.141  8476 10092 I DFInstaObserve: !toggles disable_feed=0 disable_explore=0 disable_reels=0 disable_stories=0 disable_adds=0
08-12 20:53:50.144  8476  8646 I DFInstaObserve: !toggles disable_feed=0 disable_explore=0 disable_reels=0 disable_stories=0 disable_adds=0
08-12 20:53:50.209  8476 10092 I DFInstaObserve: !toggles disable_feed=0 disable_explore=0 disable_reels=0 disable_stories=0 disable_adds=0
08-12 20:53:50.313  8476 10236 I DFInstaObserve: !toggles disable_feed=0 disable_explore=0 disable_reels=0 disable_stories=0 disable_adds=0
08-12 20:53:50.321  8476  9602 I DFInstaObserve: !toggles disable_feed=0 disable_explore=0 disable_reels=0 disable_stories=0 disable_adds=0
08-12 20:53:50.365  8476 10236 I DFInstaObserve: !toggles disable_feed=0 disable_explore=0 disable_reels=0 disable_stories=0 disable_adds=0
08-12 20:53:50.371  8476  8646 I DFInstaObserve: !toggles disable_feed=0 disable_explore=0 disable_reels=0 disable_stories=0 disable_adds=0
08-12 20:53:50.374  8476  9602 I DFInstaObserve: !toggles disable_feed=0 disable_explore=0 disable_reels=0 disable_stories=0 disable_adds=0
08-12 20:53:50.400  8476 10236 I DFInstaObserve: !toggles disable_feed=0 disable_explore=0 disable_reels=0 disable_stories=0 disable_adds=0
08-12 20:53:50.417  8476 10236 I DFInstaObserve: !toggles disable_feed=0 disable_explore=0 disable_reels=0 disable_stories=0 disable_adds=0
08-12 20:53:50.457  8476 10092 I DFInstaObserve: !toggles disable_feed=0 disable_explore=0 disable_reels=0 disable_stories=0 disable_adds=0
08-12 20:53:50.491  8476 10236 I DFInstaObserve: !toggles disable_feed=0 disable_explore=0 disable_reels=0 disable_stories=0 disable_adds=0
08-12 20:53:50.499  8476  8672 I DFInstaObserve: !toggles disable_feed=0 disable_explore=0 disable_reels=0 disable_stories=0 disable_adds=0
08-12 20:53:50.506  8476 10233 I DFInstaObserve: !toggles disable_feed=0 disable_explore=0 disable_reels=0 disable_stories=0 disable_adds=0
08-12 20:53:50.542  8476 10092 I DFInstaObserve: !toggles disable_feed=0 disable_explore=0 disable_reels=0 disable_stories=0 disable_adds=0
08-12 20:53:50.572  8476 10092 I DFInstaObserve: !toggles disable_feed=0 disable_explore=0 disable_reels=0 disable_stories=0 disable_adds=0
08-12 20:53:50.596  8476 10233 I DFInstaObserve: !toggles disable_feed=0 disable_explore=0 disable_reels=0 disable_stories=0 disable_adds=0
08-12 20:53:50.625  8476 10233 I DFInstaObserve: !toggles disable_feed=0 disable_explore=0 disable_reels=0 disable_stories=0 disable_adds=0
08-12 20:53:50.655  8476 10233 I DFInstaObserve: !toggles disable_feed=0 disable_explore=0 disable_reels=0 disable_stories=0 disable_adds=0
08-12 20:53:50.663  8476 10092 I DFInstaObserve: !toggles disable_feed=0 disable_explore=0 disable_reels=0 disable_stories=0 disable_adds=0
08-12 20:53:50.666  8476  8672 I DFInstaObserve: !toggles disable_feed=0 disable_explore=0 disable_reels=0 disable_stories=0 disable_adds=0
08-12 20:53:50.673  8476  8646 I DFInstaObserve: !toggles disable_feed=0 disable_explore=0 disable_reels=0 disable_stories=0 disable_adds=0
08-12 20:53:50.703  8476  9602 I DFInstaObserve: !toggles disable_feed=0 disable_explore=0 disable_reels=0 disable_stories=0 disable_adds=0
08-12 20:53:50.714  8476 10236 I DFInstaObserve: !toggles disable_feed=0 disable_explore=0 disable_reels=0 disable_stories=0 disable_adds=0
08-12 20:53:50.737  8476  8646 I DFInstaObserve: !toggles disable_feed=0 disable_explore=0 disable_reels=0 disable_stories=0 disable_adds=0
08-12 20:53:50.752  8476  8672 I DFInstaObserve: !toggles disable_feed=0 disable_explore=0 disable_reels=0 disable_stories=0 disable_adds=0
08-12 20:53:51.296  8476  8646 I DFInstaObserve: !toggles disable_feed=0 disable_explore=0 disable_reels=0 disable_stories=0 disable_adds=0
08-12 20:53:51.348  8476  8646 I DFInstaObserve: !toggles disable_feed=0 disable_explore=0 disable_reels=0 disable_stories=0 disable_adds=0
08-12 20:53:51.705  8476  8646 I DFInstaObserve: !toggles disable_feed=0 disable_explore=0 disable_reels=0 disable_stories=0 disable_adds=0
08-12 20:53:51.743  8476  8646 I DFInstaObserve: !toggles disable_feed=0 disable_explore=0 disable_reels=0 disable_stories=0 disable_adds=0
08-12 20:53:51.989  8476  8646 I DFInstaObserve: !toggles disable_feed=0 disable_explore=0 disable_reels=0 disable_stories=0 disable_adds=0
08-12 20:53:52.034  8476  8646 I DFInstaObserve: !toggles disable_feed=0 disable_explore=0 disable_reels=0 disable_stories=0 disable_adds=0
08-12 20:53:52.141  8476 10251 I DFInstaObserve: !toggles disable_feed=0 disable_explore=0 disable_reels=0 disable_stories=0 disable_adds=0
08-12 20:53:52.145  8476 10250 I DFInstaObserve: !toggles disable_feed=0 disable_explore=0 disable_reels=0 disable_stories=0 disable_adds=0
08-12 20:53:52.172  8476  8646 I DFInstaObserve: !toggles disable_feed=0 disable_explore=0 disable_reels=0 disable_stories=0 disable_adds=0
08-12 20:53:52.247  8476  8646 I DFInstaObserve: !toggles disable_feed=0 disable_explore=0 disable_reels=0 disable_stories=0 disable_adds=0
08-12 20:53:52.379  8476  8646 I DFInstaObserve: !toggles disable_feed=0 disable_explore=0 disable_reels=0 disable_stories=0 disable_adds=0
08-12 20:53:52.441  8476  8646 I DFInstaObserve: !toggles disable_feed=0 disable_explore=0 disable_reels=0 disable_stories=0 disable_adds=0
08-12 20:53:52.659  8476  8646 I DFInstaObserve: !toggles disable_feed=0 disable_explore=0 disable_reels=0 disable_stories=0 disable_adds=0
08-12 20:53:58.284  8476 10095 I DFInstaObserve: !toggles disable_feed=0 disable_explore=0 disable_reels=0 disable_stories=0 disable_adds=0
08-12 20:54:00.384  8476 10305 I DFInstaObserve: !toggles disable_feed=0 disable_explore=0 disable_reels=0 disable_stories=0 disable_adds=0
08-12 20:54:00.384  8476 10304 I DFInstaObserve: !toggles disable_feed=0 disable_explore=0 disable_reels=0 disable_stories=0 disable_adds=0
08-12 20:54:03.738  8476 10338 I DFInstaObserve: !toggles disable_feed=0 disable_explore=0 disable_reels=0 disable_stories=0 disable_adds=0
08-12 20:54:03.746  8476 10337 I DFInstaObserve: !toggles disable_feed=0 disable_explore=0 disable_reels=0 disable_stories=0 disable_adds=0
08-12 20:54:04.543  8476 10092 I DFInstaObserve: !toggles disable_feed=0 disable_explore=0 disable_reels=0 disable_stories=0 disable_adds=0
08-12 20:54:04.543  8476 10092 I DFInstaObserve: /clips/discover
08-12 20:54:04.543  8476 10092 I DFInstaObserve: /clips/discover/stream/
08-12 20:54:04.971  8476 10257 I DFInstaObserve: !toggles disable_feed=0 disable_explore=0 disable_reels=0 disable_stories=0 disable_adds=0
08-12 20:54:05.006  8476 10257 I DFInstaObserve: !toggles disable_feed=0 disable_explore=0 disable_reels=0 disable_stories=0 disable_adds=0
08-12 20:54:07.057  8476 10363 I DFInstaObserve: !toggles disable_feed=0 disable_explore=0 disable_reels=0 disable_stories=0 disable_adds=0
08-12 20:54:07.058  8476 10362 I DFInstaObserve: !toggles disable_feed=0 disable_explore=0 disable_reels=0 disable_stories=0 disable_adds=0
08-12 20:54:09.096  8476 10095 I DFInstaObserve: !toggles disable_feed=0 disable_explore=0 disable_reels=0 disable_stories=0 disable_adds=0
08-12 20:54:09.101  8476 10095 I DFInstaObserve: !toggles disable_feed=0 disable_explore=0 disable_reels=0 disable_stories=0 disable_adds=0
08-12 20:54:09.127  8476 10229 I DFInstaObserve: !toggles disable_feed=0 disable_explore=0 disable_reels=0 disable_stories=0 disable_adds=0
08-12 20:54:09.164  8476  8646 I DFInstaObserve: !toggles disable_feed=0 disable_explore=0 disable_reels=0 disable_stories=0 disable_adds=0
08-12 20:54:09.216  8476  8646 I DFInstaObserve: !toggles disable_feed=0 disable_explore=0 disable_reels=0 disable_stories=0 disable_adds=0
08-12 20:54:09.249  8476  8646 I DFInstaObserve: !toggles disable_feed=0 disable_explore=0 disable_reels=0 disable_stories=0 disable_adds=0
08-12 20:54:09.476  8476  8646 I DFInstaObserve: !toggles disable_feed=0 disable_explore=0 disable_reels=0 disable_stories=0 disable_adds=0
08-12 20:54:09.545  8476 10257 I DFInstaObserve: !toggles disable_feed=0 disable_explore=0 disable_reels=0 disable_stories=0 disable_adds=0
08-12 20:54:09.620  8476  8646 I DFInstaObserve: !toggles disable_feed=0 disable_explore=0 disable_reels=0 disable_stories=0 disable_adds=0
08-12 20:54:10.041  8476 10236 I DFInstaObserve: !toggles disable_feed=0 disable_explore=0 disable_reels=0 disable_stories=0 disable_adds=0
08-12 20:54:10.419  8476 10399 I DFInstaObserve: !toggles disable_feed=0 disable_explore=0 disable_reels=0 disable_stories=0 disable_adds=0
08-12 20:54:10.421  8476 10398 I DFInstaObserve: !toggles disable_feed=0 disable_explore=0 disable_reels=0 disable_stories=0 disable_adds=0
08-12 20:54:11.617  8476 10257 I DFInstaObserve: !toggles disable_feed=0 disable_explore=0 disable_reels=0 disable_stories=0 disable_adds=0
08-12 20:54:13.247  8476 10426 I DFInstaObserve: !toggles disable_feed=0 disable_explore=0 disable_reels=0 disable_stories=0 disable_adds=0
08-12 20:54:14.490  8476 10229 I DFInstaObserve: !toggles disable_feed=0 disable_explore=0 disable_reels=0 disable_stories=0 disable_adds=0
08-12 20:54:14.542  8476  8672 I DFInstaObserve: !toggles disable_feed=0 disable_explore=0 disable_reels=0 disable_stories=0 disable_adds=0
08-12 20:54:28.119  8476 10229 I DFInstaObserve: !toggles disable_feed=0 disable_explore=0 disable_reels=0 disable_stories=0 disable_adds=0
08-12 20:54:28.119  8476 10229 I DFInstaObserve: /clips/discover
08-12 20:54:28.119  8476 10229 I DFInstaObserve: /clips/discover/stream/
08-12 20:54:31.533  8476  8646 I DFInstaObserve: !toggles disable_feed=0 disable_explore=0 disable_reels=0 disable_stories=0 disable_adds=0
08-12 20:54:31.741  8476  8646 I DFInstaObserve: !toggles disable_feed=0 disable_explore=0 disable_reels=0 disable_stories=0 disable_adds=0
08-12 20:54:32.201  8476  8646 I DFInstaObserve: !toggles disable_feed=0 disable_explore=0 disable_reels=0 disable_stories=0 disable_adds=0
08-12 20:54:32.698  8476  8646 I DFInstaObserve: !toggles disable_feed=0 disable_explore=0 disable_reels=0 disable_stories=0 disable_adds=0
08-12 20:54:32.744  8476  8646 I DFInstaObserve: !toggles disable_feed=0 disable_explore=0 disable_reels=0 disable_stories=0 disable_adds=0
08-12 20:54:32.846  8476  8646 I DFInstaObserve: !toggles disable_feed=0 disable_explore=0 disable_reels=0 disable_stories=0 disable_adds=0
08-12 20:54:32.879  8476  8646 I DFInstaObserve: !toggles disable_feed=0 disable_explore=0 disable_reels=0 disable_stories=0 disable_adds=0
08-12 20:54:32.981  8476  8646 I DFInstaObserve: !toggles disable_feed=0 disable_explore=0 disable_reels=0 disable_stories=0 disable_adds=0
08-12 20:54:44.179  8476 10236 I DFInstaObserve: !toggles disable_feed=0 disable_explore=0 disable_reels=0 disable_stories=0 disable_adds=0
08-12 20:54:44.179  8476 10236 I DFInstaObserve: /feed/timeline/
08-12 20:54:46.443  8476 10257 I DFInstaObserve: !toggles disable_feed=0 disable_explore=0 disable_reels=0 disable_stories=0 disable_adds=0
08-12 20:54:46.451  8476 10257 I DFInstaObserve: !toggles disable_feed=0 disable_explore=0 disable_reels=0 disable_stories=0 disable_adds=0
08-12 20:54:46.484  8476 10229 I DFInstaObserve: !toggles disable_feed=0 disable_explore=0 disable_reels=0 disable_stories=0 disable_adds=0
08-12 20:54:46.490  8476 10236 I DFInstaObserve: !toggles disable_feed=0 disable_explore=0 disable_reels=0 disable_stories=0 disable_adds=0
08-12 20:54:46.522  8476  9602 I DFInstaObserve: !toggles disable_feed=0 disable_explore=0 disable_reels=0 disable_stories=0 disable_adds=0
08-12 20:54:46.528  8476 10236 I DFInstaObserve: !toggles disable_feed=0 disable_explore=0 disable_reels=0 disable_stories=0 disable_adds=0
08-12 20:54:46.833  8476  8646 I DFInstaObserve: !toggles disable_feed=0 disable_explore=0 disable_reels=0 disable_stories=0 disable_adds=0
08-12 20:54:46.935  8476  8646 I DFInstaObserve: !toggles disable_feed=0 disable_explore=0 disable_reels=0 disable_stories=0 disable_adds=0
08-12 20:54:46.977  8476  8646 I DFInstaObserve: !toggles disable_feed=0 disable_explore=0 disable_reels=0 disable_stories=0 disable_adds=0
08-12 20:54:47.006  8476  8646 I DFInstaObserve: !toggles disable_feed=0 disable_explore=0 disable_reels=0 disable_stories=0 disable_adds=0
08-12 20:54:47.048  8476  8646 I DFInstaObserve: !toggles disable_feed=0 disable_explore=0 disable_reels=0 disable_stories=0 disable_adds=0
08-12 20:54:47.078  8476  8646 I DFInstaObserve: !toggles disable_feed=0 disable_explore=0 disable_reels=0 disable_stories=0 disable_adds=0
08-12 20:54:50.667  8476  8672 I DFInstaObserve: !toggles disable_feed=0 disable_explore=0 disable_reels=0 disable_stories=0 disable_adds=0
08-12 20:54:50.726  8476 10556 I DFInstaObserve: !toggles disable_feed=0 disable_explore=0 disable_reels=0 disable_stories=0 disable_adds=0
08-12 20:54:52.844  8476 10563 I DFInstaObserve: !toggles disable_feed=0 disable_explore=0 disable_reels=0 disable_stories=0 disable_adds=0
08-12 20:54:52.884  8476 10563 I DFInstaObserve: !toggles disable_feed=0 disable_explore=0 disable_reels=0 disable_stories=0 disable_adds=0
08-12 20:54:55.202  8476 10548 I DFInstaObserve: !toggles disable_feed=0 disable_explore=0 disable_reels=0 disable_stories=0 disable_adds=0
08-12 20:54:55.348  8476 10563 I DFInstaObserve: !toggles disable_feed=0 disable_explore=0 disable_reels=0 disable_stories=0 disable_adds=0
08-12 20:54:59.064  8476 10604 I DFInstaObserve: !toggles disable_feed=0 disable_explore=0 disable_reels=0 disable_stories=0 disable_adds=0
08-12 20:54:59.469  8476 10619 I DFInstaObserve: !toggles disable_feed=0 disable_explore=0 disable_reels=0 disable_stories=0 disable_adds=0
08-12 20:55:01.121  8476 10603 I DFInstaObserve: !toggles disable_feed=0 disable_explore=0 disable_reels=0 disable_stories=0 disable_adds=0
08-12 20:55:01.460  8476 10611 I DFInstaObserve: !toggles disable_feed=0 disable_explore=0 disable_reels=0 disable_stories=0 disable_adds=0
08-12 20:55:02.299  8476 10642 I DFInstaObserve: !toggles disable_feed=0 disable_explore=0 disable_reels=0 disable_stories=0 disable_adds=0
08-12 20:55:02.377  8476 10650 I DFInstaObserve: !toggles disable_feed=0 disable_explore=0 disable_reels=0 disable_stories=0 disable_adds=0
08-12 20:55:02.622  8476 10659 I DFInstaObserve: !toggles disable_feed=0 disable_explore=0 disable_reels=0 disable_stories=0 disable_adds=0
08-12 20:55:04.595  8476 10649 I DFInstaObserve: !toggles disable_feed=0 disable_explore=0 disable_reels=0 disable_stories=0 disable_adds=0
08-12 20:55:04.825  8476 10657 I DFInstaObserve: !toggles disable_feed=0 disable_explore=0 disable_reels=0 disable_stories=0 disable_adds=0
08-12 20:55:05.453  8476 10229 I DFInstaObserve: !toggles disable_feed=0 disable_explore=0 disable_reels=0 disable_stories=0 disable_adds=0
08-12 20:55:05.453  8476 10229 I DFInstaObserve: /discover/topical_explore
08-12 20:55:05.640  8476 10688 I DFInstaObserve: !toggles disable_feed=0 disable_explore=0 disable_reels=0 disable_stories=0 disable_adds=0
08-12 20:55:05.732  8476 10696 I DFInstaObserve: !toggles disable_feed=0 disable_explore=0 disable_reels=0 disable_stories=0 disable_adds=0
08-12 20:55:06.300  8476 10711 I DFInstaObserve: !toggles disable_feed=0 disable_explore=0 disable_reels=0 disable_stories=0 disable_adds=0
08-12 20:55:07.950  8476 10695 I DFInstaObserve: !toggles disable_feed=0 disable_explore=0 disable_reels=0 disable_stories=0 disable_adds=0
08-12 20:55:08.283  8476 10703 I DFInstaObserve: !toggles disable_feed=0 disable_explore=0 disable_reels=0 disable_stories=0 disable_adds=0
08-12 20:55:08.914  8476 10095 I DFInstaObserve: !toggles disable_feed=0 disable_explore=0 disable_reels=0 disable_stories=0 disable_adds=0
08-12 20:55:08.925  8476 10095 I DFInstaObserve: !toggles disable_feed=0 disable_explore=0 disable_reels=0 disable_stories=0 disable_adds=0
08-12 20:55:08.932  8476 10095 I DFInstaObserve: !toggles disable_feed=0 disable_explore=0 disable_reels=0 disable_stories=0 disable_adds=0
08-12 20:55:09.060  8476 10095 I DFInstaObserve: !toggles disable_feed=0 disable_explore=0 disable_reels=0 disable_stories=0 disable_adds=0
08-12 20:55:09.064  8476 10095 I DFInstaObserve: !toggles disable_feed=0 disable_explore=0 disable_reels=0 disable_stories=0 disable_adds=0
08-12 20:55:09.073  8476 10095 I DFInstaObserve: !toggles disable_feed=0 disable_explore=0 disable_reels=0 disable_stories=0 disable_adds=0
08-12 20:55:09.078  8476 10737 I DFInstaObserve: !toggles disable_feed=0 disable_explore=0 disable_reels=0 disable_stories=0 disable_adds=0
08-12 20:55:09.081  8476 10095 I DFInstaObserve: !toggles disable_feed=0 disable_explore=0 disable_reels=0 disable_stories=0 disable_adds=0
08-12 20:55:09.124  8476  8646 I DFInstaObserve: !toggles disable_feed=0 disable_explore=0 disable_reels=0 disable_stories=0 disable_adds=0
08-12 20:55:09.174  8476 10731 I DFInstaObserve: !toggles disable_feed=0 disable_explore=0 disable_reels=0 disable_stories=0 disable_adds=0
08-12 20:55:09.187  8476 10730 I DFInstaObserve: !toggles disable_feed=0 disable_explore=0 disable_reels=0 disable_stories=0 disable_adds=0
08-12 20:55:09.222  8476 10229 I DFInstaObserve: !toggles disable_feed=0 disable_explore=0 disable_reels=0 disable_stories=0 disable_adds=0
08-12 20:55:09.245  8476 10747 I DFInstaObserve: !toggles disable_feed=0 disable_explore=0 disable_reels=0 disable_stories=0 disable_adds=0
08-12 20:55:09.254  8476 10229 I DFInstaObserve: !toggles disable_feed=0 disable_explore=0 disable_reels=0 disable_stories=0 disable_adds=0
08-12 20:55:09.264  8476 10731 I DFInstaObserve: !toggles disable_feed=0 disable_explore=0 disable_reels=0 disable_stories=0 disable_adds=0
08-12 20:55:09.314  8476 10730 I DFInstaObserve: !toggles disable_feed=0 disable_explore=0 disable_reels=0 disable_stories=0 disable_adds=0
08-12 20:55:09.327  8476 10731 I DFInstaObserve: !toggles disable_feed=0 disable_explore=0 disable_reels=0 disable_stories=0 disable_adds=0
08-12 20:55:09.388  8476 10731 I DFInstaObserve: !toggles disable_feed=0 disable_explore=0 disable_reels=0 disable_stories=0 disable_adds=0
08-12 20:55:09.393  8476 10730 I DFInstaObserve: !toggles disable_feed=0 disable_explore=0 disable_reels=0 disable_stories=0 disable_adds=0
08-12 20:55:09.421  8476 10229 I DFInstaObserve: !toggles disable_feed=0 disable_explore=0 disable_reels=0 disable_stories=0 disable_adds=0
08-12 20:55:09.421  8476 10229 I DFInstaObserve: /discover/topical_explore
08-12 20:55:09.442  8476 10757 I DFInstaObserve: !toggles disable_feed=0 disable_explore=0 disable_reels=0 disable_stories=0 disable_adds=0
08-12 20:55:09.454  8476 10730 I DFInstaObserve: !toggles disable_feed=0 disable_explore=0 disable_reels=0 disable_stories=0 disable_adds=0
08-12 20:55:09.472  8476 10730 I DFInstaObserve: !toggles disable_feed=0 disable_explore=0 disable_reels=0 disable_stories=0 disable_adds=0
08-12 20:55:09.480  8476 10756 I DFInstaObserve: !toggles disable_feed=0 disable_explore=0 disable_reels=0 disable_stories=0 disable_adds=0
08-12 20:55:09.536  8476 10728 I DFInstaObserve: !toggles disable_feed=0 disable_explore=0 disable_reels=0 disable_stories=0 disable_adds=0
08-12 20:55:09.566  8476 10731 I DFInstaObserve: !toggles disable_feed=0 disable_explore=0 disable_reels=0 disable_stories=0 disable_adds=0
08-12 20:55:09.664  8476 10730 I DFInstaObserve: !toggles disable_feed=0 disable_explore=0 disable_reels=0 disable_stories=0 disable_adds=0
08-12 20:55:09.674  8476 10728 I DFInstaObserve: !toggles disable_feed=0 disable_explore=0 disable_reels=0 disable_stories=0 disable_adds=0
08-12 20:55:09.706  8476  8646 I DFInstaObserve: !toggles disable_feed=0 disable_explore=0 disable_reels=0 disable_stories=0 disable_adds=0
08-12 20:55:09.738  8476 10731 I DFInstaObserve: !toggles disable_feed=0 disable_explore=0 disable_reels=0 disable_stories=0 disable_adds=0
08-12 20:55:09.773  8476  8646 I DFInstaObserve: !toggles disable_feed=0 disable_explore=0 disable_reels=0 disable_stories=0 disable_adds=0
08-12 20:55:10.209  8476  8646 I DFInstaObserve: !toggles disable_feed=0 disable_explore=0 disable_reels=0 disable_stories=0 disable_adds=0
08-12 20:55:10.258  8476  8646 I DFInstaObserve: !toggles disable_feed=0 disable_explore=0 disable_reels=0 disable_stories=0 disable_adds=0
08-12 20:55:10.805  8476  8646 I DFInstaObserve: !toggles disable_feed=0 disable_explore=0 disable_reels=0 disable_stories=0 disable_adds=0
08-12 20:55:10.837  8476  8646 I DFInstaObserve: !toggles disable_feed=0 disable_explore=0 disable_reels=0 disable_stories=0 disable_adds=0
08-12 20:55:11.055  8476  8646 I DFInstaObserve: !toggles disable_feed=0 disable_explore=0 disable_reels=0 disable_stories=0 disable_adds=0
08-12 20:55:11.091  8476  8646 I DFInstaObserve: !toggles disable_feed=0 disable_explore=0 disable_reels=0 disable_stories=0 disable_adds=0
08-12 20:55:11.159  8476 10739 I DFInstaObserve: !toggles disable_feed=0 disable_explore=0 disable_reels=0 disable_stories=0 disable_adds=0
08-12 20:55:11.162  8476  8646 I DFInstaObserve: !toggles disable_feed=0 disable_explore=0 disable_reels=0 disable_stories=0 disable_adds=0
08-12 20:55:11.185  8476 10739 I DFInstaObserve: !toggles disable_feed=0 disable_explore=0 disable_reels=0 disable_stories=0 disable_adds=0
08-12 20:55:11.198  8476  8646 I DFInstaObserve: !toggles disable_feed=0 disable_explore=0 disable_reels=0 disable_stories=0 disable_adds=0
08-12 20:55:11.302  8476  8646 I DFInstaObserve: !toggles disable_feed=0 disable_explore=0 disable_reels=0 disable_stories=0 disable_adds=0
08-12 20:55:11.346  8476  8646 I DFInstaObserve: !toggles disable_feed=0 disable_explore=0 disable_reels=0 disable_stories=0 disable_adds=0
08-12 20:55:11.351  8476 10746 I DFInstaObserve: !toggles disable_feed=0 disable_explore=0 disable_reels=0 disable_stories=0 disable_adds=0
08-12 20:55:11.633  8476  8646 I DFInstaObserve: !toggles disable_feed=0 disable_explore=0 disable_reels=0 disable_stories=0 disable_adds=0
08-12 20:55:11.697  8476  8646 I DFInstaObserve: !toggles disable_feed=0 disable_explore=0 disable_reels=0 disable_stories=0 disable_adds=0
08-12 20:55:11.878  8476  8646 I DFInstaObserve: !toggles disable_feed=0 disable_explore=0 disable_reels=0 disable_stories=0 disable_adds=0
08-12 20:55:12.205  8476 10229 I DFInstaObserve: !toggles disable_feed=0 disable_explore=0 disable_reels=0 disable_stories=0 disable_adds=0
08-12 20:55:12.206  8476 10229 I DFInstaObserve: /discover/topical_explore
08-12 20:55:12.604  8476 10737 I DFInstaObserve: !toggles disable_feed=0 disable_explore=0 disable_reels=0 disable_stories=0 disable_adds=0
08-12 20:55:12.615  8476 10787 I DFInstaObserve: !toggles disable_feed=0 disable_explore=0 disable_reels=0 disable_stories=0 disable_adds=0
08-12 20:55:12.706  8476 10677 I DFInstaObserve: !toggles disable_feed=0 disable_explore=0 disable_reels=0 disable_stories=0 disable_adds=0
08-12 20:55:12.715  8476 10793 I DFInstaObserve: !toggles disable_feed=0 disable_explore=0 disable_reels=0 disable_stories=0 disable_adds=0
08-12 20:55:12.794  8476  8646 I DFInstaObserve: !toggles disable_feed=0 disable_explore=0 disable_reels=0 disable_stories=0 disable_adds=0
08-12 20:55:12.801  8476 10728 I DFInstaObserve: !toggles disable_feed=0 disable_explore=0 disable_reels=0 disable_stories=0 disable_adds=0
08-12 20:55:12.826  8476 10700 I DFInstaObserve: !toggles disable_feed=0 disable_explore=0 disable_reels=0 disable_stories=0 disable_adds=0
08-12 20:55:12.838  8476 10806 I DFInstaObserve: !toggles disable_feed=0 disable_explore=0 disable_reels=0 disable_stories=0 disable_adds=0
08-12 20:55:12.907  8476 10815 I DFInstaObserve: !toggles disable_feed=0 disable_explore=0 disable_reels=0 disable_stories=0 disable_adds=0
08-12 20:55:12.991  8476 10677 I DFInstaObserve: !toggles disable_feed=0 disable_explore=0 disable_reels=0 disable_stories=0 disable_adds=0
08-12 20:55:13.006  8476 10677 I DFInstaObserve: !toggles disable_feed=0 disable_explore=0 disable_reels=0 disable_stories=0 disable_adds=0
08-12 20:55:13.041  8476 10677 I DFInstaObserve: !toggles disable_feed=0 disable_explore=0 disable_reels=0 disable_stories=0 disable_adds=0
08-12 20:55:13.053  8476 10677 I DFInstaObserve: !toggles disable_feed=0 disable_explore=0 disable_reels=0 disable_stories=0 disable_adds=0
08-12 20:55:13.085  8476 10677 I DFInstaObserve: !toggles disable_feed=0 disable_explore=0 disable_reels=0 disable_stories=0 disable_adds=0
08-12 20:55:13.092  8476 10793 I DFInstaObserve: !toggles disable_feed=0 disable_explore=0 disable_reels=0 disable_stories=0 disable_adds=0
08-12 20:55:13.129  8476 10728 I DFInstaObserve: !toggles disable_feed=0 disable_explore=0 disable_reels=0 disable_stories=0 disable_adds=0
08-12 20:55:13.135  8476 10793 I DFInstaObserve: !toggles disable_feed=0 disable_explore=0 disable_reels=0 disable_stories=0 disable_adds=0
08-12 20:55:13.165  8476 10728 I DFInstaObserve: !toggles disable_feed=0 disable_explore=0 disable_reels=0 disable_stories=0 disable_adds=0
08-12 20:55:13.177  8476 10728 I DFInstaObserve: !toggles disable_feed=0 disable_explore=0 disable_reels=0 disable_stories=0 disable_adds=0
08-12 20:55:13.191  8476 10793 I DFInstaObserve: !toggles disable_feed=0 disable_explore=0 disable_reels=0 disable_stories=0 disable_adds=0
08-12 20:55:13.222  8476 10728 I DFInstaObserve: !toggles disable_feed=0 disable_explore=0 disable_reels=0 disable_stories=0 disable_adds=0
08-12 20:55:13.231  8476 10728 I DFInstaObserve: !toggles disable_feed=0 disable_explore=0 disable_reels=0 disable_stories=0 disable_adds=0
08-12 20:55:13.231  8476  8646 I DFInstaObserve: !toggles disable_feed=0 disable_explore=0 disable_reels=0 disable_stories=0 disable_adds=0
08-12 20:55:13.284  8476 10677 I DFInstaObserve: !toggles disable_feed=0 disable_explore=0 disable_reels=0 disable_stories=0 disable_adds=0
08-12 20:55:13.297  8476 10728 I DFInstaObserve: !toggles disable_feed=0 disable_explore=0 disable_reels=0 disable_stories=0 disable_adds=0
08-12 20:55:13.310  8476  8646 I DFInstaObserve: !toggles disable_feed=0 disable_explore=0 disable_reels=0 disable_stories=0 disable_adds=0
08-12 20:55:13.327  8476 10793 I DFInstaObserve: !toggles disable_feed=0 disable_explore=0 disable_reels=0 disable_stories=0 disable_adds=0
08-12 20:55:13.354  8476  8646 I DFInstaObserve: !toggles disable_feed=0 disable_explore=0 disable_reels=0 disable_stories=0 disable_adds=0
08-12 20:55:13.397  8476  8646 I DFInstaObserve: !toggles disable_feed=0 disable_explore=0 disable_reels=0 disable_stories=0 disable_adds=0
08-12 20:55:13.553  8476  8646 I DFInstaObserve: !toggles disable_feed=0 disable_explore=0 disable_reels=0 disable_stories=0 disable_adds=0
08-12 20:55:13.599  8476  8646 I DFInstaObserve: !toggles disable_feed=0 disable_explore=0 disable_reels=0 disable_stories=0 disable_adds=0
08-12 20:55:13.860  8476  8646 I DFInstaObserve: !toggles disable_feed=0 disable_explore=0 disable_reels=0 disable_stories=0 disable_adds=0
08-12 20:55:13.916  8476  8646 I DFInstaObserve: !toggles disable_feed=0 disable_explore=0 disable_reels=0 disable_stories=0 disable_adds=0
08-12 20:55:13.971  8476  8646 I DFInstaObserve: !toggles disable_feed=0 disable_explore=0 disable_reels=0 disable_stories=0 disable_adds=0
08-12 20:55:14.006  8476  8646 I DFInstaObserve: !toggles disable_feed=0 disable_explore=0 disable_reels=0 disable_stories=0 disable_adds=0
08-12 20:55:14.040  8476  8646 I DFInstaObserve: !toggles disable_feed=0 disable_explore=0 disable_reels=0 disable_stories=0 disable_adds=0
08-12 20:55:14.091  8476  8646 I DFInstaObserve: !toggles disable_feed=0 disable_explore=0 disable_reels=0 disable_stories=0 disable_adds=0
08-12 20:55:14.639  8476 10786 I DFInstaObserve: !toggles disable_feed=0 disable_explore=0 disable_reels=0 disable_stories=0 disable_adds=0
08-12 20:55:14.679  8476 10786 I DFInstaObserve: !toggles disable_feed=0 disable_explore=0 disable_reels=0 disable_stories=0 disable_adds=0
08-12 20:55:14.681  8476  8646 I DFInstaObserve: !toggles disable_feed=0 disable_explore=0 disable_reels=0 disable_stories=0 disable_adds=0
08-12 20:55:14.757  8476  8646 I DFInstaObserve: !toggles disable_feed=0 disable_explore=0 disable_reels=0 disable_stories=0 disable_adds=0
08-12 20:55:14.896  8476 10807 I DFInstaObserve: !toggles disable_feed=0 disable_explore=0 disable_reels=0 disable_stories=0 disable_adds=0
08-12 20:55:14.937  8476 10807 I DFInstaObserve: !toggles disable_feed=0 disable_explore=0 disable_reels=0 disable_stories=0 disable_adds=0
08-12 20:55:15.004  8476  8646 I DFInstaObserve: !toggles disable_feed=0 disable_explore=0 disable_reels=0 disable_stories=0 disable_adds=0
08-12 20:55:15.090  8476 10820 I DFInstaObserve: !toggles disable_feed=0 disable_explore=0 disable_reels=0 disable_stories=0 disable_adds=0
08-12 20:55:15.093  8476 10737 I DFInstaObserve: !toggles disable_feed=0 disable_explore=0 disable_reels=0 disable_stories=0 disable_adds=0
08-12 20:55:15.122  8476  8646 I DFInstaObserve: !toggles disable_feed=0 disable_explore=0 disable_reels=0 disable_stories=0 disable_adds=0
08-12 20:55:15.126  8476 10792 I DFInstaObserve: !toggles disable_feed=0 disable_explore=0 disable_reels=0 disable_stories=0 disable_adds=0
08-12 20:55:15.131  8476 10677 I DFInstaObserve: !toggles disable_feed=0 disable_explore=0 disable_reels=0 disable_stories=0 disable_adds=0
08-12 20:55:15.164  8476 10793 I DFInstaObserve: !toggles disable_feed=0 disable_explore=0 disable_reels=0 disable_stories=0 disable_adds=0
08-12 20:55:15.188  8476 10728 I DFInstaObserve: !toggles disable_feed=0 disable_explore=0 disable_reels=0 disable_stories=0 disable_adds=0
08-12 20:55:15.193  8476  8646 I DFInstaObserve: !toggles disable_feed=0 disable_explore=0 disable_reels=0 disable_stories=0 disable_adds=0
08-12 20:55:15.206  8476 10793 I DFInstaObserve: !toggles disable_feed=0 disable_explore=0 disable_reels=0 disable_stories=0 disable_adds=0
08-12 20:55:15.226  8476 10792 I DFInstaObserve: !toggles disable_feed=0 disable_explore=0 disable_reels=0 disable_stories=0 disable_adds=0
08-12 20:55:15.239  8476 10792 I DFInstaObserve: !toggles disable_feed=0 disable_explore=0 disable_reels=0 disable_stories=0 disable_adds=0
08-12 20:55:15.242  8476  8646 I DFInstaObserve: !toggles disable_feed=0 disable_explore=0 disable_reels=0 disable_stories=0 disable_adds=0
08-12 20:55:15.257  8476 10793 I DFInstaObserve: !toggles disable_feed=0 disable_explore=0 disable_reels=0 disable_stories=0 disable_adds=0
08-12 20:55:15.270  8476 10792 I DFInstaObserve: !toggles disable_feed=0 disable_explore=0 disable_reels=0 disable_stories=0 disable_adds=0
08-12 20:55:15.298  8476 10229 I DFInstaObserve: !toggles disable_feed=0 disable_explore=0 disable_reels=0 disable_stories=0 disable_adds=0
08-12 20:55:15.309  8476 10677 I DFInstaObserve: !toggles disable_feed=0 disable_explore=0 disable_reels=0 disable_stories=0 disable_adds=0
08-12 20:55:15.350  8476 10229 I DFInstaObserve: !toggles disable_feed=0 disable_explore=0 disable_reels=0 disable_stories=0 disable_adds=0
08-12 20:55:15.359  8476 10728 I DFInstaObserve: !toggles disable_feed=0 disable_explore=0 disable_reels=0 disable_stories=0 disable_adds=0
08-12 20:55:15.380  8476  8646 I DFInstaObserve: !toggles disable_feed=0 disable_explore=0 disable_reels=0 disable_stories=0 disable_adds=0
08-12 20:55:15.385  8476 10827 I DFInstaObserve: !toggles disable_feed=0 disable_explore=0 disable_reels=0 disable_stories=0 disable_adds=0
08-12 20:55:15.397  8476 10728 I DFInstaObserve: !toggles disable_feed=0 disable_explore=0 disable_reels=0 disable_stories=0 disable_adds=0
08-12 20:55:15.450  8476 10677 I DFInstaObserve: !toggles disable_feed=0 disable_explore=0 disable_reels=0 disable_stories=0 disable_adds=0
08-12 20:55:15.454  8476 10728 I DFInstaObserve: !toggles disable_feed=0 disable_explore=0 disable_reels=0 disable_stories=0 disable_adds=0
08-12 20:55:15.455  8476  8646 I DFInstaObserve: !toggles disable_feed=0 disable_explore=0 disable_reels=0 disable_stories=0 disable_adds=0
08-12 20:55:15.476  8476 10677 I DFInstaObserve: !toggles disable_feed=0 disable_explore=0 disable_reels=0 disable_stories=0 disable_adds=0
08-12 20:55:15.487  8476 10793 I DFInstaObserve: !toggles disable_feed=0 disable_explore=0 disable_reels=0 disable_stories=0 disable_adds=0
08-12 20:55:15.605  8476 10737 I DFInstaObserve: !toggles disable_feed=0 disable_explore=0 disable_reels=0 disable_stories=0 disable_adds=0
08-12 20:55:15.678  8476  8646 I DFInstaObserve: !toggles disable_feed=0 disable_explore=0 disable_reels=0 disable_stories=0 disable_adds=0
08-12 20:55:15.819  8476  8672 I DFInstaObserve: !toggles disable_feed=0 disable_explore=0 disable_reels=0 disable_stories=0 disable_adds=0
08-12 20:55:15.847  8476  8646 I DFInstaObserve: !toggles disable_feed=0 disable_explore=0 disable_reels=0 disable_stories=0 disable_adds=0
08-12 20:55:15.932  8476  8672 I DFInstaObserve: !toggles disable_feed=0 disable_explore=0 disable_reels=0 disable_stories=0 disable_adds=0
08-12 20:55:15.999  8476  8646 I DFInstaObserve: !toggles disable_feed=0 disable_explore=0 disable_reels=0 disable_stories=0 disable_adds=0
08-12 20:55:16.058  8476  8646 I DFInstaObserve: !toggles disable_feed=0 disable_explore=0 disable_reels=0 disable_stories=0 disable_adds=0
08-12 20:55:16.103  8476  8646 I DFInstaObserve: !toggles disable_feed=0 disable_explore=0 disable_reels=0 disable_stories=0 disable_adds=0
08-12 20:55:16.152  8476  8646 I DFInstaObserve: !toggles disable_feed=0 disable_explore=0 disable_reels=0 disable_stories=0 disable_adds=0
08-12 20:55:16.225  8476  8646 I DFInstaObserve: !toggles disable_feed=0 disable_explore=0 disable_reels=0 disable_stories=0 disable_adds=0
08-12 20:55:16.277  8476  8646 I DFInstaObserve: !toggles disable_feed=0 disable_explore=0 disable_reels=0 disable_stories=0 disable_adds=0
08-12 20:55:16.469  8476  8646 I DFInstaObserve: !toggles disable_feed=0 disable_explore=0 disable_reels=0 disable_stories=0 disable_adds=0
08-12 20:55:17.697  8476 10843 I DFInstaObserve: !toggles disable_feed=0 disable_explore=0 disable_reels=0 disable_stories=0 disable_adds=0
08-12 20:55:17.698  8476 10840 I DFInstaObserve: !toggles disable_feed=0 disable_explore=0 disable_reels=0 disable_stories=0 disable_adds=0
08-12 20:55:23.440  8476 10827 I DFInstaObserve: !toggles disable_feed=0 disable_explore=0 disable_reels=0 disable_stories=0 disable_adds=0
08-12 20:55:23.440  8476 10827 I DFInstaObserve: /clips/discover
08-12 20:55:23.440  8476 10827 I DFInstaObserve: /clips/discover/stream/
08-12 20:55:25.934  8476 10892 I DFInstaObserve: !toggles disable_feed=0 disable_explore=0 disable_reels=0 disable_stories=0 disable_adds=0
08-12 20:55:25.934  8476 10893 I DFInstaObserve: !toggles disable_feed=0 disable_explore=0 disable_reels=0 disable_stories=0 disable_adds=0
08-12 20:55:26.759  8476 10918 I DFInstaObserve: !toggles disable_feed=0 disable_explore=0 disable_reels=0 disable_stories=0 disable_adds=0
08-12 20:55:26.825  8476 10918 I DFInstaObserve: !toggles disable_feed=0 disable_explore=0 disable_reels=0 disable_stories=0 disable_adds=0
08-12 20:55:27.166  8476 10918 I DFInstaObserve: !toggles disable_feed=0 disable_explore=0 disable_reels=0 disable_stories=0 disable_adds=0
08-12 20:55:27.192  8476 10918 I DFInstaObserve: !toggles disable_feed=0 disable_explore=0 disable_reels=0 disable_stories=0 disable_adds=0
08-12 20:55:27.218  8476 10918 I DFInstaObserve: !toggles disable_feed=0 disable_explore=0 disable_reels=0 disable_stories=0 disable_adds=0
08-12 20:55:27.237  8476 10918 I DFInstaObserve: !toggles disable_feed=0 disable_explore=0 disable_reels=0 disable_stories=0 disable_adds=0
08-12 20:55:27.385  8476 10820 I DFInstaObserve: !toggles disable_feed=0 disable_explore=0 disable_reels=0 disable_stories=0 disable_adds=0
08-12 20:55:27.393  8476 10820 I DFInstaObserve: !toggles disable_feed=0 disable_explore=0 disable_reels=0 disable_stories=0 disable_adds=0
08-12 20:55:27.427  8476 10820 I DFInstaObserve: !toggles disable_feed=0 disable_explore=0 disable_reels=0 disable_stories=0 disable_adds=0
08-12 20:55:27.448  8476 10923 I DFInstaObserve: !toggles disable_feed=0 disable_explore=0 disable_reels=0 disable_stories=0 disable_adds=0
08-12 20:55:27.499  8476  8646 I DFInstaObserve: !toggles disable_feed=0 disable_explore=0 disable_reels=0 disable_stories=0 disable_adds=0
08-12 20:55:27.543  8476  8646 I DFInstaObserve: !toggles disable_feed=0 disable_explore=0 disable_reels=0 disable_stories=0 disable_adds=0
08-12 20:55:27.571  8476  8646 I DFInstaObserve: !toggles disable_feed=0 disable_explore=0 disable_reels=0 disable_stories=0 disable_adds=0
08-12 20:55:27.598  8476 10820 I DFInstaObserve: !toggles disable_feed=0 disable_explore=0 disable_reels=0 disable_stories=0 disable_adds=0
08-12 20:55:27.607  8476 10820 I DFInstaObserve: !toggles disable_feed=0 disable_explore=0 disable_reels=0 disable_stories=0 disable_adds=0
08-12 20:55:27.708  8476 10858 I DFInstaObserve: !toggles disable_feed=0 disable_explore=0 disable_reels=0 disable_stories=0 disable_adds=0
08-12 20:55:27.733  8476  8646 I DFInstaObserve: !toggles disable_feed=0 disable_explore=0 disable_reels=0 disable_stories=0 disable_adds=0
08-12 20:55:27.843  8476  8646 I DFInstaObserve: !toggles disable_feed=0 disable_explore=0 disable_reels=0 disable_stories=0 disable_adds=0
08-12 20:55:27.876  8476  8646 I DFInstaObserve: !toggles disable_feed=0 disable_explore=0 disable_reels=0 disable_stories=0 disable_adds=0
08-12 20:55:27.915  8476  8646 I DFInstaObserve: !toggles disable_feed=0 disable_explore=0 disable_reels=0 disable_stories=0 disable_adds=0
08-12 20:55:30.095  8476 10938 I DFInstaObserve: !toggles disable_feed=0 disable_explore=0 disable_reels=0 disable_stories=0 disable_adds=0
08-12 20:55:30.528  8476 10820 I DFInstaObserve: !toggles disable_feed=0 disable_explore=0 disable_reels=0 disable_stories=0 disable_adds=0
08-12 20:55:32.614  8476 10939 I DFInstaObserve: !toggles disable_feed=0 disable_explore=0 disable_reels=0 disable_stories=0 disable_adds=0
08-12 20:55:32.620  8476 10938 I DFInstaObserve: !toggles disable_feed=0 disable_explore=0 disable_reels=0 disable_stories=0 disable_adds=0
08-12 20:55:35.938  8476 10985 I DFInstaObserve: !toggles disable_feed=0 disable_explore=0 disable_reels=0 disable_stories=0 disable_adds=0
08-12 20:55:35.939  8476 10986 I DFInstaObserve: !toggles disable_feed=0 disable_explore=0 disable_reels=0 disable_stories=0 disable_adds=0
08-12 20:55:36.743  8476 10827 I DFInstaObserve: !toggles disable_feed=0 disable_explore=0 disable_reels=0 disable_stories=0 disable_adds=0
08-12 20:55:36.743  8476 10827 I DFInstaObserve: /clips/discover
08-12 20:55:36.743  8476 10827 I DFInstaObserve: /clips/discover/stream/
08-12 20:55:36.750  8476 11011 I DFInstaObserve: !toggles disable_feed=0 disable_explore=0 disable_reels=0 disable_stories=0 disable_adds=0
08-12 20:55:36.787  8476 11011 I DFInstaObserve: !toggles disable_feed=0 disable_explore=0 disable_reels=0 disable_stories=0 disable_adds=0
08-12 20:55:37.158  8476 10737 I DFInstaObserve: !toggles disable_feed=0 disable_explore=0 disable_reels=0 disable_stories=0 disable_adds=0
08-12 20:55:37.160  8476 11011 I DFInstaObserve: !toggles disable_feed=0 disable_explore=0 disable_reels=0 disable_stories=0 disable_adds=0
08-12 20:55:37.185  8476 10737 I DFInstaObserve: !toggles disable_feed=0 disable_explore=0 disable_reels=0 disable_stories=0 disable_adds=0
08-12 20:55:37.191  8476 11011 I DFInstaObserve: !toggles disable_feed=0 disable_explore=0 disable_reels=0 disable_stories=0 disable_adds=0
08-12 20:55:37.215  8476 11011 I DFInstaObserve: !toggles disable_feed=0 disable_explore=0 disable_reels=0 disable_stories=0 disable_adds=0
08-12 20:55:39.408  8476 11011 I DFInstaObserve: !toggles disable_feed=0 disable_explore=0 disable_reels=0 disable_stories=0 disable_adds=0
08-12 20:55:39.437  8476 11011 I DFInstaObserve: !toggles disable_feed=0 disable_explore=0 disable_reels=0 disable_stories=0 disable_adds=0
