08-12 20:28:45.386 23278 23359 I DFInstaObserve: !toggles disable_feed=0 disable_explore=0 disable_reels=0 disable_stories=1 disable_adds=0
08-12 20:28:45.387 23278 23359 I DFInstaObserve: /feed/reels_tray/
08-12 20:28:45.392 23278 23430 I DFInstaObserve: !toggles disable_feed=0 disable_explore=0 disable_reels=0 disable_stories=1 disable_adds=0
08-12 20:28:45.392 23278 23430 I DFInstaObserve: /feed/timeline/
08-12 20:28:45.779 23278 23482 I DFInstaObserve: !toggles disable_feed=0 disable_explore=0 disable_reels=0 disable_stories=1 disable_adds=0
08-12 20:28:45.780 23278 23278 E IgFunctionalErrorEvent: STORY_NOT_LOADING
08-12 20:28:45.781 23278 23278 E IgFunctionalErrorEvent: java.io.IOException: Blocked by DFInsta setting
08-12 20:28:46.022 23278 23409 I DFInstaObserve: !toggles disable_feed=0 disable_explore=0 disable_reels=0 disable_stories=1 disable_adds=0
08-12 20:28:46.254 23278 23482 I DFInstaObserve: !toggles disable_feed=0 disable_explore=0 disable_reels=0 disable_stories=1 disable_adds=0
08-12 20:28:46.458 23278 23333 I DFInstaObserve: !toggles disable_feed=0 disable_explore=0 disable_reels=0 disable_stories=1 disable_adds=0
08-12 20:28:46.458 23278 23333 I DFInstaObserve: /discover/topical_explore
08-12 20:28:47.881 23278 23406 I DFInstaObserve: !toggles disable_feed=0 disable_explore=0 disable_reels=0 disable_stories=1 disable_adds=0
08-12 20:28:48.038 23278 23406 I DFInstaObserve: !toggles disable_feed=0 disable_explore=0 disable_reels=0 disable_stories=1 disable_adds=0
08-12 20:28:48.138 23278 23314 I DFInstaObserve: !toggles disable_feed=0 disable_explore=0 disable_reels=0 disable_stories=1 disable_adds=0
08-12 20:28:48.427 23278 23605 I DFInstaObserve: !toggles disable_feed=0 disable_explore=0 disable_reels=0 disable_stories=1 disable_adds=0
08-12 20:28:48.591 23278 23314 I DFInstaObserve: !toggles disable_feed=0 disable_explore=0 disable_reels=0 disable_stories=1 disable_adds=0
08-12 20:28:49.047 23278 23603 I DFInstaObserve: !toggles disable_feed=0 disable_explore=0 disable_reels=0 disable_stories=1 disable_adds=0
08-12 20:28:49.080 23278 23612 I DFInstaObserve: !toggles disable_feed=0 disable_explore=0 disable_reels=0 disable_stories=1 disable_adds=0
08-12 20:28:50.401 23278 23613 I DFInstaObserve: !toggles disable_feed=0 disable_explore=0 disable_reels=0 disable_stories=1 disable_adds=0
08-12 20:28:50.406 23278 23613 I DFInstaObserve: !toggles disable_feed=0 disable_explore=0 disable_reels=0 disable_stories=1 disable_adds=0
08-12 20:28:50.437 23278 23608 I DFInstaObserve: !toggles disable_feed=0 disable_explore=0 disable_reels=0 disable_stories=1 disable_adds=0
08-12 20:28:50.443 23278 23601 I DFInstaObserve: !toggles disable_feed=0 disable_explore=0 disable_reels=0 disable_stories=1 disable_adds=0
08-12 20:28:50.465 23278 23608 I DFInstaObserve: !toggles disable_feed=0 disable_explore=0 disable_reels=0 disable_stories=1 disable_adds=0
08-12 20:28:50.476 23278 23601 I DFInstaObserve: !toggles disable_feed=0 disable_explore=0 disable_reels=0 disable_stories=1 disable_adds=0
08-12 20:28:50.491 23278 23608 I DFInstaObserve: !toggles disable_feed=0 disable_explore=0 disable_reels=0 disable_stories=1 disable_adds=0
08-12 20:28:50.509 23278 23608 I DFInstaObserve: !toggles disable_feed=0 disable_explore=0 disable_reels=0 disable_stories=1 disable_adds=0
08-12 20:28:50.519 23278 23608 I DFInstaObserve: !toggles disable_feed=0 disable_explore=0 disable_reels=0 disable_stories=1 disable_adds=0
08-12 20:28:50.537 23278 23601 I DFInstaObserve: !toggles disable_feed=0 disable_explore=0 disable_reels=0 disable_stories=1 disable_adds=0
08-12 20:28:50.545 23278 23606 I DFInstaObserve: !toggles disable_feed=0 disable_explore=0 disable_reels=0 disable_stories=1 disable_adds=0
08-12 20:28:50.568 23278 23601 I DFInstaObserve: !toggles disable_feed=0 disable_explore=0 disable_reels=0 disable_stories=1 disable_adds=0
08-12 20:28:50.573 23278 23608 I DFInstaObserve: !toggles disable_feed=0 disable_explore=0 disable_reels=0 disable_stories=1 disable_adds=0
08-12 20:28:50.594 23278 23601 I DFInstaObserve: !toggles disable_feed=0 disable_explore=0 disable_reels=0 disable_stories=1 disable_adds=0
08-12 20:28:50.609 23278 23606 I DFInstaObserve: !toggles disable_feed=0 disable_explore=0 disable_reels=0 disable_stories=1 disable_adds=0
08-12 20:28:50.610 23278 23458 I DFInstaObserve: !toggles disable_feed=0 disable_explore=0 disable_reels=0 disable_stories=1 disable_adds=0
08-12 20:28:50.637 23278 23601 I DFInstaObserve: !toggles disable_feed=0 disable_explore=0 disable_reels=0 disable_stories=1 disable_adds=0
08-12 20:28:51.622 23278 23458 I DFInstaObserve: !toggles disable_feed=0 disable_explore=0 disable_reels=0 disable_stories=1 disable_adds=0
08-12 20:28:51.665 23278 23458 I DFInstaObserve: !toggles disable_feed=0 disable_explore=0 disable_reels=0 disable_stories=1 disable_adds=0
08-12 20:28:51.789 23278 23458 I DFInstaObserve: !toggles disable_feed=0 disable_explore=0 disable_reels=0 disable_stories=1 disable_adds=0
08-12 20:28:51.836 23278 23458 I DFInstaObserve: !toggles disable_feed=0 disable_explore=0 disable_reels=0 disable_stories=1 disable_adds=0
08-12 20:28:51.941 23278 23458 I DFInstaObserve: !toggles disable_feed=0 disable_explore=0 disable_reels=0 disable_stories=1 disable_adds=0
08-12 20:28:51.976 23278 23458 I DFInstaObserve: !toggles disable_feed=0 disable_explore=0 disable_reels=0 disable_stories=1 disable_adds=0
08-12 20:28:52.015 23278 23458 I DFInstaObserve: !toggles disable_feed=0 disable_explore=0 disable_reels=0 disable_stories=1 disable_adds=0
08-12 20:28:52.062 23278 23458 I DFInstaObserve: !toggles disable_feed=0 disable_explore=0 disable_reels=0 disable_stories=1 disable_adds=0
08-12 20:28:52.375 23278 23458 I DFInstaObserve: !toggles disable_feed=0 disable_explore=0 disable_reels=0 disable_stories=1 disable_adds=0
08-12 20:28:52.418 23278 23458 I DFInstaObserve: !toggles disable_feed=0 disable_explore=0 disable_reels=0 disable_stories=1 disable_adds=0
08-12 20:28:52.594 23278 23458 I DFInstaObserve: !toggles disable_feed=0 disable_explore=0 disable_reels=0 disable_stories=1 disable_adds=0
08-12 20:28:52.776 23278 23333 I DFInstaObserve: !toggles disable_feed=0 disable_explore=0 disable_reels=0 disable_stories=1 disable_adds=0
08-12 20:28:52.880 23278 23603 I DFInstaObserve: !toggles disable_feed=0 disable_explore=0 disable_reels=0 disable_stories=1 disable_adds=0
08-12 20:28:53.060 23278 23482 I DFInstaObserve: !toggles disable_feed=0 disable_explore=0 disable_reels=0 disable_stories=1 disable_adds=0
08-12 20:28:54.553 23278 23482 I DFInstaObserve: !toggles disable_feed=0 disable_explore=0 disable_reels=0 disable_stories=1 disable_adds=0
08-12 20:29:02.916 23278 23458 I DFInstaObserve: !toggles disable_feed=0 disable_explore=0 disable_reels=0 disable_stories=1 disable_adds=0
08-12 20:29:02.927 23278 23613 I DFInstaObserve: !toggles disable_feed=0 disable_explore=0 disable_reels=0 disable_stories=1 disable_adds=0
08-12 20:29:02.975 23278 23458 I DFInstaObserve: !toggles disable_feed=0 disable_explore=0 disable_reels=0 disable_stories=1 disable_adds=0
08-12 20:29:11.032 23278 23687 I DFInstaObserve: !toggles disable_feed=0 disable_explore=0 disable_reels=0 disable_stories=1 disable_adds=0
08-12 20:29:11.032 23278 23687 I DFInstaObserve: /feed/timeline/
08-12 20:29:11.033 23278 23682 I DFInstaObserve: !toggles disable_feed=0 disable_explore=0 disable_reels=0 disable_stories=1 disable_adds=0
08-12 20:29:11.033 23278 23682 I DFInstaObserve: /feed/reels_tray/
08-12 20:29:11.040 23278 23278 E IgFunctionalErrorEvent: STORY_NOT_LOADING
08-12 20:29:11.040 23278 23278 E IgFunctionalErrorEvent: java.io.IOException: Blocked by DFInsta setting
08-12 20:29:12.122 23278 23613 I DFInstaObserve: !toggles disable_feed=0 disable_explore=0 disable_reels=0 disable_stories=1 disable_adds=0
08-12 20:29:12.140 23278 23458 I DFInstaObserve: !toggles disable_feed=0 disable_explore=0 disable_reels=0 disable_stories=1 disable_adds=0
08-12 20:29:12.141 23278 23613 I DFInstaObserve: !toggles disable_feed=0 disable_explore=0 disable_reels=0 disable_stories=1 disable_adds=0
08-12 20:29:12.614 23278 23613 I DFInstaObserve: !toggles disable_feed=0 disable_explore=0 disable_reels=0 disable_stories=1 disable_adds=0
08-12 20:29:12.666 23278 23458 I DFInstaObserve: !toggles disable_feed=0 disable_explore=0 disable_reels=0 disable_stories=1 disable_adds=0
08-12 20:29:12.839 23278 23687 I DFInstaObserve: !toggles disable_feed=0 disable_explore=0 disable_reels=0 disable_stories=1 disable_adds=0
08-12 20:29:12.839 23278 23687 I DFInstaObserve: /feed/timeline/
08-12 20:29:15.246 23278 23613 I DFInstaObserve: !toggles disable_feed=0 disable_explore=0 disable_reels=0 disable_stories=1 disable_adds=0
08-12 20:29:15.254 23278 23613 I DFInstaObserve: !toggles disable_feed=0 disable_explore=0 disable_reels=0 disable_stories=1 disable_adds=0
08-12 20:29:15.288 23278 23682 I DFInstaObserve: !toggles disable_feed=0 disable_explore=0 disable_reels=0 disable_stories=1 disable_adds=0
08-12 20:29:15.302 23278 23601 I DFInstaObserve: !toggles disable_feed=0 disable_explore=0 disable_reels=0 disable_stories=1 disable_adds=0
08-12 20:29:15.416 23278 23458 I DFInstaObserve: !toggles disable_feed=0 disable_explore=0 disable_reels=0 disable_stories=1 disable_adds=0
08-12 20:29:15.454 23278 23458 I DFInstaObserve: !toggles disable_feed=0 disable_explore=0 disable_reels=0 disable_stories=1 disable_adds=0
08-12 20:29:15.484 23278 23458 I DFInstaObserve: !toggles disable_feed=0 disable_explore=0 disable_reels=0 disable_stories=1 disable_adds=0
08-12 20:29:22.488 23278 23312 I DFInstaObserve: !toggles disable_feed=0 disable_explore=0 disable_reels=0 disable_stories=1 disable_adds=0
08-12 20:29:22.663 23278 23613 I DFInstaObserve: !toggles disable_feed=0 disable_explore=0 disable_reels=0 disable_stories=1 disable_adds=0
08-12 20:29:26.009 23278 23312 I DFInstaObserve: !toggles disable_feed=0 disable_explore=0 disable_reels=0 disable_stories=1 disable_adds=0
08-12 20:29:26.015 23278 23613 I DFInstaObserve: !toggles disable_feed=0 disable_explore=0 disable_reels=0 disable_stories=1 disable_adds=0
08-12 20:29:29.348 23278 23312 I DFInstaObserve: !toggles disable_feed=0 disable_explore=0 disable_reels=0 disable_stories=1 disable_adds=0
08-12 20:29:29.550 23278 24017 I DFInstaObserve: !toggles disable_feed=0 disable_explore=0 disable_reels=0 disable_stories=1 disable_adds=0
08-12 20:29:32.624 23278 23613 I DFInstaObserve: !toggles disable_feed=0 disable_explore=0 disable_reels=0 disable_stories=1 disable_adds=0
08-12 20:29:32.671 23278 23613 I DFInstaObserve: !toggles disable_feed=0 disable_explore=0 disable_reels=0 disable_stories=1 disable_adds=0
08-12 20:29:34.980 23278 24016 I DFInstaObserve: !toggles disable_feed=0 disable_explore=0 disable_reels=0 disable_stories=1 disable_adds=0
08-12 20:29:36.610 23278 23846 I DFInstaObserve: !toggles disable_feed=0 disable_explore=0 disable_reels=0 disable_stories=1 disable_adds=0
08-12 20:29:36.610 23278 23846 I DFInstaObserve: /feed/timeline/
08-12 20:29:38.224 23278 24059 I DFInstaObserve: !toggles disable_feed=0 disable_explore=0 disable_reels=0 disable_stories=1 disable_adds=0
08-12 20:29:38.503 23278 23312 I DFInstaObserve: !toggles disable_feed=0 disable_explore=0 disable_reels=0 disable_stories=1 disable_adds=0
08-12 20:29:38.510 23278 23312 I DFInstaObserve: !toggles disable_feed=0 disable_explore=0 disable_reels=0 disable_stories=1 disable_adds=0
08-12 20:29:38.634 23278 23458 I DFInstaObserve: !toggles disable_feed=0 disable_explore=0 disable_reels=0 disable_stories=1 disable_adds=0
08-12 20:29:38.735 23278 23333 I DFInstaObserve: !toggles disable_feed=0 disable_explore=0 disable_reels=0 disable_stories=1 disable_adds=0
08-12 20:29:38.769 23278 23458 I DFInstaObserve: !toggles disable_feed=0 disable_explore=0 disable_reels=0 disable_stories=1 disable_adds=0
08-12 20:29:38.809 23278 23846 I DFInstaObserve: !toggles disable_feed=0 disable_explore=0 disable_reels=0 disable_stories=1 disable_adds=0
08-12 20:29:38.823 23278 23601 I DFInstaObserve: !toggles disable_feed=0 disable_explore=0 disable_reels=0 disable_stories=1 disable_adds=0
08-12 20:29:38.828 23278 23458 I DFInstaObserve: !toggles disable_feed=0 disable_explore=0 disable_reels=0 disable_stories=1 disable_adds=0
08-12 20:29:38.890 23278 23458 I DFInstaObserve: !toggles disable_feed=0 disable_explore=0 disable_reels=0 disable_stories=1 disable_adds=0
08-12 20:29:38.899 23278 23846 I DFInstaObserve: !toggles disable_feed=0 disable_explore=0 disable_reels=0 disable_stories=1 disable_adds=0
08-12 20:29:38.949 23278 23458 I DFInstaObserve: !toggles disable_feed=0 disable_explore=0 disable_reels=0 disable_stories=1 disable_adds=0
08-12 20:29:39.093 23278 23601 I DFInstaObserve: !toggles disable_feed=0 disable_explore=0 disable_reels=0 disable_stories=1 disable_adds=0
08-12 20:29:39.223 23278 24177 I DFInstaObserve: !toggles disable_feed=0 disable_explore=0 disable_reels=0 disable_stories=1 disable_adds=0
08-12 20:29:39.429 23278 23312 I DFInstaObserve: !toggles disable_feed=0 disable_explore=0 disable_reels=0 disable_stories=1 disable_adds=0
08-12 20:29:39.433 23278 23613 I DFInstaObserve: !toggles disable_feed=0 disable_explore=0 disable_reels=0 disable_stories=1 disable_adds=0
08-12 20:29:39.476 23278 23846 I DFInstaObserve: !toggles disable_feed=0 disable_explore=0 disable_reels=0 disable_stories=1 disable_adds=0
08-12 20:29:39.483 23278 24177 I DFInstaObserve: !toggles disable_feed=0 disable_explore=0 disable_reels=0 disable_stories=1 disable_adds=0
08-12 20:29:39.498 23278 23458 I DFInstaObserve: !toggles disable_feed=0 disable_explore=0 disable_reels=0 disable_stories=1 disable_adds=0
08-12 20:29:39.511 23278 23846 I DFInstaObserve: !toggles disable_feed=0 disable_explore=0 disable_reels=0 disable_stories=1 disable_adds=0
08-12 20:29:39.517 23278 24176 I DFInstaObserve: !toggles disable_feed=0 disable_explore=0 disable_reels=0 disable_stories=1 disable_adds=0
08-12 20:29:39.547 23278 23482 I DFInstaObserve: !toggles disable_feed=0 disable_explore=0 disable_reels=0 disable_stories=1 disable_adds=0
08-12 20:29:39.609 23278 24176 I DFInstaObserve: !toggles disable_feed=0 disable_explore=0 disable_reels=0 disable_stories=1 disable_adds=0
08-12 20:29:39.768 23278 23458 I DFInstaObserve: !toggles disable_feed=0 disable_explore=0 disable_reels=0 disable_stories=1 disable_adds=0
08-12 20:29:39.809 23278 23458 I DFInstaObserve: !toggles disable_feed=0 disable_explore=0 disable_reels=0 disable_stories=1 disable_adds=0
08-12 20:29:40.106 23278 23458 I DFInstaObserve: !toggles disable_feed=0 disable_explore=0 disable_reels=0 disable_stories=1 disable_adds=0
08-12 20:29:41.597 23278 24203 I DFInstaObserve: !toggles disable_feed=0 disable_explore=0 disable_reels=0 disable_stories=1 disable_adds=0
08-12 20:29:41.597 23278 24207 I DFInstaObserve: !toggles disable_feed=0 disable_explore=0 disable_reels=0 disable_stories=1 disable_adds=0
08-12 20:29:41.658 23278 24203 I DFInstaObserve: !toggles disable_feed=0 disable_explore=0 disable_reels=0 disable_stories=1 disable_adds=0
08-12 20:29:41.662 23278 24207 I DFInstaObserve: !toggles disable_feed=0 disable_explore=0 disable_reels=0 disable_stories=1 disable_adds=0
08-12 20:29:44.087 23278 24203 I DFInstaObserve: !toggles disable_feed=0 disable_explore=0 disable_reels=0 disable_stories=1 disable_adds=0
08-12 20:29:44.088 23278 24207 I DFInstaObserve: !toggles disable_feed=0 disable_explore=0 disable_reels=0 disable_stories=1 disable_adds=0
08-12 20:29:47.154 23278 24176 I DFInstaObserve: !toggles disable_feed=0 disable_explore=0 disable_reels=0 disable_stories=1 disable_adds=0
08-12 20:29:47.154 23278 24176 I DFInstaObserve: /discover/topical_explore
08-12 20:29:47.766 23278 24310 I DFInstaObserve: !toggles disable_feed=0 disable_explore=0 disable_reels=0 disable_stories=1 disable_adds=0
08-12 20:29:49.735 23278 24294 I DFInstaObserve: !toggles disable_feed=0 disable_explore=0 disable_reels=0 disable_stories=1 disable_adds=0
08-12 20:29:49.793 23278 24294 I DFInstaObserve: !toggles disable_feed=0 disable_explore=0 disable_reels=0 disable_stories=1 disable_adds=0
08-12 20:29:50.256 23278 24304 I DFInstaObserve: !toggles disable_feed=0 disable_explore=0 disable_reels=0 disable_stories=1 disable_adds=0
08-12 20:29:50.510 23278 23613 I DFInstaObserve: !toggles disable_feed=0 disable_explore=0 disable_reels=0 disable_stories=1 disable_adds=0
08-12 20:29:50.526 23278 23613 I DFInstaObserve: !toggles disable_feed=0 disable_explore=0 disable_reels=0 disable_stories=1 disable_adds=0
08-12 20:29:50.535 23278 23613 I DFInstaObserve: !toggles disable_feed=0 disable_explore=0 disable_reels=0 disable_stories=1 disable_adds=0
08-12 20:29:50.558 23278 23613 I DFInstaObserve: !toggles disable_feed=0 disable_explore=0 disable_reels=0 disable_stories=1 disable_adds=0
08-12 20:29:50.564 23278 23613 I DFInstaObserve: !toggles disable_feed=0 disable_explore=0 disable_reels=0 disable_stories=1 disable_adds=0
08-12 20:29:50.574 23278 23613 I DFInstaObserve: !toggles disable_feed=0 disable_explore=0 disable_reels=0 disable_stories=1 disable_adds=0
08-12 20:29:50.661 23278 23613 I DFInstaObserve: !toggles disable_feed=0 disable_explore=0 disable_reels=0 disable_stories=1 disable_adds=0
08-12 20:29:50.670 23278 23613 I DFInstaObserve: !toggles disable_feed=0 disable_explore=0 disable_reels=0 disable_stories=1 disable_adds=0
08-12 20:29:50.678 23278 23613 I DFInstaObserve: !toggles disable_feed=0 disable_explore=0 disable_reels=0 disable_stories=1 disable_adds=0
08-12 20:29:50.701 23278 23846 I DFInstaObserve: !toggles disable_feed=0 disable_explore=0 disable_reels=0 disable_stories=1 disable_adds=0
08-12 20:29:50.701 23278 23846 I DFInstaObserve: /discover/topical_explore
08-12 20:29:50.798 23278 23613 I DFInstaObserve: !toggles disable_feed=0 disable_explore=0 disable_reels=0 disable_stories=1 disable_adds=0
08-12 20:29:50.802 23278 23613 I DFInstaObserve: !toggles disable_feed=0 disable_explore=0 disable_reels=0 disable_stories=1 disable_adds=0
08-12 20:29:50.813 23278 23613 I DFInstaObserve: !toggles disable_feed=0 disable_explore=0 disable_reels=0 disable_stories=1 disable_adds=0
08-12 20:29:50.895 23278 24348 I DFInstaObserve: !toggles disable_feed=0 disable_explore=0 disable_reels=0 disable_stories=1 disable_adds=0
08-12 20:29:50.917 23278 23613 I DFInstaObserve: !toggles disable_feed=0 disable_explore=0 disable_reels=0 disable_stories=1 disable_adds=0
08-12 20:29:50.926 23278 23613 I DFInstaObserve: !toggles disable_feed=0 disable_explore=0 disable_reels=0 disable_stories=1 disable_adds=0
08-12 20:29:51.026 23278 24357 I DFInstaObserve: !toggles disable_feed=0 disable_explore=0 disable_reels=0 disable_stories=1 disable_adds=0
08-12 20:29:51.096 23278 23613 I DFInstaObserve: !toggles disable_feed=0 disable_explore=0 disable_reels=0 disable_stories=1 disable_adds=0
08-12 20:29:51.104 23278 24358 I DFInstaObserve: !toggles disable_feed=0 disable_explore=0 disable_reels=0 disable_stories=1 disable_adds=0
08-12 20:29:51.142 23278 24274 I DFInstaObserve: !toggles disable_feed=0 disable_explore=0 disable_reels=0 disable_stories=1 disable_adds=0
08-12 20:29:51.156 23278 23458 I DFInstaObserve: !toggles disable_feed=0 disable_explore=0 disable_reels=0 disable_stories=1 disable_adds=0
08-12 20:29:51.161 23278 23333 I DFInstaObserve: !toggles disable_feed=0 disable_explore=0 disable_reels=0 disable_stories=1 disable_adds=0
08-12 20:29:51.184 23278 24176 I DFInstaObserve: !toggles disable_feed=0 disable_explore=0 disable_reels=0 disable_stories=1 disable_adds=0
08-12 20:29:51.186 23278 24369 I DFInstaObserve: !toggles disable_feed=0 disable_explore=0 disable_reels=0 disable_stories=1 disable_adds=0
08-12 20:29:51.188 23278 24368 I DFInstaObserve: !toggles disable_feed=0 disable_explore=0 disable_reels=0 disable_stories=1 disable_adds=0
08-12 20:29:51.209 23278 24274 I DFInstaObserve: !toggles disable_feed=0 disable_explore=0 disable_reels=0 disable_stories=1 disable_adds=0
08-12 20:29:51.211 23278 23458 I DFInstaObserve: !toggles disable_feed=0 disable_explore=0 disable_reels=0 disable_stories=1 disable_adds=0
08-12 20:29:51.345 23278 24378 I DFInstaObserve: !toggles disable_feed=0 disable_explore=0 disable_reels=0 disable_stories=1 disable_adds=0
08-12 20:29:51.364 23278 23458 I DFInstaObserve: !toggles disable_feed=0 disable_explore=0 disable_reels=0 disable_stories=1 disable_adds=0
08-12 20:29:51.426 23278 23458 I DFInstaObserve: !toggles disable_feed=0 disable_explore=0 disable_reels=0 disable_stories=1 disable_adds=0
08-12 20:29:51.493 23278 23458 I DFInstaObserve: !toggles disable_feed=0 disable_explore=0 disable_reels=0 disable_stories=1 disable_adds=0
08-12 20:29:51.552 23278 23458 I DFInstaObserve: !toggles disable_feed=0 disable_explore=0 disable_reels=0 disable_stories=1 disable_adds=0
08-12 20:29:51.588 23278 23458 I DFInstaObserve: !toggles disable_feed=0 disable_explore=0 disable_reels=0 disable_stories=1 disable_adds=0
08-12 20:29:51.630 23278 23458 I DFInstaObserve: !toggles disable_feed=0 disable_explore=0 disable_reels=0 disable_stories=1 disable_adds=0
08-12 20:29:51.665 23278 23458 I DFInstaObserve: !toggles disable_feed=0 disable_explore=0 disable_reels=0 disable_stories=1 disable_adds=0
08-12 20:29:52.014 23278 23458 I DFInstaObserve: !toggles disable_feed=0 disable_explore=0 disable_reels=0 disable_stories=1 disable_adds=0
08-12 20:29:52.068 23278 23458 I DFInstaObserve: !toggles disable_feed=0 disable_explore=0 disable_reels=0 disable_stories=1 disable_adds=0
08-12 20:29:52.190 23278 23458 I DFInstaObserve: !toggles disable_feed=0 disable_explore=0 disable_reels=0 disable_stories=1 disable_adds=0
08-12 20:29:53.094 23278 24357 I DFInstaObserve: !toggles disable_feed=0 disable_explore=0 disable_reels=0 disable_stories=1 disable_adds=0
08-12 20:29:53.367 23278 24368 I DFInstaObserve: !toggles disable_feed=0 disable_explore=0 disable_reels=0 disable_stories=1 disable_adds=0
08-12 20:29:53.397 23278 24358 I DFInstaObserve: !toggles disable_feed=0 disable_explore=0 disable_reels=0 disable_stories=1 disable_adds=0
08-12 20:29:53.402 23278 23613 I DFInstaObserve: !toggles disable_feed=0 disable_explore=0 disable_reels=0 disable_stories=1 disable_adds=0
08-12 20:29:53.436 23278 23458 I DFInstaObserve: !toggles disable_feed=0 disable_explore=0 disable_reels=0 disable_stories=1 disable_adds=0
08-12 20:29:53.445 23278 23846 I DFInstaObserve: !toggles disable_feed=0 disable_explore=0 disable_reels=0 disable_stories=1 disable_adds=0
08-12 20:29:53.451 23278 24355 I DFInstaObserve: !toggles disable_feed=0 disable_explore=0 disable_reels=0 disable_stories=1 disable_adds=0
08-12 20:29:53.490 23278 24355 I DFInstaObserve: !toggles disable_feed=0 disable_explore=0 disable_reels=0 disable_stories=1 disable_adds=0
08-12 20:29:53.496 23278 23458 I DFInstaObserve: !toggles disable_feed=0 disable_explore=0 disable_reels=0 disable_stories=1 disable_adds=0
08-12 20:29:53.496 23278 24370 I DFInstaObserve: !toggles disable_feed=0 disable_explore=0 disable_reels=0 disable_stories=1 disable_adds=0
08-12 20:29:53.523 23278 24370 I DFInstaObserve: !toggles disable_feed=0 disable_explore=0 disable_reels=0 disable_stories=1 disable_adds=0
08-12 20:29:53.535 23278 24176 I DFInstaObserve: !toggles disable_feed=0 disable_explore=0 disable_reels=0 disable_stories=1 disable_adds=0
08-12 20:29:53.536 23278 23458 I DFInstaObserve: !toggles disable_feed=0 disable_explore=0 disable_reels=0 disable_stories=1 disable_adds=0
08-12 20:29:53.555 23278 24176 I DFInstaObserve: !toggles disable_feed=0 disable_explore=0 disable_reels=0 disable_stories=1 disable_adds=0
08-12 20:29:53.560 23278 24355 I DFInstaObserve: !toggles disable_feed=0 disable_explore=0 disable_reels=0 disable_stories=1 disable_adds=0
08-12 20:29:53.594 23278 24176 I DFInstaObserve: !toggles disable_feed=0 disable_explore=0 disable_reels=0 disable_stories=1 disable_adds=0
08-12 20:29:53.605 23278 24370 I DFInstaObserve: !toggles disable_feed=0 disable_explore=0 disable_reels=0 disable_stories=1 disable_adds=0
08-12 20:29:53.614 23278 23458 I DFInstaObserve: !toggles disable_feed=0 disable_explore=0 disable_reels=0 disable_stories=1 disable_adds=0
08-12 20:29:53.628 23278 24370 I DFInstaObserve: !toggles disable_feed=0 disable_explore=0 disable_reels=0 disable_stories=1 disable_adds=0
08-12 20:29:53.652 23278 23458 I DFInstaObserve: !toggles disable_feed=0 disable_explore=0 disable_reels=0 disable_stories=1 disable_adds=0
08-12 20:29:54.055 23278 23458 I DFInstaObserve: !toggles disable_feed=0 disable_explore=0 disable_reels=0 disable_stories=1 disable_adds=0
08-12 20:29:54.103 23278 23458 I DFInstaObserve: !toggles disable_feed=0 disable_explore=0 disable_reels=0 disable_stories=1 disable_adds=0
08-12 20:29:54.521 23278 23458 I DFInstaObserve: !toggles disable_feed=0 disable_explore=0 disable_reels=0 disable_stories=1 disable_adds=0
08-12 20:29:54.577 23278 23458 I DFInstaObserve: !toggles disable_feed=0 disable_explore=0 disable_reels=0 disable_stories=1 disable_adds=0
08-12 20:29:54.628 23278 23846 I DFInstaObserve: !toggles disable_feed=0 disable_explore=0 disable_reels=0 disable_stories=1 disable_adds=0
08-12 20:29:54.628 23278 23846 I DFInstaObserve: /discover/topical_explore
08-12 20:29:54.828 23278 23458 I DFInstaObserve: !toggles disable_feed=0 disable_explore=0 disable_reels=0 disable_stories=1 disable_adds=0
08-12 20:29:54.872 23278 23458 I DFInstaObserve: !toggles disable_feed=0 disable_explore=0 disable_reels=0 disable_stories=1 disable_adds=0
08-12 20:29:54.988 23278 23458 I DFInstaObserve: !toggles disable_feed=0 disable_explore=0 disable_reels=0 disable_stories=1 disable_adds=0
08-12 20:29:55.034 23278 23458 I DFInstaObserve: !toggles disable_feed=0 disable_explore=0 disable_reels=0 disable_stories=1 disable_adds=0
08-12 20:29:55.164 23278 23458 I DFInstaObserve: !toggles disable_feed=0 disable_explore=0 disable_reels=0 disable_stories=1 disable_adds=0
08-12 20:29:55.208 23278 23458 I DFInstaObserve: !toggles disable_feed=0 disable_explore=0 disable_reels=0 disable_stories=1 disable_adds=0
08-12 20:29:55.282 23278 23458 I DFInstaObserve: !toggles disable_feed=0 disable_explore=0 disable_reels=0 disable_stories=1 disable_adds=0
08-12 20:29:56.490 23278 24468 I DFInstaObserve: !toggles disable_feed=0 disable_explore=0 disable_reels=0 disable_stories=1 disable_adds=0
08-12 20:29:56.558 23278 24462 I DFInstaObserve: !toggles disable_feed=0 disable_explore=0 disable_reels=0 disable_stories=1 disable_adds=0
08-12 20:29:56.558 23278 24468 I DFInstaObserve: !toggles disable_feed=0 disable_explore=0 disable_reels=0 disable_stories=1 disable_adds=0
08-12 20:29:57.743 23278 23846 I DFInstaObserve: !toggles disable_feed=0 disable_explore=0 disable_reels=0 disable_stories=1 disable_adds=0
08-12 20:29:57.743 23278 23846 I DFInstaObserve: /discover/topical_explore
08-12 20:29:58.178 23278 23613 I DFInstaObserve: !toggles disable_feed=0 disable_explore=0 disable_reels=0 disable_stories=1 disable_adds=0
08-12 20:29:58.188 23278 24543 I DFInstaObserve: !toggles disable_feed=0 disable_explore=0 disable_reels=0 disable_stories=1 disable_adds=0
08-12 20:29:58.193 23278 24520 I DFInstaObserve: !toggles disable_feed=0 disable_explore=0 disable_reels=0 disable_stories=1 disable_adds=0
08-12 20:29:58.258 23278 24543 I DFInstaObserve: !toggles disable_feed=0 disable_explore=0 disable_reels=0 disable_stories=1 disable_adds=0
08-12 20:29:58.283 23278 23458 I DFInstaObserve: !toggles disable_feed=0 disable_explore=0 disable_reels=0 disable_stories=1 disable_adds=0
08-12 20:29:58.324 23278 24497 I DFInstaObserve: !toggles disable_feed=0 disable_explore=0 disable_reels=0 disable_stories=1 disable_adds=0
08-12 20:29:58.346 23278 24429 I DFInstaObserve: !toggles disable_feed=0 disable_explore=0 disable_reels=0 disable_stories=1 disable_adds=0
08-12 20:29:58.358 23278 24551 I DFInstaObserve: !toggles disable_feed=0 disable_explore=0 disable_reels=0 disable_stories=1 disable_adds=0
08-12 20:29:58.386 23278 24429 I DFInstaObserve: !toggles disable_feed=0 disable_explore=0 disable_reels=0 disable_stories=1 disable_adds=0
08-12 20:29:58.413 23278 24176 I DFInstaObserve: !toggles disable_feed=0 disable_explore=0 disable_reels=0 disable_stories=1 disable_adds=0
08-12 20:29:58.417 23278 23458 I DFInstaObserve: !toggles disable_feed=0 disable_explore=0 disable_reels=0 disable_stories=1 disable_adds=0
08-12 20:29:58.430 23278 24176 I DFInstaObserve: !toggles disable_feed=0 disable_explore=0 disable_reels=0 disable_stories=1 disable_adds=0
08-12 20:29:58.450 23278 24497 I DFInstaObserve: !toggles disable_feed=0 disable_explore=0 disable_reels=0 disable_stories=1 disable_adds=0
08-12 20:29:58.477 23278 23458 I DFInstaObserve: !toggles disable_feed=0 disable_explore=0 disable_reels=0 disable_stories=1 disable_adds=0
08-12 20:29:58.480 23278 24497 I DFInstaObserve: !toggles disable_feed=0 disable_explore=0 disable_reels=0 disable_stories=1 disable_adds=0
08-12 20:29:58.491 23278 24176 I DFInstaObserve: !toggles disable_feed=0 disable_explore=0 disable_reels=0 disable_stories=1 disable_adds=0
08-12 20:29:58.529 23278 24496 I DFInstaObserve: !toggles disable_feed=0 disable_explore=0 disable_reels=0 disable_stories=1 disable_adds=0
08-12 20:29:58.532 23278 23458 I DFInstaObserve: !toggles disable_feed=0 disable_explore=0 disable_reels=0 disable_stories=1 disable_adds=0
08-12 20:29:58.542 23278 24429 I DFInstaObserve: !toggles disable_feed=0 disable_explore=0 disable_reels=0 disable_stories=1 disable_adds=0
08-12 20:29:58.568 23278 23458 I DFInstaObserve: !toggles disable_feed=0 disable_explore=0 disable_reels=0 disable_stories=1 disable_adds=0
08-12 20:29:58.623 23278 24176 I DFInstaObserve: !toggles disable_feed=0 disable_explore=0 disable_reels=0 disable_stories=1 disable_adds=0
08-12 20:29:58.632 23278 23458 I DFInstaObserve: !toggles disable_feed=0 disable_explore=0 disable_reels=0 disable_stories=1 disable_adds=0
08-12 20:29:58.637 23278 24556 I DFInstaObserve: !toggles disable_feed=0 disable_explore=0 disable_reels=0 disable_stories=1 disable_adds=0
08-12 20:29:58.663 23278 24176 I DFInstaObserve: !toggles disable_feed=0 disable_explore=0 disable_reels=0 disable_stories=1 disable_adds=0
08-12 20:29:58.682 23278 23458 I DFInstaObserve: !toggles disable_feed=0 disable_explore=0 disable_reels=0 disable_stories=1 disable_adds=0
08-12 20:29:58.688 23278 24497 I DFInstaObserve: !toggles disable_feed=0 disable_explore=0 disable_reels=0 disable_stories=1 disable_adds=0
08-12 20:29:58.692 23278 24556 I DFInstaObserve: !toggles disable_feed=0 disable_explore=0 disable_reels=0 disable_stories=1 disable_adds=0
08-12 20:29:58.745 23278 24176 I DFInstaObserve: !toggles disable_feed=0 disable_explore=0 disable_reels=0 disable_stories=1 disable_adds=0
08-12 20:29:58.756 23278 24497 I DFInstaObserve: !toggles disable_feed=0 disable_explore=0 disable_reels=0 disable_stories=1 disable_adds=0
08-12 20:29:58.796 23278 24497 I DFInstaObserve: !toggles disable_feed=0 disable_explore=0 disable_reels=0 disable_stories=1 disable_adds=0
08-12 20:29:58.804 23278 24429 I DFInstaObserve: !toggles disable_feed=0 disable_explore=0 disable_reels=0 disable_stories=1 disable_adds=0
08-12 20:29:58.822 23278 23458 I DFInstaObserve: !toggles disable_feed=0 disable_explore=0 disable_reels=0 disable_stories=1 disable_adds=0
08-12 20:29:58.841 23278 24497 I DFInstaObserve: !toggles disable_feed=0 disable_explore=0 disable_reels=0 disable_stories=1 disable_adds=0
08-12 20:29:58.847 23278 24556 I DFInstaObserve: !toggles disable_feed=0 disable_explore=0 disable_reels=0 disable_stories=1 disable_adds=0
08-12 20:29:58.883 23278 23458 I DFInstaObserve: !toggles disable_feed=0 disable_explore=0 disable_reels=0 disable_stories=1 disable_adds=0
08-12 20:29:59.845 23278 24511 I DFInstaObserve: !toggles disable_feed=0 disable_explore=0 disable_reels=0 disable_stories=1 disable_adds=0
08-12 20:29:59.888 23278 24511 I DFInstaObserve: !toggles disable_feed=0 disable_explore=0 disable_reels=0 disable_stories=1 disable_adds=0
08-12 20:30:00.136 23278 23458 I DFInstaObserve: !toggles disable_feed=0 disable_explore=0 disable_reels=0 disable_stories=1 disable_adds=0
08-12 20:30:00.169 23278 23458 I DFInstaObserve: !toggles disable_feed=0 disable_explore=0 disable_reels=0 disable_stories=1 disable_adds=0
08-12 20:30:00.213 23278 23458 I DFInstaObserve: !toggles disable_feed=0 disable_explore=0 disable_reels=0 disable_stories=1 disable_adds=0
08-12 20:30:00.257 23278 23458 I DFInstaObserve: !toggles disable_feed=0 disable_explore=0 disable_reels=0 disable_stories=1 disable_adds=0
08-12 20:30:00.412 23278 23458 I DFInstaObserve: !toggles disable_feed=0 disable_explore=0 disable_reels=0 disable_stories=1 disable_adds=0
08-12 20:30:00.464 23278 23458 I DFInstaObserve: !toggles disable_feed=0 disable_explore=0 disable_reels=0 disable_stories=1 disable_adds=0
08-12 20:30:00.880 23278 23458 I DFInstaObserve: !toggles disable_feed=0 disable_explore=0 disable_reels=0 disable_stories=1 disable_adds=0
08-12 20:30:01.221 23278 24497 I DFInstaObserve: !toggles disable_feed=0 disable_explore=0 disable_reels=0 disable_stories=1 disable_adds=0
08-12 20:30:01.221 23278 24497 I DFInstaObserve: /discover/topical_explore
08-12 20:30:01.583 23278 23613 I DFInstaObserve: !toggles disable_feed=0 disable_explore=0 disable_reels=0 disable_stories=1 disable_adds=0
08-12 20:30:01.592 23278 24590 I DFInstaObserve: !toggles disable_feed=0 disable_explore=0 disable_reels=0 disable_stories=1 disable_adds=0
08-12 20:30:01.658 23278 24556 I DFInstaObserve: !toggles disable_feed=0 disable_explore=0 disable_reels=0 disable_stories=1 disable_adds=0
08-12 20:30:01.664 23278 24429 I DFInstaObserve: !toggles disable_feed=0 disable_explore=0 disable_reels=0 disable_stories=1 disable_adds=0
08-12 20:30:01.678 23278 23458 I DFInstaObserve: !toggles disable_feed=0 disable_explore=0 disable_reels=0 disable_stories=1 disable_adds=0
08-12 20:30:01.700 23278 24176 I DFInstaObserve: !toggles disable_feed=0 disable_explore=0 disable_reels=0 disable_stories=1 disable_adds=0
08-12 20:30:01.711 23278 24556 I DFInstaObserve: !toggles disable_feed=0 disable_explore=0 disable_reels=0 disable_stories=1 disable_adds=0
08-12 20:30:01.738 23278 24556 I DFInstaObserve: !toggles disable_feed=0 disable_explore=0 disable_reels=0 disable_stories=1 disable_adds=0
08-12 20:30:01.749 23278 24176 I DFInstaObserve: !toggles disable_feed=0 disable_explore=0 disable_reels=0 disable_stories=1 disable_adds=0
08-12 20:30:01.781 23278 24556 I DFInstaObserve: !toggles disable_feed=0 disable_explore=0 disable_reels=0 disable_stories=1 disable_adds=0
08-12 20:30:01.804 23278 24556 I DFInstaObserve: !toggles disable_feed=0 disable_explore=0 disable_reels=0 disable_stories=1 disable_adds=0
08-12 20:30:01.821 23278 24556 I DFInstaObserve: !toggles disable_feed=0 disable_explore=0 disable_reels=0 disable_stories=1 disable_adds=0
08-12 20:30:01.840 23278 24556 I DFInstaObserve: !toggles disable_feed=0 disable_explore=0 disable_reels=0 disable_stories=1 disable_adds=0
08-12 20:30:01.851 23278 24556 I DFInstaObserve: !toggles disable_feed=0 disable_explore=0 disable_reels=0 disable_stories=1 disable_adds=0
08-12 20:30:01.853 23278 23458 I DFInstaObserve: !toggles disable_feed=0 disable_explore=0 disable_reels=0 disable_stories=1 disable_adds=0
08-12 20:30:01.865 23278 24176 I DFInstaObserve: !toggles disable_feed=0 disable_explore=0 disable_reels=0 disable_stories=1 disable_adds=0
08-12 20:30:01.879 23278 24556 I DFInstaObserve: !toggles disable_feed=0 disable_explore=0 disable_reels=0 disable_stories=1 disable_adds=0
08-12 20:30:01.911 23278 24176 I DFInstaObserve: !toggles disable_feed=0 disable_explore=0 disable_reels=0 disable_stories=1 disable_adds=0
08-12 20:30:01.913 23278 23458 I DFInstaObserve: !toggles disable_feed=0 disable_explore=0 disable_reels=0 disable_stories=1 disable_adds=0
08-12 20:30:01.940 23278 24556 I DFInstaObserve: !toggles disable_feed=0 disable_explore=0 disable_reels=0 disable_stories=1 disable_adds=0
08-12 20:30:01.974 23278 24556 I DFInstaObserve: !toggles disable_feed=0 disable_explore=0 disable_reels=0 disable_stories=1 disable_adds=0
08-12 20:30:01.997 23278 24556 I DFInstaObserve: !toggles disable_feed=0 disable_explore=0 disable_reels=0 disable_stories=1 disable_adds=0
08-12 20:30:02.033 23278 24556 I DFInstaObserve: !toggles disable_feed=0 disable_explore=0 disable_reels=0 disable_stories=1 disable_adds=0
08-12 20:30:02.052 23278 24429 I DFInstaObserve: !toggles disable_feed=0 disable_explore=0 disable_reels=0 disable_stories=1 disable_adds=0
08-12 20:30:02.143 23278 23458 I DFInstaObserve: !toggles disable_feed=0 disable_explore=0 disable_reels=0 disable_stories=1 disable_adds=0
08-12 20:30:02.188 23278 23458 I DFInstaObserve: !toggles disable_feed=0 disable_explore=0 disable_reels=0 disable_stories=1 disable_adds=0
08-12 20:30:02.327 23278 23458 I DFInstaObserve: !toggles disable_feed=0 disable_explore=0 disable_reels=0 disable_stories=1 disable_adds=0
08-12 20:30:02.365 23278 23458 I DFInstaObserve: !toggles disable_feed=0 disable_explore=0 disable_reels=0 disable_stories=1 disable_adds=0
08-12 20:30:02.490 23278 23458 I DFInstaObserve: !toggles disable_feed=0 disable_explore=0 disable_reels=0 disable_stories=1 disable_adds=0
08-12 20:30:02.570 23278 23458 I DFInstaObserve: !toggles disable_feed=0 disable_explore=0 disable_reels=0 disable_stories=1 disable_adds=0
08-12 20:30:02.611 23278 23458 I DFInstaObserve: !toggles disable_feed=0 disable_explore=0 disable_reels=0 disable_stories=1 disable_adds=0
08-12 20:30:02.655 23278 23458 I DFInstaObserve: !toggles disable_feed=0 disable_explore=0 disable_reels=0 disable_stories=1 disable_adds=0
08-12 20:30:02.818 23278 23458 I DFInstaObserve: !toggles disable_feed=0 disable_explore=0 disable_reels=0 disable_stories=1 disable_adds=0
08-12 20:30:02.852 23278 23458 I DFInstaObserve: !toggles disable_feed=0 disable_explore=0 disable_reels=0 disable_stories=1 disable_adds=0
08-12 20:30:03.007 23278 23458 I DFInstaObserve: !toggles disable_feed=0 disable_explore=0 disable_reels=0 disable_stories=1 disable_adds=0
08-12 20:30:03.050 23278 23458 I DFInstaObserve: !toggles disable_feed=0 disable_explore=0 disable_reels=0 disable_stories=1 disable_adds=0
08-12 20:30:03.118 23278 23458 I DFInstaObserve: !toggles disable_feed=0 disable_explore=0 disable_reels=0 disable_stories=1 disable_adds=0
08-12 20:30:03.138 23278 24581 I DFInstaObserve: !toggles disable_feed=0 disable_explore=0 disable_reels=0 disable_stories=1 disable_adds=0
08-12 20:30:03.167 23278 24581 I DFInstaObserve: !toggles disable_feed=0 disable_explore=0 disable_reels=0 disable_stories=1 disable_adds=0
08-12 20:30:03.228 23278 24586 I DFInstaObserve: !toggles disable_feed=0 disable_explore=0 disable_reels=0 disable_stories=1 disable_adds=0
08-12 20:30:03.253 23278 24586 I DFInstaObserve: !toggles disable_feed=0 disable_explore=0 disable_reels=0 disable_stories=1 disable_adds=0
08-12 20:30:03.982 23278 23846 I DFInstaObserve: !toggles disable_feed=0 disable_explore=0 disable_reels=0 disable_stories=1 disable_adds=0
08-12 20:30:04.135 23278 24590 I DFInstaObserve: !toggles disable_feed=0 disable_explore=0 disable_reels=0 disable_stories=1 disable_adds=0
08-12 20:30:04.144 23278 24590 I DFInstaObserve: !toggles disable_feed=0 disable_explore=0 disable_reels=0 disable_stories=1 disable_adds=0
08-12 20:30:04.183 23278 24556 I DFInstaObserve: !toggles disable_feed=0 disable_explore=0 disable_reels=0 disable_stories=1 disable_adds=0
08-12 20:30:04.208 23278 23482 I DFInstaObserve: !toggles disable_feed=0 disable_explore=0 disable_reels=0 disable_stories=1 disable_adds=0
08-12 20:30:04.286 23278 24590 I DFInstaObserve: !toggles disable_feed=0 disable_explore=0 disable_reels=0 disable_stories=1 disable_adds=0
08-12 20:30:04.337 23278 23482 I DFInstaObserve: !toggles disable_feed=0 disable_explore=0 disable_reels=0 disable_stories=1 disable_adds=0
08-12 20:30:05.094 23278 24590 I DFInstaObserve: !toggles disable_feed=0 disable_explore=0 disable_reels=0 disable_stories=1 disable_adds=0
08-12 20:30:05.100 23278 24674 I DFInstaObserve: !toggles disable_feed=0 disable_explore=0 disable_reels=0 disable_stories=1 disable_adds=0
08-12 20:30:05.138 23278 23458 I DFInstaObserve: !toggles disable_feed=0 disable_explore=0 disable_reels=0 disable_stories=1 disable_adds=0
08-12 20:30:05.177 23278 24497 I DFInstaObserve: !toggles disable_feed=0 disable_explore=0 disable_reels=0 disable_stories=1 disable_adds=0
08-12 20:30:05.186 23278 23846 I DFInstaObserve: !toggles disable_feed=0 disable_explore=0 disable_reels=0 disable_stories=1 disable_adds=0
08-12 20:30:05.198 23278 23458 I DFInstaObserve: !toggles disable_feed=0 disable_explore=0 disable_reels=0 disable_stories=1 disable_adds=0
08-12 20:30:05.287 23278 24497 I DFInstaObserve: !toggles disable_feed=0 disable_explore=0 disable_reels=0 disable_stories=1 disable_adds=0
08-12 20:30:05.298 23278 24497 I DFInstaObserve: !toggles disable_feed=0 disable_explore=0 disable_reels=0 disable_stories=1 disable_adds=0
08-12 20:30:05.312 23278 23458 I DFInstaObserve: !toggles disable_feed=0 disable_explore=0 disable_reels=0 disable_stories=1 disable_adds=0
08-12 20:30:05.327 23278 24497 I DFInstaObserve: !toggles disable_feed=0 disable_explore=0 disable_reels=0 disable_stories=1 disable_adds=0
08-12 20:30:05.334 23278 23846 I DFInstaObserve: !toggles disable_feed=0 disable_explore=0 disable_reels=0 disable_stories=1 disable_adds=0
08-12 20:30:05.371 23278 24497 I DFInstaObserve: !toggles disable_feed=0 disable_explore=0 disable_reels=0 disable_stories=1 disable_adds=0
08-12 20:30:05.378 23278 24640 I DFInstaObserve: !toggles disable_feed=0 disable_explore=0 disable_reels=0 disable_stories=1 disable_adds=0
08-12 20:30:05.381 23278 23458 I DFInstaObserve: !toggles disable_feed=0 disable_explore=0 disable_reels=0 disable_stories=1 disable_adds=0
08-12 20:30:05.411 23278 24652 I DFInstaObserve: !toggles disable_feed=0 disable_explore=0 disable_reels=0 disable_stories=1 disable_adds=0
08-12 20:30:05.418 23278 23846 I DFInstaObserve: !toggles disable_feed=0 disable_explore=0 disable_reels=0 disable_stories=1 disable_adds=0
08-12 20:30:05.439 23278 23458 I DFInstaObserve: !toggles disable_feed=0 disable_explore=0 disable_reels=0 disable_stories=1 disable_adds=0
08-12 20:30:05.447 23278 23846 I DFInstaObserve: !toggles disable_feed=0 disable_explore=0 disable_reels=0 disable_stories=1 disable_adds=0
08-12 20:30:05.454 23278 24497 I DFInstaObserve: !toggles disable_feed=0 disable_explore=0 disable_reels=0 disable_stories=1 disable_adds=0
08-12 20:30:05.495 23278 24640 I DFInstaObserve: !toggles disable_feed=0 disable_explore=0 disable_reels=0 disable_stories=1 disable_adds=0
08-12 20:30:05.503 23278 24497 I DFInstaObserve: !toggles disable_feed=0 disable_explore=0 disable_reels=0 disable_stories=1 disable_adds=0
08-12 20:30:05.546 23278 24652 I DFInstaObserve: !toggles disable_feed=0 disable_explore=0 disable_reels=0 disable_stories=1 disable_adds=0
08-12 20:30:05.553 23278 24497 I DFInstaObserve: !toggles disable_feed=0 disable_explore=0 disable_reels=0 disable_stories=1 disable_adds=0
08-12 20:30:05.577 23278 23458 I DFInstaObserve: !toggles disable_feed=0 disable_explore=0 disable_reels=0 disable_stories=1 disable_adds=0
08-12 20:30:05.597 23278 23846 I DFInstaObserve: !toggles disable_feed=0 disable_explore=0 disable_reels=0 disable_stories=1 disable_adds=0
08-12 20:30:05.610 23278 24497 I DFInstaObserve: !toggles disable_feed=0 disable_explore=0 disable_reels=0 disable_stories=1 disable_adds=0
08-12 20:30:05.626 23278 23458 I DFInstaObserve: !toggles disable_feed=0 disable_explore=0 disable_reels=0 disable_stories=1 disable_adds=0
08-12 20:30:05.629 23278 23846 I DFInstaObserve: !toggles disable_feed=0 disable_explore=0 disable_reels=0 disable_stories=1 disable_adds=0
08-12 20:30:05.639 23278 23846 I DFInstaObserve: !toggles disable_feed=0 disable_explore=0 disable_reels=0 disable_stories=1 disable_adds=0
08-12 20:30:05.652 23278 24497 I DFInstaObserve: !toggles disable_feed=0 disable_explore=0 disable_reels=0 disable_stories=1 disable_adds=0
08-12 20:30:05.690 23278 24640 I DFInstaObserve: !toggles disable_feed=0 disable_explore=0 disable_reels=0 disable_stories=1 disable_adds=0
08-12 20:30:05.710 23278 23458 I DFInstaObserve: !toggles disable_feed=0 disable_explore=0 disable_reels=0 disable_stories=1 disable_adds=0
08-12 20:30:05.741 23278 23458 I DFInstaObserve: !toggles disable_feed=0 disable_explore=0 disable_reels=0 disable_stories=1 disable_adds=0
08-12 20:30:06.003 23278 23458 I DFInstaObserve: !toggles disable_feed=0 disable_explore=0 disable_reels=0 disable_stories=1 disable_adds=0
08-12 20:30:06.075 23278 23458 I DFInstaObserve: !toggles disable_feed=0 disable_explore=0 disable_reels=0 disable_stories=1 disable_adds=0
08-12 20:30:06.537 23278 23458 I DFInstaObserve: !toggles disable_feed=0 disable_explore=0 disable_reels=0 disable_stories=1 disable_adds=0
08-12 20:30:06.567 23278 24657 I DFInstaObserve: !toggles disable_feed=0 disable_explore=0 disable_reels=0 disable_stories=1 disable_adds=0
08-12 20:30:06.567 23278 24656 I DFInstaObserve: !toggles disable_feed=0 disable_explore=0 disable_reels=0 disable_stories=1 disable_adds=0
08-12 20:30:06.630 23278 23458 I DFInstaObserve: !toggles disable_feed=0 disable_explore=0 disable_reels=0 disable_stories=1 disable_adds=0
08-12 20:30:06.881 23278 23458 I DFInstaObserve: !toggles disable_feed=0 disable_explore=0 disable_reels=0 disable_stories=1 disable_adds=0
08-12 20:30:06.957 23278 23458 I DFInstaObserve: !toggles disable_feed=0 disable_explore=0 disable_reels=0 disable_stories=1 disable_adds=0
08-12 20:30:07.042 23278 23458 I DFInstaObserve: !toggles disable_feed=0 disable_explore=0 disable_reels=0 disable_stories=1 disable_adds=0
08-12 20:30:11.974 23278 24497 I DFInstaObserve: !toggles disable_feed=0 disable_explore=0 disable_reels=0 disable_stories=1 disable_adds=0
08-12 20:30:11.974 23278 24497 I DFInstaObserve: /clips/discover
08-12 20:30:11.974 23278 24497 I DFInstaObserve: /clips/discover/stream/
08-12 20:30:12.383 23278 24590 I DFInstaObserve: !toggles disable_feed=0 disable_explore=0 disable_reels=0 disable_stories=1 disable_adds=0
08-12 20:30:14.483 23278 24724 I DFInstaObserve: !toggles disable_feed=0 disable_explore=0 disable_reels=0 disable_stories=1 disable_adds=0
08-12 20:30:14.485 23278 24723 I DFInstaObserve: !toggles disable_feed=0 disable_explore=0 disable_reels=0 disable_stories=1 disable_adds=0
08-12 20:30:16.847 23278 24590 I DFInstaObserve: !toggles disable_feed=0 disable_explore=0 disable_reels=0 disable_stories=1 disable_adds=0
08-12 20:30:16.863 23278 24590 I DFInstaObserve: !toggles disable_feed=0 disable_explore=0 disable_reels=0 disable_stories=1 disable_adds=0
08-12 20:30:16.904 23278 23458 I DFInstaObserve: !toggles disable_feed=0 disable_explore=0 disable_reels=0 disable_stories=1 disable_adds=0
08-12 20:30:16.906 23278 24674 I DFInstaObserve: !toggles disable_feed=0 disable_explore=0 disable_reels=0 disable_stories=1 disable_adds=0
08-12 20:30:17.022 23278 24674 I DFInstaObserve: !toggles disable_feed=0 disable_explore=0 disable_reels=0 disable_stories=1 disable_adds=0
08-12 20:30:17.036 23278 24674 I DFInstaObserve: !toggles disable_feed=0 disable_explore=0 disable_reels=0 disable_stories=1 disable_adds=0
08-12 20:30:17.167 23278 23846 I DFInstaObserve: !toggles disable_feed=0 disable_explore=0 disable_reels=0 disable_stories=1 disable_adds=0
08-12 20:30:17.388 23278 23458 I DFInstaObserve: !toggles disable_feed=0 disable_explore=0 disable_reels=0 disable_stories=1 disable_adds=0
08-12 20:30:17.440 23278 23458 I DFInstaObserve: !toggles disable_feed=0 disable_explore=0 disable_reels=0 disable_stories=1 disable_adds=0
08-12 20:30:17.482 23278 23458 I DFInstaObserve: !toggles disable_feed=0 disable_explore=0 disable_reels=0 disable_stories=1 disable_adds=0
08-12 20:30:17.523 23278 23458 I DFInstaObserve: !toggles disable_feed=0 disable_explore=0 disable_reels=0 disable_stories=1 disable_adds=0
08-12 20:30:17.621 23278 23458 I DFInstaObserve: !toggles disable_feed=0 disable_explore=0 disable_reels=0 disable_stories=1 disable_adds=0
08-12 20:30:17.801 23278 24753 I DFInstaObserve: !toggles disable_feed=0 disable_explore=0 disable_reels=0 disable_stories=1 disable_adds=0
08-12 20:30:17.802 23278 24752 I DFInstaObserve: !toggles disable_feed=0 disable_explore=0 disable_reels=0 disable_stories=1 disable_adds=0
08-12 20:30:21.177 23278 24797 I DFInstaObserve: !toggles disable_feed=0 disable_explore=0 disable_reels=0 disable_stories=1 disable_adds=0
08-12 20:30:21.177 23278 24798 I DFInstaObserve: !toggles disable_feed=0 disable_explore=0 disable_reels=0 disable_stories=1 disable_adds=0
08-12 20:30:22.406 23278 24590 I DFInstaObserve: !toggles disable_feed=0 disable_explore=0 disable_reels=0 disable_stories=1 disable_adds=0
08-12 20:30:24.484 23278 24835 I DFInstaObserve: !toggles disable_feed=0 disable_explore=0 disable_reels=0 disable_stories=1 disable_adds=0
08-12 20:30:24.484 23278 24836 I DFInstaObserve: !toggles disable_feed=0 disable_explore=0 disable_reels=0 disable_stories=1 disable_adds=0
08-12 20:30:25.299 23278 24640 I DFInstaObserve: !toggles disable_feed=0 disable_explore=0 disable_reels=0 disable_stories=1 disable_adds=0
08-12 20:30:25.299 23278 24640 I DFInstaObserve: /clips/discover
08-12 20:30:25.299 23278 24640 I DFInstaObserve: /clips/discover/stream/
08-12 20:30:25.720 23278 24590 I DFInstaObserve: !toggles disable_feed=0 disable_explore=0 disable_reels=0 disable_stories=1 disable_adds=0
08-12 20:30:27.809 23278 24870 I DFInstaObserve: !toggles disable_feed=0 disable_explore=0 disable_reels=0 disable_stories=1 disable_adds=0
08-12 20:30:27.811 23278 24869 I DFInstaObserve: !toggles disable_feed=0 disable_explore=0 disable_reels=0 disable_stories=1 disable_adds=0
08-12 20:30:28.570 23278 24641 I DFInstaObserve: !toggles disable_feed=0 disable_explore=0 disable_reels=0 disable_stories=1 disable_adds=0
08-12 20:30:28.791 23278 23482 I DFInstaObserve: !toggles disable_feed=0 disable_explore=0 disable_reels=0 disable_stories=1 disable_adds=0
08-12 20:30:29.554 23278 24674 I DFInstaObserve: !toggles disable_feed=0 disable_explore=0 disable_reels=0 disable_stories=1 disable_adds=0
08-12 20:30:29.567 23278 24674 I DFInstaObserve: !toggles disable_feed=0 disable_explore=0 disable_reels=0 disable_stories=1 disable_adds=0
08-12 20:30:29.607 23278 24497 I DFInstaObserve: !toggles disable_feed=0 disable_explore=0 disable_reels=0 disable_stories=1 disable_adds=0
08-12 20:30:29.623 23278 23458 I DFInstaObserve: !toggles disable_feed=0 disable_explore=0 disable_reels=0 disable_stories=1 disable_adds=0
08-12 20:30:29.761 23278 23458 I DFInstaObserve: !toggles disable_feed=0 disable_explore=0 disable_reels=0 disable_stories=1 disable_adds=0
08-12 20:30:29.798 23278 23458 I DFInstaObserve: !toggles disable_feed=0 disable_explore=0 disable_reels=0 disable_stories=1 disable_adds=0
08-12 20:30:29.907 23278 23458 I DFInstaObserve: !toggles disable_feed=0 disable_explore=0 disable_reels=0 disable_stories=1 disable_adds=0
08-12 20:30:30.181 23278 24674 I DFInstaObserve: !toggles disable_feed=0 disable_explore=0 disable_reels=0 disable_stories=1 disable_adds=0
08-12 20:30:30.186 23278 24674 I DFInstaObserve: !toggles disable_feed=0 disable_explore=0 disable_reels=0 disable_stories=1 disable_adds=0
08-12 20:30:30.223 23278 24898 I DFInstaObserve: !toggles disable_feed=0 disable_explore=0 disable_reels=0 disable_stories=1 disable_adds=0
08-12 20:30:30.261 23278 23458 I DFInstaObserve: !toggles disable_feed=0 disable_explore=0 disable_reels=0 disable_stories=1 disable_adds=0
08-12 20:30:30.270 23278 24909 I DFInstaObserve: !toggles disable_feed=0 disable_explore=0 disable_reels=0 disable_stories=1 disable_adds=0
08-12 20:30:30.492 23278 23458 I DFInstaObserve: !toggles disable_feed=0 disable_explore=0 disable_reels=0 disable_stories=1 disable_adds=0
08-12 20:30:30.531 23278 23458 I DFInstaObserve: !toggles disable_feed=0 disable_explore=0 disable_reels=0 disable_stories=1 disable_adds=0
08-12 20:30:31.517 23278 23458 I DFInstaObserve: !toggles disable_feed=0 disable_explore=0 disable_reels=0 disable_stories=1 disable_adds=0
08-12 20:30:34.260 23278 24909 I DFInstaObserve: !toggles disable_feed=0 disable_explore=0 disable_reels=0 disable_stories=1 disable_adds=0
08-12 20:30:34.260 23278 24909 I DFInstaObserve: /clips/discover
08-12 20:30:34.260 23278 24909 I DFInstaObserve: /clips/discover/stream/
08-12 20:30:37.645 23278 23458 I DFInstaObserve: !toggles disable_feed=0 disable_explore=0 disable_reels=0 disable_stories=1 disable_adds=0
08-12 20:30:37.729 23278 23458 I DFInstaObserve: !toggles disable_feed=0 disable_explore=0 disable_reels=0 disable_stories=1 disable_adds=0
08-12 20:30:38.108 23278 23458 I DFInstaObserve: !toggles disable_feed=0 disable_explore=0 disable_reels=0 disable_stories=1 disable_adds=0
08-12 20:30:38.208 23278 23458 I DFInstaObserve: !toggles disable_feed=0 disable_explore=0 disable_reels=0 disable_stories=1 disable_adds=0
08-12 20:30:51.672 23278 24674 I DFInstaObserve: !toggles disable_feed=0 disable_explore=0 disable_reels=0 disable_stories=1 disable_adds=0
08-12 20:30:54.998 23278 24590 I DFInstaObserve: !toggles disable_feed=0 disable_explore=0 disable_reels=0 disable_stories=1 disable_adds=0
08-12 20:31:01.668 23278 24674 I DFInstaObserve: !toggles disable_feed=0 disable_explore=0 disable_reels=0 disable_stories=1 disable_adds=0
08-12 20:31:04.876 23278 23482 I DFInstaObserve: !toggles disable_feed=0 disable_explore=0 disable_reels=0 disable_stories=1 disable_adds=0
08-12 20:31:09.308 23278 25083 I DFInstaObserve: !toggles disable_feed=0 disable_explore=0 disable_reels=0 disable_stories=1 disable_adds=0
08-12 20:31:09.333 23278 25091 I DFInstaObserve: !toggles disable_feed=0 disable_explore=0 disable_reels=0 disable_stories=1 disable_adds=0
08-12 20:31:13.796 23278 25203 I DFInstaObserve: !toggles disable_feed=0 disable_explore=0 disable_reels=0 disable_stories=1 disable_adds=0
08-12 20:31:15.446 23278 25181 I DFInstaObserve: !toggles disable_feed=0 disable_explore=0 disable_reels=0 disable_stories=1 disable_adds=0
08-12 20:31:15.784 23278 25193 I DFInstaObserve: !toggles disable_feed=0 disable_explore=0 disable_reels=0 disable_stories=1 disable_adds=0
08-12 20:31:16.385 23278 25240 I DFInstaObserve: !toggles disable_feed=0 disable_explore=0 disable_reels=0 disable_stories=1 disable_adds=0
08-12 20:31:16.610 23278 25255 I DFInstaObserve: !toggles disable_feed=0 disable_explore=0 disable_reels=0 disable_stories=1 disable_adds=0
08-12 20:31:16.821 23278 25264 I DFInstaObserve: !toggles disable_feed=0 disable_explore=0 disable_reels=0 disable_stories=1 disable_adds=0
08-12 20:31:18.589 23278 25246 I DFInstaObserve: !toggles disable_feed=0 disable_explore=0 disable_reels=0 disable_stories=1 disable_adds=0
08-12 20:31:18.805 23278 25254 I DFInstaObserve: !toggles disable_feed=0 disable_explore=0 disable_reels=0 disable_stories=1 disable_adds=0
08-12 20:31:19.651 23278 25299 I DFInstaObserve: !toggles disable_feed=0 disable_explore=0 disable_reels=0 disable_stories=1 disable_adds=0
08-12 20:31:19.760 23278 25312 I DFInstaObserve: !toggles disable_feed=0 disable_explore=0 disable_reels=0 disable_stories=1 disable_adds=0
08-12 20:31:19.876 23278 25324 I DFInstaObserve: !toggles disable_feed=0 disable_explore=0 disable_reels=0 disable_stories=1 disable_adds=0
08-12 20:31:20.217 23278 24641 I DFInstaObserve: !toggles disable_feed=0 disable_explore=0 disable_reels=0 disable_stories=1 disable_adds=0
08-12 20:31:20.217 23278 24641 I DFInstaObserve: /discover/topical_explore
08-12 20:31:21.962 23278 25323 I DFInstaObserve: !toggles disable_feed=0 disable_explore=0 disable_reels=0 disable_stories=1 disable_adds=0
08-12 20:31:22.167 23278 25331 I DFInstaObserve: !toggles disable_feed=0 disable_explore=0 disable_reels=0 disable_stories=1 disable_adds=0
08-12 20:31:23.170 23278 25411 I DFInstaObserve: !toggles disable_feed=0 disable_explore=0 disable_reels=0 disable_stories=1 disable_adds=0
08-12 20:31:24.140 23278 25484 I DFInstaObserve: !toggles disable_feed=0 disable_explore=0 disable_reels=0 disable_stories=1 disable_adds=0
08-12 20:31:24.152 23278 24674 I DFInstaObserve: !toggles disable_feed=0 disable_explore=0 disable_reels=0 disable_stories=1 disable_adds=0
08-12 20:31:24.214 23278 25386 I DFInstaObserve: !toggles disable_feed=0 disable_explore=0 disable_reels=0 disable_stories=1 disable_adds=0
08-12 20:31:24.219 23278 25417 I DFInstaObserve: !toggles disable_feed=0 disable_explore=0 disable_reels=0 disable_stories=1 disable_adds=0
08-12 20:31:24.227 23278 23458 I DFInstaObserve: !toggles disable_feed=0 disable_explore=0 disable_reels=0 disable_stories=1 disable_adds=0
08-12 20:31:24.270 23278 25418 I DFInstaObserve: !toggles disable_feed=0 disable_explore=0 disable_reels=0 disable_stories=1 disable_adds=0
08-12 20:31:24.296 23278 25386 I DFInstaObserve: !toggles disable_feed=0 disable_explore=0 disable_reels=0 disable_stories=1 disable_adds=0
08-12 20:31:24.321 23278 24641 I DFInstaObserve: !toggles disable_feed=0 disable_explore=0 disable_reels=0 disable_stories=1 disable_adds=0
08-12 20:31:24.345 23278 24641 I DFInstaObserve: !toggles disable_feed=0 disable_explore=0 disable_reels=0 disable_stories=1 disable_adds=0
08-12 20:31:24.358 23278 24641 I DFInstaObserve: !toggles disable_feed=0 disable_explore=0 disable_reels=0 disable_stories=1 disable_adds=0
08-12 20:31:24.384 23278 23458 I DFInstaObserve: !toggles disable_feed=0 disable_explore=0 disable_reels=0 disable_stories=1 disable_adds=0
08-12 20:31:24.385 23278 25319 I DFInstaObserve: !toggles disable_feed=0 disable_explore=0 disable_reels=0 disable_stories=1 disable_adds=0
08-12 20:31:24.429 23278 25417 I DFInstaObserve: !toggles disable_feed=0 disable_explore=0 disable_reels=0 disable_stories=1 disable_adds=0
08-12 20:31:24.445 23278 25418 I DFInstaObserve: !toggles disable_feed=0 disable_explore=0 disable_reels=0 disable_stories=1 disable_adds=0
08-12 20:31:24.462 23278 23458 I DFInstaObserve: !toggles disable_feed=0 disable_explore=0 disable_reels=0 disable_stories=1 disable_adds=0
08-12 20:31:24.475 23278 25417 I DFInstaObserve: !toggles disable_feed=0 disable_explore=0 disable_reels=0 disable_stories=1 disable_adds=0
08-12 20:31:24.483 23278 25319 I DFInstaObserve: !toggles disable_feed=0 disable_explore=0 disable_reels=0 disable_stories=1 disable_adds=0
08-12 20:31:24.516 23278 25418 I DFInstaObserve: !toggles disable_feed=0 disable_explore=0 disable_reels=0 disable_stories=1 disable_adds=0
08-12 20:31:24.547 23278 25418 I DFInstaObserve: !toggles disable_feed=0 disable_explore=0 disable_reels=0 disable_stories=1 disable_adds=0
08-12 20:31:24.554 23278 24641 I DFInstaObserve: !toggles disable_feed=0 disable_explore=0 disable_reels=0 disable_stories=1 disable_adds=0
08-12 20:31:24.611 23278 25418 I DFInstaObserve: !toggles disable_feed=0 disable_explore=0 disable_reels=0 disable_stories=1 disable_adds=0
08-12 20:31:24.643 23278 24641 I DFInstaObserve: !toggles disable_feed=0 disable_explore=0 disable_reels=0 disable_stories=1 disable_adds=0
08-12 20:31:24.685 23278 25418 I DFInstaObserve: !toggles disable_feed=0 disable_explore=0 disable_reels=0 disable_stories=1 disable_adds=0
08-12 20:31:24.717 23278 24641 I DFInstaObserve: !toggles disable_feed=0 disable_explore=0 disable_reels=0 disable_stories=1 disable_adds=0
08-12 20:31:24.753 23278 24641 I DFInstaObserve: !toggles disable_feed=0 disable_explore=0 disable_reels=0 disable_stories=1 disable_adds=0
08-12 20:31:24.772 23278 24641 I DFInstaObserve: !toggles disable_feed=0 disable_explore=0 disable_reels=0 disable_stories=1 disable_adds=0
08-12 20:31:24.828 23278 24641 I DFInstaObserve: !toggles disable_feed=0 disable_explore=0 disable_reels=0 disable_stories=1 disable_adds=0
08-12 20:31:25.345 23278 23458 I DFInstaObserve: !toggles disable_feed=0 disable_explore=0 disable_reels=0 disable_stories=1 disable_adds=0
08-12 20:31:25.405 23278 23458 I DFInstaObserve: !toggles disable_feed=0 disable_explore=0 disable_reels=0 disable_stories=1 disable_adds=0
08-12 20:31:25.433 23278 25435 I DFInstaObserve: !toggles disable_feed=0 disable_explore=0 disable_reels=0 disable_stories=1 disable_adds=0
08-12 20:31:25.480 23278 25435 I DFInstaObserve: !toggles disable_feed=0 disable_explore=0 disable_reels=0 disable_stories=1 disable_adds=0
08-12 20:31:25.493 23278 23458 I DFInstaObserve: !toggles disable_feed=0 disable_explore=0 disable_reels=0 disable_stories=1 disable_adds=0
08-12 20:31:25.528 23278 25410 I DFInstaObserve: !toggles disable_feed=0 disable_explore=0 disable_reels=0 disable_stories=1 disable_adds=0
08-12 20:31:25.549 23278 23458 I DFInstaObserve: !toggles disable_feed=0 disable_explore=0 disable_reels=0 disable_stories=1 disable_adds=0
08-12 20:31:25.707 23278 23458 I DFInstaObserve: !toggles disable_feed=0 disable_explore=0 disable_reels=0 disable_stories=1 disable_adds=0
08-12 20:31:25.748 23278 23458 I DFInstaObserve: !toggles disable_feed=0 disable_explore=0 disable_reels=0 disable_stories=1 disable_adds=0
08-12 20:31:25.788 23278 23458 I DFInstaObserve: !toggles disable_feed=0 disable_explore=0 disable_reels=0 disable_stories=1 disable_adds=0
08-12 20:31:25.831 23278 23458 I DFInstaObserve: !toggles disable_feed=0 disable_explore=0 disable_reels=0 disable_stories=1 disable_adds=0
08-12 20:31:25.925 23278 23458 I DFInstaObserve: !toggles disable_feed=0 disable_explore=0 disable_reels=0 disable_stories=1 disable_adds=0
08-12 20:31:25.971 23278 23458 I DFInstaObserve: !toggles disable_feed=0 disable_explore=0 disable_reels=0 disable_stories=1 disable_adds=0
08-12 20:31:26.185 23278 23458 I DFInstaObserve: !toggles disable_feed=0 disable_explore=0 disable_reels=0 disable_stories=1 disable_adds=0
08-12 20:31:26.229 23278 23458 I DFInstaObserve: !toggles disable_feed=0 disable_explore=0 disable_reels=0 disable_stories=1 disable_adds=0
08-12 20:31:26.290 23278 23458 I DFInstaObserve: !toggles disable_feed=0 disable_explore=0 disable_reels=0 disable_stories=1 disable_adds=0
08-12 20:31:26.484 23278 25528 I DFInstaObserve: !toggles disable_feed=0 disable_explore=0 disable_reels=0 disable_stories=1 disable_adds=0
08-12 20:31:26.530 23278 25319 I DFInstaObserve: !toggles disable_feed=0 disable_explore=0 disable_reels=0 disable_stories=1 disable_adds=0
08-12 20:31:26.531 23278 25319 I DFInstaObserve: /discover/topical_explore
08-12 20:31:28.827 23278 25542 I DFInstaObserve: !toggles disable_feed=0 disable_explore=0 disable_reels=0 disable_stories=1 disable_adds=0
08-12 20:31:28.862 23278 25542 I DFInstaObserve: !toggles disable_feed=0 disable_explore=0 disable_reels=0 disable_stories=1 disable_adds=0
08-12 20:31:29.010 23278 25537 I DFInstaObserve: !toggles disable_feed=0 disable_explore=0 disable_reels=0 disable_stories=1 disable_adds=0
08-12 20:31:29.698 23278 24674 I DFInstaObserve: !toggles disable_feed=0 disable_explore=0 disable_reels=0 disable_stories=1 disable_adds=0
08-12 20:31:30.149 23278 24674 I DFInstaObserve: !toggles disable_feed=0 disable_explore=0 disable_reels=0 disable_stories=1 disable_adds=0
08-12 20:31:30.154 23278 25615 I DFInstaObserve: !toggles disable_feed=0 disable_explore=0 disable_reels=0 disable_stories=1 disable_adds=0
08-12 20:31:30.193 23278 25510 I DFInstaObserve: !toggles disable_feed=0 disable_explore=0 disable_reels=0 disable_stories=1 disable_adds=0
08-12 20:31:30.202 23278 23458 I DFInstaObserve: !toggles disable_feed=0 disable_explore=0 disable_reels=0 disable_stories=1 disable_adds=0
08-12 20:31:30.202 23278 25580 I DFInstaObserve: !toggles disable_feed=0 disable_explore=0 disable_reels=0 disable_stories=1 disable_adds=0
08-12 20:31:30.229 23278 25510 I DFInstaObserve: !toggles disable_feed=0 disable_explore=0 disable_reels=0 disable_stories=1 disable_adds=0
08-12 20:31:30.261 23278 25319 I DFInstaObserve: !toggles disable_feed=0 disable_explore=0 disable_reels=0 disable_stories=1 disable_adds=0
08-12 20:31:30.277 23278 23458 I DFInstaObserve: !toggles disable_feed=0 disable_explore=0 disable_reels=0 disable_stories=1 disable_adds=0
08-12 20:31:30.305 23278 25510 I DFInstaObserve: !toggles disable_feed=0 disable_explore=0 disable_reels=0 disable_stories=1 disable_adds=0
08-12 20:31:30.308 23278 25591 I DFInstaObserve: !toggles disable_feed=0 disable_explore=0 disable_reels=0 disable_stories=1 disable_adds=0
08-12 20:31:30.338 23278 25319 I DFInstaObserve: !toggles disable_feed=0 disable_explore=0 disable_reels=0 disable_stories=1 disable_adds=0
08-12 20:31:30.342 23278 25510 I DFInstaObserve: !toggles disable_feed=0 disable_explore=0 disable_reels=0 disable_stories=1 disable_adds=0
08-12 20:31:30.343 23278 23458 I DFInstaObserve: !toggles disable_feed=0 disable_explore=0 disable_reels=0 disable_stories=1 disable_adds=0
08-12 20:31:30.367 23278 25319 I DFInstaObserve: !toggles disable_feed=0 disable_explore=0 disable_reels=0 disable_stories=1 disable_adds=0
08-12 20:31:30.382 23278 25580 I DFInstaObserve: !toggles disable_feed=0 disable_explore=0 disable_reels=0 disable_stories=1 disable_adds=0
08-12 20:31:30.424 23278 25319 I DFInstaObserve: !toggles disable_feed=0 disable_explore=0 disable_reels=0 disable_stories=1 disable_adds=0
08-12 20:31:30.571 23278 23482 I DFInstaObserve: !toggles disable_feed=0 disable_explore=0 disable_reels=0 disable_stories=1 disable_adds=0
08-12 20:31:30.648 23278 25591 I DFInstaObserve: !toggles disable_feed=0 disable_explore=0 disable_reels=0 disable_stories=1 disable_adds=0
08-12 20:31:30.666 23278 25591 I DFInstaObserve: !toggles disable_feed=0 disable_explore=0 disable_reels=0 disable_stories=1 disable_adds=0
08-12 20:31:30.712 23278 23482 I DFInstaObserve: !toggles disable_feed=0 disable_explore=0 disable_reels=0 disable_stories=1 disable_adds=0
08-12 20:31:30.713 23278 25591 I DFInstaObserve: !toggles disable_feed=0 disable_explore=0 disable_reels=0 disable_stories=1 disable_adds=0
08-12 20:31:30.729 23278 23458 I DFInstaObserve: !toggles disable_feed=0 disable_explore=0 disable_reels=0 disable_stories=1 disable_adds=0
08-12 20:31:30.735 23278 25319 I DFInstaObserve: !toggles disable_feed=0 disable_explore=0 disable_reels=0 disable_stories=1 disable_adds=0
08-12 20:31:30.807 23278 25588 I DFInstaObserve: !toggles disable_feed=0 disable_explore=0 disable_reels=0 disable_stories=1 disable_adds=0
08-12 20:31:30.809 23278 23458 I DFInstaObserve: !toggles disable_feed=0 disable_explore=0 disable_reels=0 disable_stories=1 disable_adds=0
08-12 20:31:30.821 23278 25580 I DFInstaObserve: !toggles disable_feed=0 disable_explore=0 disable_reels=0 disable_stories=1 disable_adds=0
08-12 20:31:30.825 23278 23482 I DFInstaObserve: !toggles disable_feed=0 disable_explore=0 disable_reels=0 disable_stories=1 disable_adds=0
08-12 20:31:30.843 23278 25588 I DFInstaObserve: !toggles disable_feed=0 disable_explore=0 disable_reels=0 disable_stories=1 disable_adds=0
08-12 20:31:30.869 23278 25580 I DFInstaObserve: !toggles disable_feed=0 disable_explore=0 disable_reels=0 disable_stories=1 disable_adds=0
08-12 20:31:30.882 23278 25580 I DFInstaObserve: !toggles disable_feed=0 disable_explore=0 disable_reels=0 disable_stories=1 disable_adds=0
08-12 20:31:30.909 23278 25510 I DFInstaObserve: !toggles disable_feed=0 disable_explore=0 disable_reels=0 disable_stories=1 disable_adds=0
08-12 20:31:30.933 23278 23458 I DFInstaObserve: !toggles disable_feed=0 disable_explore=0 disable_reels=0 disable_stories=1 disable_adds=0
08-12 20:31:30.978 23278 23458 I DFInstaObserve: !toggles disable_feed=0 disable_explore=0 disable_reels=0 disable_stories=1 disable_adds=0
08-12 20:31:31.088 23278 23458 I DFInstaObserve: !toggles disable_feed=0 disable_explore=0 disable_reels=0 disable_stories=1 disable_adds=0
08-12 20:31:31.146 23278 23458 I DFInstaObserve: !toggles disable_feed=0 disable_explore=0 disable_reels=0 disable_stories=1 disable_adds=0
08-12 20:31:31.187 23278 23458 I DFInstaObserve: !toggles disable_feed=0 disable_explore=0 disable_reels=0 disable_stories=1 disable_adds=0
08-12 20:31:31.223 23278 23458 I DFInstaObserve: !toggles disable_feed=0 disable_explore=0 disable_reels=0 disable_stories=1 disable_adds=0
08-12 20:31:31.404 23278 23458 I DFInstaObserve: !toggles disable_feed=0 disable_explore=0 disable_reels=0 disable_stories=1 disable_adds=0
08-12 20:31:31.435 23278 23458 I DFInstaObserve: !toggles disable_feed=0 disable_explore=0 disable_reels=0 disable_stories=1 disable_adds=0
08-12 20:31:31.516 23278 23458 I DFInstaObserve: !toggles disable_feed=0 disable_explore=0 disable_reels=0 disable_stories=1 disable_adds=0
08-12 20:31:31.551 23278 23458 I DFInstaObserve: !toggles disable_feed=0 disable_explore=0 disable_reels=0 disable_stories=1 disable_adds=0
08-12 20:31:31.787 23278 23458 I DFInstaObserve: !toggles disable_feed=0 disable_explore=0 disable_reels=0 disable_stories=1 disable_adds=0
08-12 20:31:31.856 23278 25601 I DFInstaObserve: !toggles disable_feed=0 disable_explore=0 disable_reels=0 disable_stories=1 disable_adds=0
08-12 20:31:31.856 23278 25602 I DFInstaObserve: !toggles disable_feed=0 disable_explore=0 disable_reels=0 disable_stories=1 disable_adds=0
08-12 20:31:37.992 23278 25615 I DFInstaObserve: !toggles disable_feed=0 disable_explore=0 disable_reels=0 disable_stories=1 disable_adds=0
08-12 20:31:40.092 23278 25637 I DFInstaObserve: !toggles disable_feed=0 disable_explore=0 disable_reels=0 disable_stories=1 disable_adds=0
08-12 20:31:40.098 23278 25638 I DFInstaObserve: !toggles disable_feed=0 disable_explore=0 disable_reels=0 disable_stories=1 disable_adds=0
08-12 20:31:41.376 23278 24674 I DFInstaObserve: !toggles disable_feed=0 disable_explore=0 disable_reels=0 disable_stories=1 disable_adds=0
08-12 20:31:43.417 23278 25674 I DFInstaObserve: !toggles disable_feed=0 disable_explore=0 disable_reels=0 disable_stories=1 disable_adds=0
08-12 20:31:43.418 23278 25673 I DFInstaObserve: !toggles disable_feed=0 disable_explore=0 disable_reels=0 disable_stories=1 disable_adds=0
08-12 20:31:44.219 23278 25319 I DFInstaObserve: !toggles disable_feed=0 disable_explore=0 disable_reels=0 disable_stories=1 disable_adds=0
08-12 20:31:44.219 23278 25319 I DFInstaObserve: /clips/discover
08-12 20:31:44.219 23278 25319 I DFInstaObserve: /clips/discover/stream/
08-12 20:31:44.637 23278 25615 I DFInstaObserve: !toggles disable_feed=0 disable_explore=0 disable_reels=0 disable_stories=1 disable_adds=0
08-12 20:31:46.730 23278 25703 I DFInstaObserve: !toggles disable_feed=0 disable_explore=0 disable_reels=0 disable_stories=1 disable_adds=0
08-12 20:31:46.731 23278 25702 I DFInstaObserve: !toggles disable_feed=0 disable_explore=0 disable_reels=0 disable_stories=1 disable_adds=0
08-12 20:31:48.624 23278 25615 I DFInstaObserve: !toggles disable_feed=0 disable_explore=0 disable_reels=0 disable_stories=1 disable_adds=0
08-12 20:31:48.632 23278 25615 I DFInstaObserve: !toggles disable_feed=0 disable_explore=0 disable_reels=0 disable_stories=1 disable_adds=0
08-12 20:31:48.698 23278 24674 I DFInstaObserve: !toggles disable_feed=0 disable_explore=0 disable_reels=0 disable_stories=1 disable_adds=0
08-12 20:31:48.709 23278 23458 I DFInstaObserve: !toggles disable_feed=0 disable_explore=0 disable_reels=0 disable_stories=1 disable_adds=0
08-12 20:31:48.849 23278 23458 I DFInstaObserve: !toggles disable_feed=0 disable_explore=0 disable_reels=0 disable_stories=1 disable_adds=0
08-12 20:31:50.052 23278 25731 I DFInstaObserve: !toggles disable_feed=0 disable_explore=0 disable_reels=0 disable_stories=1 disable_adds=0
08-12 20:31:50.058 23278 25730 I DFInstaObserve: !toggles disable_feed=0 disable_explore=0 disable_reels=0 disable_stories=1 disable_adds=0
08-12 20:31:50.761 23278 25615 I DFInstaObserve: !toggles disable_feed=0 disable_explore=0 disable_reels=0 disable_stories=1 disable_adds=0
08-12 20:31:50.776 23278 25615 I DFInstaObserve: !toggles disable_feed=0 disable_explore=0 disable_reels=0 disable_stories=1 disable_adds=0
08-12 20:31:50.787 23278 25580 I DFInstaObserve: !toggles disable_feed=0 disable_explore=0 disable_reels=0 disable_stories=1 disable_adds=0
08-12 20:31:50.800 23278 25745 I DFInstaObserve: !toggles disable_feed=0 disable_explore=0 disable_reels=0 disable_stories=1 disable_adds=0
08-12 20:31:50.811 23278 25591 I DFInstaObserve: !toggles disable_feed=0 disable_explore=0 disable_reels=0 disable_stories=1 disable_adds=0
08-12 20:31:50.830 23278 25745 I DFInstaObserve: !toggles disable_feed=0 disable_explore=0 disable_reels=0 disable_stories=1 disable_adds=0
08-12 20:31:50.851 23278 25591 I DFInstaObserve: !toggles disable_feed=0 disable_explore=0 disable_reels=0 disable_stories=1 disable_adds=0
08-12 20:31:51.162 23278 23458 I DFInstaObserve: !toggles disable_feed=0 disable_explore=0 disable_reels=0 disable_stories=1 disable_adds=0
08-12 20:31:51.359 23278 23458 I DFInstaObserve: !toggles disable_feed=0 disable_explore=0 disable_reels=0 disable_stories=1 disable_adds=0
08-12 20:31:51.439 23278 23458 I DFInstaObserve: !toggles disable_feed=0 disable_explore=0 disable_reels=0 disable_stories=1 disable_adds=0
08-12 20:31:51.508 23278 23458 I DFInstaObserve: !toggles disable_feed=0 disable_explore=0 disable_reels=0 disable_stories=1 disable_adds=0
08-12 20:31:51.554 23278 23458 I DFInstaObserve: !toggles disable_feed=0 disable_explore=0 disable_reels=0 disable_stories=1 disable_adds=0
08-12 20:31:51.609 23278 23458 I DFInstaObserve: !toggles disable_feed=0 disable_explore=0 disable_reels=0 disable_stories=1 disable_adds=0
08-12 20:31:52.307 23278 23458 I DFInstaObserve: !toggles disable_feed=0 disable_explore=0 disable_reels=0 disable_stories=1 disable_adds=0
08-12 20:31:52.369 23278 23458 I DFInstaObserve: !toggles disable_feed=0 disable_explore=0 disable_reels=0 disable_stories=1 disable_adds=0
08-12 20:31:52.475 23278 23458 I DFInstaObserve: !toggles disable_feed=0 disable_explore=0 disable_reels=0 disable_stories=1 disable_adds=0
08-12 20:31:52.516 23278 23458 I DFInstaObserve: !toggles disable_feed=0 disable_explore=0 disable_reels=0 disable_stories=1 disable_adds=0
08-12 20:31:52.573 23278 23458 I DFInstaObserve: !toggles disable_feed=0 disable_explore=0 disable_reels=0 disable_stories=1 disable_adds=0
08-12 20:31:53.412 23278 25761 I DFInstaObserve: !toggles disable_feed=0 disable_explore=0 disable_reels=0 disable_stories=1 disable_adds=0
08-12 20:31:53.413 23278 25760 I DFInstaObserve: !toggles disable_feed=0 disable_explore=0 disable_reels=0 disable_stories=1 disable_adds=0
08-12 20:31:54.219 23278 25580 I DFInstaObserve: !toggles disable_feed=0 disable_explore=0 disable_reels=0 disable_stories=1 disable_adds=0
08-12 20:31:54.640 23278 23482 I DFInstaObserve: !toggles disable_feed=0 disable_explore=0 disable_reels=0 disable_stories=1 disable_adds=0
08-12 20:32:17.089 23278 25580 I DFInstaObserve: !toggles disable_feed=0 disable_explore=0 disable_reels=0 disable_stories=1 disable_adds=0
08-12 20:32:17.089 23278 25580 I DFInstaObserve: /feed/timeline/
08-12 20:32:17.792 23278 25745 I DFInstaObserve: !toggles disable_feed=0 disable_explore=0 disable_reels=0 disable_stories=1 disable_adds=0
08-12 20:32:17.792 23278 25745 I DFInstaObserve: /clips/discover
08-12 20:32:17.792 23278 25745 I DFInstaObserve: /clips/discover/stream/
08-12 20:32:19.194 23278 25615 I DFInstaObserve: !toggles disable_feed=0 disable_explore=0 disable_reels=0 disable_stories=1 disable_adds=0
08-12 20:32:19.201 23278 25615 I DFInstaObserve: !toggles disable_feed=0 disable_explore=0 disable_reels=0 disable_stories=1 disable_adds=0
08-12 20:32:19.238 23278 25591 I DFInstaObserve: !toggles disable_feed=0 disable_explore=0 disable_reels=0 disable_stories=1 disable_adds=0
08-12 20:32:19.247 23278 25580 I DFInstaObserve: !toggles disable_feed=0 disable_explore=0 disable_reels=0 disable_stories=1 disable_adds=0
08-12 20:32:19.271 23278 25770 I DFInstaObserve: !toggles disable_feed=0 disable_explore=0 disable_reels=0 disable_stories=1 disable_adds=0
08-12 20:32:19.552 23278 23458 I DFInstaObserve: !toggles disable_feed=0 disable_explore=0 disable_reels=0 disable_stories=1 disable_adds=0
08-12 20:32:19.604 23278 23458 I DFInstaObserve: !toggles disable_feed=0 disable_explore=0 disable_reels=0 disable_stories=1 disable_adds=0
08-12 20:32:19.644 23278 23458 I DFInstaObserve: !toggles disable_feed=0 disable_explore=0 disable_reels=0 disable_stories=1 disable_adds=0
08-12 20:32:19.681 23278 23458 I DFInstaObserve: !toggles disable_feed=0 disable_explore=0 disable_reels=0 disable_stories=1 disable_adds=0
08-12 20:32:19.732 23278 23458 I DFInstaObserve: !toggles disable_feed=0 disable_explore=0 disable_reels=0 disable_stories=1 disable_adds=0
08-12 20:32:19.835 23278 23458 I DFInstaObserve: !toggles disable_feed=0 disable_explore=0 disable_reels=0 disable_stories=1 disable_adds=0
08-12 20:32:20.419 23278 25615 I DFInstaObserve: !toggles disable_feed=0 disable_explore=0 disable_reels=0 disable_stories=1 disable_adds=0
08-12 20:32:20.589 23278 25615 I DFInstaObserve: !toggles disable_feed=0 disable_explore=0 disable_reels=0 disable_stories=1 disable_adds=0
08-12 20:32:21.303 23278 23458 I DFInstaObserve: !toggles disable_feed=0 disable_explore=0 disable_reels=0 disable_stories=1 disable_adds=0
08-12 20:32:21.352 23278 23458 I DFInstaObserve: !toggles disable_feed=0 disable_explore=0 disable_reels=0 disable_stories=1 disable_adds=0
08-12 20:32:22.080 23278 23458 I DFInstaObserve: !toggles disable_feed=0 disable_explore=0 disable_reels=0 disable_stories=1 disable_adds=0
08-12 20:32:22.178 23278 23458 I DFInstaObserve: !toggles disable_feed=0 disable_explore=0 disable_reels=0 disable_stories=1 disable_adds=0
08-12 20:32:22.213 23278 23458 I DFInstaObserve: !toggles disable_feed=0 disable_explore=0 disable_reels=0 disable_stories=1 disable_adds=0
08-12 20:32:22.849 23278 23458 I DFInstaObserve: !toggles disable_feed=0 disable_explore=0 disable_reels=0 disable_stories=1 disable_adds=0
08-12 20:32:22.892 23278 23458 I DFInstaObserve: !toggles disable_feed=0 disable_explore=0 disable_reels=0 disable_stories=1 disable_adds=0
08-12 20:32:22.958 23278 23458 I DFInstaObserve: !toggles disable_feed=0 disable_explore=0 disable_reels=0 disable_stories=1 disable_adds=0
08-12 20:32:23.929 23278 25615 I DFInstaObserve: !toggles disable_feed=0 disable_explore=0 disable_reels=0 disable_stories=1 disable_adds=0
08-12 20:32:27.254 23278 25769 I DFInstaObserve: !toggles disable_feed=0 disable_explore=0 disable_reels=0 disable_stories=1 disable_adds=0
08-12 20:32:30.739 23278 23482 I DFInstaObserve: !toggles disable_feed=0 disable_explore=0 disable_reels=0 disable_stories=1 disable_adds=0
08-12 20:32:34.934 23278 25903 I DFInstaObserve: !toggles disable_feed=0 disable_explore=0 disable_reels=0 disable_stories=1 disable_adds=0
08-12 20:32:34.934 23278 25899 I DFInstaObserve: !toggles disable_feed=0 disable_explore=0 disable_reels=0 disable_stories=1 disable_adds=0
08-12 20:32:34.954 23278 25903 I DFInstaObserve: !toggles disable_feed=0 disable_explore=0 disable_reels=0 disable_stories=1 disable_adds=0
08-12 20:32:38.687 23278 25940 I DFInstaObserve: !toggles disable_feed=0 disable_explore=0 disable_reels=0 disable_stories=1 disable_adds=0
08-12 20:32:38.745 23278 25948 I DFInstaObserve: !toggles disable_feed=0 disable_explore=0 disable_reels=0 disable_stories=1 disable_adds=0
08-12 20:32:39.121 23278 25969 I DFInstaObserve: !toggles disable_feed=0 disable_explore=0 disable_reels=0 disable_stories=1 disable_adds=0
08-12 20:32:41.086 23278 25961 I DFInstaObserve: !toggles disable_feed=0 disable_explore=0 disable_reels=0 disable_stories=1 disable_adds=0
08-12 20:32:41.139 23278 25961 I DFInstaObserve: !toggles disable_feed=0 disable_explore=0 disable_reels=0 disable_stories=1 disable_adds=0
08-12 20:32:41.276 23278 25956 I DFInstaObserve: !toggles disable_feed=0 disable_explore=0 disable_reels=0 disable_stories=1 disable_adds=0
08-12 20:32:41.878 23278 25770 I DFInstaObserve: !toggles disable_feed=0 disable_explore=0 disable_reels=0 disable_stories=1 disable_adds=0
08-12 20:32:41.878 23278 25770 I DFInstaObserve: /discover/topical_explore
08-12 20:32:41.980 23278 25987 I DFInstaObserve: !toggles disable_feed=0 disable_explore=0 disable_reels=0 disable_stories=1 disable_adds=0
08-12 20:32:42.098 23278 25996 I DFInstaObserve: !toggles disable_feed=0 disable_explore=0 disable_reels=0 disable_stories=1 disable_adds=0
08-12 20:32:42.432 23278 26011 I DFInstaObserve: !toggles disable_feed=0 disable_explore=0 disable_reels=0 disable_stories=1 disable_adds=0
08-12 20:32:44.417 23278 26002 I DFInstaObserve: !toggles disable_feed=0 disable_explore=0 disable_reels=0 disable_stories=1 disable_adds=0
08-12 20:32:44.832 23278 26009 I DFInstaObserve: !toggles disable_feed=0 disable_explore=0 disable_reels=0 disable_stories=1 disable_adds=0
08-12 20:32:45.388 23278 26043 I DFInstaObserve: !toggles disable_feed=0 disable_explore=0 disable_reels=0 disable_stories=1 disable_adds=0
08-12 20:32:45.723 23278 25769 I DFInstaObserve: !toggles disable_feed=0 disable_explore=0 disable_reels=0 disable_stories=1 disable_adds=0
08-12 20:32:45.726 23278 25769 I DFInstaObserve: !toggles disable_feed=0 disable_explore=0 disable_reels=0 disable_stories=1 disable_adds=0
08-12 20:32:45.731 23278 25769 I DFInstaObserve: !toggles disable_feed=0 disable_explore=0 disable_reels=0 disable_stories=1 disable_adds=0
08-12 20:32:46.179 23278 26047 I DFInstaObserve: !toggles disable_feed=0 disable_explore=0 disable_reels=0 disable_stories=1 disable_adds=0
08-12 20:32:46.181 23278 25769 I DFInstaObserve: !toggles disable_feed=0 disable_explore=0 disable_reels=0 disable_stories=1 disable_adds=0
08-12 20:32:46.202 23278 23458 I DFInstaObserve: !toggles disable_feed=0 disable_explore=0 disable_reels=0 disable_stories=1 disable_adds=0
08-12 20:32:46.204 23278 25935 I DFInstaObserve: !toggles disable_feed=0 disable_explore=0 disable_reels=0 disable_stories=1 disable_adds=0
08-12 20:32:46.208 23278 25770 I DFInstaObserve: !toggles disable_feed=0 disable_explore=0 disable_reels=0 disable_stories=1 disable_adds=0
08-12 20:32:46.309 23278 26030 I DFInstaObserve: !toggles disable_feed=0 disable_explore=0 disable_reels=0 disable_stories=1 disable_adds=0
08-12 20:32:46.316 23278 25935 I DFInstaObserve: !toggles disable_feed=0 disable_explore=0 disable_reels=0 disable_stories=1 disable_adds=0
08-12 20:32:46.359 23278 25580 I DFInstaObserve: !toggles disable_feed=0 disable_explore=0 disable_reels=0 disable_stories=1 disable_adds=0
08-12 20:32:46.365 23278 25935 I DFInstaObserve: !toggles disable_feed=0 disable_explore=0 disable_reels=0 disable_stories=1 disable_adds=0
08-12 20:32:46.395 23278 25580 I DFInstaObserve: !toggles disable_feed=0 disable_explore=0 disable_reels=0 disable_stories=1 disable_adds=0
08-12 20:32:46.413 23278 25935 I DFInstaObserve: !toggles disable_feed=0 disable_explore=0 disable_reels=0 disable_stories=1 disable_adds=0
08-12 20:32:46.438 23278 25580 I DFInstaObserve: !toggles disable_feed=0 disable_explore=0 disable_reels=0 disable_stories=1 disable_adds=0
08-12 20:32:46.461 23278 25935 I DFInstaObserve: !toggles disable_feed=0 disable_explore=0 disable_reels=0 disable_stories=1 disable_adds=0
08-12 20:32:46.487 23278 25580 I DFInstaObserve: !toggles disable_feed=0 disable_explore=0 disable_reels=0 disable_stories=1 disable_adds=0
08-12 20:32:46.493 23278 23458 I DFInstaObserve: !toggles disable_feed=0 disable_explore=0 disable_reels=0 disable_stories=1 disable_adds=0
08-12 20:32:46.496 23278 25935 I DFInstaObserve: !toggles disable_feed=0 disable_explore=0 disable_reels=0 disable_stories=1 disable_adds=0
08-12 20:32:46.522 23278 25580 I DFInstaObserve: !toggles disable_feed=0 disable_explore=0 disable_reels=0 disable_stories=1 disable_adds=0
08-12 20:32:46.534 23278 25770 I DFInstaObserve: !toggles disable_feed=0 disable_explore=0 disable_reels=0 disable_stories=1 disable_adds=0
08-12 20:32:46.536 23278 23458 I DFInstaObserve: !toggles disable_feed=0 disable_explore=0 disable_reels=0 disable_stories=1 disable_adds=0
08-12 20:32:46.581 23278 26030 I DFInstaObserve: !toggles disable_feed=0 disable_explore=0 disable_reels=0 disable_stories=1 disable_adds=0
08-12 20:32:46.588 23278 23458 I DFInstaObserve: !toggles disable_feed=0 disable_explore=0 disable_reels=0 disable_stories=1 disable_adds=0
08-12 20:32:46.589 23278 25580 I DFInstaObserve: !toggles disable_feed=0 disable_explore=0 disable_reels=0 disable_stories=1 disable_adds=0
08-12 20:32:46.622 23278 25770 I DFInstaObserve: !toggles disable_feed=0 disable_explore=0 disable_reels=0 disable_stories=1 disable_adds=0
08-12 20:32:46.629 23278 25935 I DFInstaObserve: !toggles disable_feed=0 disable_explore=0 disable_reels=0 disable_stories=1 disable_adds=0
08-12 20:32:46.632 23278 23458 I DFInstaObserve: !toggles disable_feed=0 disable_explore=0 disable_reels=0 disable_stories=1 disable_adds=0
08-12 20:32:46.684 23278 23458 I DFInstaObserve: !toggles disable_feed=0 disable_explore=0 disable_reels=0 disable_stories=1 disable_adds=0
08-12 20:32:46.728 23278 23458 I DFInstaObserve: !toggles disable_feed=0 disable_explore=0 disable_reels=0 disable_stories=1 disable_adds=0
08-12 20:32:46.774 23278 23458 I DFInstaObserve: !toggles disable_feed=0 disable_explore=0 disable_reels=0 disable_stories=1 disable_adds=0
08-12 20:32:46.807 23278 23458 I DFInstaObserve: !toggles disable_feed=0 disable_explore=0 disable_reels=0 disable_stories=1 disable_adds=0
08-12 20:32:46.846 23278 23458 I DFInstaObserve: !toggles disable_feed=0 disable_explore=0 disable_reels=0 disable_stories=1 disable_adds=0
08-12 20:32:46.882 23278 23458 I DFInstaObserve: !toggles disable_feed=0 disable_explore=0 disable_reels=0 disable_stories=1 disable_adds=0
08-12 20:32:46.994 23278 23458 I DFInstaObserve: !toggles disable_feed=0 disable_explore=0 disable_reels=0 disable_stories=1 disable_adds=0
08-12 20:32:47.039 23278 23458 I DFInstaObserve: !toggles disable_feed=0 disable_explore=0 disable_reels=0 disable_stories=1 disable_adds=0
08-12 20:32:47.111 23278 23458 I DFInstaObserve: !toggles disable_feed=0 disable_explore=0 disable_reels=0 disable_stories=1 disable_adds=0
08-12 20:32:47.169 23278 23458 I DFInstaObserve: !toggles disable_feed=0 disable_explore=0 disable_reels=0 disable_stories=1 disable_adds=0
08-12 20:32:47.225 23278 23458 I DFInstaObserve: !toggles disable_feed=0 disable_explore=0 disable_reels=0 disable_stories=1 disable_adds=0
08-12 20:32:47.379 23278 26033 I DFInstaObserve: !toggles disable_feed=0 disable_explore=0 disable_reels=0 disable_stories=1 disable_adds=0
08-12 20:32:48.540 23278 26030 I DFInstaObserve: !toggles disable_feed=0 disable_explore=0 disable_reels=0 disable_stories=1 disable_adds=0
08-12 20:32:48.540 23278 26030 I DFInstaObserve: /discover/topical_explore
08-12 20:32:49.012 23278 26069 I DFInstaObserve: !toggles disable_feed=0 disable_explore=0 disable_reels=0 disable_stories=1 disable_adds=0
08-12 20:32:51.184 23278 25769 I DFInstaObserve: !toggles disable_feed=0 disable_explore=0 disable_reels=0 disable_stories=1 disable_adds=0
08-12 20:32:51.188 23278 26081 I DFInstaObserve: !toggles disable_feed=0 disable_explore=0 disable_reels=0 disable_stories=1 disable_adds=0
08-12 20:32:51.213 23278 23458 I DFInstaObserve: !toggles disable_feed=0 disable_explore=0 disable_reels=0 disable_stories=1 disable_adds=0
08-12 20:32:51.230 23278 25580 I DFInstaObserve: !toggles disable_feed=0 disable_explore=0 disable_reels=0 disable_stories=1 disable_adds=0
08-12 20:32:51.239 23278 26030 I DFInstaObserve: !toggles disable_feed=0 disable_explore=0 disable_reels=0 disable_stories=1 disable_adds=0
08-12 20:32:51.257 23278 23458 I DFInstaObserve: !toggles disable_feed=0 disable_explore=0 disable_reels=0 disable_stories=1 disable_adds=0
08-12 20:32:51.267 23278 26074 I DFInstaObserve: !toggles disable_feed=0 disable_explore=0 disable_reels=0 disable_stories=1 disable_adds=0
08-12 20:32:51.276 23278 25580 I DFInstaObserve: !toggles disable_feed=0 disable_explore=0 disable_reels=0 disable_stories=1 disable_adds=0
08-12 20:32:51.296 23278 26068 I DFInstaObserve: !toggles disable_feed=0 disable_explore=0 disable_reels=0 disable_stories=1 disable_adds=0
08-12 20:32:51.302 23278 26074 I DFInstaObserve: !toggles disable_feed=0 disable_explore=0 disable_reels=0 disable_stories=1 disable_adds=0
08-12 20:32:51.312 23278 23458 I DFInstaObserve: !toggles disable_feed=0 disable_explore=0 disable_reels=0 disable_stories=1 disable_adds=0
08-12 20:32:51.321 23278 26074 I DFInstaObserve: !toggles disable_feed=0 disable_explore=0 disable_reels=0 disable_stories=1 disable_adds=0
08-12 20:32:51.363 23278 26030 I DFInstaObserve: !toggles disable_feed=0 disable_explore=0 disable_reels=0 disable_stories=1 disable_adds=0
08-12 20:32:51.374 23278 26030 I DFInstaObserve: !toggles disable_feed=0 disable_explore=0 disable_reels=0 disable_stories=1 disable_adds=0
08-12 20:32:51.398 23278 26074 I DFInstaObserve: !toggles disable_feed=0 disable_explore=0 disable_reels=0 disable_stories=1 disable_adds=0
08-12 20:32:51.410 23278 23458 I DFInstaObserve: !toggles disable_feed=0 disable_explore=0 disable_reels=0 disable_stories=1 disable_adds=0
08-12 20:32:51.414 23278 26074 I DFInstaObserve: !toggles disable_feed=0 disable_explore=0 disable_reels=0 disable_stories=1 disable_adds=0
08-12 20:32:51.438 23278 25580 I DFInstaObserve: !toggles disable_feed=0 disable_explore=0 disable_reels=0 disable_stories=1 disable_adds=0
08-12 20:32:51.448 23278 25935 I DFInstaObserve: !toggles disable_feed=0 disable_explore=0 disable_reels=0 disable_stories=1 disable_adds=0
08-12 20:32:51.458 23278 23458 I DFInstaObserve: !toggles disable_feed=0 disable_explore=0 disable_reels=0 disable_stories=1 disable_adds=0
08-12 20:32:51.472 23278 25580 I DFInstaObserve: !toggles disable_feed=0 disable_explore=0 disable_reels=0 disable_stories=1 disable_adds=0
08-12 20:32:51.476 23278 26074 I DFInstaObserve: !toggles disable_feed=0 disable_explore=0 disable_reels=0 disable_stories=1 disable_adds=0
08-12 20:32:51.519 23278 26030 I DFInstaObserve: !toggles disable_feed=0 disable_explore=0 disable_reels=0 disable_stories=1 disable_adds=0
08-12 20:32:51.522 23278 25935 I DFInstaObserve: !toggles disable_feed=0 disable_explore=0 disable_reels=0 disable_stories=1 disable_adds=0
08-12 20:32:51.557 23278 26030 I DFInstaObserve: !toggles disable_feed=0 disable_explore=0 disable_reels=0 disable_stories=1 disable_adds=0
08-12 20:32:51.574 23278 25935 I DFInstaObserve: !toggles disable_feed=0 disable_explore=0 disable_reels=0 disable_stories=1 disable_adds=0
08-12 20:32:51.594 23278 26030 I DFInstaObserve: !toggles disable_feed=0 disable_explore=0 disable_reels=0 disable_stories=1 disable_adds=0
08-12 20:32:51.615 23278 23458 I DFInstaObserve: !toggles disable_feed=0 disable_explore=0 disable_reels=0 disable_stories=1 disable_adds=0
08-12 20:32:51.617 23278 25935 I DFInstaObserve: !toggles disable_feed=0 disable_explore=0 disable_reels=0 disable_stories=1 disable_adds=0
08-12 20:32:51.622 23278 26074 I DFInstaObserve: !toggles disable_feed=0 disable_explore=0 disable_reels=0 disable_stories=1 disable_adds=0
08-12 20:32:51.662 23278 23458 I DFInstaObserve: !toggles disable_feed=0 disable_explore=0 disable_reels=0 disable_stories=1 disable_adds=0
08-12 20:32:51.725 23278 23458 I DFInstaObserve: !toggles disable_feed=0 disable_explore=0 disable_reels=0 disable_stories=1 disable_adds=0
08-12 20:32:51.797 23278 23458 I DFInstaObserve: !toggles disable_feed=0 disable_explore=0 disable_reels=0 disable_stories=1 disable_adds=0
08-12 20:32:51.949 23278 23458 I DFInstaObserve: !toggles disable_feed=0 disable_explore=0 disable_reels=0 disable_stories=1 disable_adds=0
08-12 20:32:51.986 23278 23458 I DFInstaObserve: !toggles disable_feed=0 disable_explore=0 disable_reels=0 disable_stories=1 disable_adds=0
08-12 20:32:52.088 23278 23458 I DFInstaObserve: !toggles disable_feed=0 disable_explore=0 disable_reels=0 disable_stories=1 disable_adds=0
08-12 20:32:52.139 23278 23458 I DFInstaObserve: !toggles disable_feed=0 disable_explore=0 disable_reels=0 disable_stories=1 disable_adds=0
08-12 20:32:52.225 23278 26106 I DFInstaObserve: !toggles disable_feed=0 disable_explore=0 disable_reels=0 disable_stories=1 disable_adds=0
08-12 20:32:52.337 23278 23458 I DFInstaObserve: !toggles disable_feed=0 disable_explore=0 disable_reels=0 disable_stories=1 disable_adds=0
08-12 20:32:52.381 23278 23458 I DFInstaObserve: !toggles disable_feed=0 disable_explore=0 disable_reels=0 disable_stories=1 disable_adds=0
08-12 20:32:52.419 23278 26099 I DFInstaObserve: !toggles disable_feed=0 disable_explore=0 disable_reels=0 disable_stories=1 disable_adds=0
08-12 20:32:52.419 23278 26099 I DFInstaObserve: /discover/topical_explore
08-12 20:32:52.506 23278 23458 I DFInstaObserve: !toggles disable_feed=0 disable_explore=0 disable_reels=0 disable_stories=1 disable_adds=0
08-12 20:32:54.646 23278 26112 I DFInstaObserve: !toggles disable_feed=0 disable_explore=0 disable_reels=0 disable_stories=1 disable_adds=0
08-12 20:32:55.225 23278 26152 I DFInstaObserve: !toggles disable_feed=0 disable_explore=0 disable_reels=0 disable_stories=1 disable_adds=0
08-12 20:32:55.235 23278 26152 I DFInstaObserve: !toggles disable_feed=0 disable_explore=0 disable_reels=0 disable_stories=1 disable_adds=0
08-12 20:32:55.274 23278 26160 I DFInstaObserve: !toggles disable_feed=0 disable_explore=0 disable_reels=0 disable_stories=1 disable_adds=0
08-12 20:32:55.290 23278 26096 I DFInstaObserve: !toggles disable_feed=0 disable_explore=0 disable_reels=0 disable_stories=1 disable_adds=0
08-12 20:32:55.328 23278 26096 I DFInstaObserve: !toggles disable_feed=0 disable_explore=0 disable_reels=0 disable_stories=1 disable_adds=0
08-12 20:32:55.353 23278 26096 I DFInstaObserve: !toggles disable_feed=0 disable_explore=0 disable_reels=0 disable_stories=1 disable_adds=0
08-12 20:32:55.353 23278 23458 I DFInstaObserve: !toggles disable_feed=0 disable_explore=0 disable_reels=0 disable_stories=1 disable_adds=0
08-12 20:32:55.382 23278 26160 I DFInstaObserve: !toggles disable_feed=0 disable_explore=0 disable_reels=0 disable_stories=1 disable_adds=0
08-12 20:32:55.384 23278 23482 I DFInstaObserve: !toggles disable_feed=0 disable_explore=0 disable_reels=0 disable_stories=1 disable_adds=0
08-12 20:32:55.398 23278 26160 I DFInstaObserve: !toggles disable_feed=0 disable_explore=0 disable_reels=0 disable_stories=1 disable_adds=0
08-12 20:32:55.422 23278 25580 I DFInstaObserve: !toggles disable_feed=0 disable_explore=0 disable_reels=0 disable_stories=1 disable_adds=0
08-12 20:32:55.454 23278 26160 I DFInstaObserve: !toggles disable_feed=0 disable_explore=0 disable_reels=0 disable_stories=1 disable_adds=0
08-12 20:32:55.504 23278 26162 I DFInstaObserve: !toggles disable_feed=0 disable_explore=0 disable_reels=0 disable_stories=1 disable_adds=0
08-12 20:32:55.535 23278 26160 I DFInstaObserve: !toggles disable_feed=0 disable_explore=0 disable_reels=0 disable_stories=1 disable_adds=0
08-12 20:32:55.567 23278 23482 I DFInstaObserve: !toggles disable_feed=0 disable_explore=0 disable_reels=0 disable_stories=1 disable_adds=0
08-12 20:32:55.576 23278 26159 I DFInstaObserve: !toggles disable_feed=0 disable_explore=0 disable_reels=0 disable_stories=1 disable_adds=0
08-12 20:32:55.588 23278 26160 I DFInstaObserve: !toggles disable_feed=0 disable_explore=0 disable_reels=0 disable_stories=1 disable_adds=0
08-12 20:32:55.637 23278 26162 I DFInstaObserve: !toggles disable_feed=0 disable_explore=0 disable_reels=0 disable_stories=1 disable_adds=0
08-12 20:32:55.644 23278 26159 I DFInstaObserve: !toggles disable_feed=0 disable_explore=0 disable_reels=0 disable_stories=1 disable_adds=0
08-12 20:32:55.696 23278 26162 I DFInstaObserve: !toggles disable_feed=0 disable_explore=0 disable_reels=0 disable_stories=1 disable_adds=0
08-12 20:32:55.702 23278 26159 I DFInstaObserve: !toggles disable_feed=0 disable_explore=0 disable_reels=0 disable_stories=1 disable_adds=0
08-12 20:32:55.776 23278 26160 I DFInstaObserve: !toggles disable_feed=0 disable_explore=0 disable_reels=0 disable_stories=1 disable_adds=0
08-12 20:32:56.159 23278 23458 I DFInstaObserve: !toggles disable_feed=0 disable_explore=0 disable_reels=0 disable_stories=1 disable_adds=0
08-12 20:32:56.207 23278 23458 I DFInstaObserve: !toggles disable_feed=0 disable_explore=0 disable_reels=0 disable_stories=1 disable_adds=0
08-12 20:32:56.251 23278 23458 I DFInstaObserve: !toggles disable_feed=0 disable_explore=0 disable_reels=0 disable_stories=1 disable_adds=0
08-12 20:32:56.287 23278 23458 I DFInstaObserve: !toggles disable_feed=0 disable_explore=0 disable_reels=0 disable_stories=1 disable_adds=0
08-12 20:32:56.383 23278 23458 I DFInstaObserve: !toggles disable_feed=0 disable_explore=0 disable_reels=0 disable_stories=1 disable_adds=0
08-12 20:32:56.429 23278 23458 I DFInstaObserve: !toggles disable_feed=0 disable_explore=0 disable_reels=0 disable_stories=1 disable_adds=0
08-12 20:32:56.514 23278 23458 I DFInstaObserve: !toggles disable_feed=0 disable_explore=0 disable_reels=0 disable_stories=1 disable_adds=0
08-12 20:32:56.555 23278 23458 I DFInstaObserve: !toggles disable_feed=0 disable_explore=0 disable_reels=0 disable_stories=1 disable_adds=0
08-12 20:32:56.592 23278 23458 I DFInstaObserve: !toggles disable_feed=0 disable_explore=0 disable_reels=0 disable_stories=1 disable_adds=0
08-12 20:32:56.636 23278 23458 I DFInstaObserve: !toggles disable_feed=0 disable_explore=0 disable_reels=0 disable_stories=1 disable_adds=0
08-12 20:32:56.821 23278 23458 I DFInstaObserve: !toggles disable_feed=0 disable_explore=0 disable_reels=0 disable_stories=1 disable_adds=0
08-12 20:32:56.864 23278 23458 I DFInstaObserve: !toggles disable_feed=0 disable_explore=0 disable_reels=0 disable_stories=1 disable_adds=0
08-12 20:32:56.935 23278 23458 I DFInstaObserve: !toggles disable_feed=0 disable_explore=0 disable_reels=0 disable_stories=1 disable_adds=0
08-12 20:32:56.976 23278 23458 I DFInstaObserve: !toggles disable_feed=0 disable_explore=0 disable_reels=0 disable_stories=1 disable_adds=0
08-12 20:32:57.213 23278 23458 I DFInstaObserve: !toggles disable_feed=0 disable_explore=0 disable_reels=0 disable_stories=1 disable_adds=0
08-12 20:32:57.433 23278 26161 I DFInstaObserve: !toggles disable_feed=0 disable_explore=0 disable_reels=0 disable_stories=1 disable_adds=0
08-12 20:32:57.434 23278 26163 I DFInstaObserve: !toggles disable_feed=0 disable_explore=0 disable_reels=0 disable_stories=1 disable_adds=0
08-12 20:33:03.573 23278 25769 I DFInstaObserve: !toggles disable_feed=0 disable_explore=0 disable_reels=0 disable_stories=1 disable_adds=0
08-12 20:33:05.632 23278 26190 I DFInstaObserve: !toggles disable_feed=0 disable_explore=0 disable_reels=0 disable_stories=1 disable_adds=0
08-12 20:33:05.633 23278 26189 I DFInstaObserve: !toggles disable_feed=0 disable_explore=0 disable_reels=0 disable_stories=1 disable_adds=0
08-12 20:33:08.952 23278 26224 I DFInstaObserve: !toggles disable_feed=0 disable_explore=0 disable_reels=0 disable_stories=1 disable_adds=0
08-12 20:33:08.953 23278 26223 I DFInstaObserve: !toggles disable_feed=0 disable_explore=0 disable_reels=0 disable_stories=1 disable_adds=0
08-12 20:33:10.175 23278 25769 I DFInstaObserve: !toggles disable_feed=0 disable_explore=0 disable_reels=0 disable_stories=1 disable_adds=0
08-12 20:33:10.176 23278 26152 I DFInstaObserve: !toggles disable_feed=0 disable_explore=0 disable_reels=0 disable_stories=1 disable_adds=0
08-12 20:33:10.215 23278 26152 I DFInstaObserve: !toggles disable_feed=0 disable_explore=0 disable_reels=0 disable_stories=1 disable_adds=0
08-12 20:33:13.505 23278 25769 I DFInstaObserve: !toggles disable_feed=0 disable_explore=0 disable_reels=0 disable_stories=1 disable_adds=0
08-12 20:33:13.540 23278 26152 I DFInstaObserve: !toggles disable_feed=0 disable_explore=0 disable_reels=0 disable_stories=1 disable_adds=0
08-12 20:33:15.594 23278 26266 I DFInstaObserve: !toggles disable_feed=0 disable_explore=0 disable_reels=0 disable_stories=1 disable_adds=0
08-12 20:33:15.601 23278 26267 I DFInstaObserve: !toggles disable_feed=0 disable_explore=0 disable_reels=0 disable_stories=1 disable_adds=0
08-12 20:33:16.449 23278 26301 I DFInstaObserve: !toggles disable_feed=0 disable_explore=0 disable_reels=0 disable_stories=1 disable_adds=0
08-12 20:33:16.470 23278 25769 I DFInstaObserve: !toggles disable_feed=0 disable_explore=0 disable_reels=0 disable_stories=1 disable_adds=0
08-12 20:33:16.487 23278 25769 I DFInstaObserve: !toggles disable_feed=0 disable_explore=0 disable_reels=0 disable_stories=1 disable_adds=0
08-12 20:33:16.502 23278 25769 I DFInstaObserve: !toggles disable_feed=0 disable_explore=0 disable_reels=0 disable_stories=1 disable_adds=0
08-12 20:33:16.515 23278 25769 I DFInstaObserve: !toggles disable_feed=0 disable_explore=0 disable_reels=0 disable_stories=1 disable_adds=0
08-12 20:33:16.827 23278 26152 I DFInstaObserve: !toggles disable_feed=0 disable_explore=0 disable_reels=0 disable_stories=1 disable_adds=0
08-12 20:33:18.953 23278 26301 I DFInstaObserve: !toggles disable_feed=0 disable_explore=0 disable_reels=0 disable_stories=1 disable_adds=0
08-12 20:33:18.964 23278 26302 I DFInstaObserve: !toggles disable_feed=0 disable_explore=0 disable_reels=0 disable_stories=1 disable_adds=0
