08-13 23:24:02.982 19140 19202 I DFInstaObserve: !toggles +blocked disable_feed=0 disable_explore=0 disable_reels=1 disable_stories=0 disable_adds=0
08-13 23:24:02.982 19140 19202 I DFInstaObserve: /feed/reels_tray/
08-13 23:24:02.990 19140 19197 I DFInstaObserve: !toggles +blocked disable_feed=0 disable_explore=0 disable_reels=1 disable_stories=0 disable_adds=0
08-13 23:24:02.990 19140 19197 I DFInstaObserve: /feed/timeline/
08-13 23:24:03.403 19140 19343 I DFInstaObserve: !toggles +blocked disable_feed=0 disable_explore=0 disable_reels=1 disable_stories=0 disable_adds=0
08-13 23:24:04.273 19140 19176 I DFInstaObserve: !toggles +blocked disable_feed=0 disable_explore=0 disable_reels=1 disable_stories=0 disable_adds=0
08-13 23:24:04.277 19140 19311 I DFInstaObserve: !toggles +blocked disable_feed=0 disable_explore=0 disable_reels=1 disable_stories=0 disable_adds=0
08-13 23:24:04.370 19140 19176 I DFInstaObserve: !toggles +blocked disable_feed=0 disable_explore=0 disable_reels=1 disable_stories=0 disable_adds=0
08-13 23:24:04.373 19140 19176 I DFInstaObserve: !toggles +blocked disable_feed=0 disable_explore=0 disable_reels=1 disable_stories=0 disable_adds=0
08-13 23:24:04.471 19140 19435 I DFInstaObserve: !toggles +blocked disable_feed=0 disable_explore=0 disable_reels=1 disable_stories=0 disable_adds=0
08-13 23:24:04.724 19140 19311 I DFInstaObserve: !toggles +blocked disable_feed=0 disable_explore=0 disable_reels=1 disable_stories=0 disable_adds=0
08-13 23:24:05.243 19140 19177 I DFInstaObserve: !toggles +blocked disable_feed=0 disable_explore=0 disable_reels=1 disable_stories=0 disable_adds=0
08-13 23:24:05.261 19140 19453 I DFInstaObserve: !toggles +blocked disable_feed=0 disable_explore=0 disable_reels=1 disable_stories=0 disable_adds=0
08-13 23:24:05.261 19140 19453 I DFInstaObserve: /feed/timeline/
08-13 23:24:05.819 19140 19177 I DFInstaObserve: !toggles +blocked disable_feed=0 disable_explore=0 disable_reels=1 disable_stories=0 disable_adds=0
08-13 23:24:05.863 19140 19343 I DFInstaObserve: !toggles +blocked disable_feed=0 disable_explore=0 disable_reels=1 disable_stories=0 disable_adds=0
08-13 23:24:05.967 19140 19454 I DFInstaObserve: !toggles +blocked disable_feed=0 disable_explore=0 disable_reels=1 disable_stories=0 disable_adds=0
08-13 23:24:06.001 19140 19311 I DFInstaObserve: !toggles +blocked disable_feed=0 disable_explore=0 disable_reels=1 disable_stories=0 disable_adds=0
08-13 23:24:06.031 19140 19443 I DFInstaObserve: !toggles +blocked disable_feed=0 disable_explore=0 disable_reels=1 disable_stories=0 disable_adds=0
08-13 23:24:06.534 19140 19435 I DFInstaObserve: !toggles +blocked disable_feed=0 disable_explore=0 disable_reels=1 disable_stories=0 disable_adds=0
08-13 23:24:08.708 19140 19176 I DFInstaObserve: !toggles +blocked disable_feed=0 disable_explore=0 disable_reels=1 disable_stories=0 disable_adds=0
08-13 23:24:08.717 19140 19176 I DFInstaObserve: !toggles +blocked disable_feed=0 disable_explore=0 disable_reels=1 disable_stories=0 disable_adds=0
08-13 23:24:08.778 19140 19311 I DFInstaObserve: !toggles +blocked disable_feed=0 disable_explore=0 disable_reels=1 disable_stories=0 disable_adds=0
08-13 23:24:08.895 19140 19204 I DFInstaObserve: !toggles +blocked disable_feed=0 disable_explore=0 disable_reels=1 disable_stories=0 disable_adds=0
08-13 23:24:08.929 19140 19443 I DFInstaObserve: !toggles +blocked disable_feed=0 disable_explore=0 disable_reels=1 disable_stories=0 disable_adds=0
08-13 23:24:08.946 19140 19453 I DFInstaObserve: !toggles +blocked disable_feed=0 disable_explore=0 disable_reels=1 disable_stories=0 disable_adds=0
08-13 23:24:08.977 19140 19204 I DFInstaObserve: !toggles +blocked disable_feed=0 disable_explore=0 disable_reels=1 disable_stories=0 disable_adds=0
08-13 23:24:09.041 19140 19435 I DFInstaObserve: !toggles +blocked disable_feed=0 disable_explore=0 disable_reels=1 disable_stories=0 disable_adds=0
08-13 23:24:09.580 19140 19204 I DFInstaObserve: !toggles +blocked disable_feed=0 disable_explore=0 disable_reels=1 disable_stories=0 disable_adds=0
08-13 23:24:09.580 19140 19204 I DFInstaObserve: /discover/topical_explore
08-13 23:24:10.254 19140 19441 I DFInstaObserve: !toggles +blocked disable_feed=0 disable_explore=0 disable_reels=1 disable_stories=0 disable_adds=0
08-13 23:24:10.325 19140 19443 I DFInstaObserve: !toggles +blocked disable_feed=0 disable_explore=0 disable_reels=1 disable_stories=0 disable_adds=0
08-13 23:24:10.360 19140 19453 I DFInstaObserve: !toggles +blocked disable_feed=0 disable_explore=0 disable_reels=1 disable_stories=0 disable_adds=0
08-13 23:24:10.376 19140 19529 I DFInstaObserve: !toggles +blocked disable_feed=0 disable_explore=0 disable_reels=1 disable_stories=0 disable_adds=0
08-13 23:24:10.738 19140 19453 I DFInstaObserve: !toggles +blocked disable_feed=0 disable_explore=0 disable_reels=1 disable_stories=0 disable_adds=0
08-13 23:24:10.826 19140 19529 I DFInstaObserve: !toggles +blocked disable_feed=0 disable_explore=0 disable_reels=1 disable_stories=0 disable_adds=0
08-13 23:24:11.217 19140 19613 I DFInstaObserve: !toggles +blocked disable_feed=0 disable_explore=0 disable_reels=1 disable_stories=0 disable_adds=0
08-13 23:24:11.621 19140 19179 I DFInstaObserve: !toggles +blocked disable_feed=0 disable_explore=0 disable_reels=1 disable_stories=0 disable_adds=0
08-13 23:24:11.640 19140 19343 I DFInstaObserve: !toggles +blocked disable_feed=0 disable_explore=0 disable_reels=1 disable_stories=0 disable_adds=0
08-13 23:24:11.940 19140 19179 I DFInstaObserve: !toggles +blocked disable_feed=0 disable_explore=0 disable_reels=1 disable_stories=0 disable_adds=0
08-13 23:24:12.132 19140 19343 I DFInstaObserve: !toggles +blocked disable_feed=0 disable_explore=0 disable_reels=1 disable_stories=0 disable_adds=0
08-13 23:24:13.082 19140 19177 I DFInstaObserve: !toggles +blocked disable_feed=0 disable_explore=0 disable_reels=1 disable_stories=0 disable_adds=0
08-13 23:24:13.087 19140 19177 I DFInstaObserve: !toggles +blocked disable_feed=0 disable_explore=0 disable_reels=1 disable_stories=0 disable_adds=0
08-13 23:24:13.121 19140 19204 I DFInstaObserve: !toggles +blocked disable_feed=0 disable_explore=0 disable_reels=1 disable_stories=0 disable_adds=0
08-13 23:24:13.126 19140 19453 I DFInstaObserve: !toggles +blocked disable_feed=0 disable_explore=0 disable_reels=1 disable_stories=0 disable_adds=0
08-13 23:24:13.161 19140 19453 I DFInstaObserve: !toggles +blocked disable_feed=0 disable_explore=0 disable_reels=1 disable_stories=0 disable_adds=0
08-13 23:24:13.166 19140 19443 I DFInstaObserve: !toggles +blocked disable_feed=0 disable_explore=0 disable_reels=1 disable_stories=0 disable_adds=0
08-13 23:24:13.184 19140 19311 I DFInstaObserve: !toggles +blocked disable_feed=0 disable_explore=0 disable_reels=1 disable_stories=0 disable_adds=0
08-13 23:24:13.201 19140 19443 I DFInstaObserve: !toggles +blocked disable_feed=0 disable_explore=0 disable_reels=1 disable_stories=0 disable_adds=0
08-13 23:24:13.206 19140 19204 I DFInstaObserve: !toggles +blocked disable_feed=0 disable_explore=0 disable_reels=1 disable_stories=0 disable_adds=0
08-13 23:24:13.246 19140 19441 I DFInstaObserve: !toggles +blocked disable_feed=0 disable_explore=0 disable_reels=1 disable_stories=0 disable_adds=0
08-13 23:24:13.258 19140 19443 I DFInstaObserve: !toggles +blocked disable_feed=0 disable_explore=0 disable_reels=1 disable_stories=0 disable_adds=0
08-13 23:24:13.286 19140 19443 I DFInstaObserve: !toggles +blocked disable_feed=0 disable_explore=0 disable_reels=1 disable_stories=0 disable_adds=0
08-13 23:24:13.299 19140 19443 I DFInstaObserve: !toggles +blocked disable_feed=0 disable_explore=0 disable_reels=1 disable_stories=0 disable_adds=0
08-13 23:24:13.326 19140 19502 I DFInstaObserve: !toggles +blocked disable_feed=0 disable_explore=0 disable_reels=1 disable_stories=0 disable_adds=0
08-13 23:24:13.331 19140 19443 I DFInstaObserve: !toggles +blocked disable_feed=0 disable_explore=0 disable_reels=1 disable_stories=0 disable_adds=0
08-13 23:24:13.370 19140 19443 I DFInstaObserve: !toggles +blocked disable_feed=0 disable_explore=0 disable_reels=1 disable_stories=0 disable_adds=0
08-13 23:24:13.376 19140 19441 I DFInstaObserve: !toggles +blocked disable_feed=0 disable_explore=0 disable_reels=1 disable_stories=0 disable_adds=0
08-13 23:24:13.392 19140 19311 I DFInstaObserve: !toggles +blocked disable_feed=0 disable_explore=0 disable_reels=1 disable_stories=0 disable_adds=0
08-13 23:24:13.423 19140 19443 I DFInstaObserve: !toggles +blocked disable_feed=0 disable_explore=0 disable_reels=1 disable_stories=0 disable_adds=0
08-13 23:24:13.433 19140 19311 I DFInstaObserve: !toggles +blocked disable_feed=0 disable_explore=0 disable_reels=1 disable_stories=0 disable_adds=0
08-13 23:24:13.533 19140 19435 I DFInstaObserve: !toggles +blocked disable_feed=0 disable_explore=0 disable_reels=1 disable_stories=0 disable_adds=0
08-13 23:24:14.077 19140 19311 I DFInstaObserve: !toggles +blocked disable_feed=0 disable_explore=0 disable_reels=1 disable_stories=0 disable_adds=0
08-13 23:24:14.105 19140 19311 I DFInstaObserve: !toggles +blocked disable_feed=0 disable_explore=0 disable_reels=1 disable_stories=0 disable_adds=0
08-13 23:24:14.193 19140 19311 I DFInstaObserve: !toggles +blocked disable_feed=0 disable_explore=0 disable_reels=1 disable_stories=0 disable_adds=0
08-13 23:24:14.255 19140 19311 I DFInstaObserve: !toggles +blocked disable_feed=0 disable_explore=0 disable_reels=1 disable_stories=0 disable_adds=0
08-13 23:24:14.390 19140 19311 I DFInstaObserve: !toggles +blocked disable_feed=0 disable_explore=0 disable_reels=1 disable_stories=0 disable_adds=0
08-13 23:24:14.429 19140 19311 I DFInstaObserve: !toggles +blocked disable_feed=0 disable_explore=0 disable_reels=1 disable_stories=0 disable_adds=0
08-13 23:24:14.815 19140 19311 I DFInstaObserve: !toggles +blocked disable_feed=0 disable_explore=0 disable_reels=1 disable_stories=0 disable_adds=0
08-13 23:24:14.860 19140 19311 I DFInstaObserve: !toggles +blocked disable_feed=0 disable_explore=0 disable_reels=1 disable_stories=0 disable_adds=0
08-13 23:24:14.989 19140 19311 I DFInstaObserve: !toggles +blocked disable_feed=0 disable_explore=0 disable_reels=1 disable_stories=0 disable_adds=0
08-13 23:24:18.542 19140 19435 I DFInstaObserve: !toggles +blocked disable_feed=0 disable_explore=0 disable_reels=1 disable_stories=0 disable_adds=0
08-13 23:24:20.621 19140 19443 I DFInstaObserve: !toggles +blocked disable_feed=0 disable_explore=0 disable_reels=1 disable_stories=0 disable_adds=0
08-13 23:24:20.621 19140 19443 I DFInstaObserve: /feed/timeline/
08-13 23:24:20.624 19140 19453 I DFInstaObserve: !toggles +blocked disable_feed=0 disable_explore=0 disable_reels=1 disable_stories=0 disable_adds=0
08-13 23:24:20.624 19140 19453 I DFInstaObserve: /feed/reels_tray/
08-13 23:24:21.543 19140 19176 I DFInstaObserve: !toggles +blocked disable_feed=0 disable_explore=0 disable_reels=1 disable_stories=0 disable_adds=0
08-13 23:24:22.116 19140 19176 I DFInstaObserve: !toggles +blocked disable_feed=0 disable_explore=0 disable_reels=1 disable_stories=0 disable_adds=0
08-13 23:24:22.426 19140 19669 I DFInstaObserve: !toggles +blocked disable_feed=0 disable_explore=0 disable_reels=1 disable_stories=0 disable_adds=0
08-13 23:24:22.426 19140 19669 I DFInstaObserve: /feed/timeline/
08-13 23:24:24.578 19140 19176 I DFInstaObserve: !toggles +blocked disable_feed=0 disable_explore=0 disable_reels=1 disable_stories=0 disable_adds=0
08-13 23:24:24.583 19140 19176 I DFInstaObserve: !toggles +blocked disable_feed=0 disable_explore=0 disable_reels=1 disable_stories=0 disable_adds=0
08-13 23:24:24.654 19140 19311 I DFInstaObserve: !toggles +blocked disable_feed=0 disable_explore=0 disable_reels=1 disable_stories=0 disable_adds=0
08-13 23:24:24.688 19140 19453 I DFInstaObserve: !toggles +blocked disable_feed=0 disable_explore=0 disable_reels=1 disable_stories=0 disable_adds=0
08-13 23:24:24.713 19140 19311 I DFInstaObserve: !toggles +blocked disable_feed=0 disable_explore=0 disable_reels=1 disable_stories=0 disable_adds=0
08-13 23:24:28.748 19140 19669 I DFInstaObserve: !toggles +blocked disable_feed=0 disable_explore=0 disable_reels=1 disable_stories=0 disable_adds=0
08-13 23:24:28.748 19140 19669 I DFInstaObserve: /feed/reels_tray/
08-13 23:24:28.752 19140 19453 I DFInstaObserve: !toggles +blocked disable_feed=0 disable_explore=0 disable_reels=1 disable_stories=0 disable_adds=0
08-13 23:24:28.752 19140 19453 I DFInstaObserve: /feed/timeline/
08-13 23:24:29.852 19140 19176 I DFInstaObserve: !toggles +blocked disable_feed=0 disable_explore=0 disable_reels=1 disable_stories=0 disable_adds=0
08-13 23:24:29.864 19140 19176 I DFInstaObserve: !toggles +blocked disable_feed=0 disable_explore=0 disable_reels=1 disable_stories=0 disable_adds=0
08-13 23:24:30.323 19140 19177 I DFInstaObserve: !toggles +blocked disable_feed=0 disable_explore=0 disable_reels=1 disable_stories=0 disable_adds=0
08-13 23:24:30.582 19140 19669 I DFInstaObserve: !toggles +blocked disable_feed=0 disable_explore=0 disable_reels=1 disable_stories=0 disable_adds=0
08-13 23:24:30.582 19140 19669 I DFInstaObserve: /feed/timeline/
08-13 23:24:32.638 19140 19177 I DFInstaObserve: !toggles +blocked disable_feed=0 disable_explore=0 disable_reels=1 disable_stories=0 disable_adds=0
08-13 23:24:32.642 19140 19177 I DFInstaObserve: !toggles +blocked disable_feed=0 disable_explore=0 disable_reels=1 disable_stories=0 disable_adds=0
08-13 23:24:40.165 19140 19176 I DFInstaObserve: !toggles +blocked disable_feed=0 disable_explore=0 disable_reels=1 disable_stories=0 disable_adds=0
08-13 23:24:40.376 19140 19177 I DFInstaObserve: !toggles +blocked disable_feed=0 disable_explore=0 disable_reels=1 disable_stories=0 disable_adds=0
08-13 23:24:43.709 19140 19177 I DFInstaObserve: !toggles +blocked disable_feed=0 disable_explore=0 disable_reels=1 disable_stories=0 disable_adds=0
08-13 23:24:47.031 19140 19176 I DFInstaObserve: !toggles +blocked disable_feed=0 disable_explore=0 disable_reels=1 disable_stories=0 disable_adds=0
08-13 23:24:50.351 19140 19177 I DFInstaObserve: !toggles +blocked disable_feed=0 disable_explore=0 disable_reels=1 disable_stories=0 disable_adds=0
08-13 23:24:50.358 19140 19176 I DFInstaObserve: !toggles +blocked disable_feed=0 disable_explore=0 disable_reels=1 disable_stories=0 disable_adds=0
08-13 23:24:56.754 19140 19669 I DFInstaObserve: !toggles +blocked disable_feed=0 disable_explore=0 disable_reels=1 disable_stories=0 disable_adds=0
08-13 23:24:56.840 19140 19453 I DFInstaObserve: !toggles +blocked disable_feed=0 disable_explore=0 disable_reels=1 disable_stories=0 disable_adds=0
08-13 23:24:57.461 19140 19176 I DFInstaObserve: !toggles +blocked disable_feed=0 disable_explore=0 disable_reels=1 disable_stories=0 disable_adds=0
08-13 23:24:57.464 19140 19177 I DFInstaObserve: !toggles +blocked disable_feed=0 disable_explore=0 disable_reels=1 disable_stories=0 disable_adds=0
08-13 23:24:57.506 19140 19669 I DFInstaObserve: !toggles +blocked disable_feed=0 disable_explore=0 disable_reels=1 disable_stories=0 disable_adds=0
08-13 23:24:57.512 19140 19311 I DFInstaObserve: !toggles +blocked disable_feed=0 disable_explore=0 disable_reels=1 disable_stories=0 disable_adds=0
08-13 23:24:57.537 19140 19453 I DFInstaObserve: !toggles +blocked disable_feed=0 disable_explore=0 disable_reels=1 disable_stories=0 disable_adds=0
08-13 23:24:57.549 19140 19698 I DFInstaObserve: !toggles +blocked disable_feed=0 disable_explore=0 disable_reels=1 disable_stories=0 disable_adds=0
08-13 23:24:57.580 19140 19453 I DFInstaObserve: !toggles +blocked disable_feed=0 disable_explore=0 disable_reels=1 disable_stories=0 disable_adds=0
08-13 23:24:57.583 19140 19343 I DFInstaObserve: !toggles +blocked disable_feed=0 disable_explore=0 disable_reels=1 disable_stories=0 disable_adds=0
08-13 23:24:57.630 19140 19669 I DFInstaObserve: !toggles +blocked disable_feed=0 disable_explore=0 disable_reels=1 disable_stories=0 disable_adds=0
08-13 23:24:57.879 19140 19311 I DFInstaObserve: !toggles +blocked disable_feed=0 disable_explore=0 disable_reels=1 disable_stories=0 disable_adds=0
08-13 23:24:57.920 19140 19311 I DFInstaObserve: !toggles +blocked disable_feed=0 disable_explore=0 disable_reels=1 disable_stories=0 disable_adds=0
08-13 23:24:59.127 19140 19827 I DFInstaObserve: !toggles +blocked disable_feed=0 disable_explore=0 disable_reels=1 disable_stories=0 disable_adds=0
08-13 23:24:59.150 19140 19833 I DFInstaObserve: !toggles +blocked disable_feed=0 disable_explore=0 disable_reels=1 disable_stories=0 disable_adds=0
08-13 23:24:59.211 19140 19827 I DFInstaObserve: !toggles +blocked disable_feed=0 disable_explore=0 disable_reels=1 disable_stories=0 disable_adds=0
08-13 23:24:59.226 19140 19833 I DFInstaObserve: !toggles +blocked disable_feed=0 disable_explore=0 disable_reels=1 disable_stories=0 disable_adds=0
08-13 23:24:59.910 19140 19311 I DFInstaObserve: !toggles +blocked disable_feed=0 disable_explore=0 disable_reels=1 disable_stories=0 disable_adds=0
08-13 23:25:01.629 19140 19827 I DFInstaObserve: !toggles +blocked disable_feed=0 disable_explore=0 disable_reels=1 disable_stories=0 disable_adds=0
08-13 23:25:01.640 19140 19833 I DFInstaObserve: !toggles +blocked disable_feed=0 disable_explore=0 disable_reels=1 disable_stories=0 disable_adds=0
08-13 23:25:04.810 19140 19453 I DFInstaObserve: !toggles +blocked disable_feed=0 disable_explore=0 disable_reels=1 disable_stories=0 disable_adds=0
08-13 23:25:04.811 19140 19453 I DFInstaObserve: /discover/topical_explore
08-13 23:25:05.259 19140 19890 I DFInstaObserve: !toggles +blocked disable_feed=0 disable_explore=0 disable_reels=1 disable_stories=0 disable_adds=0
08-13 23:25:06.752 19140 19176 I DFInstaObserve: !toggles +blocked disable_feed=0 disable_explore=0 disable_reels=1 disable_stories=0 disable_adds=0
08-13 23:25:06.756 19140 19176 I DFInstaObserve: !toggles +blocked disable_feed=0 disable_explore=0 disable_reels=1 disable_stories=0 disable_adds=0
08-13 23:25:06.761 19140 19176 I DFInstaObserve: !toggles +blocked disable_feed=0 disable_explore=0 disable_reels=1 disable_stories=0 disable_adds=0
08-13 23:25:07.019 19140 19176 I DFInstaObserve: !toggles +blocked disable_feed=0 disable_explore=0 disable_reels=1 disable_stories=0 disable_adds=0
08-13 23:25:07.022 19140 19177 I DFInstaObserve: !toggles +blocked disable_feed=0 disable_explore=0 disable_reels=1 disable_stories=0 disable_adds=0
08-13 23:25:07.052 19140 19311 I DFInstaObserve: !toggles +blocked disable_feed=0 disable_explore=0 disable_reels=1 disable_stories=0 disable_adds=0
08-13 23:25:07.058 19140 19453 I DFInstaObserve: !toggles +blocked disable_feed=0 disable_explore=0 disable_reels=1 disable_stories=0 disable_adds=0
08-13 23:25:07.062 19140 19502 I DFInstaObserve: !toggles +blocked disable_feed=0 disable_explore=0 disable_reels=1 disable_stories=0 disable_adds=0
08-13 23:25:07.092 19140 19867 I DFInstaObserve: !toggles +blocked disable_feed=0 disable_explore=0 disable_reels=1 disable_stories=0 disable_adds=0
08-13 23:25:07.096 19140 19698 I DFInstaObserve: !toggles +blocked disable_feed=0 disable_explore=0 disable_reels=1 disable_stories=0 disable_adds=0
08-13 23:25:07.142 19140 19698 I DFInstaObserve: !toggles +blocked disable_feed=0 disable_explore=0 disable_reels=1 disable_stories=0 disable_adds=0
08-13 23:25:07.148 19140 19453 I DFInstaObserve: !toggles +blocked disable_feed=0 disable_explore=0 disable_reels=1 disable_stories=0 disable_adds=0
08-13 23:25:07.186 19140 19867 I DFInstaObserve: !toggles +blocked disable_feed=0 disable_explore=0 disable_reels=1 disable_stories=0 disable_adds=0
08-13 23:25:07.192 19140 19453 I DFInstaObserve: !toggles +blocked disable_feed=0 disable_explore=0 disable_reels=1 disable_stories=0 disable_adds=0
08-13 23:25:07.214 19140 19867 I DFInstaObserve: !toggles +blocked disable_feed=0 disable_explore=0 disable_reels=1 disable_stories=0 disable_adds=0
08-13 23:25:07.230 19140 19453 I DFInstaObserve: !toggles +blocked disable_feed=0 disable_explore=0 disable_reels=1 disable_stories=0 disable_adds=0
08-13 23:25:07.254 19140 19867 I DFInstaObserve: !toggles +blocked disable_feed=0 disable_explore=0 disable_reels=1 disable_stories=0 disable_adds=0
08-13 23:25:07.259 19140 19698 I DFInstaObserve: !toggles +blocked disable_feed=0 disable_explore=0 disable_reels=1 disable_stories=0 disable_adds=0
08-13 23:25:07.282 19140 19453 I DFInstaObserve: !toggles +blocked disable_feed=0 disable_explore=0 disable_reels=1 disable_stories=0 disable_adds=0
08-13 23:25:07.341 19140 19311 I DFInstaObserve: !toggles +blocked disable_feed=0 disable_explore=0 disable_reels=1 disable_stories=0 disable_adds=0
08-13 23:25:07.404 19140 19311 I DFInstaObserve: !toggles +blocked disable_feed=0 disable_explore=0 disable_reels=1 disable_stories=0 disable_adds=0
08-13 23:25:07.467 19140 19889 I DFInstaObserve: !toggles +blocked disable_feed=0 disable_explore=0 disable_reels=1 disable_stories=0 disable_adds=0
08-13 23:25:07.894 19140 19897 I DFInstaObserve: !toggles +blocked disable_feed=0 disable_explore=0 disable_reels=1 disable_stories=0 disable_adds=0
08-13 23:25:08.103 19140 19698 I DFInstaObserve: !toggles +blocked disable_feed=0 disable_explore=0 disable_reels=1 disable_stories=0 disable_adds=0
08-13 23:25:08.103 19140 19698 I DFInstaObserve: /discover/topical_explore
08-13 23:25:08.183 19140 19311 I DFInstaObserve: !toggles +blocked disable_feed=0 disable_explore=0 disable_reels=1 disable_stories=0 disable_adds=0
08-13 23:25:08.224 19140 19311 I DFInstaObserve: !toggles +blocked disable_feed=0 disable_explore=0 disable_reels=1 disable_stories=0 disable_adds=0
08-13 23:25:08.271 19140 19311 I DFInstaObserve: !toggles +blocked disable_feed=0 disable_explore=0 disable_reels=1 disable_stories=0 disable_adds=0
08-13 23:25:08.303 19140 19311 I DFInstaObserve: !toggles +blocked disable_feed=0 disable_explore=0 disable_reels=1 disable_stories=0 disable_adds=0
08-13 23:25:08.423 19140 19937 I DFInstaObserve: !toggles +blocked disable_feed=0 disable_explore=0 disable_reels=1 disable_stories=0 disable_adds=0
08-13 23:25:08.696 19140 19311 I DFInstaObserve: !toggles +blocked disable_feed=0 disable_explore=0 disable_reels=1 disable_stories=0 disable_adds=0
08-13 23:25:08.702 19140 19952 I DFInstaObserve: !toggles +blocked disable_feed=0 disable_explore=0 disable_reels=1 disable_stories=0 disable_adds=0
08-13 23:25:08.759 19140 19311 I DFInstaObserve: !toggles +blocked disable_feed=0 disable_explore=0 disable_reels=1 disable_stories=0 disable_adds=0
08-13 23:25:08.966 19140 19311 I DFInstaObserve: !toggles +blocked disable_feed=0 disable_explore=0 disable_reels=1 disable_stories=0 disable_adds=0
08-13 23:25:09.100 19140 19311 I DFInstaObserve: !toggles +blocked disable_feed=0 disable_explore=0 disable_reels=1 disable_stories=0 disable_adds=0
08-13 23:25:09.400 19140 19311 I DFInstaObserve: !toggles +blocked disable_feed=0 disable_explore=0 disable_reels=1 disable_stories=0 disable_adds=0
08-13 23:25:10.650 19140 19944 I DFInstaObserve: !toggles +blocked disable_feed=0 disable_explore=0 disable_reels=1 disable_stories=0 disable_adds=0
08-13 23:25:10.681 19140 19944 I DFInstaObserve: !toggles +blocked disable_feed=0 disable_explore=0 disable_reels=1 disable_stories=0 disable_adds=0
08-13 23:25:10.893 19140 19951 I DFInstaObserve: !toggles +blocked disable_feed=0 disable_explore=0 disable_reels=1 disable_stories=0 disable_adds=0
08-13 23:25:10.941 19140 19177 I DFInstaObserve: !toggles +blocked disable_feed=0 disable_explore=0 disable_reels=1 disable_stories=0 disable_adds=0
08-13 23:25:10.947 19140 19176 I DFInstaObserve: !toggles +blocked disable_feed=0 disable_explore=0 disable_reels=1 disable_stories=0 disable_adds=0
08-13 23:25:10.967 19140 19311 I DFInstaObserve: !toggles +blocked disable_feed=0 disable_explore=0 disable_reels=1 disable_stories=0 disable_adds=0
08-13 23:25:10.973 19140 19698 I DFInstaObserve: !toggles +blocked disable_feed=0 disable_explore=0 disable_reels=1 disable_stories=0 disable_adds=0
08-13 23:25:10.977 19140 19453 I DFInstaObserve: !toggles +blocked disable_feed=0 disable_explore=0 disable_reels=1 disable_stories=0 disable_adds=0
08-13 23:25:11.014 19140 19867 I DFInstaObserve: !toggles +blocked disable_feed=0 disable_explore=0 disable_reels=1 disable_stories=0 disable_adds=0
08-13 23:25:11.032 19140 19929 I DFInstaObserve: !toggles +blocked disable_feed=0 disable_explore=0 disable_reels=1 disable_stories=0 disable_adds=0
08-13 23:25:11.041 19140 19867 I DFInstaObserve: !toggles +blocked disable_feed=0 disable_explore=0 disable_reels=1 disable_stories=0 disable_adds=0
08-13 23:25:11.043 19140 19965 I DFInstaObserve: !toggles +blocked disable_feed=0 disable_explore=0 disable_reels=1 disable_stories=0 disable_adds=0
08-13 23:25:11.061 19140 19867 I DFInstaObserve: !toggles +blocked disable_feed=0 disable_explore=0 disable_reels=1 disable_stories=0 disable_adds=0
08-13 23:25:11.075 19140 19965 I DFInstaObserve: !toggles +blocked disable_feed=0 disable_explore=0 disable_reels=1 disable_stories=0 disable_adds=0
08-13 23:25:11.078 19140 19867 I DFInstaObserve: !toggles +blocked disable_feed=0 disable_explore=0 disable_reels=1 disable_stories=0 disable_adds=0
08-13 23:25:11.094 19140 19929 I DFInstaObserve: !toggles +blocked disable_feed=0 disable_explore=0 disable_reels=1 disable_stories=0 disable_adds=0
08-13 23:25:11.148 19140 19929 I DFInstaObserve: !toggles +blocked disable_feed=0 disable_explore=0 disable_reels=1 disable_stories=0 disable_adds=0
08-13 23:25:11.153 19140 19867 I DFInstaObserve: !toggles +blocked disable_feed=0 disable_explore=0 disable_reels=1 disable_stories=0 disable_adds=0
08-13 23:25:11.159 19140 19311 I DFInstaObserve: !toggles +blocked disable_feed=0 disable_explore=0 disable_reels=1 disable_stories=0 disable_adds=0
08-13 23:25:11.173 19140 19867 I DFInstaObserve: !toggles +blocked disable_feed=0 disable_explore=0 disable_reels=1 disable_stories=0 disable_adds=0
08-13 23:25:11.186 19140 19929 I DFInstaObserve: !toggles +blocked disable_feed=0 disable_explore=0 disable_reels=1 disable_stories=0 disable_adds=0
08-13 23:25:11.198 19140 19311 I DFInstaObserve: !toggles +blocked disable_feed=0 disable_explore=0 disable_reels=1 disable_stories=0 disable_adds=0
08-13 23:25:11.204 19140 19867 I DFInstaObserve: !toggles +blocked disable_feed=0 disable_explore=0 disable_reels=1 disable_stories=0 disable_adds=0
08-13 23:25:11.208 19140 19929 I DFInstaObserve: !toggles +blocked disable_feed=0 disable_explore=0 disable_reels=1 disable_stories=0 disable_adds=0
08-13 23:25:11.232 19140 19867 I DFInstaObserve: !toggles +blocked disable_feed=0 disable_explore=0 disable_reels=1 disable_stories=0 disable_adds=0
08-13 23:25:11.238 19140 19698 I DFInstaObserve: !toggles +blocked disable_feed=0 disable_explore=0 disable_reels=1 disable_stories=0 disable_adds=0
08-13 23:25:11.457 19140 19698 I DFInstaObserve: !toggles +blocked disable_feed=0 disable_explore=0 disable_reels=1 disable_stories=0 disable_adds=0
08-13 23:25:11.457 19140 19698 I DFInstaObserve: /discover/topical_explore
08-13 23:25:11.882 19140 20010 I DFInstaObserve: !toggles +blocked disable_feed=0 disable_explore=0 disable_reels=1 disable_stories=0 disable_adds=0
08-13 23:25:12.030 19140 20017 I DFInstaObserve: !toggles +blocked disable_feed=0 disable_explore=0 disable_reels=1 disable_stories=0 disable_adds=0
08-13 23:25:12.254 19140 20028 I DFInstaObserve: !toggles +blocked disable_feed=0 disable_explore=0 disable_reels=1 disable_stories=0 disable_adds=0
08-13 23:25:12.266 19140 19311 I DFInstaObserve: !toggles +blocked disable_feed=0 disable_explore=0 disable_reels=1 disable_stories=0 disable_adds=0
08-13 23:25:12.499 19140 19311 I DFInstaObserve: !toggles +blocked disable_feed=0 disable_explore=0 disable_reels=1 disable_stories=0 disable_adds=0
08-13 23:25:12.598 19140 19311 I DFInstaObserve: !toggles +blocked disable_feed=0 disable_explore=0 disable_reels=1 disable_stories=0 disable_adds=0
08-13 23:25:12.771 19140 19311 I DFInstaObserve: !toggles +blocked disable_feed=0 disable_explore=0 disable_reels=1 disable_stories=0 disable_adds=0
08-13 23:25:12.810 19140 19311 I DFInstaObserve: !toggles +blocked disable_feed=0 disable_explore=0 disable_reels=1 disable_stories=0 disable_adds=0
08-13 23:25:12.886 19140 19311 I DFInstaObserve: !toggles +blocked disable_feed=0 disable_explore=0 disable_reels=1 disable_stories=0 disable_adds=0
08-13 23:25:12.926 19140 19311 I DFInstaObserve: !toggles +blocked disable_feed=0 disable_explore=0 disable_reels=1 disable_stories=0 disable_adds=0
08-13 23:25:13.132 19140 19311 I DFInstaObserve: !toggles +blocked disable_feed=0 disable_explore=0 disable_reels=1 disable_stories=0 disable_adds=0
08-13 23:25:14.166 19140 20009 I DFInstaObserve: !toggles +blocked disable_feed=0 disable_explore=0 disable_reels=1 disable_stories=0 disable_adds=0
08-13 23:25:14.214 19140 20017 I DFInstaObserve: !toggles +blocked disable_feed=0 disable_explore=0 disable_reels=1 disable_stories=0 disable_adds=0
08-13 23:25:15.236 19140 19176 I DFInstaObserve: !toggles +blocked disable_feed=0 disable_explore=0 disable_reels=1 disable_stories=0 disable_adds=0
08-13 23:25:15.240 19140 19176 I DFInstaObserve: !toggles +blocked disable_feed=0 disable_explore=0 disable_reels=1 disable_stories=0 disable_adds=0
08-13 23:25:15.246 19140 19176 I DFInstaObserve: !toggles +blocked disable_feed=0 disable_explore=0 disable_reels=1 disable_stories=0 disable_adds=0
08-13 23:25:15.434 19140 19176 I DFInstaObserve: !toggles +blocked disable_feed=0 disable_explore=0 disable_reels=1 disable_stories=0 disable_adds=0
08-13 23:25:15.438 19140 19177 I DFInstaObserve: !toggles +blocked disable_feed=0 disable_explore=0 disable_reels=1 disable_stories=0 disable_adds=0
08-13 23:25:15.467 19140 19999 I DFInstaObserve: !toggles +blocked disable_feed=0 disable_explore=0 disable_reels=1 disable_stories=0 disable_adds=0
08-13 23:25:15.470 19140 19311 I DFInstaObserve: !toggles +blocked disable_feed=0 disable_explore=0 disable_reels=1 disable_stories=0 disable_adds=0
08-13 23:25:15.474 19140 19867 I DFInstaObserve: !toggles +blocked disable_feed=0 disable_explore=0 disable_reels=1 disable_stories=0 disable_adds=0
08-13 23:25:15.503 19140 19999 I DFInstaObserve: !toggles +blocked disable_feed=0 disable_explore=0 disable_reels=1 disable_stories=0 disable_adds=0
08-13 23:25:15.514 19140 19997 I DFInstaObserve: !toggles +blocked disable_feed=0 disable_explore=0 disable_reels=1 disable_stories=0 disable_adds=0
08-13 23:25:15.530 19140 19311 I DFInstaObserve: !toggles +blocked disable_feed=0 disable_explore=0 disable_reels=1 disable_stories=0 disable_adds=0
08-13 23:25:15.531 19140 19867 I DFInstaObserve: !toggles +blocked disable_feed=0 disable_explore=0 disable_reels=1 disable_stories=0 disable_adds=0
08-13 23:25:15.543 19140 19867 I DFInstaObserve: !toggles +blocked disable_feed=0 disable_explore=0 disable_reels=1 disable_stories=0 disable_adds=0
08-13 23:25:15.561 19140 19867 I DFInstaObserve: !toggles +blocked disable_feed=0 disable_explore=0 disable_reels=1 disable_stories=0 disable_adds=0
08-13 23:25:15.571 19140 19999 I DFInstaObserve: !toggles +blocked disable_feed=0 disable_explore=0 disable_reels=1 disable_stories=0 disable_adds=0
08-13 23:25:15.571 19140 19311 I DFInstaObserve: !toggles +blocked disable_feed=0 disable_explore=0 disable_reels=1 disable_stories=0 disable_adds=0
08-13 23:25:15.590 19140 19999 I DFInstaObserve: !toggles +blocked disable_feed=0 disable_explore=0 disable_reels=1 disable_stories=0 disable_adds=0
08-13 23:25:15.600 19140 19997 I DFInstaObserve: !toggles +blocked disable_feed=0 disable_explore=0 disable_reels=1 disable_stories=0 disable_adds=0
08-13 23:25:15.614 19140 19311 I DFInstaObserve: !toggles +blocked disable_feed=0 disable_explore=0 disable_reels=1 disable_stories=0 disable_adds=0
08-13 23:25:15.627 19140 19999 I DFInstaObserve: !toggles +blocked disable_feed=0 disable_explore=0 disable_reels=1 disable_stories=0 disable_adds=0
08-13 23:25:15.631 19140 19997 I DFInstaObserve: !toggles +blocked disable_feed=0 disable_explore=0 disable_reels=1 disable_stories=0 disable_adds=0
08-13 23:25:15.645 19140 19311 I DFInstaObserve: !toggles +blocked disable_feed=0 disable_explore=0 disable_reels=1 disable_stories=0 disable_adds=0
08-13 23:25:15.658 19140 19997 I DFInstaObserve: !toggles +blocked disable_feed=0 disable_explore=0 disable_reels=1 disable_stories=0 disable_adds=0
08-13 23:25:15.698 19140 19311 I DFInstaObserve: !toggles +blocked disable_feed=0 disable_explore=0 disable_reels=1 disable_stories=0 disable_adds=0
08-13 23:25:15.729 19140 19311 I DFInstaObserve: !toggles +blocked disable_feed=0 disable_explore=0 disable_reels=1 disable_stories=0 disable_adds=0
08-13 23:25:15.777 19140 19311 I DFInstaObserve: !toggles +blocked disable_feed=0 disable_explore=0 disable_reels=1 disable_stories=0 disable_adds=0
08-13 23:25:15.810 19140 19311 I DFInstaObserve: !toggles +blocked disable_feed=0 disable_explore=0 disable_reels=1 disable_stories=0 disable_adds=0
08-13 23:25:16.104 19140 19311 I DFInstaObserve: !toggles +blocked disable_feed=0 disable_explore=0 disable_reels=1 disable_stories=0 disable_adds=0
08-13 23:25:16.141 19140 19311 I DFInstaObserve: !toggles +blocked disable_feed=0 disable_explore=0 disable_reels=1 disable_stories=0 disable_adds=0
08-13 23:25:16.432 19140 19311 I DFInstaObserve: !toggles +blocked disable_feed=0 disable_explore=0 disable_reels=1 disable_stories=0 disable_adds=0
08-13 23:25:17.057 19140 20055 I DFInstaObserve: !toggles +blocked disable_feed=0 disable_explore=0 disable_reels=1 disable_stories=0 disable_adds=0
08-13 23:25:17.080 19140 20055 I DFInstaObserve: !toggles +blocked disable_feed=0 disable_explore=0 disable_reels=1 disable_stories=0 disable_adds=0
08-13 23:25:17.162 19140 20064 I DFInstaObserve: !toggles +blocked disable_feed=0 disable_explore=0 disable_reels=1 disable_stories=0 disable_adds=0
08-13 23:25:17.250 19140 20064 I DFInstaObserve: !toggles +blocked disable_feed=0 disable_explore=0 disable_reels=1 disable_stories=0 disable_adds=0
08-13 23:25:18.077 19140 19867 I DFInstaObserve: !toggles +blocked disable_feed=0 disable_explore=0 disable_reels=1 disable_stories=0 disable_adds=0
08-13 23:25:18.077 19140 19867 I DFInstaObserve: /discover/topical_explore
08-13 23:25:18.466 19140 20103 I DFInstaObserve: !toggles +blocked disable_feed=0 disable_explore=0 disable_reels=1 disable_stories=0 disable_adds=0
08-13 23:25:19.979 19140 19176 I DFInstaObserve: !toggles +blocked disable_feed=0 disable_explore=0 disable_reels=1 disable_stories=0 disable_adds=0
08-13 23:25:19.983 19140 19177 I DFInstaObserve: !toggles +blocked disable_feed=0 disable_explore=0 disable_reels=1 disable_stories=0 disable_adds=0
08-13 23:25:20.005 19140 20119 I DFInstaObserve: !toggles +blocked disable_feed=0 disable_explore=0 disable_reels=1 disable_stories=0 disable_adds=0
08-13 23:25:20.005 19140 19311 I DFInstaObserve: !toggles +blocked disable_feed=0 disable_explore=0 disable_reels=1 disable_stories=0 disable_adds=0
08-13 23:25:20.015 19140 19929 I DFInstaObserve: !toggles +blocked disable_feed=0 disable_explore=0 disable_reels=1 disable_stories=0 disable_adds=0
08-13 23:25:20.028 19140 19929 I DFInstaObserve: !toggles +blocked disable_feed=0 disable_explore=0 disable_reels=1 disable_stories=0 disable_adds=0
08-13 23:25:20.049 19140 19929 I DFInstaObserve: !toggles +blocked disable_feed=0 disable_explore=0 disable_reels=1 disable_stories=0 disable_adds=0
08-13 23:25:20.145 19140 19997 I DFInstaObserve: !toggles +blocked disable_feed=0 disable_explore=0 disable_reels=1 disable_stories=0 disable_adds=0
08-13 23:25:20.211 19140 19929 I DFInstaObserve: !toggles +blocked disable_feed=0 disable_explore=0 disable_reels=1 disable_stories=0 disable_adds=0
08-13 23:25:20.215 19140 20089 I DFInstaObserve: !toggles +blocked disable_feed=0 disable_explore=0 disable_reels=1 disable_stories=0 disable_adds=0
08-13 23:25:20.223 19140 19311 I DFInstaObserve: !toggles +blocked disable_feed=0 disable_explore=0 disable_reels=1 disable_stories=0 disable_adds=0
08-13 23:25:20.234 19140 20089 I DFInstaObserve: !toggles +blocked disable_feed=0 disable_explore=0 disable_reels=1 disable_stories=0 disable_adds=0
08-13 23:25:20.242 19140 20089 I DFInstaObserve: !toggles +blocked disable_feed=0 disable_explore=0 disable_reels=1 disable_stories=0 disable_adds=0
08-13 23:25:20.258 19140 19311 I DFInstaObserve: !toggles +blocked disable_feed=0 disable_explore=0 disable_reels=1 disable_stories=0 disable_adds=0
08-13 23:25:20.260 19140 20089 I DFInstaObserve: !toggles +blocked disable_feed=0 disable_explore=0 disable_reels=1 disable_stories=0 disable_adds=0
08-13 23:25:20.266 19140 19929 I DFInstaObserve: !toggles +blocked disable_feed=0 disable_explore=0 disable_reels=1 disable_stories=0 disable_adds=0
08-13 23:25:20.295 19140 19997 I DFInstaObserve: !toggles +blocked disable_feed=0 disable_explore=0 disable_reels=1 disable_stories=0 disable_adds=0
08-13 23:25:20.299 19140 19929 I DFInstaObserve: !toggles +blocked disable_feed=0 disable_explore=0 disable_reels=1 disable_stories=0 disable_adds=0
08-13 23:25:20.334 19140 19929 I DFInstaObserve: !toggles +blocked disable_feed=0 disable_explore=0 disable_reels=1 disable_stories=0 disable_adds=0
08-13 23:25:20.345 19140 20119 I DFInstaObserve: !toggles +blocked disable_feed=0 disable_explore=0 disable_reels=1 disable_stories=0 disable_adds=0
08-13 23:25:20.370 19140 20119 I DFInstaObserve: !toggles +blocked disable_feed=0 disable_explore=0 disable_reels=1 disable_stories=0 disable_adds=0
08-13 23:25:20.482 19140 19311 I DFInstaObserve: !toggles +blocked disable_feed=0 disable_explore=0 disable_reels=1 disable_stories=0 disable_adds=0
08-13 23:25:20.517 19140 19311 I DFInstaObserve: !toggles +blocked disable_feed=0 disable_explore=0 disable_reels=1 disable_stories=0 disable_adds=0
08-13 23:25:20.542 19140 20102 I DFInstaObserve: !toggles +blocked disable_feed=0 disable_explore=0 disable_reels=1 disable_stories=0 disable_adds=0
08-13 23:25:20.748 19140 19311 I DFInstaObserve: !toggles +blocked disable_feed=0 disable_explore=0 disable_reels=1 disable_stories=0 disable_adds=0
08-13 23:25:20.762 19140 20109 I DFInstaObserve: !toggles +blocked disable_feed=0 disable_explore=0 disable_reels=1 disable_stories=0 disable_adds=0
08-13 23:25:20.790 19140 19311 I DFInstaObserve: !toggles +blocked disable_feed=0 disable_explore=0 disable_reels=1 disable_stories=0 disable_adds=0
08-13 23:25:20.884 19140 19311 I DFInstaObserve: !toggles +blocked disable_feed=0 disable_explore=0 disable_reels=1 disable_stories=0 disable_adds=0
08-13 23:25:20.911 19140 19311 I DFInstaObserve: !toggles +blocked disable_feed=0 disable_explore=0 disable_reels=1 disable_stories=0 disable_adds=0
08-13 23:25:21.514 19140 20119 I DFInstaObserve: !toggles +blocked disable_feed=0 disable_explore=0 disable_reels=1 disable_stories=0 disable_adds=0
08-13 23:25:21.551 19140 19311 I DFInstaObserve: !toggles +blocked disable_feed=0 disable_explore=0 disable_reels=1 disable_stories=0 disable_adds=0
08-13 23:25:21.588 19140 19311 I DFInstaObserve: !toggles +blocked disable_feed=0 disable_explore=0 disable_reels=1 disable_stories=0 disable_adds=0
08-13 23:25:21.647 19140 19177 I DFInstaObserve: !toggles +blocked disable_feed=0 disable_explore=0 disable_reels=1 disable_stories=0 disable_adds=0
08-13 23:25:21.650 19140 19177 I DFInstaObserve: !toggles +blocked disable_feed=0 disable_explore=0 disable_reels=1 disable_stories=0 disable_adds=0
08-13 23:25:21.657 19140 19311 I DFInstaObserve: !toggles +blocked disable_feed=0 disable_explore=0 disable_reels=1 disable_stories=0 disable_adds=0
08-13 23:25:21.693 19140 20141 I DFInstaObserve: !toggles +blocked disable_feed=0 disable_explore=0 disable_reels=1 disable_stories=0 disable_adds=0
08-13 23:25:21.698 19140 19929 I DFInstaObserve: !toggles +blocked disable_feed=0 disable_explore=0 disable_reels=1 disable_stories=0 disable_adds=0
08-13 23:25:21.728 19140 20089 I DFInstaObserve: !toggles +blocked disable_feed=0 disable_explore=0 disable_reels=1 disable_stories=0 disable_adds=0
08-13 23:25:21.735 19140 19177 I DFInstaObserve: !toggles +blocked disable_feed=0 disable_explore=0 disable_reels=1 disable_stories=0 disable_adds=0
08-13 23:25:21.760 19140 19343 I DFInstaObserve: !toggles +blocked disable_feed=0 disable_explore=0 disable_reels=1 disable_stories=0 disable_adds=0
08-13 23:25:21.912 19140 19343 I DFInstaObserve: !toggles +blocked disable_feed=0 disable_explore=0 disable_reels=1 disable_stories=0 disable_adds=0
08-13 23:25:23.966 19140 20152 I DFInstaObserve: !toggles +blocked disable_feed=0 disable_explore=0 disable_reels=1 disable_stories=0 disable_adds=0
08-13 23:25:23.967 19140 20153 I DFInstaObserve: !toggles +blocked disable_feed=0 disable_explore=0 disable_reels=1 disable_stories=0 disable_adds=0
08-13 23:25:29.489 19140 20119 I DFInstaObserve: !toggles +blocked disable_feed=0 disable_explore=0 disable_reels=1 disable_stories=0 disable_adds=0
08-13 23:25:29.888 19140 19176 I DFInstaObserve: !toggles +blocked disable_feed=0 disable_explore=0 disable_reels=1 disable_stories=0 disable_adds=0
08-13 23:25:29.920 19140 20119 I DFInstaObserve: !toggles +blocked disable_feed=0 disable_explore=0 disable_reels=1 disable_stories=0 disable_adds=0
08-13 23:25:31.995 19140 20189 I DFInstaObserve: !toggles +blocked disable_feed=0 disable_explore=0 disable_reels=1 disable_stories=0 disable_adds=0
08-13 23:25:32.000 19140 20188 I DFInstaObserve: !toggles +blocked disable_feed=0 disable_explore=0 disable_reels=1 disable_stories=0 disable_adds=0
08-13 23:25:32.789 19140 20141 I DFInstaObserve: !toggles +blocked disable_feed=0 disable_explore=0 disable_reels=1 disable_stories=0 disable_adds=0
08-13 23:25:35.320 19140 20266 I DFInstaObserve: !toggles +blocked disable_feed=0 disable_explore=0 disable_reels=1 disable_stories=0 disable_adds=0
08-13 23:25:35.320 19140 20265 I DFInstaObserve: !toggles +blocked disable_feed=0 disable_explore=0 disable_reels=1 disable_stories=0 disable_adds=0
08-13 23:25:36.091 19140 20141 I DFInstaObserve: !toggles +blocked disable_feed=0 disable_explore=0 disable_reels=1 disable_stories=0 disable_adds=0
08-13 23:25:36.373 19140 19311 I DFInstaObserve: !toggles +blocked disable_feed=0 disable_explore=0 disable_reels=1 disable_stories=0 disable_adds=0
08-13 23:25:37.310 19140 19311 I DFInstaObserve: !toggles +blocked disable_feed=0 disable_explore=0 disable_reels=1 disable_stories=0 disable_adds=0
08-13 23:25:38.649 19140 20300 I DFInstaObserve: !toggles +blocked disable_feed=0 disable_explore=0 disable_reels=1 disable_stories=0 disable_adds=0
08-13 23:25:38.650 19140 20297 I DFInstaObserve: !toggles +blocked disable_feed=0 disable_explore=0 disable_reels=1 disable_stories=0 disable_adds=0
08-13 23:25:39.428 19140 19929 I DFInstaObserve: !toggles +blocked disable_feed=0 disable_explore=0 disable_reels=1 disable_stories=0 disable_adds=0
08-13 23:25:39.704 19140 19311 I DFInstaObserve: !toggles +blocked disable_feed=0 disable_explore=0 disable_reels=1 disable_stories=0 disable_adds=0
08-13 23:25:39.842 19140 19311 I DFInstaObserve: !toggles +blocked disable_feed=0 disable_explore=0 disable_reels=1 disable_stories=0 disable_adds=0
08-13 23:25:41.926 19140 20334 I DFInstaObserve: !toggles +blocked disable_feed=0 disable_explore=0 disable_reels=1 disable_stories=0 disable_adds=0
08-13 23:25:41.926 19140 20335 I DFInstaObserve: !toggles +blocked disable_feed=0 disable_explore=0 disable_reels=1 disable_stories=0 disable_adds=0
08-13 23:25:42.733 19140 20089 I DFInstaObserve: !toggles +blocked disable_feed=0 disable_explore=0 disable_reels=1 disable_stories=0 disable_adds=0
08-13 23:25:43.045 19140 19311 I DFInstaObserve: !toggles +blocked disable_feed=0 disable_explore=0 disable_reels=1 disable_stories=0 disable_adds=0
08-13 23:25:43.187 19140 19311 I DFInstaObserve: !toggles +blocked disable_feed=0 disable_explore=0 disable_reels=1 disable_stories=0 disable_adds=0
08-13 23:25:45.283 19140 20369 I DFInstaObserve: !toggles +blocked disable_feed=0 disable_explore=0 disable_reels=1 disable_stories=0 disable_adds=0
08-13 23:25:45.283 19140 20370 I DFInstaObserve: !toggles +blocked disable_feed=0 disable_explore=0 disable_reels=1 disable_stories=0 disable_adds=0
08-13 23:25:46.006 19140 19929 I DFInstaObserve: !toggles +blocked disable_feed=0 disable_explore=0 disable_reels=1 disable_stories=0 disable_adds=0
08-13 23:25:46.322 19140 19343 I DFInstaObserve: !toggles +blocked disable_feed=0 disable_explore=0 disable_reels=1 disable_stories=0 disable_adds=0
08-13 23:25:51.739 19140 19929 I DFInstaObserve: !toggles +blocked disable_feed=0 disable_explore=0 disable_reels=1 disable_stories=0 disable_adds=0
08-13 23:26:09.031 19140 20119 I DFInstaObserve: !toggles +blocked disable_feed=0 disable_explore=0 disable_reels=1 disable_stories=0 disable_adds=0
08-13 23:26:09.031 19140 20119 I DFInstaObserve: /feed/timeline/
08-13 23:26:10.963 19140 19177 I DFInstaObserve: !toggles +blocked disable_feed=0 disable_explore=0 disable_reels=1 disable_stories=0 disable_adds=0
08-13 23:26:10.967 19140 19177 I DFInstaObserve: !toggles +blocked disable_feed=0 disable_explore=0 disable_reels=1 disable_stories=0 disable_adds=0
08-13 23:26:11.008 19140 20538 I DFInstaObserve: !toggles +blocked disable_feed=0 disable_explore=0 disable_reels=1 disable_stories=0 disable_adds=0
08-13 23:26:11.008 19140 20538 I DFInstaObserve: /feed/timeline/
08-13 23:26:11.045 19140 20148 I DFInstaObserve: !toggles +blocked disable_feed=0 disable_explore=0 disable_reels=1 disable_stories=0 disable_adds=0
08-13 23:26:11.052 19140 20119 I DFInstaObserve: !toggles +blocked disable_feed=0 disable_explore=0 disable_reels=1 disable_stories=0 disable_adds=0
08-13 23:26:11.125 19140 19929 I DFInstaObserve: !toggles +blocked disable_feed=0 disable_explore=0 disable_reels=1 disable_stories=0 disable_adds=0
08-13 23:26:11.135 19140 20119 I DFInstaObserve: !toggles +blocked disable_feed=0 disable_explore=0 disable_reels=1 disable_stories=0 disable_adds=0
08-13 23:26:11.158 19140 19311 I DFInstaObserve: !toggles +blocked disable_feed=0 disable_explore=0 disable_reels=1 disable_stories=0 disable_adds=0
08-13 23:26:11.168 19140 19929 I DFInstaObserve: !toggles +blocked disable_feed=0 disable_explore=0 disable_reels=1 disable_stories=0 disable_adds=0
08-13 23:26:12.404 19140 19176 I DFInstaObserve: !toggles +blocked disable_feed=0 disable_explore=0 disable_reels=1 disable_stories=0 disable_adds=0
08-13 23:26:12.726 19140 19176 I DFInstaObserve: !toggles +blocked disable_feed=0 disable_explore=0 disable_reels=1 disable_stories=0 disable_adds=0
08-13 23:26:12.735 19140 19176 I DFInstaObserve: !toggles +blocked disable_feed=0 disable_explore=0 disable_reels=1 disable_stories=0 disable_adds=0
08-13 23:26:12.837 19140 20148 I DFInstaObserve: !toggles +blocked disable_feed=0 disable_explore=0 disable_reels=1 disable_stories=0 disable_adds=0
08-13 23:26:12.874 19140 20148 I DFInstaObserve: !toggles +blocked disable_feed=0 disable_explore=0 disable_reels=1 disable_stories=0 disable_adds=0
08-13 23:26:12.880 19140 19929 I DFInstaObserve: !toggles +blocked disable_feed=0 disable_explore=0 disable_reels=1 disable_stories=0 disable_adds=0
08-13 23:26:12.921 19140 20119 I DFInstaObserve: !toggles +blocked disable_feed=0 disable_explore=0 disable_reels=1 disable_stories=0 disable_adds=0
08-13 23:26:12.965 19140 19311 I DFInstaObserve: !toggles +blocked disable_feed=0 disable_explore=0 disable_reels=1 disable_stories=0 disable_adds=0
08-13 23:26:13.025 19140 19311 I DFInstaObserve: !toggles +blocked disable_feed=0 disable_explore=0 disable_reels=1 disable_stories=0 disable_adds=0
08-13 23:26:15.734 19140 19177 I DFInstaObserve: !toggles +blocked disable_feed=0 disable_explore=0 disable_reels=1 disable_stories=0 disable_adds=0
08-13 23:26:19.052 19140 19177 I DFInstaObserve: !toggles +blocked disable_feed=0 disable_explore=0 disable_reels=1 disable_stories=0 disable_adds=0
08-13 23:26:22.419 19140 19343 I DFInstaObserve: !toggles +blocked disable_feed=0 disable_explore=0 disable_reels=1 disable_stories=0 disable_adds=0
08-13 23:26:26.685 19140 20700 I DFInstaObserve: !toggles +blocked disable_feed=0 disable_explore=0 disable_reels=1 disable_stories=0 disable_adds=0
08-13 23:26:26.709 19140 20700 I DFInstaObserve: !toggles +blocked disable_feed=0 disable_explore=0 disable_reels=1 disable_stories=0 disable_adds=0
08-13 23:26:30.151 19140 20148 I DFInstaObserve: !toggles +blocked disable_feed=0 disable_explore=0 disable_reels=1 disable_stories=0 disable_adds=0
08-13 23:26:30.151 19140 20148 I DFInstaObserve: /discover/topical_explore
08-13 23:26:30.862 19140 20764 I DFInstaObserve: !toggles +blocked disable_feed=0 disable_explore=0 disable_reels=1 disable_stories=0 disable_adds=0
08-13 23:26:32.802 19140 20753 I DFInstaObserve: !toggles +blocked disable_feed=0 disable_explore=0 disable_reels=1 disable_stories=0 disable_adds=0
08-13 23:26:32.861 19140 20753 I DFInstaObserve: !toggles +blocked disable_feed=0 disable_explore=0 disable_reels=1 disable_stories=0 disable_adds=0
08-13 23:26:32.877 19140 20746 I DFInstaObserve: !toggles +blocked disable_feed=0 disable_explore=0 disable_reels=1 disable_stories=0 disable_adds=0
08-13 23:26:33.326 19140 20774 I DFInstaObserve: !toggles +blocked disable_feed=0 disable_explore=0 disable_reels=1 disable_stories=0 disable_adds=0
08-13 23:26:33.329 19140 19176 I DFInstaObserve: !toggles +blocked disable_feed=0 disable_explore=0 disable_reels=1 disable_stories=0 disable_adds=0
08-13 23:26:33.359 19140 20148 I DFInstaObserve: !toggles +blocked disable_feed=0 disable_explore=0 disable_reels=1 disable_stories=0 disable_adds=0
08-13 23:26:33.360 19140 19311 I DFInstaObserve: !toggles +blocked disable_feed=0 disable_explore=0 disable_reels=1 disable_stories=0 disable_adds=0
08-13 23:26:33.372 19140 20141 I DFInstaObserve: !toggles +blocked disable_feed=0 disable_explore=0 disable_reels=1 disable_stories=0 disable_adds=0
08-13 23:26:33.392 19140 20148 I DFInstaObserve: !toggles +blocked disable_feed=0 disable_explore=0 disable_reels=1 disable_stories=0 disable_adds=0
08-13 23:26:33.411 19140 20148 I DFInstaObserve: !toggles +blocked disable_feed=0 disable_explore=0 disable_reels=1 disable_stories=0 disable_adds=0
08-13 23:26:33.444 19140 20119 I DFInstaObserve: !toggles +blocked disable_feed=0 disable_explore=0 disable_reels=1 disable_stories=0 disable_adds=0
08-13 23:26:33.457 19140 20148 I DFInstaObserve: !toggles +blocked disable_feed=0 disable_explore=0 disable_reels=1 disable_stories=0 disable_adds=0
08-13 23:26:33.500 19140 20119 I DFInstaObserve: !toggles +blocked disable_feed=0 disable_explore=0 disable_reels=1 disable_stories=0 disable_adds=0
08-13 23:26:33.510 19140 19929 I DFInstaObserve: !toggles +blocked disable_feed=0 disable_explore=0 disable_reels=1 disable_stories=0 disable_adds=0
08-13 23:26:33.510 19140 20538 I DFInstaObserve: !toggles +blocked disable_feed=0 disable_explore=0 disable_reels=1 disable_stories=0 disable_adds=0
08-13 23:26:33.510 19140 20538 I DFInstaObserve: /discover/topical_explore
08-13 23:26:33.536 19140 20119 I DFInstaObserve: !toggles +blocked disable_feed=0 disable_explore=0 disable_reels=1 disable_stories=0 disable_adds=0
08-13 23:26:33.552 19140 20119 I DFInstaObserve: !toggles +blocked disable_feed=0 disable_explore=0 disable_reels=1 disable_stories=0 disable_adds=0
08-13 23:26:33.576 19140 20783 I DFInstaObserve: !toggles +blocked disable_feed=0 disable_explore=0 disable_reels=1 disable_stories=0 disable_adds=0
08-13 23:26:33.599 19140 20119 I DFInstaObserve: !toggles +blocked disable_feed=0 disable_explore=0 disable_reels=1 disable_stories=0 disable_adds=0
08-13 23:26:33.609 19140 20783 I DFInstaObserve: !toggles +blocked disable_feed=0 disable_explore=0 disable_reels=1 disable_stories=0 disable_adds=0
08-13 23:26:33.637 19140 20148 I DFInstaObserve: !toggles +blocked disable_feed=0 disable_explore=0 disable_reels=1 disable_stories=0 disable_adds=0
08-13 23:26:33.643 19140 20119 I DFInstaObserve: !toggles +blocked disable_feed=0 disable_explore=0 disable_reels=1 disable_stories=0 disable_adds=0
08-13 23:26:33.679 19140 20785 I DFInstaObserve: !toggles +blocked disable_feed=0 disable_explore=0 disable_reels=1 disable_stories=0 disable_adds=0
08-13 23:26:33.963 19140 19311 I DFInstaObserve: !toggles +blocked disable_feed=0 disable_explore=0 disable_reels=1 disable_stories=0 disable_adds=0
08-13 23:26:34.014 19140 19311 I DFInstaObserve: !toggles +blocked disable_feed=0 disable_explore=0 disable_reels=1 disable_stories=0 disable_adds=0
08-13 23:26:34.159 19140 19311 I DFInstaObserve: !toggles +blocked disable_feed=0 disable_explore=0 disable_reels=1 disable_stories=0 disable_adds=0
08-13 23:26:34.234 19140 19311 I DFInstaObserve: !toggles +blocked disable_feed=0 disable_explore=0 disable_reels=1 disable_stories=0 disable_adds=0
08-13 23:26:34.642 19140 19311 I DFInstaObserve: !toggles +blocked disable_feed=0 disable_explore=0 disable_reels=1 disable_stories=0 disable_adds=0
08-13 23:26:34.697 19140 19311 I DFInstaObserve: !toggles +blocked disable_feed=0 disable_explore=0 disable_reels=1 disable_stories=0 disable_adds=0
08-13 23:26:34.730 19140 19311 I DFInstaObserve: !toggles +blocked disable_feed=0 disable_explore=0 disable_reels=1 disable_stories=0 disable_adds=0
08-13 23:26:34.762 19140 19311 I DFInstaObserve: !toggles +blocked disable_feed=0 disable_explore=0 disable_reels=1 disable_stories=0 disable_adds=0
08-13 23:26:35.081 19140 19311 I DFInstaObserve: !toggles +blocked disable_feed=0 disable_explore=0 disable_reels=1 disable_stories=0 disable_adds=0
08-13 23:26:35.126 19140 19311 I DFInstaObserve: !toggles +blocked disable_feed=0 disable_explore=0 disable_reels=1 disable_stories=0 disable_adds=0
08-13 23:26:35.243 19140 19311 I DFInstaObserve: !toggles +blocked disable_feed=0 disable_explore=0 disable_reels=1 disable_stories=0 disable_adds=0
08-13 23:26:35.691 19140 20762 I DFInstaObserve: !toggles +blocked disable_feed=0 disable_explore=0 disable_reels=1 disable_stories=0 disable_adds=0
08-13 23:26:35.806 19140 20788 I DFInstaObserve: !toggles +blocked disable_feed=0 disable_explore=0 disable_reels=1 disable_stories=0 disable_adds=0
08-13 23:26:35.849 19140 20806 I DFInstaObserve: !toggles +blocked disable_feed=0 disable_explore=0 disable_reels=1 disable_stories=0 disable_adds=0
08-13 23:26:35.866 19140 20774 I DFInstaObserve: !toggles +blocked disable_feed=0 disable_explore=0 disable_reels=1 disable_stories=0 disable_adds=0
08-13 23:26:35.968 19140 19311 I DFInstaObserve: !toggles +blocked disable_feed=0 disable_explore=0 disable_reels=1 disable_stories=0 disable_adds=0
08-13 23:26:35.968 19140 20119 I DFInstaObserve: !toggles +blocked disable_feed=0 disable_explore=0 disable_reels=1 disable_stories=0 disable_adds=0
08-13 23:26:35.991 19140 20785 I DFInstaObserve: !toggles +blocked disable_feed=0 disable_explore=0 disable_reels=1 disable_stories=0 disable_adds=0
08-13 23:26:36.060 19140 20538 I DFInstaObserve: !toggles +blocked disable_feed=0 disable_explore=0 disable_reels=1 disable_stories=0 disable_adds=0
08-13 23:26:36.094 19140 20785 I DFInstaObserve: !toggles +blocked disable_feed=0 disable_explore=0 disable_reels=1 disable_stories=0 disable_adds=0
08-13 23:26:36.115 19140 20785 I DFInstaObserve: !toggles +blocked disable_feed=0 disable_explore=0 disable_reels=1 disable_stories=0 disable_adds=0
08-13 23:26:36.156 19140 20141 I DFInstaObserve: !toggles +blocked disable_feed=0 disable_explore=0 disable_reels=1 disable_stories=0 disable_adds=0
08-13 23:26:36.162 19140 20538 I DFInstaObserve: !toggles +blocked disable_feed=0 disable_explore=0 disable_reels=1 disable_stories=0 disable_adds=0
08-13 23:26:36.206 19140 20538 I DFInstaObserve: !toggles +blocked disable_feed=0 disable_explore=0 disable_reels=1 disable_stories=0 disable_adds=0
08-13 23:26:36.214 19140 20141 I DFInstaObserve: !toggles +blocked disable_feed=0 disable_explore=0 disable_reels=1 disable_stories=0 disable_adds=0
08-13 23:26:36.260 19140 20785 I DFInstaObserve: !toggles +blocked disable_feed=0 disable_explore=0 disable_reels=1 disable_stories=0 disable_adds=0
08-13 23:26:36.276 19140 20141 I DFInstaObserve: !toggles +blocked disable_feed=0 disable_explore=0 disable_reels=1 disable_stories=0 disable_adds=0
08-13 23:26:36.306 19140 20141 I DFInstaObserve: !toggles +blocked disable_feed=0 disable_explore=0 disable_reels=1 disable_stories=0 disable_adds=0
08-13 23:26:36.329 19140 20538 I DFInstaObserve: !toggles +blocked disable_feed=0 disable_explore=0 disable_reels=1 disable_stories=0 disable_adds=0
08-13 23:26:36.352 19140 20141 I DFInstaObserve: !toggles +blocked disable_feed=0 disable_explore=0 disable_reels=1 disable_stories=0 disable_adds=0
08-13 23:26:36.363 19140 20538 I DFInstaObserve: !toggles +blocked disable_feed=0 disable_explore=0 disable_reels=1 disable_stories=0 disable_adds=0
08-13 23:26:36.640 19140 19311 I DFInstaObserve: !toggles +blocked disable_feed=0 disable_explore=0 disable_reels=1 disable_stories=0 disable_adds=0
08-13 23:26:36.672 19140 19311 I DFInstaObserve: !toggles +blocked disable_feed=0 disable_explore=0 disable_reels=1 disable_stories=0 disable_adds=0
08-13 23:26:36.846 19140 19311 I DFInstaObserve: !toggles +blocked disable_feed=0 disable_explore=0 disable_reels=1 disable_stories=0 disable_adds=0
08-13 23:26:36.887 19140 19311 I DFInstaObserve: !toggles +blocked disable_feed=0 disable_explore=0 disable_reels=1 disable_stories=0 disable_adds=0
08-13 23:26:37.246 19140 19311 I DFInstaObserve: !toggles +blocked disable_feed=0 disable_explore=0 disable_reels=1 disable_stories=0 disable_adds=0
08-13 23:26:37.308 19140 20141 I DFInstaObserve: !toggles +blocked disable_feed=0 disable_explore=0 disable_reels=1 disable_stories=0 disable_adds=0
08-13 23:26:37.308 19140 20141 I DFInstaObserve: /discover/topical_explore
08-13 23:26:37.326 19140 19311 I DFInstaObserve: !toggles +blocked disable_feed=0 disable_explore=0 disable_reels=1 disable_stories=0 disable_adds=0
08-13 23:26:37.524 19140 19311 I DFInstaObserve: !toggles +blocked disable_feed=0 disable_explore=0 disable_reels=1 disable_stories=0 disable_adds=0
08-13 23:26:37.568 19140 19311 I DFInstaObserve: !toggles +blocked disable_feed=0 disable_explore=0 disable_reels=1 disable_stories=0 disable_adds=0
08-13 23:26:37.777 19140 19311 I DFInstaObserve: !toggles +blocked disable_feed=0 disable_explore=0 disable_reels=1 disable_stories=0 disable_adds=0
08-13 23:26:37.816 19140 19311 I DFInstaObserve: !toggles +blocked disable_feed=0 disable_explore=0 disable_reels=1 disable_stories=0 disable_adds=0
08-13 23:26:37.866 19140 19311 I DFInstaObserve: !toggles +blocked disable_feed=0 disable_explore=0 disable_reels=1 disable_stories=0 disable_adds=0
08-13 23:26:39.448 19140 20843 I DFInstaObserve: !toggles +blocked disable_feed=0 disable_explore=0 disable_reels=1 disable_stories=0 disable_adds=0
08-13 23:26:39.484 19140 20843 I DFInstaObserve: !toggles +blocked disable_feed=0 disable_explore=0 disable_reels=1 disable_stories=0 disable_adds=0
08-13 23:26:39.519 19140 20836 I DFInstaObserve: !toggles +blocked disable_feed=0 disable_explore=0 disable_reels=1 disable_stories=0 disable_adds=0
08-13 23:26:39.619 19140 20850 I DFInstaObserve: !toggles +blocked disable_feed=0 disable_explore=0 disable_reels=1 disable_stories=0 disable_adds=0
08-13 23:26:40.021 19140 20806 I DFInstaObserve: !toggles +blocked disable_feed=0 disable_explore=0 disable_reels=1 disable_stories=0 disable_adds=0
08-13 23:26:40.024 19140 20774 I DFInstaObserve: !toggles +blocked disable_feed=0 disable_explore=0 disable_reels=1 disable_stories=0 disable_adds=0
08-13 23:26:40.043 19140 19311 I DFInstaObserve: !toggles +blocked disable_feed=0 disable_explore=0 disable_reels=1 disable_stories=0 disable_adds=0
08-13 23:26:40.056 19140 20538 I DFInstaObserve: !toggles +blocked disable_feed=0 disable_explore=0 disable_reels=1 disable_stories=0 disable_adds=0
08-13 23:26:40.060 19140 20141 I DFInstaObserve: !toggles +blocked disable_feed=0 disable_explore=0 disable_reels=1 disable_stories=0 disable_adds=0
08-13 23:26:40.104 19140 20782 I DFInstaObserve: !toggles +blocked disable_feed=0 disable_explore=0 disable_reels=1 disable_stories=0 disable_adds=0
08-13 23:26:40.109 19140 20833 I DFInstaObserve: !toggles +blocked disable_feed=0 disable_explore=0 disable_reels=1 disable_stories=0 disable_adds=0
08-13 23:26:40.165 19140 20538 I DFInstaObserve: !toggles +blocked disable_feed=0 disable_explore=0 disable_reels=1 disable_stories=0 disable_adds=0
08-13 23:26:40.170 19140 20833 I DFInstaObserve: !toggles +blocked disable_feed=0 disable_explore=0 disable_reels=1 disable_stories=0 disable_adds=0
08-13 23:26:40.202 19140 20782 I DFInstaObserve: !toggles +blocked disable_feed=0 disable_explore=0 disable_reels=1 disable_stories=0 disable_adds=0
08-13 23:26:40.212 19140 20874 I DFInstaObserve: !toggles +blocked disable_feed=0 disable_explore=0 disable_reels=1 disable_stories=0 disable_adds=0
08-13 23:26:40.237 19140 20782 I DFInstaObserve: !toggles +blocked disable_feed=0 disable_explore=0 disable_reels=1 disable_stories=0 disable_adds=0
08-13 23:26:40.280 19140 20874 I DFInstaObserve: !toggles +blocked disable_feed=0 disable_explore=0 disable_reels=1 disable_stories=0 disable_adds=0
08-13 23:26:40.298 19140 20874 I DFInstaObserve: !toggles +blocked disable_feed=0 disable_explore=0 disable_reels=1 disable_stories=0 disable_adds=0
08-13 23:26:40.325 19140 20782 I DFInstaObserve: !toggles +blocked disable_feed=0 disable_explore=0 disable_reels=1 disable_stories=0 disable_adds=0
08-13 23:26:40.382 19140 19311 I DFInstaObserve: !toggles +blocked disable_feed=0 disable_explore=0 disable_reels=1 disable_stories=0 disable_adds=0
08-13 23:26:40.393 19140 20833 I DFInstaObserve: !toggles +blocked disable_feed=0 disable_explore=0 disable_reels=1 disable_stories=0 disable_adds=0
08-13 23:26:40.401 19140 20874 I DFInstaObserve: !toggles +blocked disable_feed=0 disable_explore=0 disable_reels=1 disable_stories=0 disable_adds=0
08-13 23:26:40.430 19140 20874 I DFInstaObserve: !toggles +blocked disable_feed=0 disable_explore=0 disable_reels=1 disable_stories=0 disable_adds=0
08-13 23:26:40.437 19140 20538 I DFInstaObserve: !toggles +blocked disable_feed=0 disable_explore=0 disable_reels=1 disable_stories=0 disable_adds=0
08-13 23:26:40.440 19140 19311 I DFInstaObserve: !toggles +blocked disable_feed=0 disable_explore=0 disable_reels=1 disable_stories=0 disable_adds=0
08-13 23:26:40.608 19140 19311 I DFInstaObserve: !toggles +blocked disable_feed=0 disable_explore=0 disable_reels=1 disable_stories=0 disable_adds=0
08-13 23:26:40.667 19140 19311 I DFInstaObserve: !toggles +blocked disable_feed=0 disable_explore=0 disable_reels=1 disable_stories=0 disable_adds=0
08-13 23:26:40.859 19140 19311 I DFInstaObserve: !toggles +blocked disable_feed=0 disable_explore=0 disable_reels=1 disable_stories=0 disable_adds=0
08-13 23:26:40.906 19140 19311 I DFInstaObserve: !toggles +blocked disable_feed=0 disable_explore=0 disable_reels=1 disable_stories=0 disable_adds=0
08-13 23:26:41.004 19140 19311 I DFInstaObserve: !toggles +blocked disable_feed=0 disable_explore=0 disable_reels=1 disable_stories=0 disable_adds=0
08-13 23:26:41.067 19140 19311 I DFInstaObserve: !toggles +blocked disable_feed=0 disable_explore=0 disable_reels=1 disable_stories=0 disable_adds=0
08-13 23:26:41.574 19140 19311 I DFInstaObserve: !toggles +blocked disable_feed=0 disable_explore=0 disable_reels=1 disable_stories=0 disable_adds=0
08-13 23:26:41.610 19140 19311 I DFInstaObserve: !toggles +blocked disable_feed=0 disable_explore=0 disable_reels=1 disable_stories=0 disable_adds=0
08-13 23:26:41.982 19140 19311 I DFInstaObserve: !toggles +blocked disable_feed=0 disable_explore=0 disable_reels=1 disable_stories=0 disable_adds=0
08-13 23:26:42.679 19140 20883 I DFInstaObserve: !toggles +blocked disable_feed=0 disable_explore=0 disable_reels=1 disable_stories=0 disable_adds=0
08-13 23:26:43.009 19140 20890 I DFInstaObserve: !toggles +blocked disable_feed=0 disable_explore=0 disable_reels=1 disable_stories=0 disable_adds=0
08-13 23:26:43.520 19140 20895 I DFInstaObserve: !toggles +blocked disable_feed=0 disable_explore=0 disable_reels=1 disable_stories=0 disable_adds=0
08-13 23:26:43.520 19140 20895 I DFInstaObserve: /discover/topical_explore
08-13 23:26:45.731 19140 20774 I DFInstaObserve: !toggles +blocked disable_feed=0 disable_explore=0 disable_reels=1 disable_stories=0 disable_adds=0
08-13 23:26:45.735 19140 20806 I DFInstaObserve: !toggles +blocked disable_feed=0 disable_explore=0 disable_reels=1 disable_stories=0 disable_adds=0
08-13 23:26:45.752 19140 19311 I DFInstaObserve: !toggles +blocked disable_feed=0 disable_explore=0 disable_reels=1 disable_stories=0 disable_adds=0
08-13 23:26:45.772 19140 20141 I DFInstaObserve: !toggles +blocked disable_feed=0 disable_explore=0 disable_reels=1 disable_stories=0 disable_adds=0
08-13 23:26:45.775 19140 20943 I DFInstaObserve: !toggles +blocked disable_feed=0 disable_explore=0 disable_reels=1 disable_stories=0 disable_adds=0
08-13 23:26:45.814 19140 20141 I DFInstaObserve: !toggles +blocked disable_feed=0 disable_explore=0 disable_reels=1 disable_stories=0 disable_adds=0
08-13 23:26:45.818 19140 20895 I DFInstaObserve: !toggles +blocked disable_feed=0 disable_explore=0 disable_reels=1 disable_stories=0 disable_adds=0
08-13 23:26:45.846 19140 20895 I DFInstaObserve: !toggles +blocked disable_feed=0 disable_explore=0 disable_reels=1 disable_stories=0 disable_adds=0
08-13 23:26:45.857 19140 20895 I DFInstaObserve: !toggles +blocked disable_feed=0 disable_explore=0 disable_reels=1 disable_stories=0 disable_adds=0
08-13 23:26:45.873 19140 20141 I DFInstaObserve: !toggles +blocked disable_feed=0 disable_explore=0 disable_reels=1 disable_stories=0 disable_adds=0
08-13 23:26:45.889 19140 20895 I DFInstaObserve: !toggles +blocked disable_feed=0 disable_explore=0 disable_reels=1 disable_stories=0 disable_adds=0
08-13 23:26:45.895 19140 19311 I DFInstaObserve: !toggles +blocked disable_feed=0 disable_explore=0 disable_reels=1 disable_stories=0 disable_adds=0
08-13 23:26:45.899 19140 20913 I DFInstaObserve: !toggles +blocked disable_feed=0 disable_explore=0 disable_reels=1 disable_stories=0 disable_adds=0
08-13 23:26:45.916 19140 20913 I DFInstaObserve: !toggles +blocked disable_feed=0 disable_explore=0 disable_reels=1 disable_stories=0 disable_adds=0
08-13 23:26:45.927 19140 20895 I DFInstaObserve: !toggles +blocked disable_feed=0 disable_explore=0 disable_reels=1 disable_stories=0 disable_adds=0
08-13 23:26:45.929 19140 19311 I DFInstaObserve: !toggles +blocked disable_feed=0 disable_explore=0 disable_reels=1 disable_stories=0 disable_adds=0
08-13 23:26:45.944 19140 20895 I DFInstaObserve: !toggles +blocked disable_feed=0 disable_explore=0 disable_reels=1 disable_stories=0 disable_adds=0
08-13 23:26:45.951 19140 20141 I DFInstaObserve: !toggles +blocked disable_feed=0 disable_explore=0 disable_reels=1 disable_stories=0 disable_adds=0
08-13 23:26:45.983 19140 20895 I DFInstaObserve: !toggles +blocked disable_feed=0 disable_explore=0 disable_reels=1 disable_stories=0 disable_adds=0
08-13 23:26:45.987 19140 20943 I DFInstaObserve: !toggles +blocked disable_feed=0 disable_explore=0 disable_reels=1 disable_stories=0 disable_adds=0
08-13 23:26:46.021 19140 20913 I DFInstaObserve: !toggles +blocked disable_feed=0 disable_explore=0 disable_reels=1 disable_stories=0 disable_adds=0
08-13 23:26:46.022 19140 19311 I DFInstaObserve: !toggles +blocked disable_feed=0 disable_explore=0 disable_reels=1 disable_stories=0 disable_adds=0
08-13 23:26:46.058 19140 19311 I DFInstaObserve: !toggles +blocked disable_feed=0 disable_explore=0 disable_reels=1 disable_stories=0 disable_adds=0
08-13 23:26:46.117 19140 20932 I DFInstaObserve: !toggles +blocked disable_feed=0 disable_explore=0 disable_reels=1 disable_stories=0 disable_adds=0
08-13 23:26:46.214 19140 19311 I DFInstaObserve: !toggles +blocked disable_feed=0 disable_explore=0 disable_reels=1 disable_stories=0 disable_adds=0
08-13 23:26:46.248 19140 19311 I DFInstaObserve: !toggles +blocked disable_feed=0 disable_explore=0 disable_reels=1 disable_stories=0 disable_adds=0
08-13 23:26:46.339 19140 19311 I DFInstaObserve: !toggles +blocked disable_feed=0 disable_explore=0 disable_reels=1 disable_stories=0 disable_adds=0
08-13 23:26:46.345 19140 20938 I DFInstaObserve: !toggles +blocked disable_feed=0 disable_explore=0 disable_reels=1 disable_stories=0 disable_adds=0
08-13 23:26:46.402 19140 19311 I DFInstaObserve: !toggles +blocked disable_feed=0 disable_explore=0 disable_reels=1 disable_stories=0 disable_adds=0
08-13 23:26:46.575 19140 19311 I DFInstaObserve: !toggles +blocked disable_feed=0 disable_explore=0 disable_reels=1 disable_stories=0 disable_adds=0
08-13 23:26:46.611 19140 19311 I DFInstaObserve: !toggles +blocked disable_feed=0 disable_explore=0 disable_reels=1 disable_stories=0 disable_adds=0
08-13 23:26:47.039 19140 19311 I DFInstaObserve: !toggles +blocked disable_feed=0 disable_explore=0 disable_reels=1 disable_stories=0 disable_adds=0
08-13 23:26:47.089 19140 19311 I DFInstaObserve: !toggles +blocked disable_feed=0 disable_explore=0 disable_reels=1 disable_stories=0 disable_adds=0
08-13 23:26:47.090 19140 19343 I DFInstaObserve: !toggles +blocked disable_feed=0 disable_explore=0 disable_reels=1 disable_stories=0 disable_adds=0
08-13 23:26:47.224 19140 19343 I DFInstaObserve: !toggles +blocked disable_feed=0 disable_explore=0 disable_reels=1 disable_stories=0 disable_adds=0
08-13 23:26:47.442 19140 19311 I DFInstaObserve: !toggles +blocked disable_feed=0 disable_explore=0 disable_reels=1 disable_stories=0 disable_adds=0
08-13 23:26:49.086 19140 20989 I DFInstaObserve: !toggles +blocked disable_feed=0 disable_explore=0 disable_reels=1 disable_stories=0 disable_adds=0
08-13 23:26:49.088 19140 20979 I DFInstaObserve: !toggles +blocked disable_feed=0 disable_explore=0 disable_reels=1 disable_stories=0 disable_adds=0
08-13 23:26:55.179 19140 19311 I DFInstaObserve: !toggles +blocked disable_feed=0 disable_explore=0 disable_reels=1 disable_stories=0 disable_adds=0
08-13 23:26:55.437 19140 19311 I DFInstaObserve: !toggles +blocked disable_feed=0 disable_explore=0 disable_reels=1 disable_stories=0 disable_adds=0
08-13 23:26:57.407 19140 21029 I DFInstaObserve: !toggles +blocked disable_feed=0 disable_explore=0 disable_reels=1 disable_stories=0 disable_adds=0
08-13 23:26:57.410 19140 21031 I DFInstaObserve: !toggles +blocked disable_feed=0 disable_explore=0 disable_reels=1 disable_stories=0 disable_adds=0
08-13 23:26:58.488 19140 19311 I DFInstaObserve: !toggles +blocked disable_feed=0 disable_explore=0 disable_reels=1 disable_stories=0 disable_adds=0
08-13 23:26:58.592 19140 19311 I DFInstaObserve: !toggles +blocked disable_feed=0 disable_explore=0 disable_reels=1 disable_stories=0 disable_adds=0
08-13 23:26:58.651 19140 20913 I DFInstaObserve: !toggles +blocked disable_feed=0 disable_explore=0 disable_reels=1 disable_stories=0 disable_adds=0
08-13 23:27:00.732 19140 21066 I DFInstaObserve: !toggles +blocked disable_feed=0 disable_explore=0 disable_reels=1 disable_stories=0 disable_adds=0
08-13 23:27:00.734 19140 21065 I DFInstaObserve: !toggles +blocked disable_feed=0 disable_explore=0 disable_reels=1 disable_stories=0 disable_adds=0
08-13 23:27:01.813 19140 20806 I DFInstaObserve: !toggles +blocked disable_feed=0 disable_explore=0 disable_reels=1 disable_stories=0 disable_adds=0
08-13 23:27:01.894 19140 20806 I DFInstaObserve: !toggles +blocked disable_feed=0 disable_explore=0 disable_reels=1 disable_stories=0 disable_adds=0
08-13 23:27:01.915 19140 19311 I DFInstaObserve: !toggles +blocked disable_feed=0 disable_explore=0 disable_reels=1 disable_stories=0 disable_adds=0
08-13 23:27:02.041 19140 19311 I DFInstaObserve: !toggles +blocked disable_feed=0 disable_explore=0 disable_reels=1 disable_stories=0 disable_adds=0
08-13 23:27:04.086 19140 21093 I DFInstaObserve: !toggles +blocked disable_feed=0 disable_explore=0 disable_reels=1 disable_stories=0 disable_adds=0
08-13 23:27:04.086 19140 21092 I DFInstaObserve: !toggles +blocked disable_feed=0 disable_explore=0 disable_reels=1 disable_stories=0 disable_adds=0
08-13 23:27:05.130 19140 19311 I DFInstaObserve: !toggles +blocked disable_feed=0 disable_explore=0 disable_reels=1 disable_stories=0 disable_adds=0
08-13 23:27:05.288 19140 19311 I DFInstaObserve: !toggles +blocked disable_feed=0 disable_explore=0 disable_reels=1 disable_stories=0 disable_adds=0
08-13 23:27:07.370 19140 21128 I DFInstaObserve: !toggles +blocked disable_feed=0 disable_explore=0 disable_reels=1 disable_stories=0 disable_adds=0
08-13 23:27:07.372 19140 21129 I DFInstaObserve: !toggles +blocked disable_feed=0 disable_explore=0 disable_reels=1 disable_stories=0 disable_adds=0
08-13 23:27:08.483 19140 19311 I DFInstaObserve: !toggles +blocked disable_feed=0 disable_explore=0 disable_reels=1 disable_stories=0 disable_adds=0
08-13 23:27:08.608 19140 19311 I DFInstaObserve: !toggles +blocked disable_feed=0 disable_explore=0 disable_reels=1 disable_stories=0 disable_adds=0
08-13 23:27:10.692 19140 21153 I DFInstaObserve: !toggles +blocked disable_feed=0 disable_explore=0 disable_reels=1 disable_stories=0 disable_adds=0
08-13 23:27:10.693 19140 21154 I DFInstaObserve: !toggles +blocked disable_feed=0 disable_explore=0 disable_reels=1 disable_stories=0 disable_adds=0
08-13 23:27:11.438 19140 20913 I DFInstaObserve: !toggles +blocked disable_feed=0 disable_explore=0 disable_reels=1 disable_stories=0 disable_adds=0
08-13 23:27:11.638 19140 19343 I DFInstaObserve: !toggles +blocked disable_feed=0 disable_explore=0 disable_reels=1 disable_stories=0 disable_adds=0
08-13 23:27:31.193 19140 20774 I DFInstaObserve: !toggles +blocked disable_feed=0 disable_explore=0 disable_reels=1 disable_stories=0 disable_adds=0
08-13 23:27:34.512 19140 20774 I DFInstaObserve: !toggles +blocked disable_feed=0 disable_explore=0 disable_reels=1 disable_stories=0 disable_adds=0
08-13 23:27:37.924 19140 20806 I DFInstaObserve: !toggles +blocked disable_feed=0 disable_explore=0 disable_reels=1 disable_stories=0 disable_adds=0
08-13 23:27:38.614 19140 20806 I DFInstaObserve: !toggles +blocked disable_feed=0 disable_explore=0 disable_reels=1 disable_stories=0 disable_adds=0
08-13 23:27:41.061 19140 20806 I DFInstaObserve: !toggles +blocked disable_feed=0 disable_explore=0 disable_reels=1 disable_stories=0 disable_adds=0
08-13 23:27:41.435 19140 20774 I DFInstaObserve: !toggles +blocked disable_feed=0 disable_explore=0 disable_reels=1 disable_stories=0 disable_adds=0
08-13 23:27:44.591 19140 20983 I DFInstaObserve: !toggles +blocked disable_feed=0 disable_explore=0 disable_reels=1 disable_stories=0 disable_adds=0
08-13 23:27:44.591 19140 20983 I DFInstaObserve: /feed/timeline/
08-13 23:27:46.482 19140 20806 I DFInstaObserve: !toggles +blocked disable_feed=0 disable_explore=0 disable_reels=1 disable_stories=0 disable_adds=0
08-13 23:27:46.485 19140 20806 I DFInstaObserve: !toggles +blocked disable_feed=0 disable_explore=0 disable_reels=1 disable_stories=0 disable_adds=0
08-13 23:27:46.547 19140 21352 I DFInstaObserve: !toggles +blocked disable_feed=0 disable_explore=0 disable_reels=1 disable_stories=0 disable_adds=0
08-13 23:27:46.554 19140 21352 I DFInstaObserve: !toggles +blocked disable_feed=0 disable_explore=0 disable_reels=1 disable_stories=0 disable_adds=0
08-13 23:27:46.598 19140 20895 I DFInstaObserve: !toggles +blocked disable_feed=0 disable_explore=0 disable_reels=1 disable_stories=0 disable_adds=0
08-13 23:27:46.618 19140 20895 I DFInstaObserve: !toggles +blocked disable_feed=0 disable_explore=0 disable_reels=1 disable_stories=0 disable_adds=0
08-13 23:27:46.706 19140 19311 I DFInstaObserve: !toggles +blocked disable_feed=0 disable_explore=0 disable_reels=1 disable_stories=0 disable_adds=0
08-13 23:27:46.762 19140 19311 I DFInstaObserve: !toggles +blocked disable_feed=0 disable_explore=0 disable_reels=1 disable_stories=0 disable_adds=0
08-13 23:27:46.798 19140 19311 I DFInstaObserve: !toggles +blocked disable_feed=0 disable_explore=0 disable_reels=1 disable_stories=0 disable_adds=0
08-13 23:27:47.709 19140 19343 I DFInstaObserve: !toggles +blocked disable_feed=0 disable_explore=0 disable_reels=1 disable_stories=0 disable_adds=0
08-13 23:27:52.118 19140 21370 I DFInstaObserve: !toggles +blocked disable_feed=0 disable_explore=0 disable_reels=1 disable_stories=0 disable_adds=0
08-13 23:27:52.143 19140 21370 I DFInstaObserve: !toggles +blocked disable_feed=0 disable_explore=0 disable_reels=1 disable_stories=0 disable_adds=0
08-13 23:27:55.720 19140 20895 I DFInstaObserve: !toggles +blocked disable_feed=0 disable_explore=0 disable_reels=1 disable_stories=0 disable_adds=0
08-13 23:27:55.720 19140 20895 I DFInstaObserve: /discover/topical_explore
08-13 23:27:55.908 19140 21404 I DFInstaObserve: !toggles +blocked disable_feed=0 disable_explore=0 disable_reels=1 disable_stories=0 disable_adds=0
08-13 23:27:58.165 19140 21410 I DFInstaObserve: !toggles +blocked disable_feed=0 disable_explore=0 disable_reels=1 disable_stories=0 disable_adds=0
08-13 23:27:58.505 19140 21417 I DFInstaObserve: !toggles +blocked disable_feed=0 disable_explore=0 disable_reels=1 disable_stories=0 disable_adds=0
08-13 23:27:59.212 19140 21437 I DFInstaObserve: !toggles +blocked disable_feed=0 disable_explore=0 disable_reels=1 disable_stories=0 disable_adds=0
08-13 23:27:59.212 19140 21437 I DFInstaObserve: /discover/topical_explore
08-13 23:27:59.436 19140 20806 I DFInstaObserve: !toggles +blocked disable_feed=0 disable_explore=0 disable_reels=1 disable_stories=0 disable_adds=0
08-13 23:27:59.446 19140 21453 I DFInstaObserve: !toggles +blocked disable_feed=0 disable_explore=0 disable_reels=1 disable_stories=0 disable_adds=0
08-13 23:27:59.490 19140 19311 I DFInstaObserve: !toggles +blocked disable_feed=0 disable_explore=0 disable_reels=1 disable_stories=0 disable_adds=0
08-13 23:27:59.494 19140 21352 I DFInstaObserve: !toggles +blocked disable_feed=0 disable_explore=0 disable_reels=1 disable_stories=0 disable_adds=0
08-13 23:27:59.500 19140 20874 I DFInstaObserve: !toggles +blocked disable_feed=0 disable_explore=0 disable_reels=1 disable_stories=0 disable_adds=0
08-13 23:27:59.576 19140 20913 I DFInstaObserve: !toggles +blocked disable_feed=0 disable_explore=0 disable_reels=1 disable_stories=0 disable_adds=0
08-13 23:27:59.594 19140 20983 I DFInstaObserve: !toggles +blocked disable_feed=0 disable_explore=0 disable_reels=1 disable_stories=0 disable_adds=0
08-13 23:27:59.635 19140 20983 I DFInstaObserve: !toggles +blocked disable_feed=0 disable_explore=0 disable_reels=1 disable_stories=0 disable_adds=0
08-13 23:27:59.650 19140 21466 I DFInstaObserve: !toggles +blocked disable_feed=0 disable_explore=0 disable_reels=1 disable_stories=0 disable_adds=0
08-13 23:27:59.650 19140 20895 I DFInstaObserve: !toggles +blocked disable_feed=0 disable_explore=0 disable_reels=1 disable_stories=0 disable_adds=0
08-13 23:27:59.696 19140 19311 I DFInstaObserve: !toggles +blocked disable_feed=0 disable_explore=0 disable_reels=1 disable_stories=0 disable_adds=0
08-13 23:27:59.742 19140 20983 I DFInstaObserve: !toggles +blocked disable_feed=0 disable_explore=0 disable_reels=1 disable_stories=0 disable_adds=0
08-13 23:27:59.749 19140 20895 I DFInstaObserve: !toggles +blocked disable_feed=0 disable_explore=0 disable_reels=1 disable_stories=0 disable_adds=0
08-13 23:27:59.815 19140 19311 I DFInstaObserve: !toggles +blocked disable_feed=0 disable_explore=0 disable_reels=1 disable_stories=0 disable_adds=0
08-13 23:27:59.824 19140 20983 I DFInstaObserve: !toggles +blocked disable_feed=0 disable_explore=0 disable_reels=1 disable_stories=0 disable_adds=0
08-13 23:27:59.833 19140 20895 I DFInstaObserve: !toggles +blocked disable_feed=0 disable_explore=0 disable_reels=1 disable_stories=0 disable_adds=0
08-13 23:27:59.880 19140 21470 I DFInstaObserve: !toggles +blocked disable_feed=0 disable_explore=0 disable_reels=1 disable_stories=0 disable_adds=0
08-13 23:27:59.889 19140 20874 I DFInstaObserve: !toggles +blocked disable_feed=0 disable_explore=0 disable_reels=1 disable_stories=0 disable_adds=0
08-13 23:27:59.926 19140 21470 I DFInstaObserve: !toggles +blocked disable_feed=0 disable_explore=0 disable_reels=1 disable_stories=0 disable_adds=0
08-13 23:27:59.972 19140 20983 I DFInstaObserve: !toggles +blocked disable_feed=0 disable_explore=0 disable_reels=1 disable_stories=0 disable_adds=0
08-13 23:27:59.985 19140 19311 I DFInstaObserve: !toggles +blocked disable_feed=0 disable_explore=0 disable_reels=1 disable_stories=0 disable_adds=0
08-13 23:27:59.992 19140 21352 I DFInstaObserve: !toggles +blocked disable_feed=0 disable_explore=0 disable_reels=1 disable_stories=0 disable_adds=0
08-13 23:28:00.011 19140 21475 I DFInstaObserve: !toggles +blocked disable_feed=0 disable_explore=0 disable_reels=1 disable_stories=0 disable_adds=0
08-13 23:28:00.031 19140 21352 I DFInstaObserve: !toggles +blocked disable_feed=0 disable_explore=0 disable_reels=1 disable_stories=0 disable_adds=0
08-13 23:28:00.049 19140 19311 I DFInstaObserve: !toggles +blocked disable_feed=0 disable_explore=0 disable_reels=1 disable_stories=0 disable_adds=0
08-13 23:28:00.150 19140 19311 I DFInstaObserve: !toggles +blocked disable_feed=0 disable_explore=0 disable_reels=1 disable_stories=0 disable_adds=0
08-13 23:28:00.191 19140 19311 I DFInstaObserve: !toggles +blocked disable_feed=0 disable_explore=0 disable_reels=1 disable_stories=0 disable_adds=0
08-13 23:28:01.048 19140 19311 I DFInstaObserve: !toggles +blocked disable_feed=0 disable_explore=0 disable_reels=1 disable_stories=0 disable_adds=0
08-13 23:28:01.076 19140 19311 I DFInstaObserve: !toggles +blocked disable_feed=0 disable_explore=0 disable_reels=1 disable_stories=0 disable_adds=0
08-13 23:28:01.217 19140 19311 I DFInstaObserve: !toggles +blocked disable_feed=0 disable_explore=0 disable_reels=1 disable_stories=0 disable_adds=0
08-13 23:28:01.311 19140 19311 I DFInstaObserve: !toggles +blocked disable_feed=0 disable_explore=0 disable_reels=1 disable_stories=0 disable_adds=0
08-13 23:28:01.603 19140 21458 I DFInstaObserve: !toggles +blocked disable_feed=0 disable_explore=0 disable_reels=1 disable_stories=0 disable_adds=0
08-13 23:28:01.954 19140 21465 I DFInstaObserve: !toggles +blocked disable_feed=0 disable_explore=0 disable_reels=1 disable_stories=0 disable_adds=0
08-13 23:28:02.100 19140 19311 I DFInstaObserve: !toggles +blocked disable_feed=0 disable_explore=0 disable_reels=1 disable_stories=0 disable_adds=0
08-13 23:28:02.973 19140 21437 I DFInstaObserve: !toggles +blocked disable_feed=0 disable_explore=0 disable_reels=1 disable_stories=0 disable_adds=0
08-13 23:28:02.973 19140 21437 I DFInstaObserve: /discover/topical_explore
08-13 23:28:03.468 19140 21512 I DFInstaObserve: !toggles +blocked disable_feed=0 disable_explore=0 disable_reels=1 disable_stories=0 disable_adds=0
08-13 23:28:03.501 19140 21512 I DFInstaObserve: !toggles +blocked disable_feed=0 disable_explore=0 disable_reels=1 disable_stories=0 disable_adds=0
08-13 23:28:03.563 19140 20895 I DFInstaObserve: !toggles +blocked disable_feed=0 disable_explore=0 disable_reels=1 disable_stories=0 disable_adds=0
08-13 23:28:03.568 19140 21501 I DFInstaObserve: !toggles +blocked disable_feed=0 disable_explore=0 disable_reels=1 disable_stories=0 disable_adds=0
08-13 23:28:03.615 19140 21470 I DFInstaObserve: !toggles +blocked disable_feed=0 disable_explore=0 disable_reels=1 disable_stories=0 disable_adds=0
08-13 23:28:03.658 19140 19311 I DFInstaObserve: !toggles +blocked disable_feed=0 disable_explore=0 disable_reels=1 disable_stories=0 disable_adds=0
08-13 23:28:03.662 19140 20895 I DFInstaObserve: !toggles +blocked disable_feed=0 disable_explore=0 disable_reels=1 disable_stories=0 disable_adds=0
08-13 23:28:03.716 19140 21536 I DFInstaObserve: !toggles +blocked disable_feed=0 disable_explore=0 disable_reels=1 disable_stories=0 disable_adds=0
08-13 23:28:03.734 19140 21501 I DFInstaObserve: !toggles +blocked disable_feed=0 disable_explore=0 disable_reels=1 disable_stories=0 disable_adds=0
08-13 23:28:03.752 19140 21352 I DFInstaObserve: !toggles +blocked disable_feed=0 disable_explore=0 disable_reels=1 disable_stories=0 disable_adds=0
08-13 23:28:03.864 19140 20895 I DFInstaObserve: !toggles +blocked disable_feed=0 disable_explore=0 disable_reels=1 disable_stories=0 disable_adds=0
08-13 23:28:03.883 19140 21352 I DFInstaObserve: !toggles +blocked disable_feed=0 disable_explore=0 disable_reels=1 disable_stories=0 disable_adds=0
08-13 23:28:03.911 19140 21352 I DFInstaObserve: !toggles +blocked disable_feed=0 disable_explore=0 disable_reels=1 disable_stories=0 disable_adds=0
08-13 23:28:03.927 19140 21501 I DFInstaObserve: !toggles +blocked disable_feed=0 disable_explore=0 disable_reels=1 disable_stories=0 disable_adds=0
08-13 23:28:03.965 19140 21501 I DFInstaObserve: !toggles +blocked disable_feed=0 disable_explore=0 disable_reels=1 disable_stories=0 disable_adds=0
08-13 23:28:03.983 19140 21501 I DFInstaObserve: !toggles +blocked disable_feed=0 disable_explore=0 disable_reels=1 disable_stories=0 disable_adds=0
08-13 23:28:04.014 19140 21352 I DFInstaObserve: !toggles +blocked disable_feed=0 disable_explore=0 disable_reels=1 disable_stories=0 disable_adds=0
08-13 23:28:04.047 19140 21501 I DFInstaObserve: !toggles +blocked disable_feed=0 disable_explore=0 disable_reels=1 disable_stories=0 disable_adds=0
08-13 23:28:04.085 19140 21352 I DFInstaObserve: !toggles +blocked disable_feed=0 disable_explore=0 disable_reels=1 disable_stories=0 disable_adds=0
08-13 23:28:04.092 19140 20895 I DFInstaObserve: !toggles +blocked disable_feed=0 disable_explore=0 disable_reels=1 disable_stories=0 disable_adds=0
08-13 23:28:04.125 19140 19311 I DFInstaObserve: !toggles +blocked disable_feed=0 disable_explore=0 disable_reels=1 disable_stories=0 disable_adds=0
08-13 23:28:04.181 19140 19311 I DFInstaObserve: !toggles +blocked disable_feed=0 disable_explore=0 disable_reels=1 disable_stories=0 disable_adds=0
08-13 23:28:04.382 19140 19311 I DFInstaObserve: !toggles +blocked disable_feed=0 disable_explore=0 disable_reels=1 disable_stories=0 disable_adds=0
08-13 23:28:04.440 19140 19311 I DFInstaObserve: !toggles +blocked disable_feed=0 disable_explore=0 disable_reels=1 disable_stories=0 disable_adds=0
08-13 23:28:04.594 19140 19311 I DFInstaObserve: !toggles +blocked disable_feed=0 disable_explore=0 disable_reels=1 disable_stories=0 disable_adds=0
08-13 23:28:04.647 19140 19311 I DFInstaObserve: !toggles +blocked disable_feed=0 disable_explore=0 disable_reels=1 disable_stories=0 disable_adds=0
08-13 23:28:04.834 19140 19311 I DFInstaObserve: !toggles +blocked disable_feed=0 disable_explore=0 disable_reels=1 disable_stories=0 disable_adds=0
08-13 23:28:04.947 19140 19311 I DFInstaObserve: !toggles +blocked disable_feed=0 disable_explore=0 disable_reels=1 disable_stories=0 disable_adds=0
08-13 23:28:05.048 19140 19311 I DFInstaObserve: !toggles +blocked disable_feed=0 disable_explore=0 disable_reels=1 disable_stories=0 disable_adds=0
08-13 23:28:05.122 19140 19311 I DFInstaObserve: !toggles +blocked disable_feed=0 disable_explore=0 disable_reels=1 disable_stories=0 disable_adds=0
08-13 23:28:05.199 19140 21512 I DFInstaObserve: !toggles +blocked disable_feed=0 disable_explore=0 disable_reels=1 disable_stories=0 disable_adds=0
08-13 23:28:05.207 19140 21512 I DFInstaObserve: !toggles +blocked disable_feed=0 disable_explore=0 disable_reels=1 disable_stories=0 disable_adds=0
08-13 23:28:05.240 19140 21437 I DFInstaObserve: !toggles +blocked disable_feed=0 disable_explore=0 disable_reels=1 disable_stories=0 disable_adds=0
08-13 23:28:05.262 19140 21437 I DFInstaObserve: !toggles +blocked disable_feed=0 disable_explore=0 disable_reels=1 disable_stories=0 disable_adds=0
08-13 23:28:05.285 19140 21437 I DFInstaObserve: !toggles +blocked disable_feed=0 disable_explore=0 disable_reels=1 disable_stories=0 disable_adds=0
08-13 23:28:05.302 19140 19311 I DFInstaObserve: !toggles +blocked disable_feed=0 disable_explore=0 disable_reels=1 disable_stories=0 disable_adds=0
08-13 23:28:05.302 19140 20895 I DFInstaObserve: !toggles +blocked disable_feed=0 disable_explore=0 disable_reels=1 disable_stories=0 disable_adds=0
08-13 23:28:05.315 19140 21437 I DFInstaObserve: !toggles +blocked disable_feed=0 disable_explore=0 disable_reels=1 disable_stories=0 disable_adds=0
08-13 23:28:05.365 19140 21470 I DFInstaObserve: !toggles +blocked disable_feed=0 disable_explore=0 disable_reels=1 disable_stories=0 disable_adds=0
08-13 23:28:05.370 19140 21501 I DFInstaObserve: !toggles +blocked disable_feed=0 disable_explore=0 disable_reels=1 disable_stories=0 disable_adds=0
08-13 23:28:05.384 19140 19311 I DFInstaObserve: !toggles +blocked disable_feed=0 disable_explore=0 disable_reels=1 disable_stories=0 disable_adds=0
08-13 23:28:05.435 19140 20895 I DFInstaObserve: !toggles +blocked disable_feed=0 disable_explore=0 disable_reels=1 disable_stories=0 disable_adds=0
08-13 23:28:05.438 19140 21437 I DFInstaObserve: !toggles +blocked disable_feed=0 disable_explore=0 disable_reels=1 disable_stories=0 disable_adds=0
08-13 23:28:05.512 19140 21470 I DFInstaObserve: !toggles +blocked disable_feed=0 disable_explore=0 disable_reels=1 disable_stories=0 disable_adds=0
08-13 23:28:05.516 19140 20895 I DFInstaObserve: !toggles +blocked disable_feed=0 disable_explore=0 disable_reels=1 disable_stories=0 disable_adds=0
08-13 23:28:05.564 19140 21517 I DFInstaObserve: !toggles +blocked disable_feed=0 disable_explore=0 disable_reels=1 disable_stories=0 disable_adds=0
08-13 23:28:05.569 19140 21437 I DFInstaObserve: !toggles +blocked disable_feed=0 disable_explore=0 disable_reels=1 disable_stories=0 disable_adds=0
08-13 23:28:05.572 19140 21470 I DFInstaObserve: !toggles +blocked disable_feed=0 disable_explore=0 disable_reels=1 disable_stories=0 disable_adds=0
08-13 23:28:05.632 19140 21352 I DFInstaObserve: !toggles +blocked disable_feed=0 disable_explore=0 disable_reels=1 disable_stories=0 disable_adds=0
08-13 23:28:05.638 19140 21517 I DFInstaObserve: !toggles +blocked disable_feed=0 disable_explore=0 disable_reels=1 disable_stories=0 disable_adds=0
08-13 23:28:05.654 19140 21437 I DFInstaObserve: !toggles +blocked disable_feed=0 disable_explore=0 disable_reels=1 disable_stories=0 disable_adds=0
08-13 23:28:05.780 19140 21352 I DFInstaObserve: !toggles +blocked disable_feed=0 disable_explore=0 disable_reels=1 disable_stories=0 disable_adds=0
08-13 23:28:05.899 19140 21503 I DFInstaObserve: !toggles +blocked disable_feed=0 disable_explore=0 disable_reels=1 disable_stories=0 disable_adds=0
08-13 23:28:05.956 19140 21503 I DFInstaObserve: !toggles +blocked disable_feed=0 disable_explore=0 disable_reels=1 disable_stories=0 disable_adds=0
08-13 23:28:05.980 19140 19311 I DFInstaObserve: !toggles +blocked disable_feed=0 disable_explore=0 disable_reels=1 disable_stories=0 disable_adds=0
08-13 23:28:06.049 19140 19311 I DFInstaObserve: !toggles +blocked disable_feed=0 disable_explore=0 disable_reels=1 disable_stories=0 disable_adds=0
08-13 23:28:06.124 19140 21566 I DFInstaObserve: !toggles +blocked disable_feed=0 disable_explore=0 disable_reels=1 disable_stories=0 disable_adds=0
08-13 23:28:06.194 19140 19311 I DFInstaObserve: !toggles +blocked disable_feed=0 disable_explore=0 disable_reels=1 disable_stories=0 disable_adds=0
08-13 23:28:06.306 19140 19311 I DFInstaObserve: !toggles +blocked disable_feed=0 disable_explore=0 disable_reels=1 disable_stories=0 disable_adds=0
08-13 23:28:06.347 19140 21575 I DFInstaObserve: !toggles +blocked disable_feed=0 disable_explore=0 disable_reels=1 disable_stories=0 disable_adds=0
08-13 23:28:06.433 19140 21352 I DFInstaObserve: !toggles +blocked disable_feed=0 disable_explore=0 disable_reels=1 disable_stories=0 disable_adds=0
08-13 23:28:06.433 19140 21352 I DFInstaObserve: /discover/topical_explore
08-13 23:28:06.719 19140 19311 I DFInstaObserve: !toggles +blocked disable_feed=0 disable_explore=0 disable_reels=1 disable_stories=0 disable_adds=0
08-13 23:28:06.800 19140 19311 I DFInstaObserve: !toggles +blocked disable_feed=0 disable_explore=0 disable_reels=1 disable_stories=0 disable_adds=0
08-13 23:28:06.911 19140 19311 I DFInstaObserve: !toggles +blocked disable_feed=0 disable_explore=0 disable_reels=1 disable_stories=0 disable_adds=0
08-13 23:28:06.941 19140 19311 I DFInstaObserve: !toggles +blocked disable_feed=0 disable_explore=0 disable_reels=1 disable_stories=0 disable_adds=0
08-13 23:28:07.011 19140 19311 I DFInstaObserve: !toggles +blocked disable_feed=0 disable_explore=0 disable_reels=1 disable_stories=0 disable_adds=0
08-13 23:28:07.056 19140 19311 I DFInstaObserve: !toggles +blocked disable_feed=0 disable_explore=0 disable_reels=1 disable_stories=0 disable_adds=0
08-13 23:28:07.269 19140 19311 I DFInstaObserve: !toggles +blocked disable_feed=0 disable_explore=0 disable_reels=1 disable_stories=0 disable_adds=0
08-13 23:28:08.220 19140 21565 I DFInstaObserve: !toggles +blocked disable_feed=0 disable_explore=0 disable_reels=1 disable_stories=0 disable_adds=0
08-13 23:28:08.399 19140 21574 I DFInstaObserve: !toggles +blocked disable_feed=0 disable_explore=0 disable_reels=1 disable_stories=0 disable_adds=0
08-13 23:28:09.606 19140 21352 I DFInstaObserve: !toggles +blocked disable_feed=0 disable_explore=0 disable_reels=1 disable_stories=0 disable_adds=0
08-13 23:28:09.606 19140 21352 I DFInstaObserve: /discover/topical_explore
08-13 23:28:09.979 19140 21626 I DFInstaObserve: !toggles +blocked disable_feed=0 disable_explore=0 disable_reels=1 disable_stories=0 disable_adds=0
08-13 23:28:10.008 19140 21621 I DFInstaObserve: !toggles +blocked disable_feed=0 disable_explore=0 disable_reels=1 disable_stories=0 disable_adds=0
08-13 23:28:10.024 19140 21512 I DFInstaObserve: !toggles +blocked disable_feed=0 disable_explore=0 disable_reels=1 disable_stories=0 disable_adds=0
08-13 23:28:10.055 19140 21437 I DFInstaObserve: !toggles +blocked disable_feed=0 disable_explore=0 disable_reels=1 disable_stories=0 disable_adds=0
08-13 23:28:10.072 19140 21554 I DFInstaObserve: !toggles +blocked disable_feed=0 disable_explore=0 disable_reels=1 disable_stories=0 disable_adds=0
08-13 23:28:10.072 19140 19311 I DFInstaObserve: !toggles +blocked disable_feed=0 disable_explore=0 disable_reels=1 disable_stories=0 disable_adds=0
08-13 23:28:10.091 19140 21635 I DFInstaObserve: !toggles +blocked disable_feed=0 disable_explore=0 disable_reels=1 disable_stories=0 disable_adds=0
08-13 23:28:10.094 19140 21596 I DFInstaObserve: !toggles +blocked disable_feed=0 disable_explore=0 disable_reels=1 disable_stories=0 disable_adds=0
08-13 23:28:10.138 19140 21437 I DFInstaObserve: !toggles +blocked disable_feed=0 disable_explore=0 disable_reels=1 disable_stories=0 disable_adds=0
08-13 23:28:10.142 19140 21553 I DFInstaObserve: !toggles +blocked disable_feed=0 disable_explore=0 disable_reels=1 disable_stories=0 disable_adds=0
08-13 23:28:10.189 19140 21437 I DFInstaObserve: !toggles +blocked disable_feed=0 disable_explore=0 disable_reels=1 disable_stories=0 disable_adds=0
08-13 23:28:10.192 19140 21553 I DFInstaObserve: !toggles +blocked disable_feed=0 disable_explore=0 disable_reels=1 disable_stories=0 disable_adds=0
08-13 23:28:10.235 19140 21595 I DFInstaObserve: !toggles +blocked disable_feed=0 disable_explore=0 disable_reels=1 disable_stories=0 disable_adds=0
08-13 23:28:10.240 19140 21553 I DFInstaObserve: !toggles +blocked disable_feed=0 disable_explore=0 disable_reels=1 disable_stories=0 disable_adds=0
08-13 23:28:10.257 19140 19311 I DFInstaObserve: !toggles +blocked disable_feed=0 disable_explore=0 disable_reels=1 disable_stories=0 disable_adds=0
08-13 23:28:10.274 19140 21596 I DFInstaObserve: !toggles +blocked disable_feed=0 disable_explore=0 disable_reels=1 disable_stories=0 disable_adds=0
08-13 23:28:10.276 19140 21595 I DFInstaObserve: !toggles +blocked disable_feed=0 disable_explore=0 disable_reels=1 disable_stories=0 disable_adds=0
08-13 23:28:10.304 19140 19311 I DFInstaObserve: !toggles +blocked disable_feed=0 disable_explore=0 disable_reels=1 disable_stories=0 disable_adds=0
08-13 23:28:10.307 19140 21596 I DFInstaObserve: !toggles +blocked disable_feed=0 disable_explore=0 disable_reels=1 disable_stories=0 disable_adds=0
08-13 23:28:10.311 19140 21595 I DFInstaObserve: !toggles +blocked disable_feed=0 disable_explore=0 disable_reels=1 disable_stories=0 disable_adds=0
08-13 23:28:10.380 19140 21437 I DFInstaObserve: !toggles +blocked disable_feed=0 disable_explore=0 disable_reels=1 disable_stories=0 disable_adds=0
08-13 23:28:10.385 19140 21553 I DFInstaObserve: !toggles +blocked disable_feed=0 disable_explore=0 disable_reels=1 disable_stories=0 disable_adds=0
08-13 23:28:10.398 19140 19311 I DFInstaObserve: !toggles +blocked disable_feed=0 disable_explore=0 disable_reels=1 disable_stories=0 disable_adds=0
08-13 23:28:10.409 19140 21595 I DFInstaObserve: !toggles +blocked disable_feed=0 disable_explore=0 disable_reels=1 disable_stories=0 disable_adds=0
08-13 23:28:10.435 19140 19311 I DFInstaObserve: !toggles +blocked disable_feed=0 disable_explore=0 disable_reels=1 disable_stories=0 disable_adds=0
08-13 23:28:10.490 19140 19311 I DFInstaObserve: !toggles +blocked disable_feed=0 disable_explore=0 disable_reels=1 disable_stories=0 disable_adds=0
08-13 23:28:10.532 19140 19311 I DFInstaObserve: !toggles +blocked disable_feed=0 disable_explore=0 disable_reels=1 disable_stories=0 disable_adds=0
08-13 23:28:10.962 19140 19311 I DFInstaObserve: !toggles +blocked disable_feed=0 disable_explore=0 disable_reels=1 disable_stories=0 disable_adds=0
08-13 23:28:10.988 19140 19311 I DFInstaObserve: !toggles +blocked disable_feed=0 disable_explore=0 disable_reels=1 disable_stories=0 disable_adds=0
08-13 23:28:11.115 19140 19311 I DFInstaObserve: !toggles +blocked disable_feed=0 disable_explore=0 disable_reels=1 disable_stories=0 disable_adds=0
08-13 23:28:11.168 19140 19311 I DFInstaObserve: !toggles +blocked disable_feed=0 disable_explore=0 disable_reels=1 disable_stories=0 disable_adds=0
08-13 23:28:11.295 19140 19311 I DFInstaObserve: !toggles +blocked disable_feed=0 disable_explore=0 disable_reels=1 disable_stories=0 disable_adds=0
08-13 23:28:11.606 19140 21609 I DFInstaObserve: !toggles +blocked disable_feed=0 disable_explore=0 disable_reels=1 disable_stories=0 disable_adds=0
08-13 23:28:11.642 19140 21609 I DFInstaObserve: !toggles +blocked disable_feed=0 disable_explore=0 disable_reels=1 disable_stories=0 disable_adds=0
08-13 23:28:11.714 19140 21615 I DFInstaObserve: !toggles +blocked disable_feed=0 disable_explore=0 disable_reels=1 disable_stories=0 disable_adds=0
08-13 23:28:11.753 19140 21615 I DFInstaObserve: !toggles +blocked disable_feed=0 disable_explore=0 disable_reels=1 disable_stories=0 disable_adds=0
08-13 23:28:12.271 19140 21642 I DFInstaObserve: !toggles +blocked disable_feed=0 disable_explore=0 disable_reels=1 disable_stories=0 disable_adds=0
08-13 23:28:12.279 19140 21642 I DFInstaObserve: !toggles +blocked disable_feed=0 disable_explore=0 disable_reels=1 disable_stories=0 disable_adds=0
08-13 23:28:12.302 19140 21553 I DFInstaObserve: !toggles +blocked disable_feed=0 disable_explore=0 disable_reels=1 disable_stories=0 disable_adds=0
08-13 23:28:12.309 19140 19311 I DFInstaObserve: !toggles +blocked disable_feed=0 disable_explore=0 disable_reels=1 disable_stories=0 disable_adds=0
08-13 23:28:12.309 19140 21437 I DFInstaObserve: !toggles +blocked disable_feed=0 disable_explore=0 disable_reels=1 disable_stories=0 disable_adds=0
08-13 23:28:12.333 19140 21352 I DFInstaObserve: !toggles +blocked disable_feed=0 disable_explore=0 disable_reels=1 disable_stories=0 disable_adds=0
08-13 23:28:12.340 19140 21595 I DFInstaObserve: !toggles +blocked disable_feed=0 disable_explore=0 disable_reels=1 disable_stories=0 disable_adds=0
08-13 23:28:12.382 19140 21663 I DFInstaObserve: !toggles +blocked disable_feed=0 disable_explore=0 disable_reels=1 disable_stories=0 disable_adds=0
08-13 23:28:12.386 19140 21553 I DFInstaObserve: !toggles +blocked disable_feed=0 disable_explore=0 disable_reels=1 disable_stories=0 disable_adds=0
08-13 23:28:12.439 19140 21656 I DFInstaObserve: !toggles +blocked disable_feed=0 disable_explore=0 disable_reels=1 disable_stories=0 disable_adds=0
08-13 23:28:12.459 19140 21663 I DFInstaObserve: !toggles +blocked disable_feed=0 disable_explore=0 disable_reels=1 disable_stories=0 disable_adds=0
08-13 23:28:12.477 19140 19343 I DFInstaObserve: !toggles +blocked disable_feed=0 disable_explore=0 disable_reels=1 disable_stories=0 disable_adds=0
08-13 23:28:12.487 19140 21659 I DFInstaObserve: !toggles +blocked disable_feed=0 disable_explore=0 disable_reels=1 disable_stories=0 disable_adds=0
08-13 23:28:12.510 19140 21656 I DFInstaObserve: !toggles +blocked disable_feed=0 disable_explore=0 disable_reels=1 disable_stories=0 disable_adds=0
08-13 23:28:12.514 19140 19311 I DFInstaObserve: !toggles +blocked disable_feed=0 disable_explore=0 disable_reels=1 disable_stories=0 disable_adds=0
08-13 23:28:12.523 19140 21659 I DFInstaObserve: !toggles +blocked disable_feed=0 disable_explore=0 disable_reels=1 disable_stories=0 disable_adds=0
08-13 23:28:12.543 19140 21656 I DFInstaObserve: !toggles +blocked disable_feed=0 disable_explore=0 disable_reels=1 disable_stories=0 disable_adds=0
08-13 23:28:12.558 19140 21663 I DFInstaObserve: !toggles +blocked disable_feed=0 disable_explore=0 disable_reels=1 disable_stories=0 disable_adds=0
08-13 23:28:12.560 19140 19311 I DFInstaObserve: !toggles +blocked disable_feed=0 disable_explore=0 disable_reels=1 disable_stories=0 disable_adds=0
08-13 23:28:12.573 19140 21663 I DFInstaObserve: !toggles +blocked disable_feed=0 disable_explore=0 disable_reels=1 disable_stories=0 disable_adds=0
08-13 23:28:12.602 19140 21663 I DFInstaObserve: !toggles +blocked disable_feed=0 disable_explore=0 disable_reels=1 disable_stories=0 disable_adds=0
08-13 23:28:12.613 19140 21553 I DFInstaObserve: !toggles +blocked disable_feed=0 disable_explore=0 disable_reels=1 disable_stories=0 disable_adds=0
08-13 23:28:12.705 19140 19311 I DFInstaObserve: !toggles +blocked disable_feed=0 disable_explore=0 disable_reels=1 disable_stories=0 disable_adds=0
08-13 23:28:12.716 19140 19343 I DFInstaObserve: !toggles +blocked disable_feed=0 disable_explore=0 disable_reels=1 disable_stories=0 disable_adds=0
08-13 23:28:12.744 19140 19311 I DFInstaObserve: !toggles +blocked disable_feed=0 disable_explore=0 disable_reels=1 disable_stories=0 disable_adds=0
08-13 23:28:12.880 19140 19311 I DFInstaObserve: !toggles +blocked disable_feed=0 disable_explore=0 disable_reels=1 disable_stories=0 disable_adds=0
08-13 23:28:12.917 19140 19311 I DFInstaObserve: !toggles +blocked disable_feed=0 disable_explore=0 disable_reels=1 disable_stories=0 disable_adds=0
08-13 23:28:12.983 19140 19311 I DFInstaObserve: !toggles +blocked disable_feed=0 disable_explore=0 disable_reels=1 disable_stories=0 disable_adds=0
08-13 23:28:13.015 19140 19311 I DFInstaObserve: !toggles +blocked disable_feed=0 disable_explore=0 disable_reels=1 disable_stories=0 disable_adds=0
08-13 23:28:13.245 19140 19311 I DFInstaObserve: !toggles +blocked disable_feed=0 disable_explore=0 disable_reels=1 disable_stories=0 disable_adds=0
08-13 23:28:13.295 19140 19311 I DFInstaObserve: !toggles +blocked disable_feed=0 disable_explore=0 disable_reels=1 disable_stories=0 disable_adds=0
08-13 23:28:13.530 19140 19311 I DFInstaObserve: !toggles +blocked disable_feed=0 disable_explore=0 disable_reels=1 disable_stories=0 disable_adds=0
08-13 23:28:13.567 19140 19311 I DFInstaObserve: !toggles +blocked disable_feed=0 disable_explore=0 disable_reels=1 disable_stories=0 disable_adds=0
08-13 23:28:13.675 19140 19311 I DFInstaObserve: !toggles +blocked disable_feed=0 disable_explore=0 disable_reels=1 disable_stories=0 disable_adds=0
08-13 23:28:14.598 19140 21676 I DFInstaObserve: !toggles +blocked disable_feed=0 disable_explore=0 disable_reels=1 disable_stories=0 disable_adds=0
08-13 23:28:14.598 19140 21674 I DFInstaObserve: !toggles +blocked disable_feed=0 disable_explore=0 disable_reels=1 disable_stories=0 disable_adds=0
08-13 23:28:20.901 19140 19311 I DFInstaObserve: !toggles +blocked disable_feed=0 disable_explore=0 disable_reels=1 disable_stories=0 disable_adds=0
08-13 23:28:21.007 19140 19311 I DFInstaObserve: !toggles +blocked disable_feed=0 disable_explore=0 disable_reels=1 disable_stories=0 disable_adds=0
08-13 23:28:23.121 19140 21706 I DFInstaObserve: !toggles +blocked disable_feed=0 disable_explore=0 disable_reels=1 disable_stories=0 disable_adds=0
08-13 23:28:23.122 19140 21703 I DFInstaObserve: !toggles +blocked disable_feed=0 disable_explore=0 disable_reels=1 disable_stories=0 disable_adds=0
08-13 23:28:24.198 19140 19311 I DFInstaObserve: !toggles +blocked disable_feed=0 disable_explore=0 disable_reels=1 disable_stories=0 disable_adds=0
08-13 23:28:24.324 19140 19311 I DFInstaObserve: !toggles +blocked disable_feed=0 disable_explore=0 disable_reels=1 disable_stories=0 disable_adds=0
08-13 23:28:26.396 19140 21736 I DFInstaObserve: !toggles +blocked disable_feed=0 disable_explore=0 disable_reels=1 disable_stories=0 disable_adds=0
08-13 23:28:26.398 19140 21735 I DFInstaObserve: !toggles +blocked disable_feed=0 disable_explore=0 disable_reels=1 disable_stories=0 disable_adds=0
08-13 23:28:27.511 19140 19311 I DFInstaObserve: !toggles +blocked disable_feed=0 disable_explore=0 disable_reels=1 disable_stories=0 disable_adds=0
08-13 23:28:27.654 19140 21659 I DFInstaObserve: !toggles +blocked disable_feed=0 disable_explore=0 disable_reels=1 disable_stories=0 disable_adds=0
08-13 23:28:29.725 19140 21757 I DFInstaObserve: !toggles +blocked disable_feed=0 disable_explore=0 disable_reels=1 disable_stories=0 disable_adds=0
08-13 23:28:29.725 19140 21758 I DFInstaObserve: !toggles +blocked disable_feed=0 disable_explore=0 disable_reels=1 disable_stories=0 disable_adds=0
08-13 23:28:30.786 19140 21512 I DFInstaObserve: !toggles +blocked disable_feed=0 disable_explore=0 disable_reels=1 disable_stories=0 disable_adds=0
08-13 23:28:30.799 19140 21512 I DFInstaObserve: !toggles +blocked disable_feed=0 disable_explore=0 disable_reels=1 disable_stories=0 disable_adds=0
08-13 23:28:30.847 19140 19311 I DFInstaObserve: !toggles +blocked disable_feed=0 disable_explore=0 disable_reels=1 disable_stories=0 disable_adds=0
08-13 23:28:30.923 19140 19311 I DFInstaObserve: !toggles +blocked disable_feed=0 disable_explore=0 disable_reels=1 disable_stories=0 disable_adds=0
08-13 23:28:34.107 19140 21642 I DFInstaObserve: !toggles +blocked disable_feed=0 disable_explore=0 disable_reels=1 disable_stories=0 disable_adds=0
08-13 23:28:34.130 19140 21642 I DFInstaObserve: !toggles +blocked disable_feed=0 disable_explore=0 disable_reels=1 disable_stories=0 disable_adds=0
08-13 23:28:34.170 19140 19311 I DFInstaObserve: !toggles +blocked disable_feed=0 disable_explore=0 disable_reels=1 disable_stories=0 disable_adds=0
08-13 23:28:34.172 19140 21642 I DFInstaObserve: !toggles +blocked disable_feed=0 disable_explore=0 disable_reels=1 disable_stories=0 disable_adds=0
08-13 23:28:34.468 19140 19311 I DFInstaObserve: !toggles +blocked disable_feed=0 disable_explore=0 disable_reels=1 disable_stories=0 disable_adds=0
08-13 23:28:36.368 19140 21805 I DFInstaObserve: !toggles +blocked disable_feed=0 disable_explore=0 disable_reels=1 disable_stories=0 disable_adds=0
08-13 23:28:36.371 19140 21804 I DFInstaObserve: !toggles +blocked disable_feed=0 disable_explore=0 disable_reels=1 disable_stories=0 disable_adds=0
