08-13 20:08:42.106 17206 17277 I DFInstaObserve: !toggles +blocked disable_feed=0 disable_explore=0 disable_reels=0 disable_stories=1 disable_adds=0
08-13 20:08:42.106 17206 17277 I DFInstaObserve: /feed/timeline/
08-13 20:08:42.113 17206 17287 I DFInstaObserve: !toggles +blocked disable_feed=0 disable_explore=0 disable_reels=0 disable_stories=1 disable_adds=0
08-13 20:08:42.113 17206 17287 I DFInstaObserve: /feed/reels_tray/
08-13 20:08:42.113 17206 17287 I DFInstaObserve: !blocked /feed/reels_tray/
08-13 20:08:42.236 17206 17276 I DFInstaObserve: !toggles +blocked disable_feed=0 disable_explore=0 disable_reels=0 disable_stories=1 disable_adds=0
08-13 20:08:42.236 17206 17276 I DFInstaObserve: /clips/discover
08-13 20:08:42.236 17206 17276 I DFInstaObserve: /clips/discover/stream/
08-13 20:08:42.413 17206 17206 E IgFunctionalErrorEvent: STORY_NOT_LOADING
08-13 20:08:42.413 17206 17206 E IgFunctionalErrorEvent: java.io.IOException: Blocked by DFInsta setting
08-13 20:08:42.464 17206 17424 I DFInstaObserve: !toggles +blocked disable_feed=0 disable_explore=0 disable_reels=0 disable_stories=1 disable_adds=0
08-13 20:08:42.601 17206 17264 I DFInstaObserve: !toggles +blocked disable_feed=0 disable_explore=0 disable_reels=0 disable_stories=1 disable_adds=0
08-13 20:08:42.603 17206 17245 I DFInstaObserve: !toggles +blocked disable_feed=0 disable_explore=0 disable_reels=0 disable_stories=1 disable_adds=0
08-13 20:08:42.626 17206 17395 I DFInstaObserve: !toggles +blocked disable_feed=0 disable_explore=0 disable_reels=0 disable_stories=1 disable_adds=0
08-13 20:08:42.701 17206 17244 I DFInstaObserve: !toggles +blocked disable_feed=0 disable_explore=0 disable_reels=0 disable_stories=1 disable_adds=0
08-13 20:08:42.731 17206 17395 I DFInstaObserve: !toggles +blocked disable_feed=0 disable_explore=0 disable_reels=0 disable_stories=1 disable_adds=0
08-13 20:08:42.892 17206 17273 I DFInstaObserve: !toggles +blocked disable_feed=0 disable_explore=0 disable_reels=0 disable_stories=1 disable_adds=0
08-13 20:08:42.892 17206 17273 I DFInstaObserve: /feed/reels_media_stream/
08-13 20:08:42.930 17206 17424 I DFInstaObserve: !toggles +blocked disable_feed=0 disable_explore=0 disable_reels=0 disable_stories=1 disable_adds=0
08-13 20:08:44.074 17206 17287 I DFInstaObserve: !toggles +blocked disable_feed=0 disable_explore=0 disable_reels=0 disable_stories=1 disable_adds=0
08-13 20:08:44.074 17206 17287 I DFInstaObserve: /discover/topical_explore
08-13 20:08:44.184 17206 17362 I DFInstaObserve: !toggles +blocked disable_feed=0 disable_explore=0 disable_reels=0 disable_stories=1 disable_adds=0
08-13 20:08:44.288 17206 17246 I DFInstaObserve: !toggles +blocked disable_feed=0 disable_explore=0 disable_reels=0 disable_stories=1 disable_adds=0
08-13 20:08:44.580 17206 17538 I DFInstaObserve: !toggles +blocked disable_feed=0 disable_explore=0 disable_reels=0 disable_stories=1 disable_adds=0
08-13 20:08:44.672 17206 17246 I DFInstaObserve: !toggles +blocked disable_feed=0 disable_explore=0 disable_reels=0 disable_stories=1 disable_adds=0
08-13 20:08:44.743 17206 17362 I DFInstaObserve: !toggles +blocked disable_feed=0 disable_explore=0 disable_reels=0 disable_stories=1 disable_adds=0
08-13 20:08:45.056 17206 17395 I DFInstaObserve: !toggles +blocked disable_feed=0 disable_explore=0 disable_reels=0 disable_stories=1 disable_adds=0
08-13 20:08:45.193 17206 17543 I DFInstaObserve: !toggles +blocked disable_feed=0 disable_explore=0 disable_reels=0 disable_stories=1 disable_adds=0
08-13 20:08:45.204 17206 17395 I DFInstaObserve: !toggles +blocked disable_feed=0 disable_explore=0 disable_reels=0 disable_stories=1 disable_adds=0
08-13 20:08:45.268 17206 17549 I DFInstaObserve: !toggles +blocked disable_feed=0 disable_explore=0 disable_reels=0 disable_stories=1 disable_adds=0
08-13 20:08:45.620 17206 17395 I DFInstaObserve: !toggles +blocked disable_feed=0 disable_explore=0 disable_reels=0 disable_stories=1 disable_adds=0
08-13 20:08:45.839 17206 17395 I DFInstaObserve: !toggles +blocked disable_feed=0 disable_explore=0 disable_reels=0 disable_stories=1 disable_adds=0
08-13 20:08:46.061 17206 17395 I DFInstaObserve: !toggles +blocked disable_feed=0 disable_explore=0 disable_reels=0 disable_stories=1 disable_adds=0
08-13 20:08:46.253 17206 17395 I DFInstaObserve: !toggles +blocked disable_feed=0 disable_explore=0 disable_reels=0 disable_stories=1 disable_adds=0
08-13 20:08:46.288 17206 17395 I DFInstaObserve: !toggles +blocked disable_feed=0 disable_explore=0 disable_reels=0 disable_stories=1 disable_adds=0
08-13 20:08:46.463 17206 17395 I DFInstaObserve: !toggles +blocked disable_feed=0 disable_explore=0 disable_reels=0 disable_stories=1 disable_adds=0
08-13 20:08:49.131 17206 17543 I DFInstaObserve: !toggles +blocked disable_feed=0 disable_explore=0 disable_reels=0 disable_stories=1 disable_adds=0
08-13 20:08:49.221 17206 17544 I DFInstaObserve: !toggles +blocked disable_feed=0 disable_explore=0 disable_reels=0 disable_stories=1 disable_adds=0
08-13 20:08:49.231 17206 17567 I DFInstaObserve: !toggles +blocked disable_feed=0 disable_explore=0 disable_reels=0 disable_stories=1 disable_adds=0
08-13 20:08:49.231 17206 17567 I DFInstaObserve: /clips/discover
08-13 20:08:49.749 17206 17424 I DFInstaObserve: !toggles +blocked disable_feed=0 disable_explore=0 disable_reels=0 disable_stories=1 disable_adds=0
08-13 20:08:49.903 17206 17424 I DFInstaObserve: !toggles +blocked disable_feed=0 disable_explore=0 disable_reels=0 disable_stories=1 disable_adds=0
08-13 20:08:59.711 17206 17245 I DFInstaObserve: !toggles +blocked disable_feed=0 disable_explore=0 disable_reels=0 disable_stories=1 disable_adds=0
08-13 20:08:59.719 17206 17244 I DFInstaObserve: !toggles +blocked disable_feed=0 disable_explore=0 disable_reels=0 disable_stories=1 disable_adds=0
08-13 20:08:59.734 17206 17395 I DFInstaObserve: !toggles +blocked disable_feed=0 disable_explore=0 disable_reels=0 disable_stories=1 disable_adds=0
08-13 20:08:59.959 17206 17395 I DFInstaObserve: !toggles +blocked disable_feed=0 disable_explore=0 disable_reels=0 disable_stories=1 disable_adds=0
08-13 20:09:00.174 17206 17395 I DFInstaObserve: !toggles +blocked disable_feed=0 disable_explore=0 disable_reels=0 disable_stories=1 disable_adds=0
08-13 20:09:00.206 17206 17395 I DFInstaObserve: !toggles +blocked disable_feed=0 disable_explore=0 disable_reels=0 disable_stories=1 disable_adds=0
08-13 20:09:00.267 17206 17395 I DFInstaObserve: !toggles +blocked disable_feed=0 disable_explore=0 disable_reels=0 disable_stories=1 disable_adds=0
08-13 20:09:07.803 17206 17658 I DFInstaObserve: !toggles +blocked disable_feed=0 disable_explore=0 disable_reels=0 disable_stories=1 disable_adds=0
08-13 20:09:07.803 17206 17658 I DFInstaObserve: /feed/timeline/
08-13 20:09:07.806 17206 17264 I DFInstaObserve: !toggles +blocked disable_feed=0 disable_explore=0 disable_reels=0 disable_stories=1 disable_adds=0
08-13 20:09:07.806 17206 17264 I DFInstaObserve: /feed/reels_tray/
08-13 20:09:07.806 17206 17264 I DFInstaObserve: !blocked /feed/reels_tray/
08-13 20:09:07.815 17206 17206 E IgFunctionalErrorEvent: STORY_NOT_LOADING
08-13 20:09:07.815 17206 17206 E IgFunctionalErrorEvent: java.io.IOException: Blocked by DFInsta setting
08-13 20:09:09.578 17206 17245 I DFInstaObserve: !toggles +blocked disable_feed=0 disable_explore=0 disable_reels=0 disable_stories=1 disable_adds=0
08-13 20:09:09.578 17206 17244 I DFInstaObserve: !toggles +blocked disable_feed=0 disable_explore=0 disable_reels=0 disable_stories=1 disable_adds=0
08-13 20:09:10.500 17206 17244 I DFInstaObserve: !toggles +blocked disable_feed=0 disable_explore=0 disable_reels=0 disable_stories=1 disable_adds=0
08-13 20:09:10.563 17206 17395 I DFInstaObserve: !toggles +blocked disable_feed=0 disable_explore=0 disable_reels=0 disable_stories=1 disable_adds=0
08-13 20:09:10.681 17206 17245 I DFInstaObserve: !toggles +blocked disable_feed=0 disable_explore=0 disable_reels=0 disable_stories=1 disable_adds=0
08-13 20:09:10.857 17206 17693 I DFInstaObserve: !toggles +blocked disable_feed=0 disable_explore=0 disable_reels=0 disable_stories=1 disable_adds=0
08-13 20:09:10.857 17206 17693 I DFInstaObserve: /feed/timeline/
08-13 20:09:15.637 17206 17245 I DFInstaObserve: !toggles +blocked disable_feed=0 disable_explore=0 disable_reels=0 disable_stories=1 disable_adds=0
08-13 20:09:15.642 17206 17245 I DFInstaObserve: !toggles +blocked disable_feed=0 disable_explore=0 disable_reels=0 disable_stories=1 disable_adds=0
08-13 20:09:15.785 17206 17395 I DFInstaObserve: !toggles +blocked disable_feed=0 disable_explore=0 disable_reels=0 disable_stories=1 disable_adds=0
08-13 20:09:15.833 17206 17395 I DFInstaObserve: !toggles +blocked disable_feed=0 disable_explore=0 disable_reels=0 disable_stories=1 disable_adds=0
08-13 20:09:15.846 17206 17264 I DFInstaObserve: !toggles +blocked disable_feed=0 disable_explore=0 disable_reels=0 disable_stories=1 disable_adds=0
08-13 20:09:15.882 17206 17395 I DFInstaObserve: !toggles +blocked disable_feed=0 disable_explore=0 disable_reels=0 disable_stories=1 disable_adds=0
08-13 20:09:15.924 17206 17395 I DFInstaObserve: !toggles +blocked disable_feed=0 disable_explore=0 disable_reels=0 disable_stories=1 disable_adds=0
08-13 20:09:15.962 17206 17395 I DFInstaObserve: !toggles +blocked disable_feed=0 disable_explore=0 disable_reels=0 disable_stories=1 disable_adds=0
08-13 20:09:16.004 17206 17395 I DFInstaObserve: !toggles +blocked disable_feed=0 disable_explore=0 disable_reels=0 disable_stories=1 disable_adds=0
08-13 20:09:16.041 17206 17395 I DFInstaObserve: !toggles +blocked disable_feed=0 disable_explore=0 disable_reels=0 disable_stories=1 disable_adds=0
08-13 20:09:16.083 17206 17395 I DFInstaObserve: !toggles +blocked disable_feed=0 disable_explore=0 disable_reels=0 disable_stories=1 disable_adds=0
08-13 20:09:16.108 17206 17707 I DFInstaObserve: !toggles +blocked disable_feed=0 disable_explore=0 disable_reels=0 disable_stories=1 disable_adds=0
08-13 20:09:16.326 17206 17710 I DFInstaObserve: !toggles +blocked disable_feed=0 disable_explore=0 disable_reels=0 disable_stories=1 disable_adds=0
08-13 20:09:16.492 17206 17264 I DFInstaObserve: !toggles +blocked disable_feed=0 disable_explore=0 disable_reels=0 disable_stories=1 disable_adds=0
08-13 20:09:16.736 17206 17693 I DFInstaObserve: !toggles +blocked disable_feed=0 disable_explore=0 disable_reels=0 disable_stories=1 disable_adds=0
08-13 20:09:17.001 17206 17710 I DFInstaObserve: !toggles +blocked disable_feed=0 disable_explore=0 disable_reels=0 disable_stories=1 disable_adds=0
08-13 20:09:17.160 17206 17264 I DFInstaObserve: !toggles +blocked disable_feed=0 disable_explore=0 disable_reels=0 disable_stories=1 disable_adds=0
08-13 20:09:17.424 17206 17693 I DFInstaObserve: !toggles +blocked disable_feed=0 disable_explore=0 disable_reels=0 disable_stories=1 disable_adds=0
08-13 20:09:17.650 17206 17707 I DFInstaObserve: !toggles +blocked disable_feed=0 disable_explore=0 disable_reels=0 disable_stories=1 disable_adds=0
08-13 20:09:17.892 17206 17264 I DFInstaObserve: !toggles +blocked disable_feed=0 disable_explore=0 disable_reels=0 disable_stories=1 disable_adds=0
08-13 20:09:19.216 17206 17730 I DFInstaObserve: !toggles +blocked disable_feed=0 disable_explore=0 disable_reels=0 disable_stories=1 disable_adds=0
08-13 20:09:19.441 17206 17244 I DFInstaObserve: !toggles +blocked disable_feed=0 disable_explore=0 disable_reels=0 disable_stories=1 disable_adds=0
08-13 20:09:21.561 17206 17729 I DFInstaObserve: !toggles +blocked disable_feed=0 disable_explore=0 disable_reels=0 disable_stories=1 disable_adds=0
08-13 20:09:23.554 17206 17244 I DFInstaObserve: !toggles +blocked disable_feed=0 disable_explore=0 disable_reels=0 disable_stories=1 disable_adds=0
08-13 20:09:26.084 17206 17793 I DFInstaObserve: !toggles +blocked disable_feed=0 disable_explore=0 disable_reels=0 disable_stories=1 disable_adds=0
08-13 20:09:26.099 17206 17788 I DFInstaObserve: !toggles +blocked disable_feed=0 disable_explore=0 disable_reels=0 disable_stories=1 disable_adds=0
08-13 20:09:28.619 17206 17788 I DFInstaObserve: !toggles +blocked disable_feed=0 disable_explore=0 disable_reels=0 disable_stories=1 disable_adds=0
08-13 20:09:29.468 17206 17245 I DFInstaObserve: !toggles +blocked disable_feed=0 disable_explore=0 disable_reels=0 disable_stories=1 disable_adds=0
08-13 20:09:29.473 17206 17244 I DFInstaObserve: !toggles +blocked disable_feed=0 disable_explore=0 disable_reels=0 disable_stories=1 disable_adds=0
08-13 20:09:31.119 17206 17788 I DFInstaObserve: !toggles +blocked disable_feed=0 disable_explore=0 disable_reels=0 disable_stories=1 disable_adds=0
08-13 20:09:33.388 17206 17244 I DFInstaObserve: !toggles +blocked disable_feed=0 disable_explore=0 disable_reels=0 disable_stories=1 disable_adds=0
08-13 20:09:33.561 17206 17244 I DFInstaObserve: !toggles +blocked disable_feed=0 disable_explore=0 disable_reels=0 disable_stories=1 disable_adds=0
08-13 20:09:35.864 17206 17543 I DFInstaObserve: !toggles +blocked disable_feed=0 disable_explore=0 disable_reels=0 disable_stories=1 disable_adds=0
08-13 20:09:35.959 17206 17707 I DFInstaObserve: !toggles +blocked disable_feed=0 disable_explore=0 disable_reels=0 disable_stories=1 disable_adds=0
08-13 20:09:36.591 17206 17244 I DFInstaObserve: !toggles +blocked disable_feed=0 disable_explore=0 disable_reels=0 disable_stories=1 disable_adds=0
08-13 20:09:36.596 17206 17245 I DFInstaObserve: !toggles +blocked disable_feed=0 disable_explore=0 disable_reels=0 disable_stories=1 disable_adds=0
08-13 20:09:36.632 17206 17543 I DFInstaObserve: !toggles +blocked disable_feed=0 disable_explore=0 disable_reels=0 disable_stories=1 disable_adds=0
08-13 20:09:36.650 17206 17395 I DFInstaObserve: !toggles +blocked disable_feed=0 disable_explore=0 disable_reels=0 disable_stories=1 disable_adds=0
08-13 20:09:36.661 17206 17867 I DFInstaObserve: !toggles +blocked disable_feed=0 disable_explore=0 disable_reels=0 disable_stories=1 disable_adds=0
08-13 20:09:36.688 17206 17710 I DFInstaObserve: !toggles +blocked disable_feed=0 disable_explore=0 disable_reels=0 disable_stories=1 disable_adds=0
08-13 20:09:36.699 17206 17395 I DFInstaObserve: !toggles +blocked disable_feed=0 disable_explore=0 disable_reels=0 disable_stories=1 disable_adds=0
08-13 20:09:36.725 17206 17693 I DFInstaObserve: !toggles +blocked disable_feed=0 disable_explore=0 disable_reels=0 disable_stories=1 disable_adds=0
08-13 20:09:36.761 17206 17424 I DFInstaObserve: !toggles +blocked disable_feed=0 disable_explore=0 disable_reels=0 disable_stories=1 disable_adds=0
08-13 20:09:36.788 17206 17710 I DFInstaObserve: !toggles +blocked disable_feed=0 disable_explore=0 disable_reels=0 disable_stories=1 disable_adds=0
08-13 20:09:36.918 17206 17424 I DFInstaObserve: !toggles +blocked disable_feed=0 disable_explore=0 disable_reels=0 disable_stories=1 disable_adds=0
08-13 20:09:37.157 17206 17424 I DFInstaObserve: !toggles +blocked disable_feed=0 disable_explore=0 disable_reels=0 disable_stories=1 disable_adds=0
08-13 20:09:37.307 17206 17424 I DFInstaObserve: !toggles +blocked disable_feed=0 disable_explore=0 disable_reels=0 disable_stories=1 disable_adds=0
08-13 20:09:38.229 17206 17854 I DFInstaObserve: !toggles +blocked disable_feed=0 disable_explore=0 disable_reels=0 disable_stories=1 disable_adds=0
08-13 20:09:38.249 17206 17859 I DFInstaObserve: !toggles +blocked disable_feed=0 disable_explore=0 disable_reels=0 disable_stories=1 disable_adds=0
08-13 20:09:40.734 17206 17854 I DFInstaObserve: !toggles +blocked disable_feed=0 disable_explore=0 disable_reels=0 disable_stories=1 disable_adds=0
08-13 20:09:40.758 17206 17859 I DFInstaObserve: !toggles +blocked disable_feed=0 disable_explore=0 disable_reels=0 disable_stories=1 disable_adds=0
08-13 20:09:43.919 17206 17707 I DFInstaObserve: !toggles +blocked disable_feed=0 disable_explore=0 disable_reels=0 disable_stories=1 disable_adds=0
08-13 20:09:43.919 17206 17707 I DFInstaObserve: /discover/topical_explore
08-13 20:09:44.296 17206 17904 I DFInstaObserve: !toggles +blocked disable_feed=0 disable_explore=0 disable_reels=0 disable_stories=1 disable_adds=0
08-13 20:09:46.602 17206 17911 I DFInstaObserve: !toggles +blocked disable_feed=0 disable_explore=0 disable_reels=0 disable_stories=1 disable_adds=0
08-13 20:09:46.778 17206 17244 I DFInstaObserve: !toggles +blocked disable_feed=0 disable_explore=0 disable_reels=0 disable_stories=1 disable_adds=0
08-13 20:09:46.784 17206 17244 I DFInstaObserve: !toggles +blocked disable_feed=0 disable_explore=0 disable_reels=0 disable_stories=1 disable_adds=0
08-13 20:09:46.788 17206 17244 I DFInstaObserve: !toggles +blocked disable_feed=0 disable_explore=0 disable_reels=0 disable_stories=1 disable_adds=0
08-13 20:09:46.921 17206 17917 I DFInstaObserve: !toggles +blocked disable_feed=0 disable_explore=0 disable_reels=0 disable_stories=1 disable_adds=0
08-13 20:09:46.939 17206 17244 I DFInstaObserve: !toggles +blocked disable_feed=0 disable_explore=0 disable_reels=0 disable_stories=1 disable_adds=0
08-13 20:09:46.944 17206 17244 I DFInstaObserve: !toggles +blocked disable_feed=0 disable_explore=0 disable_reels=0 disable_stories=1 disable_adds=0
08-13 20:09:46.977 17206 17395 I DFInstaObserve: !toggles +blocked disable_feed=0 disable_explore=0 disable_reels=0 disable_stories=1 disable_adds=0
08-13 20:09:47.016 17206 17395 I DFInstaObserve: !toggles +blocked disable_feed=0 disable_explore=0 disable_reels=0 disable_stories=1 disable_adds=0
08-13 20:09:47.041 17206 17693 I DFInstaObserve: !toggles +blocked disable_feed=0 disable_explore=0 disable_reels=0 disable_stories=1 disable_adds=0
08-13 20:09:47.054 17206 17395 I DFInstaObserve: !toggles +blocked disable_feed=0 disable_explore=0 disable_reels=0 disable_stories=1 disable_adds=0
08-13 20:09:47.101 17206 17893 I DFInstaObserve: !toggles +blocked disable_feed=0 disable_explore=0 disable_reels=0 disable_stories=1 disable_adds=0
08-13 20:09:47.122 17206 17908 I DFInstaObserve: !toggles +blocked disable_feed=0 disable_explore=0 disable_reels=0 disable_stories=1 disable_adds=0
08-13 20:09:47.171 17206 17893 I DFInstaObserve: !toggles +blocked disable_feed=0 disable_explore=0 disable_reels=0 disable_stories=1 disable_adds=0
08-13 20:09:47.192 17206 17693 I DFInstaObserve: !toggles +blocked disable_feed=0 disable_explore=0 disable_reels=0 disable_stories=1 disable_adds=0
08-13 20:09:47.255 17206 17893 I DFInstaObserve: !toggles +blocked disable_feed=0 disable_explore=0 disable_reels=0 disable_stories=1 disable_adds=0
08-13 20:09:47.264 17206 17395 I DFInstaObserve: !toggles +blocked disable_feed=0 disable_explore=0 disable_reels=0 disable_stories=1 disable_adds=0
08-13 20:09:47.265 17206 17707 I DFInstaObserve: !toggles +blocked disable_feed=0 disable_explore=0 disable_reels=0 disable_stories=1 disable_adds=0
08-13 20:09:47.265 17206 17707 I DFInstaObserve: /discover/topical_explore
08-13 20:09:47.336 17206 17693 I DFInstaObserve: !toggles +blocked disable_feed=0 disable_explore=0 disable_reels=0 disable_stories=1 disable_adds=0
08-13 20:09:47.360 17206 17942 I DFInstaObserve: !toggles +blocked disable_feed=0 disable_explore=0 disable_reels=0 disable_stories=1 disable_adds=0
08-13 20:09:47.457 17206 17395 I DFInstaObserve: !toggles +blocked disable_feed=0 disable_explore=0 disable_reels=0 disable_stories=1 disable_adds=0
08-13 20:09:47.479 17206 17264 I DFInstaObserve: !toggles +blocked disable_feed=0 disable_explore=0 disable_reels=0 disable_stories=1 disable_adds=0
08-13 20:09:47.535 17206 17893 I DFInstaObserve: !toggles +blocked disable_feed=0 disable_explore=0 disable_reels=0 disable_stories=1 disable_adds=0
08-13 20:09:47.542 17206 17395 I DFInstaObserve: !toggles +blocked disable_feed=0 disable_explore=0 disable_reels=0 disable_stories=1 disable_adds=0
08-13 20:09:47.613 17206 17693 I DFInstaObserve: !toggles +blocked disable_feed=0 disable_explore=0 disable_reels=0 disable_stories=1 disable_adds=0
08-13 20:09:47.617 17206 17395 I DFInstaObserve: !toggles +blocked disable_feed=0 disable_explore=0 disable_reels=0 disable_stories=1 disable_adds=0
08-13 20:09:47.644 17206 17955 I DFInstaObserve: !toggles +blocked disable_feed=0 disable_explore=0 disable_reels=0 disable_stories=1 disable_adds=0
08-13 20:09:47.678 17206 17395 I DFInstaObserve: !toggles +blocked disable_feed=0 disable_explore=0 disable_reels=0 disable_stories=1 disable_adds=0
08-13 20:09:47.808 17206 17395 I DFInstaObserve: !toggles +blocked disable_feed=0 disable_explore=0 disable_reels=0 disable_stories=1 disable_adds=0
08-13 20:09:47.876 17206 17395 I DFInstaObserve: !toggles +blocked disable_feed=0 disable_explore=0 disable_reels=0 disable_stories=1 disable_adds=0
08-13 20:09:47.917 17206 17395 I DFInstaObserve: !toggles +blocked disable_feed=0 disable_explore=0 disable_reels=0 disable_stories=1 disable_adds=0
08-13 20:09:47.946 17206 17395 I DFInstaObserve: !toggles +blocked disable_feed=0 disable_explore=0 disable_reels=0 disable_stories=1 disable_adds=0
08-13 20:09:49.712 17206 17954 I DFInstaObserve: !toggles +blocked disable_feed=0 disable_explore=0 disable_reels=0 disable_stories=1 disable_adds=0
08-13 20:09:49.869 17206 17245 I DFInstaObserve: !toggles +blocked disable_feed=0 disable_explore=0 disable_reels=0 disable_stories=1 disable_adds=0
08-13 20:09:49.872 17206 17244 I DFInstaObserve: !toggles +blocked disable_feed=0 disable_explore=0 disable_reels=0 disable_stories=1 disable_adds=0
08-13 20:09:49.892 17206 17395 I DFInstaObserve: !toggles +blocked disable_feed=0 disable_explore=0 disable_reels=0 disable_stories=1 disable_adds=0
08-13 20:09:49.946 17206 17943 I DFInstaObserve: !toggles +blocked disable_feed=0 disable_explore=0 disable_reels=0 disable_stories=1 disable_adds=0
08-13 20:09:49.946 17206 17962 I DFInstaObserve: !toggles +blocked disable_feed=0 disable_explore=0 disable_reels=0 disable_stories=1 disable_adds=0
08-13 20:09:49.966 17206 17264 I DFInstaObserve: !toggles +blocked disable_feed=0 disable_explore=0 disable_reels=0 disable_stories=1 disable_adds=0
08-13 20:09:49.989 17206 17395 I DFInstaObserve: !toggles +blocked disable_feed=0 disable_explore=0 disable_reels=0 disable_stories=1 disable_adds=0
08-13 20:09:50.010 17206 17264 I DFInstaObserve: !toggles +blocked disable_feed=0 disable_explore=0 disable_reels=0 disable_stories=1 disable_adds=0
08-13 20:09:50.033 17206 17395 I DFInstaObserve: !toggles +blocked disable_feed=0 disable_explore=0 disable_reels=0 disable_stories=1 disable_adds=0
08-13 20:09:50.051 17206 17943 I DFInstaObserve: !toggles +blocked disable_feed=0 disable_explore=0 disable_reels=0 disable_stories=1 disable_adds=0
08-13 20:09:50.112 17206 17264 I DFInstaObserve: !toggles +blocked disable_feed=0 disable_explore=0 disable_reels=0 disable_stories=1 disable_adds=0
08-13 20:09:50.190 17206 17707 I DFInstaObserve: !toggles +blocked disable_feed=0 disable_explore=0 disable_reels=0 disable_stories=1 disable_adds=0
08-13 20:09:50.216 17206 17395 I DFInstaObserve: !toggles +blocked disable_feed=0 disable_explore=0 disable_reels=0 disable_stories=1 disable_adds=0
08-13 20:09:50.259 17206 17264 I DFInstaObserve: !toggles +blocked disable_feed=0 disable_explore=0 disable_reels=0 disable_stories=1 disable_adds=0
08-13 20:09:50.427 17206 17395 I DFInstaObserve: !toggles +blocked disable_feed=0 disable_explore=0 disable_reels=0 disable_stories=1 disable_adds=0
08-13 20:09:50.430 17206 17943 I DFInstaObserve: !toggles +blocked disable_feed=0 disable_explore=0 disable_reels=0 disable_stories=1 disable_adds=0
08-13 20:09:50.459 17206 17975 I DFInstaObserve: !toggles +blocked disable_feed=0 disable_explore=0 disable_reels=0 disable_stories=1 disable_adds=0
08-13 20:09:50.521 17206 17943 I DFInstaObserve: !toggles +blocked disable_feed=0 disable_explore=0 disable_reels=0 disable_stories=1 disable_adds=0
08-13 20:09:50.540 17206 17893 I DFInstaObserve: !toggles +blocked disable_feed=0 disable_explore=0 disable_reels=0 disable_stories=1 disable_adds=0
08-13 20:09:50.541 17206 17395 I DFInstaObserve: !toggles +blocked disable_feed=0 disable_explore=0 disable_reels=0 disable_stories=1 disable_adds=0
08-13 20:09:50.569 17206 17943 I DFInstaObserve: !toggles +blocked disable_feed=0 disable_explore=0 disable_reels=0 disable_stories=1 disable_adds=0
08-13 20:09:50.578 17206 17395 I DFInstaObserve: !toggles +blocked disable_feed=0 disable_explore=0 disable_reels=0 disable_stories=1 disable_adds=0
08-13 20:09:50.581 17206 17975 I DFInstaObserve: !toggles +blocked disable_feed=0 disable_explore=0 disable_reels=0 disable_stories=1 disable_adds=0
08-13 20:09:50.581 17206 17975 I DFInstaObserve: /discover/topical_explore
08-13 20:09:50.623 17206 17395 I DFInstaObserve: !toggles +blocked disable_feed=0 disable_explore=0 disable_reels=0 disable_stories=1 disable_adds=0
08-13 20:09:50.627 17206 17893 I DFInstaObserve: !toggles +blocked disable_feed=0 disable_explore=0 disable_reels=0 disable_stories=1 disable_adds=0
08-13 20:09:50.672 17206 17395 I DFInstaObserve: !toggles +blocked disable_feed=0 disable_explore=0 disable_reels=0 disable_stories=1 disable_adds=0
08-13 20:09:50.697 17206 17959 I DFInstaObserve: !toggles +blocked disable_feed=0 disable_explore=0 disable_reels=0 disable_stories=1 disable_adds=0
08-13 20:09:50.759 17206 17989 I DFInstaObserve: !toggles +blocked disable_feed=0 disable_explore=0 disable_reels=0 disable_stories=1 disable_adds=0
08-13 20:09:50.798 17206 17893 I DFInstaObserve: !toggles +blocked disable_feed=0 disable_explore=0 disable_reels=0 disable_stories=1 disable_adds=0
08-13 20:09:51.035 17206 17395 I DFInstaObserve: !toggles +blocked disable_feed=0 disable_explore=0 disable_reels=0 disable_stories=1 disable_adds=0
08-13 20:09:51.104 17206 17395 I DFInstaObserve: !toggles +blocked disable_feed=0 disable_explore=0 disable_reels=0 disable_stories=1 disable_adds=0
08-13 20:09:51.305 17206 18018 I DFInstaObserve: !toggles +blocked disable_feed=0 disable_explore=0 disable_reels=0 disable_stories=1 disable_adds=0
08-13 20:09:51.329 17206 17395 I DFInstaObserve: !toggles +blocked disable_feed=0 disable_explore=0 disable_reels=0 disable_stories=1 disable_adds=0
08-13 20:09:53.108 17206 18003 I DFInstaObserve: !toggles +blocked disable_feed=0 disable_explore=0 disable_reels=0 disable_stories=1 disable_adds=0
08-13 20:09:53.179 17206 18003 I DFInstaObserve: !toggles +blocked disable_feed=0 disable_explore=0 disable_reels=0 disable_stories=1 disable_adds=0
08-13 20:09:53.258 17206 18009 I DFInstaObserve: !toggles +blocked disable_feed=0 disable_explore=0 disable_reels=0 disable_stories=1 disable_adds=0
08-13 20:09:53.729 17206 17245 I DFInstaObserve: !toggles +blocked disable_feed=0 disable_explore=0 disable_reels=0 disable_stories=1 disable_adds=0
08-13 20:09:53.736 17206 17244 I DFInstaObserve: !toggles +blocked disable_feed=0 disable_explore=0 disable_reels=0 disable_stories=1 disable_adds=0
08-13 20:09:53.763 17206 17395 I DFInstaObserve: !toggles +blocked disable_feed=0 disable_explore=0 disable_reels=0 disable_stories=1 disable_adds=0
08-13 20:09:53.812 17206 17975 I DFInstaObserve: !toggles +blocked disable_feed=0 disable_explore=0 disable_reels=0 disable_stories=1 disable_adds=0
08-13 20:09:53.834 17206 18028 I DFInstaObserve: !toggles +blocked disable_feed=0 disable_explore=0 disable_reels=0 disable_stories=1 disable_adds=0
08-13 20:09:53.855 17206 17395 I DFInstaObserve: !toggles +blocked disable_feed=0 disable_explore=0 disable_reels=0 disable_stories=1 disable_adds=0
08-13 20:09:53.897 17206 17975 I DFInstaObserve: !toggles +blocked disable_feed=0 disable_explore=0 disable_reels=0 disable_stories=1 disable_adds=0
08-13 20:09:53.911 17206 17395 I DFInstaObserve: !toggles +blocked disable_feed=0 disable_explore=0 disable_reels=0 disable_stories=1 disable_adds=0
08-13 20:09:53.925 17206 17893 I DFInstaObserve: !toggles +blocked disable_feed=0 disable_explore=0 disable_reels=0 disable_stories=1 disable_adds=0
08-13 20:09:53.953 17206 17395 I DFInstaObserve: !toggles +blocked disable_feed=0 disable_explore=0 disable_reels=0 disable_stories=1 disable_adds=0
08-13 20:09:54.014 17206 17943 I DFInstaObserve: !toggles +blocked disable_feed=0 disable_explore=0 disable_reels=0 disable_stories=1 disable_adds=0
08-13 20:09:54.036 17206 18028 I DFInstaObserve: !toggles +blocked disable_feed=0 disable_explore=0 disable_reels=0 disable_stories=1 disable_adds=0
08-13 20:09:54.036 17206 18028 I DFInstaObserve: /discover/topical_explore
08-13 20:09:54.059 17206 17395 I DFInstaObserve: !toggles +blocked disable_feed=0 disable_explore=0 disable_reels=0 disable_stories=1 disable_adds=0
08-13 20:09:54.068 17206 17893 I DFInstaObserve: !toggles +blocked disable_feed=0 disable_explore=0 disable_reels=0 disable_stories=1 disable_adds=0
08-13 20:09:54.099 17206 17943 I DFInstaObserve: !toggles +blocked disable_feed=0 disable_explore=0 disable_reels=0 disable_stories=1 disable_adds=0
08-13 20:09:54.140 17206 17395 I DFInstaObserve: !toggles +blocked disable_feed=0 disable_explore=0 disable_reels=0 disable_stories=1 disable_adds=0
08-13 20:09:54.183 17206 17943 I DFInstaObserve: !toggles +blocked disable_feed=0 disable_explore=0 disable_reels=0 disable_stories=1 disable_adds=0
08-13 20:09:54.269 17206 17395 I DFInstaObserve: !toggles +blocked disable_feed=0 disable_explore=0 disable_reels=0 disable_stories=1 disable_adds=0
08-13 20:09:54.292 17206 17975 I DFInstaObserve: !toggles +blocked disable_feed=0 disable_explore=0 disable_reels=0 disable_stories=1 disable_adds=0
08-13 20:09:54.391 17206 17893 I DFInstaObserve: !toggles +blocked disable_feed=0 disable_explore=0 disable_reels=0 disable_stories=1 disable_adds=0
08-13 20:09:54.499 17206 17893 I DFInstaObserve: !toggles +blocked disable_feed=0 disable_explore=0 disable_reels=0 disable_stories=1 disable_adds=0
08-13 20:09:54.530 17206 17943 I DFInstaObserve: !toggles +blocked disable_feed=0 disable_explore=0 disable_reels=0 disable_stories=1 disable_adds=0
08-13 20:09:54.570 17206 17395 I DFInstaObserve: !toggles +blocked disable_feed=0 disable_explore=0 disable_reels=0 disable_stories=1 disable_adds=0
08-13 20:09:54.604 17206 17975 I DFInstaObserve: !toggles +blocked disable_feed=0 disable_explore=0 disable_reels=0 disable_stories=1 disable_adds=0
08-13 20:09:54.612 17206 18070 I DFInstaObserve: !toggles +blocked disable_feed=0 disable_explore=0 disable_reels=0 disable_stories=1 disable_adds=0
08-13 20:09:54.614 17206 17395 I DFInstaObserve: !toggles +blocked disable_feed=0 disable_explore=0 disable_reels=0 disable_stories=1 disable_adds=0
08-13 20:09:54.636 17206 17943 I DFInstaObserve: !toggles +blocked disable_feed=0 disable_explore=0 disable_reels=0 disable_stories=1 disable_adds=0
08-13 20:09:54.697 17206 17395 I DFInstaObserve: !toggles +blocked disable_feed=0 disable_explore=0 disable_reels=0 disable_stories=1 disable_adds=0
08-13 20:09:54.711 17206 17983 I DFInstaObserve: !toggles +blocked disable_feed=0 disable_explore=0 disable_reels=0 disable_stories=1 disable_adds=0
08-13 20:09:54.744 17206 17943 I DFInstaObserve: !toggles +blocked disable_feed=0 disable_explore=0 disable_reels=0 disable_stories=1 disable_adds=0
08-13 20:09:54.767 17206 17395 I DFInstaObserve: !toggles +blocked disable_feed=0 disable_explore=0 disable_reels=0 disable_stories=1 disable_adds=0
08-13 20:09:54.867 17206 17395 I DFInstaObserve: !toggles +blocked disable_feed=0 disable_explore=0 disable_reels=0 disable_stories=1 disable_adds=0
08-13 20:09:56.518 17206 17244 I DFInstaObserve: !toggles +blocked disable_feed=0 disable_explore=0 disable_reels=0 disable_stories=1 disable_adds=0
08-13 20:09:56.523 17206 17244 I DFInstaObserve: !toggles +blocked disable_feed=0 disable_explore=0 disable_reels=0 disable_stories=1 disable_adds=0
08-13 20:09:56.543 17206 17395 I DFInstaObserve: !toggles +blocked disable_feed=0 disable_explore=0 disable_reels=0 disable_stories=1 disable_adds=0
08-13 20:09:56.575 17206 17943 I DFInstaObserve: !toggles +blocked disable_feed=0 disable_explore=0 disable_reels=0 disable_stories=1 disable_adds=0
08-13 20:09:56.578 17206 18062 I DFInstaObserve: !toggles +blocked disable_feed=0 disable_explore=0 disable_reels=0 disable_stories=1 disable_adds=0
08-13 20:09:56.620 17206 18062 I DFInstaObserve: !toggles +blocked disable_feed=0 disable_explore=0 disable_reels=0 disable_stories=1 disable_adds=0
08-13 20:09:56.660 17206 18076 I DFInstaObserve: !toggles +blocked disable_feed=0 disable_explore=0 disable_reels=0 disable_stories=1 disable_adds=0
08-13 20:09:56.667 17206 18054 I DFInstaObserve: !toggles +blocked disable_feed=0 disable_explore=0 disable_reels=0 disable_stories=1 disable_adds=0
08-13 20:09:56.701 17206 17893 I DFInstaObserve: !toggles +blocked disable_feed=0 disable_explore=0 disable_reels=0 disable_stories=1 disable_adds=0
08-13 20:09:56.749 17206 17943 I DFInstaObserve: !toggles +blocked disable_feed=0 disable_explore=0 disable_reels=0 disable_stories=1 disable_adds=0
08-13 20:09:56.804 17206 17943 I DFInstaObserve: !toggles +blocked disable_feed=0 disable_explore=0 disable_reels=0 disable_stories=1 disable_adds=0
08-13 20:09:56.840 17206 18076 I DFInstaObserve: !toggles +blocked disable_feed=0 disable_explore=0 disable_reels=0 disable_stories=1 disable_adds=0
08-13 20:09:56.885 17206 17893 I DFInstaObserve: !toggles +blocked disable_feed=0 disable_explore=0 disable_reels=0 disable_stories=1 disable_adds=0
08-13 20:09:56.963 17206 17943 I DFInstaObserve: !toggles +blocked disable_feed=0 disable_explore=0 disable_reels=0 disable_stories=1 disable_adds=0
08-13 20:09:56.963 17206 17395 I DFInstaObserve: !toggles +blocked disable_feed=0 disable_explore=0 disable_reels=0 disable_stories=1 disable_adds=0
08-13 20:09:57.020 17206 17395 I DFInstaObserve: !toggles +blocked disable_feed=0 disable_explore=0 disable_reels=0 disable_stories=1 disable_adds=0
08-13 20:09:57.029 17206 18028 I DFInstaObserve: !toggles +blocked disable_feed=0 disable_explore=0 disable_reels=0 disable_stories=1 disable_adds=0
08-13 20:09:57.060 17206 17395 I DFInstaObserve: !toggles +blocked disable_feed=0 disable_explore=0 disable_reels=0 disable_stories=1 disable_adds=0
08-13 20:09:57.096 17206 17395 I DFInstaObserve: !toggles +blocked disable_feed=0 disable_explore=0 disable_reels=0 disable_stories=1 disable_adds=0
08-13 20:09:57.108 17206 17943 I DFInstaObserve: !toggles +blocked disable_feed=0 disable_explore=0 disable_reels=0 disable_stories=1 disable_adds=0
08-13 20:09:57.133 17206 18076 I DFInstaObserve: !toggles +blocked disable_feed=0 disable_explore=0 disable_reels=0 disable_stories=1 disable_adds=0
08-13 20:09:57.284 17206 17943 I DFInstaObserve: !toggles +blocked disable_feed=0 disable_explore=0 disable_reels=0 disable_stories=1 disable_adds=0
08-13 20:09:57.332 17206 17395 I DFInstaObserve: !toggles +blocked disable_feed=0 disable_explore=0 disable_reels=0 disable_stories=1 disable_adds=0
08-13 20:09:57.344 17206 17975 I DFInstaObserve: !toggles +blocked disable_feed=0 disable_explore=0 disable_reels=0 disable_stories=1 disable_adds=0
08-13 20:09:57.378 17206 17959 I DFInstaObserve: !toggles +blocked disable_feed=0 disable_explore=0 disable_reels=0 disable_stories=1 disable_adds=0
08-13 20:09:57.388 17206 17395 I DFInstaObserve: !toggles +blocked disable_feed=0 disable_explore=0 disable_reels=0 disable_stories=1 disable_adds=0
08-13 20:09:57.494 17206 17943 I DFInstaObserve: !toggles +blocked disable_feed=0 disable_explore=0 disable_reels=0 disable_stories=1 disable_adds=0
08-13 20:09:57.494 17206 17943 I DFInstaObserve: /discover/topical_explore
08-13 20:09:57.646 17206 17395 I DFInstaObserve: !toggles +blocked disable_feed=0 disable_explore=0 disable_reels=0 disable_stories=1 disable_adds=0
08-13 20:09:57.715 17206 17395 I DFInstaObserve: !toggles +blocked disable_feed=0 disable_explore=0 disable_reels=0 disable_stories=1 disable_adds=0
08-13 20:09:57.798 17206 17395 I DFInstaObserve: !toggles +blocked disable_feed=0 disable_explore=0 disable_reels=0 disable_stories=1 disable_adds=0
08-13 20:09:57.845 17206 18110 I DFInstaObserve: !toggles +blocked disable_feed=0 disable_explore=0 disable_reels=0 disable_stories=1 disable_adds=0
08-13 20:09:57.877 17206 17395 I DFInstaObserve: !toggles +blocked disable_feed=0 disable_explore=0 disable_reels=0 disable_stories=1 disable_adds=0
08-13 20:09:58.313 17206 17395 I DFInstaObserve: !toggles +blocked disable_feed=0 disable_explore=0 disable_reels=0 disable_stories=1 disable_adds=0
08-13 20:09:59.798 17206 18099 I DFInstaObserve: !toggles +blocked disable_feed=0 disable_explore=0 disable_reels=0 disable_stories=1 disable_adds=0
08-13 20:10:00.013 17206 18107 I DFInstaObserve: !toggles +blocked disable_feed=0 disable_explore=0 disable_reels=0 disable_stories=1 disable_adds=0
08-13 20:10:00.600 17206 18147 I DFInstaObserve: !toggles +blocked disable_feed=0 disable_explore=0 disable_reels=0 disable_stories=1 disable_adds=0
08-13 20:10:00.694 17206 18114 I DFInstaObserve: !toggles +blocked disable_feed=0 disable_explore=0 disable_reels=0 disable_stories=1 disable_adds=0
08-13 20:10:00.872 17206 17244 I DFInstaObserve: !toggles +blocked disable_feed=0 disable_explore=0 disable_reels=0 disable_stories=1 disable_adds=0
08-13 20:10:00.876 17206 17245 I DFInstaObserve: !toggles +blocked disable_feed=0 disable_explore=0 disable_reels=0 disable_stories=1 disable_adds=0
08-13 20:10:00.933 17206 17245 I DFInstaObserve: !toggles +blocked disable_feed=0 disable_explore=0 disable_reels=0 disable_stories=1 disable_adds=0
08-13 20:10:01.007 17206 18162 I DFInstaObserve: !toggles +blocked disable_feed=0 disable_explore=0 disable_reels=0 disable_stories=1 disable_adds=0
08-13 20:10:01.137 17206 17424 I DFInstaObserve: !toggles +blocked disable_feed=0 disable_explore=0 disable_reels=0 disable_stories=1 disable_adds=0
08-13 20:10:01.295 17206 17424 I DFInstaObserve: !toggles +blocked disable_feed=0 disable_explore=0 disable_reels=0 disable_stories=1 disable_adds=0
08-13 20:10:01.506 17206 17424 I DFInstaObserve: !toggles +blocked disable_feed=0 disable_explore=0 disable_reels=0 disable_stories=1 disable_adds=0
08-13 20:10:01.663 17206 17424 I DFInstaObserve: !toggles +blocked disable_feed=0 disable_explore=0 disable_reels=0 disable_stories=1 disable_adds=0
08-13 20:10:01.823 17206 17424 I DFInstaObserve: !toggles +blocked disable_feed=0 disable_explore=0 disable_reels=0 disable_stories=1 disable_adds=0
08-13 20:10:03.160 17206 17244 I DFInstaObserve: !toggles +blocked disable_feed=0 disable_explore=0 disable_reels=0 disable_stories=1 disable_adds=0
08-13 20:10:03.166 17206 17244 I DFInstaObserve: !toggles +blocked disable_feed=0 disable_explore=0 disable_reels=0 disable_stories=1 disable_adds=0
08-13 20:10:03.190 17206 17395 I DFInstaObserve: !toggles +blocked disable_feed=0 disable_explore=0 disable_reels=0 disable_stories=1 disable_adds=0
08-13 20:10:03.212 17206 18178 I DFInstaObserve: !toggles +blocked disable_feed=0 disable_explore=0 disable_reels=0 disable_stories=1 disable_adds=0
08-13 20:10:03.217 17206 18181 I DFInstaObserve: !toggles +blocked disable_feed=0 disable_explore=0 disable_reels=0 disable_stories=1 disable_adds=0
08-13 20:10:03.260 17206 18178 I DFInstaObserve: !toggles +blocked disable_feed=0 disable_explore=0 disable_reels=0 disable_stories=1 disable_adds=0
08-13 20:10:03.284 17206 18076 I DFInstaObserve: !toggles +blocked disable_feed=0 disable_explore=0 disable_reels=0 disable_stories=1 disable_adds=0
08-13 20:10:03.328 17206 18166 I DFInstaObserve: !toggles +blocked disable_feed=0 disable_explore=0 disable_reels=0 disable_stories=1 disable_adds=0
08-13 20:10:03.371 17206 18166 I DFInstaObserve: !toggles +blocked disable_feed=0 disable_explore=0 disable_reels=0 disable_stories=1 disable_adds=0
08-13 20:10:03.441 17206 18170 I DFInstaObserve: !toggles +blocked disable_feed=0 disable_explore=0 disable_reels=0 disable_stories=1 disable_adds=0
08-13 20:10:03.456 17206 17395 I DFInstaObserve: !toggles +blocked disable_feed=0 disable_explore=0 disable_reels=0 disable_stories=1 disable_adds=0
08-13 20:10:03.465 17206 18195 I DFInstaObserve: !toggles +blocked disable_feed=0 disable_explore=0 disable_reels=0 disable_stories=1 disable_adds=0
08-13 20:10:03.511 17206 17395 I DFInstaObserve: !toggles +blocked disable_feed=0 disable_explore=0 disable_reels=0 disable_stories=1 disable_adds=0
08-13 20:10:03.563 17206 18114 I DFInstaObserve: !toggles +blocked disable_feed=0 disable_explore=0 disable_reels=0 disable_stories=1 disable_adds=0
08-13 20:10:03.585 17206 17395 I DFInstaObserve: !toggles +blocked disable_feed=0 disable_explore=0 disable_reels=0 disable_stories=1 disable_adds=0
08-13 20:10:03.633 17206 18197 I DFInstaObserve: !toggles +blocked disable_feed=0 disable_explore=0 disable_reels=0 disable_stories=1 disable_adds=0
08-13 20:10:03.647 17206 17395 I DFInstaObserve: !toggles +blocked disable_feed=0 disable_explore=0 disable_reels=0 disable_stories=1 disable_adds=0
08-13 20:10:03.713 17206 18166 I DFInstaObserve: !toggles +blocked disable_feed=0 disable_explore=0 disable_reels=0 disable_stories=1 disable_adds=0
08-13 20:10:03.794 17206 17943 I DFInstaObserve: !toggles +blocked disable_feed=0 disable_explore=0 disable_reels=0 disable_stories=1 disable_adds=0
08-13 20:10:03.830 17206 18166 I DFInstaObserve: !toggles +blocked disable_feed=0 disable_explore=0 disable_reels=0 disable_stories=1 disable_adds=0
08-13 20:10:03.916 17206 17943 I DFInstaObserve: !toggles +blocked disable_feed=0 disable_explore=0 disable_reels=0 disable_stories=1 disable_adds=0
08-13 20:10:03.947 17206 18114 I DFInstaObserve: !toggles +blocked disable_feed=0 disable_explore=0 disable_reels=0 disable_stories=1 disable_adds=0
08-13 20:10:04.013 17206 18197 I DFInstaObserve: !toggles +blocked disable_feed=0 disable_explore=0 disable_reels=0 disable_stories=1 disable_adds=0
08-13 20:10:04.049 17206 18170 I DFInstaObserve: !toggles +blocked disable_feed=0 disable_explore=0 disable_reels=0 disable_stories=1 disable_adds=0
08-13 20:10:04.064 17206 17395 I DFInstaObserve: !toggles +blocked disable_feed=0 disable_explore=0 disable_reels=0 disable_stories=1 disable_adds=0
08-13 20:10:04.110 17206 17395 I DFInstaObserve: !toggles +blocked disable_feed=0 disable_explore=0 disable_reels=0 disable_stories=1 disable_adds=0
08-13 20:10:04.526 17206 17395 I DFInstaObserve: !toggles +blocked disable_feed=0 disable_explore=0 disable_reels=0 disable_stories=1 disable_adds=0
08-13 20:10:04.576 17206 17395 I DFInstaObserve: !toggles +blocked disable_feed=0 disable_explore=0 disable_reels=0 disable_stories=1 disable_adds=0
08-13 20:10:04.651 17206 17395 I DFInstaObserve: !toggles +blocked disable_feed=0 disable_explore=0 disable_reels=0 disable_stories=1 disable_adds=0
08-13 20:10:04.688 17206 17395 I DFInstaObserve: !toggles +blocked disable_feed=0 disable_explore=0 disable_reels=0 disable_stories=1 disable_adds=0
08-13 20:10:04.756 17206 17395 I DFInstaObserve: !toggles +blocked disable_feed=0 disable_explore=0 disable_reels=0 disable_stories=1 disable_adds=0
08-13 20:10:08.672 17206 18114 I DFInstaObserve: !toggles +blocked disable_feed=0 disable_explore=0 disable_reels=0 disable_stories=1 disable_adds=0
08-13 20:10:08.672 17206 18114 I DFInstaObserve: /clips/discover
08-13 20:10:08.672 17206 18114 I DFInstaObserve: /clips/discover/stream/
08-13 20:10:09.085 17206 17244 I DFInstaObserve: !toggles +blocked disable_feed=0 disable_explore=0 disable_reels=0 disable_stories=1 disable_adds=0
08-13 20:10:09.090 17206 17245 I DFInstaObserve: !toggles +blocked disable_feed=0 disable_explore=0 disable_reels=0 disable_stories=1 disable_adds=0
08-13 20:10:09.139 17206 18076 I DFInstaObserve: !toggles +blocked disable_feed=0 disable_explore=0 disable_reels=0 disable_stories=1 disable_adds=0
08-13 20:10:11.258 17206 18146 I DFInstaObserve: !toggles +blocked disable_feed=0 disable_explore=0 disable_reels=0 disable_stories=1 disable_adds=0
08-13 20:10:11.258 17206 18216 I DFInstaObserve: !toggles +blocked disable_feed=0 disable_explore=0 disable_reels=0 disable_stories=1 disable_adds=0
08-13 20:10:13.156 17206 17245 I DFInstaObserve: !toggles +blocked disable_feed=0 disable_explore=0 disable_reels=0 disable_stories=1 disable_adds=0
08-13 20:10:13.167 17206 17245 I DFInstaObserve: !toggles +blocked disable_feed=0 disable_explore=0 disable_reels=0 disable_stories=1 disable_adds=0
08-13 20:10:13.231 17206 17395 I DFInstaObserve: !toggles +blocked disable_feed=0 disable_explore=0 disable_reels=0 disable_stories=1 disable_adds=0
08-13 20:10:13.253 17206 17244 I DFInstaObserve: !toggles +blocked disable_feed=0 disable_explore=0 disable_reels=0 disable_stories=1 disable_adds=0
08-13 20:10:13.287 17206 18076 I DFInstaObserve: !toggles +blocked disable_feed=0 disable_explore=0 disable_reels=0 disable_stories=1 disable_adds=0
08-13 20:10:13.811 17206 17395 I DFInstaObserve: !toggles +blocked disable_feed=0 disable_explore=0 disable_reels=0 disable_stories=1 disable_adds=0
08-13 20:10:13.847 17206 17395 I DFInstaObserve: !toggles +blocked disable_feed=0 disable_explore=0 disable_reels=0 disable_stories=1 disable_adds=0
08-13 20:10:14.142 17206 17245 I DFInstaObserve: !toggles +blocked disable_feed=0 disable_explore=0 disable_reels=0 disable_stories=1 disable_adds=0
08-13 20:10:14.151 17206 17245 I DFInstaObserve: !toggles +blocked disable_feed=0 disable_explore=0 disable_reels=0 disable_stories=1 disable_adds=0
08-13 20:10:14.177 17206 17395 I DFInstaObserve: !toggles +blocked disable_feed=0 disable_explore=0 disable_reels=0 disable_stories=1 disable_adds=0
08-13 20:10:14.214 17206 17395 I DFInstaObserve: !toggles +blocked disable_feed=0 disable_explore=0 disable_reels=0 disable_stories=1 disable_adds=0
08-13 20:10:14.257 17206 18195 I DFInstaObserve: !toggles +blocked disable_feed=0 disable_explore=0 disable_reels=0 disable_stories=1 disable_adds=0
08-13 20:10:14.499 17206 18244 I DFInstaObserve: !toggles +blocked disable_feed=0 disable_explore=0 disable_reels=0 disable_stories=1 disable_adds=0
08-13 20:10:14.499 17206 18245 I DFInstaObserve: !toggles +blocked disable_feed=0 disable_explore=0 disable_reels=0 disable_stories=1 disable_adds=0
08-13 20:10:14.523 17206 17395 I DFInstaObserve: !toggles +blocked disable_feed=0 disable_explore=0 disable_reels=0 disable_stories=1 disable_adds=0
08-13 20:10:14.584 17206 17395 I DFInstaObserve: !toggles +blocked disable_feed=0 disable_explore=0 disable_reels=0 disable_stories=1 disable_adds=0
08-13 20:10:14.895 17206 17395 I DFInstaObserve: !toggles +blocked disable_feed=0 disable_explore=0 disable_reels=0 disable_stories=1 disable_adds=0
08-13 20:10:15.751 17206 17244 I DFInstaObserve: !toggles +blocked disable_feed=0 disable_explore=0 disable_reels=0 disable_stories=1 disable_adds=0
08-13 20:10:15.807 17206 17244 I DFInstaObserve: !toggles +blocked disable_feed=0 disable_explore=0 disable_reels=0 disable_stories=1 disable_adds=0
08-13 20:10:17.861 17206 18278 I DFInstaObserve: !toggles +blocked disable_feed=0 disable_explore=0 disable_reels=0 disable_stories=1 disable_adds=0
08-13 20:10:17.861 17206 18277 I DFInstaObserve: !toggles +blocked disable_feed=0 disable_explore=0 disable_reels=0 disable_stories=1 disable_adds=0
08-13 20:10:19.112 17206 17244 I DFInstaObserve: !toggles +blocked disable_feed=0 disable_explore=0 disable_reels=0 disable_stories=1 disable_adds=0
08-13 20:10:21.175 17206 18310 I DFInstaObserve: !toggles +blocked disable_feed=0 disable_explore=0 disable_reels=0 disable_stories=1 disable_adds=0
08-13 20:10:21.175 17206 18309 I DFInstaObserve: !toggles +blocked disable_feed=0 disable_explore=0 disable_reels=0 disable_stories=1 disable_adds=0
08-13 20:10:21.989 17206 18226 I DFInstaObserve: !toggles +blocked disable_feed=0 disable_explore=0 disable_reels=0 disable_stories=1 disable_adds=0
08-13 20:10:21.989 17206 18226 I DFInstaObserve: /clips/discover
08-13 20:10:21.989 17206 18226 I DFInstaObserve: /clips/discover/stream/
08-13 20:10:22.413 17206 17245 I DFInstaObserve: !toggles +blocked disable_feed=0 disable_explore=0 disable_reels=0 disable_stories=1 disable_adds=0
08-13 20:10:22.461 17206 17244 I DFInstaObserve: !toggles +blocked disable_feed=0 disable_explore=0 disable_reels=0 disable_stories=1 disable_adds=0
08-13 20:10:24.498 17206 18337 I DFInstaObserve: !toggles +blocked disable_feed=0 disable_explore=0 disable_reels=0 disable_stories=1 disable_adds=0
08-13 20:10:24.499 17206 18338 I DFInstaObserve: !toggles +blocked disable_feed=0 disable_explore=0 disable_reels=0 disable_stories=1 disable_adds=0
08-13 20:10:25.277 17206 18261 I DFInstaObserve: !toggles +blocked disable_feed=0 disable_explore=0 disable_reels=0 disable_stories=1 disable_adds=0
08-13 20:10:25.494 17206 17244 I DFInstaObserve: !toggles +blocked disable_feed=0 disable_explore=0 disable_reels=0 disable_stories=1 disable_adds=0
08-13 20:10:25.500 17206 17245 I DFInstaObserve: !toggles +blocked disable_feed=0 disable_explore=0 disable_reels=0 disable_stories=1 disable_adds=0
08-13 20:10:25.510 17206 17244 I DFInstaObserve: !toggles +blocked disable_feed=0 disable_explore=0 disable_reels=0 disable_stories=1 disable_adds=0
08-13 20:10:25.510 17206 17245 I DFInstaObserve: !toggles +blocked disable_feed=0 disable_explore=0 disable_reels=0 disable_stories=1 disable_adds=0
08-13 20:10:25.513 17206 17395 I DFInstaObserve: !toggles +blocked disable_feed=0 disable_explore=0 disable_reels=0 disable_stories=1 disable_adds=0
08-13 20:10:25.719 17206 17424 I DFInstaObserve: !toggles +blocked disable_feed=0 disable_explore=0 disable_reels=0 disable_stories=1 disable_adds=0
08-13 20:10:25.808 17206 17395 I DFInstaObserve: !toggles +blocked disable_feed=0 disable_explore=0 disable_reels=0 disable_stories=1 disable_adds=0
08-13 20:10:25.831 17206 17245 I DFInstaObserve: !toggles +blocked disable_feed=0 disable_explore=0 disable_reels=0 disable_stories=1 disable_adds=0
08-13 20:10:25.836 17206 17245 I DFInstaObserve: !toggles +blocked disable_feed=0 disable_explore=0 disable_reels=0 disable_stories=1 disable_adds=0
08-13 20:10:25.857 17206 17395 I DFInstaObserve: !toggles +blocked disable_feed=0 disable_explore=0 disable_reels=0 disable_stories=1 disable_adds=0
08-13 20:10:26.250 17206 17424 I DFInstaObserve: !toggles +blocked disable_feed=0 disable_explore=0 disable_reels=0 disable_stories=1 disable_adds=0
08-13 20:10:26.478 17206 17424 I DFInstaObserve: !toggles +blocked disable_feed=0 disable_explore=0 disable_reels=0 disable_stories=1 disable_adds=0
08-13 20:10:26.561 17206 17395 I DFInstaObserve: !toggles +blocked disable_feed=0 disable_explore=0 disable_reels=0 disable_stories=1 disable_adds=0
08-13 20:10:26.726 17206 17395 I DFInstaObserve: !toggles +blocked disable_feed=0 disable_explore=0 disable_reels=0 disable_stories=1 disable_adds=0
08-13 20:10:26.884 17206 17395 I DFInstaObserve: !toggles +blocked disable_feed=0 disable_explore=0 disable_reels=0 disable_stories=1 disable_adds=0
08-13 20:10:26.922 17206 17395 I DFInstaObserve: !toggles +blocked disable_feed=0 disable_explore=0 disable_reels=0 disable_stories=1 disable_adds=0
08-13 20:10:27.345 17206 17395 I DFInstaObserve: !toggles +blocked disable_feed=0 disable_explore=0 disable_reels=0 disable_stories=1 disable_adds=0
08-13 20:10:30.991 17206 18375 I DFInstaObserve: !toggles +blocked disable_feed=0 disable_explore=0 disable_reels=0 disable_stories=1 disable_adds=0
08-13 20:10:30.991 17206 18375 I DFInstaObserve: /clips/discover
08-13 20:10:30.991 17206 18375 I DFInstaObserve: /clips/discover/stream/
08-13 20:10:33.850 17206 17395 I DFInstaObserve: !toggles +blocked disable_feed=0 disable_explore=0 disable_reels=0 disable_stories=1 disable_adds=0
08-13 20:10:34.474 17206 17395 I DFInstaObserve: !toggles +blocked disable_feed=0 disable_explore=0 disable_reels=0 disable_stories=1 disable_adds=0
08-13 20:10:34.519 17206 17395 I DFInstaObserve: !toggles +blocked disable_feed=0 disable_explore=0 disable_reels=0 disable_stories=1 disable_adds=0
08-13 20:10:34.684 17206 17395 I DFInstaObserve: !toggles +blocked disable_feed=0 disable_explore=0 disable_reels=0 disable_stories=1 disable_adds=0
08-13 20:10:34.736 17206 17395 I DFInstaObserve: !toggles +blocked disable_feed=0 disable_explore=0 disable_reels=0 disable_stories=1 disable_adds=0
08-13 20:10:35.172 17206 17395 I DFInstaObserve: !toggles +blocked disable_feed=0 disable_explore=0 disable_reels=0 disable_stories=1 disable_adds=0
08-13 20:10:51.711 17206 17245 I DFInstaObserve: !toggles +blocked disable_feed=0 disable_explore=0 disable_reels=0 disable_stories=1 disable_adds=0
08-13 20:10:55.103 17206 17244 I DFInstaObserve: !toggles +blocked disable_feed=0 disable_explore=0 disable_reels=0 disable_stories=1 disable_adds=0
08-13 20:10:55.817 17206 17244 I DFInstaObserve: !toggles +blocked disable_feed=0 disable_explore=0 disable_reels=0 disable_stories=1 disable_adds=0
08-13 20:10:59.134 17206 17245 I DFInstaObserve: !toggles +blocked disable_feed=0 disable_explore=0 disable_reels=0 disable_stories=1 disable_adds=0
08-13 20:11:01.548 17206 18527 I DFInstaObserve: !toggles +blocked disable_feed=0 disable_explore=0 disable_reels=0 disable_stories=1 disable_adds=0
08-13 20:11:01.843 17206 17424 I DFInstaObserve: !toggles +blocked disable_feed=0 disable_explore=0 disable_reels=0 disable_stories=1 disable_adds=0
08-13 20:11:02.098 17206 17424 I DFInstaObserve: !toggles +blocked disable_feed=0 disable_explore=0 disable_reels=0 disable_stories=1 disable_adds=0
08-13 20:11:06.017 17206 18519 I DFInstaObserve: !toggles +blocked disable_feed=0 disable_explore=0 disable_reels=0 disable_stories=1 disable_adds=0
08-13 20:11:06.047 17206 18519 I DFInstaObserve: !toggles +blocked disable_feed=0 disable_explore=0 disable_reels=0 disable_stories=1 disable_adds=0
08-13 20:11:09.796 17206 18564 I DFInstaObserve: !toggles +blocked disable_feed=0 disable_explore=0 disable_reels=0 disable_stories=1 disable_adds=0
08-13 20:11:09.851 17206 18569 I DFInstaObserve: !toggles +blocked disable_feed=0 disable_explore=0 disable_reels=0 disable_stories=1 disable_adds=0
08-13 20:11:09.851 17206 18569 I DFInstaObserve: /discover/topical_explore
08-13 20:11:10.127 17206 18588 I DFInstaObserve: !toggles +blocked disable_feed=0 disable_explore=0 disable_reels=0 disable_stories=1 disable_adds=0
08-13 20:11:12.109 17206 18580 I DFInstaObserve: !toggles +blocked disable_feed=0 disable_explore=0 disable_reels=0 disable_stories=1 disable_adds=0
08-13 20:11:12.312 17206 18573 I DFInstaObserve: !toggles +blocked disable_feed=0 disable_explore=0 disable_reels=0 disable_stories=1 disable_adds=0
08-13 20:11:14.842 17206 17245 I DFInstaObserve: !toggles +blocked disable_feed=0 disable_explore=0 disable_reels=0 disable_stories=1 disable_adds=0
08-13 20:11:14.848 17206 18647 I DFInstaObserve: !toggles +blocked disable_feed=0 disable_explore=0 disable_reels=0 disable_stories=1 disable_adds=0
08-13 20:11:14.872 17206 17395 I DFInstaObserve: !toggles +blocked disable_feed=0 disable_explore=0 disable_reels=0 disable_stories=1 disable_adds=0
08-13 20:11:14.903 17206 18261 I DFInstaObserve: !toggles +blocked disable_feed=0 disable_explore=0 disable_reels=0 disable_stories=1 disable_adds=0
08-13 20:11:14.911 17206 17395 I DFInstaObserve: !toggles +blocked disable_feed=0 disable_explore=0 disable_reels=0 disable_stories=1 disable_adds=0
08-13 20:11:14.933 17206 18369 I DFInstaObserve: !toggles +blocked disable_feed=0 disable_explore=0 disable_reels=0 disable_stories=1 disable_adds=0
08-13 20:11:14.959 17206 17395 I DFInstaObserve: !toggles +blocked disable_feed=0 disable_explore=0 disable_reels=0 disable_stories=1 disable_adds=0
08-13 20:11:14.977 17206 18569 I DFInstaObserve: !toggles +blocked disable_feed=0 disable_explore=0 disable_reels=0 disable_stories=1 disable_adds=0
08-13 20:11:15.003 17206 18606 I DFInstaObserve: !toggles +blocked disable_feed=0 disable_explore=0 disable_reels=0 disable_stories=1 disable_adds=0
08-13 20:11:15.011 17206 17395 I DFInstaObserve: !toggles +blocked disable_feed=0 disable_explore=0 disable_reels=0 disable_stories=1 disable_adds=0
08-13 20:11:15.035 17206 18606 I DFInstaObserve: !toggles +blocked disable_feed=0 disable_explore=0 disable_reels=0 disable_stories=1 disable_adds=0
08-13 20:11:15.051 17206 17395 I DFInstaObserve: !toggles +blocked disable_feed=0 disable_explore=0 disable_reels=0 disable_stories=1 disable_adds=0
08-13 20:11:15.067 17206 18375 I DFInstaObserve: !toggles +blocked disable_feed=0 disable_explore=0 disable_reels=0 disable_stories=1 disable_adds=0
08-13 20:11:15.092 17206 18369 I DFInstaObserve: !toggles +blocked disable_feed=0 disable_explore=0 disable_reels=0 disable_stories=1 disable_adds=0
08-13 20:11:15.123 17206 17395 I DFInstaObserve: !toggles +blocked disable_feed=0 disable_explore=0 disable_reels=0 disable_stories=1 disable_adds=0
08-13 20:11:15.149 17206 18375 I DFInstaObserve: !toggles +blocked disable_feed=0 disable_explore=0 disable_reels=0 disable_stories=1 disable_adds=0
08-13 20:11:15.171 17206 17395 I DFInstaObserve: !toggles +blocked disable_feed=0 disable_explore=0 disable_reels=0 disable_stories=1 disable_adds=0
08-13 20:11:15.231 17206 18569 I DFInstaObserve: !toggles +blocked disable_feed=0 disable_explore=0 disable_reels=0 disable_stories=1 disable_adds=0
08-13 20:11:15.272 17206 18606 I DFInstaObserve: !toggles +blocked disable_feed=0 disable_explore=0 disable_reels=0 disable_stories=1 disable_adds=0
08-13 20:11:15.310 17206 18569 I DFInstaObserve: !toggles +blocked disable_feed=0 disable_explore=0 disable_reels=0 disable_stories=1 disable_adds=0
08-13 20:11:15.363 17206 18606 I DFInstaObserve: !toggles +blocked disable_feed=0 disable_explore=0 disable_reels=0 disable_stories=1 disable_adds=0
08-13 20:11:15.376 17206 18629 I DFInstaObserve: !toggles +blocked disable_feed=0 disable_explore=0 disable_reels=0 disable_stories=1 disable_adds=0
08-13 20:11:15.423 17206 18569 I DFInstaObserve: !toggles +blocked disable_feed=0 disable_explore=0 disable_reels=0 disable_stories=1 disable_adds=0
08-13 20:11:15.449 17206 18629 I DFInstaObserve: !toggles +blocked disable_feed=0 disable_explore=0 disable_reels=0 disable_stories=1 disable_adds=0
08-13 20:11:15.493 17206 17395 I DFInstaObserve: !toggles +blocked disable_feed=0 disable_explore=0 disable_reels=0 disable_stories=1 disable_adds=0
08-13 20:11:15.506 17206 18569 I DFInstaObserve: !toggles +blocked disable_feed=0 disable_explore=0 disable_reels=0 disable_stories=1 disable_adds=0
08-13 20:11:15.543 17206 18261 I DFInstaObserve: !toggles +blocked disable_feed=0 disable_explore=0 disable_reels=0 disable_stories=1 disable_adds=0
08-13 20:11:15.689 17206 17395 I DFInstaObserve: !toggles +blocked disable_feed=0 disable_explore=0 disable_reels=0 disable_stories=1 disable_adds=0
08-13 20:11:15.722 17206 18641 I DFInstaObserve: !toggles +blocked disable_feed=0 disable_explore=0 disable_reels=0 disable_stories=1 disable_adds=0
08-13 20:11:15.823 17206 18641 I DFInstaObserve: !toggles +blocked disable_feed=0 disable_explore=0 disable_reels=0 disable_stories=1 disable_adds=0
08-13 20:11:15.947 17206 17395 I DFInstaObserve: !toggles +blocked disable_feed=0 disable_explore=0 disable_reels=0 disable_stories=1 disable_adds=0
08-13 20:11:16.036 17206 17395 I DFInstaObserve: !toggles +blocked disable_feed=0 disable_explore=0 disable_reels=0 disable_stories=1 disable_adds=0
08-13 20:11:16.143 17206 18369 I DFInstaObserve: !toggles +blocked disable_feed=0 disable_explore=0 disable_reels=0 disable_stories=1 disable_adds=0
08-13 20:11:16.143 17206 18369 I DFInstaObserve: /discover/topical_explore
08-13 20:11:16.200 17206 17395 I DFInstaObserve: !toggles +blocked disable_feed=0 disable_explore=0 disable_reels=0 disable_stories=1 disable_adds=0
08-13 20:11:16.522 17206 18671 I DFInstaObserve: !toggles +blocked disable_feed=0 disable_explore=0 disable_reels=0 disable_stories=1 disable_adds=0
08-13 20:11:18.823 17206 18682 I DFInstaObserve: !toggles +blocked disable_feed=0 disable_explore=0 disable_reels=0 disable_stories=1 disable_adds=0
08-13 20:11:19.065 17206 18695 I DFInstaObserve: !toggles +blocked disable_feed=0 disable_explore=0 disable_reels=0 disable_stories=1 disable_adds=0
08-13 20:11:19.503 17206 18606 I DFInstaObserve: !toggles +blocked disable_feed=0 disable_explore=0 disable_reels=0 disable_stories=1 disable_adds=0
08-13 20:11:19.503 17206 18606 I DFInstaObserve: /discover/topical_explore
08-13 20:11:19.578 17206 17245 I DFInstaObserve: !toggles +blocked disable_feed=0 disable_explore=0 disable_reels=0 disable_stories=1 disable_adds=0
08-13 20:11:19.582 17206 17245 I DFInstaObserve: !toggles +blocked disable_feed=0 disable_explore=0 disable_reels=0 disable_stories=1 disable_adds=0
08-13 20:11:19.653 17206 17245 I DFInstaObserve: !toggles +blocked disable_feed=0 disable_explore=0 disable_reels=0 disable_stories=1 disable_adds=0
08-13 20:11:19.657 17206 18647 I DFInstaObserve: !toggles +blocked disable_feed=0 disable_explore=0 disable_reels=0 disable_stories=1 disable_adds=0
08-13 20:11:19.690 17206 17395 I DFInstaObserve: !toggles +blocked disable_feed=0 disable_explore=0 disable_reels=0 disable_stories=1 disable_adds=0
08-13 20:11:19.701 17206 17549 I DFInstaObserve: !toggles +blocked disable_feed=0 disable_explore=0 disable_reels=0 disable_stories=1 disable_adds=0
08-13 20:11:19.816 17206 17549 I DFInstaObserve: !toggles +blocked disable_feed=0 disable_explore=0 disable_reels=0 disable_stories=1 disable_adds=0
08-13 20:11:19.832 17206 18709 I DFInstaObserve: !toggles +blocked disable_feed=0 disable_explore=0 disable_reels=0 disable_stories=1 disable_adds=0
08-13 20:11:19.836 17206 17549 I DFInstaObserve: !toggles +blocked disable_feed=0 disable_explore=0 disable_reels=0 disable_stories=1 disable_adds=0
08-13 20:11:19.837 17206 18721 I DFInstaObserve: !toggles +blocked disable_feed=0 disable_explore=0 disable_reels=0 disable_stories=1 disable_adds=0
08-13 20:11:19.877 17206 18369 I DFInstaObserve: !toggles +blocked disable_feed=0 disable_explore=0 disable_reels=0 disable_stories=1 disable_adds=0
08-13 20:11:19.943 17206 18733 I DFInstaObserve: !toggles +blocked disable_feed=0 disable_explore=0 disable_reels=0 disable_stories=1 disable_adds=0
08-13 20:11:19.951 17206 18732 I DFInstaObserve: !toggles +blocked disable_feed=0 disable_explore=0 disable_reels=0 disable_stories=1 disable_adds=0
08-13 20:11:20.015 17206 17549 I DFInstaObserve: !toggles +blocked disable_feed=0 disable_explore=0 disable_reels=0 disable_stories=1 disable_adds=0
08-13 20:11:20.035 17206 17549 I DFInstaObserve: !toggles +blocked disable_feed=0 disable_explore=0 disable_reels=0 disable_stories=1 disable_adds=0
08-13 20:11:20.062 17206 18725 I DFInstaObserve: !toggles +blocked disable_feed=0 disable_explore=0 disable_reels=0 disable_stories=1 disable_adds=0
08-13 20:11:20.170 17206 18739 I DFInstaObserve: !toggles +blocked disable_feed=0 disable_explore=0 disable_reels=0 disable_stories=1 disable_adds=0
08-13 20:11:20.291 17206 18369 I DFInstaObserve: !toggles +blocked disable_feed=0 disable_explore=0 disable_reels=0 disable_stories=1 disable_adds=0
08-13 20:11:20.411 17206 18369 I DFInstaObserve: !toggles +blocked disable_feed=0 disable_explore=0 disable_reels=0 disable_stories=1 disable_adds=0
08-13 20:11:20.471 17206 18746 I DFInstaObserve: !toggles +blocked disable_feed=0 disable_explore=0 disable_reels=0 disable_stories=1 disable_adds=0
08-13 20:11:20.471 17206 18747 I DFInstaObserve: !toggles +blocked disable_feed=0 disable_explore=0 disable_reels=0 disable_stories=1 disable_adds=0
08-13 20:11:20.471 17206 18748 I DFInstaObserve: !toggles +blocked disable_feed=0 disable_explore=0 disable_reels=0 disable_stories=1 disable_adds=0
08-13 20:11:20.505 17206 18711 I DFInstaObserve: !toggles +blocked disable_feed=0 disable_explore=0 disable_reels=0 disable_stories=1 disable_adds=0
08-13 20:11:20.625 17206 18709 I DFInstaObserve: !toggles +blocked disable_feed=0 disable_explore=0 disable_reels=0 disable_stories=1 disable_adds=0
08-13 20:11:20.734 17206 18709 I DFInstaObserve: !toggles +blocked disable_feed=0 disable_explore=0 disable_reels=0 disable_stories=1 disable_adds=0
08-13 20:11:21.304 17206 17395 I DFInstaObserve: !toggles +blocked disable_feed=0 disable_explore=0 disable_reels=0 disable_stories=1 disable_adds=0
08-13 20:11:21.367 17206 18732 I DFInstaObserve: !toggles +blocked disable_feed=0 disable_explore=0 disable_reels=0 disable_stories=1 disable_adds=0
08-13 20:11:21.376 17206 17395 I DFInstaObserve: !toggles +blocked disable_feed=0 disable_explore=0 disable_reels=0 disable_stories=1 disable_adds=0
08-13 20:11:21.508 17206 17395 I DFInstaObserve: !toggles +blocked disable_feed=0 disable_explore=0 disable_reels=0 disable_stories=1 disable_adds=0
08-13 20:11:21.619 17206 17395 I DFInstaObserve: !toggles +blocked disable_feed=0 disable_explore=0 disable_reels=0 disable_stories=1 disable_adds=0
08-13 20:11:21.891 17206 17395 I DFInstaObserve: !toggles +blocked disable_feed=0 disable_explore=0 disable_reels=0 disable_stories=1 disable_adds=0
08-13 20:11:21.932 17206 17395 I DFInstaObserve: !toggles +blocked disable_feed=0 disable_explore=0 disable_reels=0 disable_stories=1 disable_adds=0
08-13 20:11:21.968 17206 17395 I DFInstaObserve: !toggles +blocked disable_feed=0 disable_explore=0 disable_reels=0 disable_stories=1 disable_adds=0
08-13 20:11:22.018 17206 17395 I DFInstaObserve: !toggles +blocked disable_feed=0 disable_explore=0 disable_reels=0 disable_stories=1 disable_adds=0
08-13 20:11:22.069 17206 17395 I DFInstaObserve: !toggles +blocked disable_feed=0 disable_explore=0 disable_reels=0 disable_stories=1 disable_adds=0
08-13 20:11:22.100 17206 17245 I DFInstaObserve: !toggles +blocked disable_feed=0 disable_explore=0 disable_reels=0 disable_stories=1 disable_adds=0
08-13 20:11:22.103 17206 18647 I DFInstaObserve: !toggles +blocked disable_feed=0 disable_explore=0 disable_reels=0 disable_stories=1 disable_adds=0
08-13 20:11:22.134 17206 17395 I DFInstaObserve: !toggles +blocked disable_feed=0 disable_explore=0 disable_reels=0 disable_stories=1 disable_adds=0
08-13 20:11:22.216 17206 18649 I DFInstaObserve: !toggles +blocked disable_feed=0 disable_explore=0 disable_reels=0 disable_stories=1 disable_adds=0
08-13 20:11:22.250 17206 18708 I DFInstaObserve: !toggles +blocked disable_feed=0 disable_explore=0 disable_reels=0 disable_stories=1 disable_adds=0
08-13 20:11:22.347 17206 18708 I DFInstaObserve: !toggles +blocked disable_feed=0 disable_explore=0 disable_reels=0 disable_stories=1 disable_adds=0
08-13 20:11:22.376 17206 18649 I DFInstaObserve: !toggles +blocked disable_feed=0 disable_explore=0 disable_reels=0 disable_stories=1 disable_adds=0
08-13 20:11:22.414 17206 18649 I DFInstaObserve: !toggles +blocked disable_feed=0 disable_explore=0 disable_reels=0 disable_stories=1 disable_adds=0
08-13 20:11:22.431 17206 18739 I DFInstaObserve: !toggles +blocked disable_feed=0 disable_explore=0 disable_reels=0 disable_stories=1 disable_adds=0
08-13 20:11:22.444 17206 17395 I DFInstaObserve: !toggles +blocked disable_feed=0 disable_explore=0 disable_reels=0 disable_stories=1 disable_adds=0
08-13 20:11:22.471 17206 18708 I DFInstaObserve: !toggles +blocked disable_feed=0 disable_explore=0 disable_reels=0 disable_stories=1 disable_adds=0
08-13 20:11:22.511 17206 17395 I DFInstaObserve: !toggles +blocked disable_feed=0 disable_explore=0 disable_reels=0 disable_stories=1 disable_adds=0
08-13 20:11:22.532 17206 18726 I DFInstaObserve: !toggles +blocked disable_feed=0 disable_explore=0 disable_reels=0 disable_stories=1 disable_adds=0
08-13 20:11:22.575 17206 17395 I DFInstaObserve: !toggles +blocked disable_feed=0 disable_explore=0 disable_reels=0 disable_stories=1 disable_adds=0
08-13 20:11:22.607 17206 18375 I DFInstaObserve: !toggles +blocked disable_feed=0 disable_explore=0 disable_reels=0 disable_stories=1 disable_adds=0
08-13 20:11:22.611 17206 17395 I DFInstaObserve: !toggles +blocked disable_feed=0 disable_explore=0 disable_reels=0 disable_stories=1 disable_adds=0
08-13 20:11:22.677 17206 18649 I DFInstaObserve: !toggles +blocked disable_feed=0 disable_explore=0 disable_reels=0 disable_stories=1 disable_adds=0
08-13 20:11:22.726 17206 18606 I DFInstaObserve: !toggles +blocked disable_feed=0 disable_explore=0 disable_reels=0 disable_stories=1 disable_adds=0
08-13 20:11:22.840 17206 18649 I DFInstaObserve: !toggles +blocked disable_feed=0 disable_explore=0 disable_reels=0 disable_stories=1 disable_adds=0
08-13 20:11:22.963 17206 18726 I DFInstaObserve: !toggles +blocked disable_feed=0 disable_explore=0 disable_reels=0 disable_stories=1 disable_adds=0
08-13 20:11:22.963 17206 18726 I DFInstaObserve: /discover/topical_explore
08-13 20:11:22.986 17206 18755 I DFInstaObserve: !toggles +blocked disable_feed=0 disable_explore=0 disable_reels=0 disable_stories=1 disable_adds=0
08-13 20:11:23.008 17206 17395 I DFInstaObserve: !toggles +blocked disable_feed=0 disable_explore=0 disable_reels=0 disable_stories=1 disable_adds=0
08-13 20:11:23.051 17206 18766 I DFInstaObserve: !toggles +blocked disable_feed=0 disable_explore=0 disable_reels=0 disable_stories=1 disable_adds=0
08-13 20:11:23.064 17206 17395 I DFInstaObserve: !toggles +blocked disable_feed=0 disable_explore=0 disable_reels=0 disable_stories=1 disable_adds=0
08-13 20:11:23.089 17206 18711 I DFInstaObserve: !toggles +blocked disable_feed=0 disable_explore=0 disable_reels=0 disable_stories=1 disable_adds=0
08-13 20:11:23.326 17206 17395 I DFInstaObserve: !toggles +blocked disable_feed=0 disable_explore=0 disable_reels=0 disable_stories=1 disable_adds=0
08-13 20:11:23.387 17206 17395 I DFInstaObserve: !toggles +blocked disable_feed=0 disable_explore=0 disable_reels=0 disable_stories=1 disable_adds=0
08-13 20:11:23.432 17206 17395 I DFInstaObserve: !toggles +blocked disable_feed=0 disable_explore=0 disable_reels=0 disable_stories=1 disable_adds=0
08-13 20:11:25.481 17206 18781 I DFInstaObserve: !toggles +blocked disable_feed=0 disable_explore=0 disable_reels=0 disable_stories=1 disable_adds=0
08-13 20:11:25.831 17206 18788 I DFInstaObserve: !toggles +blocked disable_feed=0 disable_explore=0 disable_reels=0 disable_stories=1 disable_adds=0
08-13 20:11:25.876 17206 18647 I DFInstaObserve: !toggles +blocked disable_feed=0 disable_explore=0 disable_reels=0 disable_stories=1 disable_adds=0
08-13 20:11:25.887 17206 18800 I DFInstaObserve: !toggles +blocked disable_feed=0 disable_explore=0 disable_reels=0 disable_stories=1 disable_adds=0
08-13 20:11:25.920 17206 17395 I DFInstaObserve: !toggles +blocked disable_feed=0 disable_explore=0 disable_reels=0 disable_stories=1 disable_adds=0
08-13 20:11:25.988 17206 17395 I DFInstaObserve: !toggles +blocked disable_feed=0 disable_explore=0 disable_reels=0 disable_stories=1 disable_adds=0
08-13 20:11:26.003 17206 18708 I DFInstaObserve: !toggles +blocked disable_feed=0 disable_explore=0 disable_reels=0 disable_stories=1 disable_adds=0
08-13 20:11:26.043 17206 17395 I DFInstaObserve: !toggles +blocked disable_feed=0 disable_explore=0 disable_reels=0 disable_stories=1 disable_adds=0
08-13 20:11:26.049 17206 18764 I DFInstaObserve: !toggles +blocked disable_feed=0 disable_explore=0 disable_reels=0 disable_stories=1 disable_adds=0
08-13 20:11:26.113 17206 18764 I DFInstaObserve: !toggles +blocked disable_feed=0 disable_explore=0 disable_reels=0 disable_stories=1 disable_adds=0
08-13 20:11:26.168 17206 18764 I DFInstaObserve: !toggles +blocked disable_feed=0 disable_explore=0 disable_reels=0 disable_stories=1 disable_adds=0
08-13 20:11:26.259 17206 18764 I DFInstaObserve: !toggles +blocked disable_feed=0 disable_explore=0 disable_reels=0 disable_stories=1 disable_adds=0
08-13 20:11:26.357 17206 18818 I DFInstaObserve: !toggles +blocked disable_feed=0 disable_explore=0 disable_reels=0 disable_stories=1 disable_adds=0
08-13 20:11:26.392 17206 18823 I DFInstaObserve: !toggles +blocked disable_feed=0 disable_explore=0 disable_reels=0 disable_stories=1 disable_adds=0
08-13 20:11:26.498 17206 18764 I DFInstaObserve: !toggles +blocked disable_feed=0 disable_explore=0 disable_reels=0 disable_stories=1 disable_adds=0
08-13 20:11:26.575 17206 18822 I DFInstaObserve: !toggles +blocked disable_feed=0 disable_explore=0 disable_reels=0 disable_stories=1 disable_adds=0
08-13 20:11:26.647 17206 18823 I DFInstaObserve: !toggles +blocked disable_feed=0 disable_explore=0 disable_reels=0 disable_stories=1 disable_adds=0
08-13 20:11:26.707 17206 17424 I DFInstaObserve: !toggles +blocked disable_feed=0 disable_explore=0 disable_reels=0 disable_stories=1 disable_adds=0
08-13 20:11:26.719 17206 17395 I DFInstaObserve: !toggles +blocked disable_feed=0 disable_explore=0 disable_reels=0 disable_stories=1 disable_adds=0
08-13 20:11:26.740 17206 18822 I DFInstaObserve: !toggles +blocked disable_feed=0 disable_explore=0 disable_reels=0 disable_stories=1 disable_adds=0
08-13 20:11:26.777 17206 18708 I DFInstaObserve: !toggles +blocked disable_feed=0 disable_explore=0 disable_reels=0 disable_stories=1 disable_adds=0
08-13 20:11:26.861 17206 17395 I DFInstaObserve: !toggles +blocked disable_feed=0 disable_explore=0 disable_reels=0 disable_stories=1 disable_adds=0
08-13 20:11:26.911 17206 18823 I DFInstaObserve: !toggles +blocked disable_feed=0 disable_explore=0 disable_reels=0 disable_stories=1 disable_adds=0
08-13 20:11:26.932 17206 17395 I DFInstaObserve: !toggles +blocked disable_feed=0 disable_explore=0 disable_reels=0 disable_stories=1 disable_adds=0
08-13 20:11:26.947 17206 17424 I DFInstaObserve: !toggles +blocked disable_feed=0 disable_explore=0 disable_reels=0 disable_stories=1 disable_adds=0
08-13 20:11:26.987 17206 18818 I DFInstaObserve: !toggles +blocked disable_feed=0 disable_explore=0 disable_reels=0 disable_stories=1 disable_adds=0
08-13 20:11:27.020 17206 17395 I DFInstaObserve: !toggles +blocked disable_feed=0 disable_explore=0 disable_reels=0 disable_stories=1 disable_adds=0
08-13 20:11:27.058 17206 18809 I DFInstaObserve: !toggles +blocked disable_feed=0 disable_explore=0 disable_reels=0 disable_stories=1 disable_adds=0
08-13 20:11:27.175 17206 17424 I DFInstaObserve: !toggles +blocked disable_feed=0 disable_explore=0 disable_reels=0 disable_stories=1 disable_adds=0
08-13 20:11:27.184 17206 18817 I DFInstaObserve: !toggles +blocked disable_feed=0 disable_explore=0 disable_reels=0 disable_stories=1 disable_adds=0
08-13 20:11:27.364 17206 17424 I DFInstaObserve: !toggles +blocked disable_feed=0 disable_explore=0 disable_reels=0 disable_stories=1 disable_adds=0
08-13 20:11:27.454 17206 17395 I DFInstaObserve: !toggles +blocked disable_feed=0 disable_explore=0 disable_reels=0 disable_stories=1 disable_adds=0
08-13 20:11:27.506 17206 17395 I DFInstaObserve: !toggles +blocked disable_feed=0 disable_explore=0 disable_reels=0 disable_stories=1 disable_adds=0
08-13 20:11:27.531 17206 17424 I DFInstaObserve: !toggles +blocked disable_feed=0 disable_explore=0 disable_reels=0 disable_stories=1 disable_adds=0
08-13 20:11:27.721 17206 17395 I DFInstaObserve: !toggles +blocked disable_feed=0 disable_explore=0 disable_reels=0 disable_stories=1 disable_adds=0
08-13 20:11:27.758 17206 17395 I DFInstaObserve: !toggles +blocked disable_feed=0 disable_explore=0 disable_reels=0 disable_stories=1 disable_adds=0
08-13 20:11:28.546 17206 18838 I DFInstaObserve: !toggles +blocked disable_feed=0 disable_explore=0 disable_reels=0 disable_stories=1 disable_adds=0
08-13 20:11:28.547 17206 18837 I DFInstaObserve: !toggles +blocked disable_feed=0 disable_explore=0 disable_reels=0 disable_stories=1 disable_adds=0
08-13 20:11:28.634 17206 17395 I DFInstaObserve: !toggles +blocked disable_feed=0 disable_explore=0 disable_reels=0 disable_stories=1 disable_adds=0
08-13 20:11:34.631 17206 18800 I DFInstaObserve: !toggles +blocked disable_feed=0 disable_explore=0 disable_reels=0 disable_stories=1 disable_adds=0
08-13 20:11:36.711 17206 18875 I DFInstaObserve: !toggles +blocked disable_feed=0 disable_explore=0 disable_reels=0 disable_stories=1 disable_adds=0
08-13 20:11:36.711 17206 18874 I DFInstaObserve: !toggles +blocked disable_feed=0 disable_explore=0 disable_reels=0 disable_stories=1 disable_adds=0
08-13 20:11:37.988 17206 18818 I DFInstaObserve: !toggles +blocked disable_feed=0 disable_explore=0 disable_reels=0 disable_stories=1 disable_adds=0
08-13 20:11:40.072 17206 18909 I DFInstaObserve: !toggles +blocked disable_feed=0 disable_explore=0 disable_reels=0 disable_stories=1 disable_adds=0
08-13 20:11:40.073 17206 18908 I DFInstaObserve: !toggles +blocked disable_feed=0 disable_explore=0 disable_reels=0 disable_stories=1 disable_adds=0
08-13 20:11:40.845 17206 18809 I DFInstaObserve: !toggles +blocked disable_feed=0 disable_explore=0 disable_reels=0 disable_stories=1 disable_adds=0
08-13 20:11:40.845 17206 18809 I DFInstaObserve: /clips/discover
08-13 20:11:40.845 17206 18809 I DFInstaObserve: /clips/discover/stream/
08-13 20:11:41.266 17206 18800 I DFInstaObserve: !toggles +blocked disable_feed=0 disable_explore=0 disable_reels=0 disable_stories=1 disable_adds=0
08-13 20:11:41.307 17206 18647 I DFInstaObserve: !toggles +blocked disable_feed=0 disable_explore=0 disable_reels=0 disable_stories=1 disable_adds=0
08-13 20:11:43.399 17206 18937 I DFInstaObserve: !toggles +blocked disable_feed=0 disable_explore=0 disable_reels=0 disable_stories=1 disable_adds=0
08-13 20:11:43.399 17206 18938 I DFInstaObserve: !toggles +blocked disable_feed=0 disable_explore=0 disable_reels=0 disable_stories=1 disable_adds=0
08-13 20:11:44.677 17206 18647 I DFInstaObserve: !toggles +blocked disable_feed=0 disable_explore=0 disable_reels=0 disable_stories=1 disable_adds=0
08-13 20:11:44.687 17206 18647 I DFInstaObserve: !toggles +blocked disable_feed=0 disable_explore=0 disable_reels=0 disable_stories=1 disable_adds=0
08-13 20:11:44.704 17206 17395 I DFInstaObserve: !toggles +blocked disable_feed=0 disable_explore=0 disable_reels=0 disable_stories=1 disable_adds=0
08-13 20:11:44.766 17206 17549 I DFInstaObserve: !toggles +blocked disable_feed=0 disable_explore=0 disable_reels=0 disable_stories=1 disable_adds=0
08-13 20:11:44.917 17206 17395 I DFInstaObserve: !toggles +blocked disable_feed=0 disable_explore=0 disable_reels=0 disable_stories=1 disable_adds=0
08-13 20:11:44.933 17206 18647 I DFInstaObserve: !toggles +blocked disable_feed=0 disable_explore=0 disable_reels=0 disable_stories=1 disable_adds=0
08-13 20:11:44.942 17206 18647 I DFInstaObserve: !toggles +blocked disable_feed=0 disable_explore=0 disable_reels=0 disable_stories=1 disable_adds=0
08-13 20:11:44.951 17206 18647 I DFInstaObserve: !toggles +blocked disable_feed=0 disable_explore=0 disable_reels=0 disable_stories=1 disable_adds=0
08-13 20:11:44.967 17206 17395 I DFInstaObserve: !toggles +blocked disable_feed=0 disable_explore=0 disable_reels=0 disable_stories=1 disable_adds=0
08-13 20:11:45.235 17206 17395 I DFInstaObserve: !toggles +blocked disable_feed=0 disable_explore=0 disable_reels=0 disable_stories=1 disable_adds=0
08-13 20:11:45.290 17206 17395 I DFInstaObserve: !toggles +blocked disable_feed=0 disable_explore=0 disable_reels=0 disable_stories=1 disable_adds=0
08-13 20:11:45.387 17206 17395 I DFInstaObserve: !toggles +blocked disable_feed=0 disable_explore=0 disable_reels=0 disable_stories=1 disable_adds=0
08-13 20:11:45.415 17206 17395 I DFInstaObserve: !toggles +blocked disable_feed=0 disable_explore=0 disable_reels=0 disable_stories=1 disable_adds=0
08-13 20:11:46.042 17206 17395 I DFInstaObserve: !toggles +blocked disable_feed=0 disable_explore=0 disable_reels=0 disable_stories=1 disable_adds=0
08-13 20:11:46.716 17206 18975 I DFInstaObserve: !toggles +blocked disable_feed=0 disable_explore=0 disable_reels=0 disable_stories=1 disable_adds=0
08-13 20:11:46.721 17206 18976 I DFInstaObserve: !toggles +blocked disable_feed=0 disable_explore=0 disable_reels=0 disable_stories=1 disable_adds=0
08-13 20:11:47.927 17206 18800 I DFInstaObserve: !toggles +blocked disable_feed=0 disable_explore=0 disable_reels=0 disable_stories=1 disable_adds=0
08-13 20:11:47.969 17206 18800 I DFInstaObserve: !toggles +blocked disable_feed=0 disable_explore=0 disable_reels=0 disable_stories=1 disable_adds=0
08-13 20:11:50.032 17206 19005 I DFInstaObserve: !toggles +blocked disable_feed=0 disable_explore=0 disable_reels=0 disable_stories=1 disable_adds=0
08-13 20:11:50.032 17206 19003 I DFInstaObserve: !toggles +blocked disable_feed=0 disable_explore=0 disable_reels=0 disable_stories=1 disable_adds=0
08-13 20:11:50.793 17206 18823 I DFInstaObserve: !toggles +blocked disable_feed=0 disable_explore=0 disable_reels=0 disable_stories=1 disable_adds=0
08-13 20:11:51.311 17206 17424 I DFInstaObserve: !toggles +blocked disable_feed=0 disable_explore=0 disable_reels=0 disable_stories=1 disable_adds=0
08-13 20:11:51.598 17206 17424 I DFInstaObserve: !toggles +blocked disable_feed=0 disable_explore=0 disable_reels=0 disable_stories=1 disable_adds=0
08-13 20:11:51.752 17206 17424 I DFInstaObserve: !toggles +blocked disable_feed=0 disable_explore=0 disable_reels=0 disable_stories=1 disable_adds=0
08-13 20:12:17.190 17206 18809 I DFInstaObserve: !toggles +blocked disable_feed=0 disable_explore=0 disable_reels=0 disable_stories=1 disable_adds=0
08-13 20:12:17.190 17206 18809 I DFInstaObserve: /feed/timeline/
08-13 20:12:19.617 17206 18647 I DFInstaObserve: !toggles +blocked disable_feed=0 disable_explore=0 disable_reels=0 disable_stories=1 disable_adds=0
08-13 20:12:19.624 17206 18647 I DFInstaObserve: !toggles +blocked disable_feed=0 disable_explore=0 disable_reels=0 disable_stories=1 disable_adds=0
08-13 20:12:20.043 17206 18809 I DFInstaObserve: !toggles +blocked disable_feed=0 disable_explore=0 disable_reels=0 disable_stories=1 disable_adds=0
08-13 20:12:20.124 17206 17395 I DFInstaObserve: !toggles +blocked disable_feed=0 disable_explore=0 disable_reels=0 disable_stories=1 disable_adds=0
08-13 20:12:20.241 17206 17395 I DFInstaObserve: !toggles +blocked disable_feed=0 disable_explore=0 disable_reels=0 disable_stories=1 disable_adds=0
08-13 20:12:20.260 17206 19083 I DFInstaObserve: !toggles +blocked disable_feed=0 disable_explore=0 disable_reels=0 disable_stories=1 disable_adds=0
08-13 20:12:20.300 17206 17395 I DFInstaObserve: !toggles +blocked disable_feed=0 disable_explore=0 disable_reels=0 disable_stories=1 disable_adds=0
08-13 20:12:20.346 17206 17395 I DFInstaObserve: !toggles +blocked disable_feed=0 disable_explore=0 disable_reels=0 disable_stories=1 disable_adds=0
08-13 20:12:20.397 17206 17395 I DFInstaObserve: !toggles +blocked disable_feed=0 disable_explore=0 disable_reels=0 disable_stories=1 disable_adds=0
08-13 20:12:20.442 17206 17395 I DFInstaObserve: !toggles +blocked disable_feed=0 disable_explore=0 disable_reels=0 disable_stories=1 disable_adds=0
08-13 20:12:20.448 17206 19025 I DFInstaObserve: !toggles +blocked disable_feed=0 disable_explore=0 disable_reels=0 disable_stories=1 disable_adds=0
08-13 20:12:20.484 17206 17395 I DFInstaObserve: !toggles +blocked disable_feed=0 disable_explore=0 disable_reels=0 disable_stories=1 disable_adds=0
08-13 20:12:20.538 17206 17395 I DFInstaObserve: !toggles +blocked disable_feed=0 disable_explore=0 disable_reels=0 disable_stories=1 disable_adds=0
08-13 20:12:20.584 17206 17395 I DFInstaObserve: !toggles +blocked disable_feed=0 disable_explore=0 disable_reels=0 disable_stories=1 disable_adds=0
08-13 20:12:20.635 17206 17395 I DFInstaObserve: !toggles +blocked disable_feed=0 disable_explore=0 disable_reels=0 disable_stories=1 disable_adds=0
08-13 20:12:20.662 17206 18809 I DFInstaObserve: !toggles +blocked disable_feed=0 disable_explore=0 disable_reels=0 disable_stories=1 disable_adds=0
08-13 20:12:20.776 17206 17549 I DFInstaObserve: !toggles +blocked disable_feed=0 disable_explore=0 disable_reels=0 disable_stories=1 disable_adds=0
08-13 20:12:20.908 17206 18809 I DFInstaObserve: !toggles +blocked disable_feed=0 disable_explore=0 disable_reels=0 disable_stories=1 disable_adds=0
08-13 20:12:21.111 17206 18823 I DFInstaObserve: !toggles +blocked disable_feed=0 disable_explore=0 disable_reels=0 disable_stories=1 disable_adds=0
08-13 20:12:21.327 17206 18822 I DFInstaObserve: !toggles +blocked disable_feed=0 disable_explore=0 disable_reels=0 disable_stories=1 disable_adds=0
08-13 20:12:21.474 17206 19083 I DFInstaObserve: !toggles +blocked disable_feed=0 disable_explore=0 disable_reels=0 disable_stories=1 disable_adds=0
08-13 20:12:21.653 17206 18809 I DFInstaObserve: !toggles +blocked disable_feed=0 disable_explore=0 disable_reels=0 disable_stories=1 disable_adds=0
08-13 20:12:21.896 17206 18823 I DFInstaObserve: !toggles +blocked disable_feed=0 disable_explore=0 disable_reels=0 disable_stories=1 disable_adds=0
08-13 20:12:24.274 17206 18800 I DFInstaObserve: !toggles +blocked disable_feed=0 disable_explore=0 disable_reels=0 disable_stories=1 disable_adds=0
08-13 20:12:27.450 17206 17424 I DFInstaObserve: !toggles +blocked disable_feed=0 disable_explore=0 disable_reels=0 disable_stories=1 disable_adds=0
08-13 20:12:27.603 17206 17424 I DFInstaObserve: !toggles +blocked disable_feed=0 disable_explore=0 disable_reels=0 disable_stories=1 disable_adds=0
08-13 20:12:29.031 17206 19122 I DFInstaObserve: !toggles +blocked disable_feed=0 disable_explore=0 disable_reels=0 disable_stories=1 disable_adds=0
08-13 20:12:29.061 17206 19122 I DFInstaObserve: !toggles +blocked disable_feed=0 disable_explore=0 disable_reels=0 disable_stories=1 disable_adds=0
08-13 20:12:31.498 17206 19117 I DFInstaObserve: !toggles +blocked disable_feed=0 disable_explore=0 disable_reels=0 disable_stories=1 disable_adds=0
08-13 20:12:31.528 17206 19117 I DFInstaObserve: !toggles +blocked disable_feed=0 disable_explore=0 disable_reels=0 disable_stories=1 disable_adds=0
08-13 20:12:31.528 17206 19122 I DFInstaObserve: !toggles +blocked disable_feed=0 disable_explore=0 disable_reels=0 disable_stories=1 disable_adds=0
08-13 20:12:35.268 17206 18809 I DFInstaObserve: !toggles +blocked disable_feed=0 disable_explore=0 disable_reels=0 disable_stories=1 disable_adds=0
08-13 20:12:35.268 17206 18809 I DFInstaObserve: /discover/topical_explore
08-13 20:12:37.457 17206 19152 I DFInstaObserve: !toggles +blocked disable_feed=0 disable_explore=0 disable_reels=0 disable_stories=1 disable_adds=0
08-13 20:12:37.675 17206 19160 I DFInstaObserve: !toggles +blocked disable_feed=0 disable_explore=0 disable_reels=0 disable_stories=1 disable_adds=0
08-13 20:12:38.419 17206 18647 I DFInstaObserve: !toggles +blocked disable_feed=0 disable_explore=0 disable_reels=0 disable_stories=1 disable_adds=0
08-13 20:12:38.423 17206 19181 I DFInstaObserve: !toggles +blocked disable_feed=0 disable_explore=0 disable_reels=0 disable_stories=1 disable_adds=0
08-13 20:12:38.450 17206 17395 I DFInstaObserve: !toggles +blocked disable_feed=0 disable_explore=0 disable_reels=0 disable_stories=1 disable_adds=0
08-13 20:12:38.512 17206 19180 I DFInstaObserve: !toggles +blocked disable_feed=0 disable_explore=0 disable_reels=0 disable_stories=1 disable_adds=0
08-13 20:12:38.551 17206 19156 I DFInstaObserve: !toggles +blocked disable_feed=0 disable_explore=0 disable_reels=0 disable_stories=1 disable_adds=0
08-13 20:12:38.584 17206 17395 I DFInstaObserve: !toggles +blocked disable_feed=0 disable_explore=0 disable_reels=0 disable_stories=1 disable_adds=0
08-13 20:12:38.646 17206 17395 I DFInstaObserve: !toggles +blocked disable_feed=0 disable_explore=0 disable_reels=0 disable_stories=1 disable_adds=0
08-13 20:12:38.674 17206 19183 I DFInstaObserve: !toggles +blocked disable_feed=0 disable_explore=0 disable_reels=0 disable_stories=1 disable_adds=0
08-13 20:12:38.725 17206 17395 I DFInstaObserve: !toggles +blocked disable_feed=0 disable_explore=0 disable_reels=0 disable_stories=1 disable_adds=0
08-13 20:12:38.782 17206 17395 I DFInstaObserve: !toggles +blocked disable_feed=0 disable_explore=0 disable_reels=0 disable_stories=1 disable_adds=0
08-13 20:12:38.796 17206 18989 I DFInstaObserve: !toggles +blocked disable_feed=0 disable_explore=0 disable_reels=0 disable_stories=1 disable_adds=0
08-13 20:12:38.799 17206 19083 I DFInstaObserve: !toggles +blocked disable_feed=0 disable_explore=0 disable_reels=0 disable_stories=1 disable_adds=0
08-13 20:12:38.800 17206 19083 I DFInstaObserve: /discover/topical_explore
08-13 20:12:38.835 17206 18809 I DFInstaObserve: !toggles +blocked disable_feed=0 disable_explore=0 disable_reels=0 disable_stories=1 disable_adds=0
08-13 20:12:38.865 17206 19183 I DFInstaObserve: !toggles +blocked disable_feed=0 disable_explore=0 disable_reels=0 disable_stories=1 disable_adds=0
08-13 20:12:38.902 17206 17395 I DFInstaObserve: !toggles +blocked disable_feed=0 disable_explore=0 disable_reels=0 disable_stories=1 disable_adds=0
08-13 20:12:38.924 17206 19199 I DFInstaObserve: !toggles +blocked disable_feed=0 disable_explore=0 disable_reels=0 disable_stories=1 disable_adds=0
08-13 20:12:38.989 17206 17395 I DFInstaObserve: !toggles +blocked disable_feed=0 disable_explore=0 disable_reels=0 disable_stories=1 disable_adds=0
08-13 20:12:39.062 17206 19180 I DFInstaObserve: !toggles +blocked disable_feed=0 disable_explore=0 disable_reels=0 disable_stories=1 disable_adds=0
08-13 20:12:39.090 17206 19182 I DFInstaObserve: !toggles +blocked disable_feed=0 disable_explore=0 disable_reels=0 disable_stories=1 disable_adds=0
08-13 20:12:39.137 17206 17395 I DFInstaObserve: !toggles +blocked disable_feed=0 disable_explore=0 disable_reels=0 disable_stories=1 disable_adds=0
08-13 20:12:39.196 17206 19182 I DFInstaObserve: !toggles +blocked disable_feed=0 disable_explore=0 disable_reels=0 disable_stories=1 disable_adds=0
08-13 20:12:39.252 17206 17395 I DFInstaObserve: !toggles +blocked disable_feed=0 disable_explore=0 disable_reels=0 disable_stories=1 disable_adds=0
08-13 20:12:39.265 17206 19199 I DFInstaObserve: !toggles +blocked disable_feed=0 disable_explore=0 disable_reels=0 disable_stories=1 disable_adds=0
08-13 20:12:39.302 17206 19182 I DFInstaObserve: !toggles +blocked disable_feed=0 disable_explore=0 disable_reels=0 disable_stories=1 disable_adds=0
08-13 20:12:39.359 17206 19182 I DFInstaObserve: !toggles +blocked disable_feed=0 disable_explore=0 disable_reels=0 disable_stories=1 disable_adds=0
08-13 20:12:39.423 17206 19180 I DFInstaObserve: !toggles +blocked disable_feed=0 disable_explore=0 disable_reels=0 disable_stories=1 disable_adds=0
08-13 20:12:39.503 17206 19156 I DFInstaObserve: !toggles +blocked disable_feed=0 disable_explore=0 disable_reels=0 disable_stories=1 disable_adds=0
08-13 20:12:39.579 17206 19199 I DFInstaObserve: !toggles +blocked disable_feed=0 disable_explore=0 disable_reels=0 disable_stories=1 disable_adds=0
08-13 20:12:39.753 17206 17395 I DFInstaObserve: !toggles +blocked disable_feed=0 disable_explore=0 disable_reels=0 disable_stories=1 disable_adds=0
08-13 20:12:39.817 17206 17395 I DFInstaObserve: !toggles +blocked disable_feed=0 disable_explore=0 disable_reels=0 disable_stories=1 disable_adds=0
08-13 20:12:39.864 17206 17395 I DFInstaObserve: !toggles +blocked disable_feed=0 disable_explore=0 disable_reels=0 disable_stories=1 disable_adds=0
08-13 20:12:40.979 17206 19204 I DFInstaObserve: !toggles +blocked disable_feed=0 disable_explore=0 disable_reels=0 disable_stories=1 disable_adds=0
08-13 20:12:41.024 17206 19198 I DFInstaObserve: !toggles +blocked disable_feed=0 disable_explore=0 disable_reels=0 disable_stories=1 disable_adds=0
08-13 20:12:41.042 17206 19204 I DFInstaObserve: !toggles +blocked disable_feed=0 disable_explore=0 disable_reels=0 disable_stories=1 disable_adds=0
08-13 20:12:41.428 17206 18647 I DFInstaObserve: !toggles +blocked disable_feed=0 disable_explore=0 disable_reels=0 disable_stories=1 disable_adds=0
08-13 20:12:41.431 17206 19217 I DFInstaObserve: !toggles +blocked disable_feed=0 disable_explore=0 disable_reels=0 disable_stories=1 disable_adds=0
08-13 20:12:41.462 17206 17395 I DFInstaObserve: !toggles +blocked disable_feed=0 disable_explore=0 disable_reels=0 disable_stories=1 disable_adds=0
08-13 20:12:41.495 17206 19083 I DFInstaObserve: !toggles +blocked disable_feed=0 disable_explore=0 disable_reels=0 disable_stories=1 disable_adds=0
08-13 20:12:41.545 17206 19199 I DFInstaObserve: !toggles +blocked disable_feed=0 disable_explore=0 disable_reels=0 disable_stories=1 disable_adds=0
08-13 20:12:41.625 17206 19218 I DFInstaObserve: !toggles +blocked disable_feed=0 disable_explore=0 disable_reels=0 disable_stories=1 disable_adds=0
08-13 20:12:41.671 17206 19083 I DFInstaObserve: !toggles +blocked disable_feed=0 disable_explore=0 disable_reels=0 disable_stories=1 disable_adds=0
08-13 20:12:41.706 17206 17395 I DFInstaObserve: !toggles +blocked disable_feed=0 disable_explore=0 disable_reels=0 disable_stories=1 disable_adds=0
08-13 20:12:41.749 17206 19218 I DFInstaObserve: !toggles +blocked disable_feed=0 disable_explore=0 disable_reels=0 disable_stories=1 disable_adds=0
08-13 20:12:41.802 17206 17395 I DFInstaObserve: !toggles +blocked disable_feed=0 disable_explore=0 disable_reels=0 disable_stories=1 disable_adds=0
08-13 20:12:41.865 17206 19182 I DFInstaObserve: !toggles +blocked disable_feed=0 disable_explore=0 disable_reels=0 disable_stories=1 disable_adds=0
08-13 20:12:41.886 17206 19231 I DFInstaObserve: !toggles +blocked disable_feed=0 disable_explore=0 disable_reels=0 disable_stories=1 disable_adds=0
08-13 20:12:41.937 17206 19083 I DFInstaObserve: !toggles +blocked disable_feed=0 disable_explore=0 disable_reels=0 disable_stories=1 disable_adds=0
08-13 20:12:42.003 17206 18809 I DFInstaObserve: !toggles +blocked disable_feed=0 disable_explore=0 disable_reels=0 disable_stories=1 disable_adds=0
08-13 20:12:42.081 17206 19226 I DFInstaObserve: !toggles +blocked disable_feed=0 disable_explore=0 disable_reels=0 disable_stories=1 disable_adds=0
08-13 20:12:42.156 17206 19199 I DFInstaObserve: !toggles +blocked disable_feed=0 disable_explore=0 disable_reels=0 disable_stories=1 disable_adds=0
08-13 20:12:42.175 17206 19252 I DFInstaObserve: !toggles +blocked disable_feed=0 disable_explore=0 disable_reels=0 disable_stories=1 disable_adds=0
08-13 20:12:42.205 17206 19236 I DFInstaObserve: !toggles +blocked disable_feed=0 disable_explore=0 disable_reels=0 disable_stories=1 disable_adds=0
08-13 20:12:42.241 17206 19199 I DFInstaObserve: !toggles +blocked disable_feed=0 disable_explore=0 disable_reels=0 disable_stories=1 disable_adds=0
08-13 20:12:42.342 17206 19199 I DFInstaObserve: !toggles +blocked disable_feed=0 disable_explore=0 disable_reels=0 disable_stories=1 disable_adds=0
08-13 20:12:42.420 17206 18809 I DFInstaObserve: !toggles +blocked disable_feed=0 disable_explore=0 disable_reels=0 disable_stories=1 disable_adds=0
08-13 20:12:42.450 17206 19236 I DFInstaObserve: !toggles +blocked disable_feed=0 disable_explore=0 disable_reels=0 disable_stories=1 disable_adds=0
08-13 20:12:42.450 17206 19236 I DFInstaObserve: /discover/topical_explore
08-13 20:12:42.472 17206 19226 I DFInstaObserve: !toggles +blocked disable_feed=0 disable_explore=0 disable_reels=0 disable_stories=1 disable_adds=0
08-13 20:12:42.802 17206 17395 I DFInstaObserve: !toggles +blocked disable_feed=0 disable_explore=0 disable_reels=0 disable_stories=1 disable_adds=0
08-13 20:12:42.838 17206 17395 I DFInstaObserve: !toggles +blocked disable_feed=0 disable_explore=0 disable_reels=0 disable_stories=1 disable_adds=0
08-13 20:12:42.916 17206 17395 I DFInstaObserve: !toggles +blocked disable_feed=0 disable_explore=0 disable_reels=0 disable_stories=1 disable_adds=0
08-13 20:12:42.947 17206 17395 I DFInstaObserve: !toggles +blocked disable_feed=0 disable_explore=0 disable_reels=0 disable_stories=1 disable_adds=0
08-13 20:12:42.995 17206 17395 I DFInstaObserve: !toggles +blocked disable_feed=0 disable_explore=0 disable_reels=0 disable_stories=1 disable_adds=0
08-13 20:12:43.033 17206 17395 I DFInstaObserve: !toggles +blocked disable_feed=0 disable_explore=0 disable_reels=0 disable_stories=1 disable_adds=0
08-13 20:12:43.092 17206 17395 I DFInstaObserve: !toggles +blocked disable_feed=0 disable_explore=0 disable_reels=0 disable_stories=1 disable_adds=0
08-13 20:12:43.120 17206 17395 I DFInstaObserve: !toggles +blocked disable_feed=0 disable_explore=0 disable_reels=0 disable_stories=1 disable_adds=0
08-13 20:12:43.210 17206 17395 I DFInstaObserve: !toggles +blocked disable_feed=0 disable_explore=0 disable_reels=0 disable_stories=1 disable_adds=0
08-13 20:12:44.144 17206 19244 I DFInstaObserve: !toggles +blocked disable_feed=0 disable_explore=0 disable_reels=0 disable_stories=1 disable_adds=0
08-13 20:12:44.376 17206 19251 I DFInstaObserve: !toggles +blocked disable_feed=0 disable_explore=0 disable_reels=0 disable_stories=1 disable_adds=0
08-13 20:12:44.922 17206 18647 I DFInstaObserve: !toggles +blocked disable_feed=0 disable_explore=0 disable_reels=0 disable_stories=1 disable_adds=0
08-13 20:12:44.924 17206 18647 I DFInstaObserve: !toggles +blocked disable_feed=0 disable_explore=0 disable_reels=0 disable_stories=1 disable_adds=0
08-13 20:12:44.957 17206 17395 I DFInstaObserve: !toggles +blocked disable_feed=0 disable_explore=0 disable_reels=0 disable_stories=1 disable_adds=0
08-13 20:12:45.034 17206 19083 I DFInstaObserve: !toggles +blocked disable_feed=0 disable_explore=0 disable_reels=0 disable_stories=1 disable_adds=0
08-13 20:12:45.051 17206 17395 I DFInstaObserve: !toggles +blocked disable_feed=0 disable_explore=0 disable_reels=0 disable_stories=1 disable_adds=0
08-13 20:12:45.100 17206 17395 I DFInstaObserve: !toggles +blocked disable_feed=0 disable_explore=0 disable_reels=0 disable_stories=1 disable_adds=0
08-13 20:12:45.119 17206 19236 I DFInstaObserve: !toggles +blocked disable_feed=0 disable_explore=0 disable_reels=0 disable_stories=1 disable_adds=0
08-13 20:12:45.177 17206 19199 I DFInstaObserve: !toggles +blocked disable_feed=0 disable_explore=0 disable_reels=0 disable_stories=1 disable_adds=0
08-13 20:12:45.222 17206 19273 I DFInstaObserve: !toggles +blocked disable_feed=0 disable_explore=0 disable_reels=0 disable_stories=1 disable_adds=0
08-13 20:12:45.265 17206 19274 I DFInstaObserve: !toggles +blocked disable_feed=0 disable_explore=0 disable_reels=0 disable_stories=1 disable_adds=0
08-13 20:12:45.299 17206 19273 I DFInstaObserve: !toggles +blocked disable_feed=0 disable_explore=0 disable_reels=0 disable_stories=1 disable_adds=0
08-13 20:12:45.499 17206 19218 I DFInstaObserve: !toggles +blocked disable_feed=0 disable_explore=0 disable_reels=0 disable_stories=1 disable_adds=0
08-13 20:12:45.526 17206 19277 I DFInstaObserve: !toggles +blocked disable_feed=0 disable_explore=0 disable_reels=0 disable_stories=1 disable_adds=0
08-13 20:12:45.591 17206 19302 I DFInstaObserve: !toggles +blocked disable_feed=0 disable_explore=0 disable_reels=0 disable_stories=1 disable_adds=0
08-13 20:12:45.742 17206 19310 I DFInstaObserve: !toggles +blocked disable_feed=0 disable_explore=0 disable_reels=0 disable_stories=1 disable_adds=0
08-13 20:12:45.757 17206 17395 I DFInstaObserve: !toggles +blocked disable_feed=0 disable_explore=0 disable_reels=0 disable_stories=1 disable_adds=0
08-13 20:12:45.818 17206 19218 I DFInstaObserve: !toggles +blocked disable_feed=0 disable_explore=0 disable_reels=0 disable_stories=1 disable_adds=0
08-13 20:12:45.834 17206 17395 I DFInstaObserve: !toggles +blocked disable_feed=0 disable_explore=0 disable_reels=0 disable_stories=1 disable_adds=0
08-13 20:12:45.855 17206 19278 I DFInstaObserve: !toggles +blocked disable_feed=0 disable_explore=0 disable_reels=0 disable_stories=1 disable_adds=0
08-13 20:12:45.885 17206 17395 I DFInstaObserve: !toggles +blocked disable_feed=0 disable_explore=0 disable_reels=0 disable_stories=1 disable_adds=0
08-13 20:12:45.943 17206 19279 I DFInstaObserve: !toggles +blocked disable_feed=0 disable_explore=0 disable_reels=0 disable_stories=1 disable_adds=0
08-13 20:12:45.961 17206 17395 I DFInstaObserve: !toggles +blocked disable_feed=0 disable_explore=0 disable_reels=0 disable_stories=1 disable_adds=0
08-13 20:12:45.997 17206 19199 I DFInstaObserve: !toggles +blocked disable_feed=0 disable_explore=0 disable_reels=0 disable_stories=1 disable_adds=0
08-13 20:12:46.031 17206 19236 I DFInstaObserve: !toggles +blocked disable_feed=0 disable_explore=0 disable_reels=0 disable_stories=1 disable_adds=0
08-13 20:12:46.083 17206 17395 I DFInstaObserve: !toggles +blocked disable_feed=0 disable_explore=0 disable_reels=0 disable_stories=1 disable_adds=0
08-13 20:12:46.127 17206 17395 I DFInstaObserve: !toggles +blocked disable_feed=0 disable_explore=0 disable_reels=0 disable_stories=1 disable_adds=0
08-13 20:12:46.147 17206 19199 I DFInstaObserve: !toggles +blocked disable_feed=0 disable_explore=0 disable_reels=0 disable_stories=1 disable_adds=0
08-13 20:12:46.165 17206 19279 I DFInstaObserve: !toggles +blocked disable_feed=0 disable_explore=0 disable_reels=0 disable_stories=1 disable_adds=0
08-13 20:12:46.168 17206 17395 I DFInstaObserve: !toggles +blocked disable_feed=0 disable_explore=0 disable_reels=0 disable_stories=1 disable_adds=0
08-13 20:12:46.208 17206 17395 I DFInstaObserve: !toggles +blocked disable_feed=0 disable_explore=0 disable_reels=0 disable_stories=1 disable_adds=0
08-13 20:12:46.526 17206 17395 I DFInstaObserve: !toggles +blocked disable_feed=0 disable_explore=0 disable_reels=0 disable_stories=1 disable_adds=0
08-13 20:12:47.555 17206 19294 I DFInstaObserve: !toggles +blocked disable_feed=0 disable_explore=0 disable_reels=0 disable_stories=1 disable_adds=0
08-13 20:12:47.587 17206 19294 I DFInstaObserve: !toggles +blocked disable_feed=0 disable_explore=0 disable_reels=0 disable_stories=1 disable_adds=0
08-13 20:12:47.677 17206 19301 I DFInstaObserve: !toggles +blocked disable_feed=0 disable_explore=0 disable_reels=0 disable_stories=1 disable_adds=0
08-13 20:12:48.466 17206 19324 I DFInstaObserve: !toggles +blocked disable_feed=0 disable_explore=0 disable_reels=0 disable_stories=1 disable_adds=0
08-13 20:12:48.466 17206 19324 I DFInstaObserve: /discover/topical_explore
08-13 20:12:50.910 17206 19217 I DFInstaObserve: !toggles +blocked disable_feed=0 disable_explore=0 disable_reels=0 disable_stories=1 disable_adds=0
08-13 20:12:50.914 17206 19217 I DFInstaObserve: !toggles +blocked disable_feed=0 disable_explore=0 disable_reels=0 disable_stories=1 disable_adds=0
08-13 20:12:50.938 17206 17395 I DFInstaObserve: !toggles +blocked disable_feed=0 disable_explore=0 disable_reels=0 disable_stories=1 disable_adds=0
08-13 20:12:50.978 17206 17395 I DFInstaObserve: !toggles +blocked disable_feed=0 disable_explore=0 disable_reels=0 disable_stories=1 disable_adds=0
08-13 20:12:51.009 17206 19083 I DFInstaObserve: !toggles +blocked disable_feed=0 disable_explore=0 disable_reels=0 disable_stories=1 disable_adds=0
08-13 20:12:51.018 17206 19347 I DFInstaObserve: !toggles +blocked disable_feed=0 disable_explore=0 disable_reels=0 disable_stories=1 disable_adds=0
08-13 20:12:51.020 17206 17395 I DFInstaObserve: !toggles +blocked disable_feed=0 disable_explore=0 disable_reels=0 disable_stories=1 disable_adds=0
08-13 20:12:51.053 17206 19347 I DFInstaObserve: !toggles +blocked disable_feed=0 disable_explore=0 disable_reels=0 disable_stories=1 disable_adds=0
08-13 20:12:51.091 17206 19340 I DFInstaObserve: !toggles +blocked disable_feed=0 disable_explore=0 disable_reels=0 disable_stories=1 disable_adds=0
08-13 20:12:51.097 17206 19344 I DFInstaObserve: !toggles +blocked disable_feed=0 disable_explore=0 disable_reels=0 disable_stories=1 disable_adds=0
08-13 20:12:51.101 17206 17395 I DFInstaObserve: !toggles +blocked disable_feed=0 disable_explore=0 disable_reels=0 disable_stories=1 disable_adds=0
08-13 20:12:51.137 17206 19362 I DFInstaObserve: !toggles +blocked disable_feed=0 disable_explore=0 disable_reels=0 disable_stories=1 disable_adds=0
08-13 20:12:51.186 17206 17395 I DFInstaObserve: !toggles +blocked disable_feed=0 disable_explore=0 disable_reels=0 disable_stories=1 disable_adds=0
08-13 20:12:51.205 17206 19362 I DFInstaObserve: !toggles +blocked disable_feed=0 disable_explore=0 disable_reels=0 disable_stories=1 disable_adds=0
08-13 20:12:51.276 17206 19344 I DFInstaObserve: !toggles +blocked disable_feed=0 disable_explore=0 disable_reels=0 disable_stories=1 disable_adds=0
08-13 20:12:51.308 17206 19279 I DFInstaObserve: !toggles +blocked disable_feed=0 disable_explore=0 disable_reels=0 disable_stories=1 disable_adds=0
08-13 20:12:51.391 17206 19279 I DFInstaObserve: !toggles +blocked disable_feed=0 disable_explore=0 disable_reels=0 disable_stories=1 disable_adds=0
08-13 20:12:51.463 17206 19083 I DFInstaObserve: !toggles +blocked disable_feed=0 disable_explore=0 disable_reels=0 disable_stories=1 disable_adds=0
08-13 20:12:51.502 17206 19199 I DFInstaObserve: !toggles +blocked disable_feed=0 disable_explore=0 disable_reels=0 disable_stories=1 disable_adds=0
08-13 20:12:51.577 17206 19083 I DFInstaObserve: !toggles +blocked disable_feed=0 disable_explore=0 disable_reels=0 disable_stories=1 disable_adds=0
08-13 20:12:51.605 17206 17395 I DFInstaObserve: !toggles +blocked disable_feed=0 disable_explore=0 disable_reels=0 disable_stories=1 disable_adds=0
08-13 20:12:51.649 17206 19279 I DFInstaObserve: !toggles +blocked disable_feed=0 disable_explore=0 disable_reels=0 disable_stories=1 disable_adds=0
08-13 20:12:51.649 17206 17395 I DFInstaObserve: !toggles +blocked disable_feed=0 disable_explore=0 disable_reels=0 disable_stories=1 disable_adds=0
08-13 20:12:51.676 17206 19362 I DFInstaObserve: !toggles +blocked disable_feed=0 disable_explore=0 disable_reels=0 disable_stories=1 disable_adds=0
08-13 20:12:51.756 17206 17395 I DFInstaObserve: !toggles +blocked disable_feed=0 disable_explore=0 disable_reels=0 disable_stories=1 disable_adds=0
08-13 20:12:51.758 17206 17424 I DFInstaObserve: !toggles +blocked disable_feed=0 disable_explore=0 disable_reels=0 disable_stories=1 disable_adds=0
08-13 20:12:51.764 17206 19324 I DFInstaObserve: !toggles +blocked disable_feed=0 disable_explore=0 disable_reels=0 disable_stories=1 disable_adds=0
08-13 20:12:51.805 17206 19199 I DFInstaObserve: !toggles +blocked disable_feed=0 disable_explore=0 disable_reels=0 disable_stories=1 disable_adds=0
08-13 20:12:51.818 17206 17395 I DFInstaObserve: !toggles +blocked disable_feed=0 disable_explore=0 disable_reels=0 disable_stories=1 disable_adds=0
08-13 20:12:51.889 17206 17395 I DFInstaObserve: !toggles +blocked disable_feed=0 disable_explore=0 disable_reels=0 disable_stories=1 disable_adds=0
08-13 20:12:51.934 17206 17395 I DFInstaObserve: !toggles +blocked disable_feed=0 disable_explore=0 disable_reels=0 disable_stories=1 disable_adds=0
08-13 20:12:51.941 17206 17424 I DFInstaObserve: !toggles +blocked disable_feed=0 disable_explore=0 disable_reels=0 disable_stories=1 disable_adds=0
08-13 20:12:52.107 17206 17424 I DFInstaObserve: !toggles +blocked disable_feed=0 disable_explore=0 disable_reels=0 disable_stories=1 disable_adds=0
08-13 20:12:52.133 17206 17395 I DFInstaObserve: !toggles +blocked disable_feed=0 disable_explore=0 disable_reels=0 disable_stories=1 disable_adds=0
08-13 20:12:52.270 17206 17424 I DFInstaObserve: !toggles +blocked disable_feed=0 disable_explore=0 disable_reels=0 disable_stories=1 disable_adds=0
08-13 20:12:52.435 17206 17424 I DFInstaObserve: !toggles +blocked disable_feed=0 disable_explore=0 disable_reels=0 disable_stories=1 disable_adds=0
08-13 20:12:54.008 17206 19381 I DFInstaObserve: !toggles +blocked disable_feed=0 disable_explore=0 disable_reels=0 disable_stories=1 disable_adds=0
08-13 20:12:54.008 17206 19382 I DFInstaObserve: !toggles +blocked disable_feed=0 disable_explore=0 disable_reels=0 disable_stories=1 disable_adds=0
08-13 20:12:56.462 17206 19381 I DFInstaObserve: !toggles +blocked disable_feed=0 disable_explore=0 disable_reels=0 disable_stories=1 disable_adds=0
08-13 20:12:56.462 17206 19382 I DFInstaObserve: !toggles +blocked disable_feed=0 disable_explore=0 disable_reels=0 disable_stories=1 disable_adds=0
08-13 20:12:59.747 17206 19394 I DFInstaObserve: !toggles +blocked disable_feed=0 disable_explore=0 disable_reels=0 disable_stories=1 disable_adds=0
08-13 20:12:59.747 17206 19394 I DFInstaObserve: /clips/discover
08-13 20:12:59.747 17206 19394 I DFInstaObserve: /clips/discover/stream/
08-13 20:13:00.166 17206 19217 I DFInstaObserve: !toggles +blocked disable_feed=0 disable_explore=0 disable_reels=0 disable_stories=1 disable_adds=0
08-13 20:13:00.206 17206 19217 I DFInstaObserve: !toggles +blocked disable_feed=0 disable_explore=0 disable_reels=0 disable_stories=1 disable_adds=0
08-13 20:13:02.285 17206 19442 I DFInstaObserve: !toggles +blocked disable_feed=0 disable_explore=0 disable_reels=0 disable_stories=1 disable_adds=0
08-13 20:13:02.286 17206 19441 I DFInstaObserve: !toggles +blocked disable_feed=0 disable_explore=0 disable_reels=0 disable_stories=1 disable_adds=0
08-13 20:13:03.255 17206 19217 I DFInstaObserve: !toggles +blocked disable_feed=0 disable_explore=0 disable_reels=0 disable_stories=1 disable_adds=0
08-13 20:13:03.263 17206 19217 I DFInstaObserve: !toggles +blocked disable_feed=0 disable_explore=0 disable_reels=0 disable_stories=1 disable_adds=0
08-13 20:13:03.329 17206 17395 I DFInstaObserve: !toggles +blocked disable_feed=0 disable_explore=0 disable_reels=0 disable_stories=1 disable_adds=0
08-13 20:13:03.664 17206 19217 I DFInstaObserve: !toggles +blocked disable_feed=0 disable_explore=0 disable_reels=0 disable_stories=1 disable_adds=0
08-13 20:13:03.675 17206 19217 I DFInstaObserve: !toggles +blocked disable_feed=0 disable_explore=0 disable_reels=0 disable_stories=1 disable_adds=0
08-13 20:13:03.719 17206 17395 I DFInstaObserve: !toggles +blocked disable_feed=0 disable_explore=0 disable_reels=0 disable_stories=1 disable_adds=0
08-13 20:13:03.761 17206 17395 I DFInstaObserve: !toggles +blocked disable_feed=0 disable_explore=0 disable_reels=0 disable_stories=1 disable_adds=0
08-13 20:13:03.770 17206 19401 I DFInstaObserve: !toggles +blocked disable_feed=0 disable_explore=0 disable_reels=0 disable_stories=1 disable_adds=0
08-13 20:13:03.830 17206 17395 I DFInstaObserve: !toggles +blocked disable_feed=0 disable_explore=0 disable_reels=0 disable_stories=1 disable_adds=0
08-13 20:13:03.872 17206 17395 I DFInstaObserve: !toggles +blocked disable_feed=0 disable_explore=0 disable_reels=0 disable_stories=1 disable_adds=0
08-13 20:13:03.977 17206 17395 I DFInstaObserve: !toggles +blocked disable_feed=0 disable_explore=0 disable_reels=0 disable_stories=1 disable_adds=0
08-13 20:13:04.012 17206 17395 I DFInstaObserve: !toggles +blocked disable_feed=0 disable_explore=0 disable_reels=0 disable_stories=1 disable_adds=0
08-13 20:13:04.107 17206 17395 I DFInstaObserve: !toggles +blocked disable_feed=0 disable_explore=0 disable_reels=0 disable_stories=1 disable_adds=0
08-13 20:13:05.645 17206 19467 I DFInstaObserve: !toggles +blocked disable_feed=0 disable_explore=0 disable_reels=0 disable_stories=1 disable_adds=0
08-13 20:13:05.645 17206 19466 I DFInstaObserve: !toggles +blocked disable_feed=0 disable_explore=0 disable_reels=0 disable_stories=1 disable_adds=0
08-13 20:13:06.848 17206 19485 I DFInstaObserve: !toggles +blocked disable_feed=0 disable_explore=0 disable_reels=0 disable_stories=1 disable_adds=0
08-13 20:13:08.919 17206 19498 I DFInstaObserve: !toggles +blocked disable_feed=0 disable_explore=0 disable_reels=0 disable_stories=1 disable_adds=0
08-13 20:13:08.923 17206 19497 I DFInstaObserve: !toggles +blocked disable_feed=0 disable_explore=0 disable_reels=0 disable_stories=1 disable_adds=0
08-13 20:13:10.798 17206 19526 I DFInstaObserve: !toggles +blocked disable_feed=0 disable_explore=0 disable_reels=0 disable_stories=1 disable_adds=0
08-13 20:13:10.798 17206 19525 I DFInstaObserve: !toggles +blocked disable_feed=0 disable_explore=0 disable_reels=0 disable_stories=1 disable_adds=0
08-13 20:13:12.813 17206 19526 I DFInstaObserve: !toggles +blocked disable_feed=0 disable_explore=0 disable_reels=0 disable_stories=1 disable_adds=0
08-13 20:13:12.839 17206 19526 I DFInstaObserve: !toggles +blocked disable_feed=0 disable_explore=0 disable_reels=0 disable_stories=1 disable_adds=0
08-13 20:13:13.017 17206 19401 I DFInstaObserve: !toggles +blocked disable_feed=0 disable_explore=0 disable_reels=0 disable_stories=1 disable_adds=0
08-13 20:13:13.017 17206 19401 I DFInstaObserve: /clips/discover
08-13 20:13:13.017 17206 19401 I DFInstaObserve: /clips/discover/stream/
08-13 20:13:13.458 17206 18647 I DFInstaObserve: !toggles +blocked disable_feed=0 disable_explore=0 disable_reels=0 disable_stories=1 disable_adds=0
08-13 20:13:13.500 17206 18647 I DFInstaObserve: !toggles +blocked disable_feed=0 disable_explore=0 disable_reels=0 disable_stories=1 disable_adds=0
08-13 20:13:15.557 17206 19552 I DFInstaObserve: !toggles +blocked disable_feed=0 disable_explore=0 disable_reels=0 disable_stories=1 disable_adds=0
08-13 20:13:15.558 17206 19551 I DFInstaObserve: !toggles +blocked disable_feed=0 disable_explore=0 disable_reels=0 disable_stories=1 disable_adds=0
