08-13 20:25:20.278 27252 27408 I DFInstaObserve: !toggles +blocked disable_feed=0 disable_explore=0 disable_reels=0 disable_stories=1 disable_adds=0
08-13 20:25:20.278 27252 27408 I DFInstaObserve: /feed/timeline/
08-13 20:25:20.293 27252 27423 I DFInstaObserve: !toggles +blocked disable_feed=0 disable_explore=0 disable_reels=0 disable_stories=1 disable_adds=0
08-13 20:25:20.293 27252 27423 I DFInstaObserve: /feed/reels_tray/
08-13 20:25:20.293 27252 27423 I DFInstaObserve: !blocked /feed/reels_tray/
08-13 20:25:20.581 27252 27464 I DFInstaObserve: !toggles +blocked disable_feed=0 disable_explore=0 disable_reels=0 disable_stories=1 disable_adds=0
08-13 20:25:20.596 27252 27252 E IgFunctionalErrorEvent: STORY_NOT_LOADING
08-13 20:25:20.596 27252 27252 E IgFunctionalErrorEvent: java.io.IOException: Blocked by DFInsta setting
08-13 20:25:20.770 27252 27418 I DFInstaObserve: !toggles +blocked disable_feed=0 disable_explore=0 disable_reels=0 disable_stories=1 disable_adds=0
08-13 20:25:21.036 27252 27335 I DFInstaObserve: !toggles +blocked disable_feed=0 disable_explore=0 disable_reels=0 disable_stories=1 disable_adds=0
08-13 20:25:21.036 27252 27335 I DFInstaObserve: /feed/reels_media_stream/
08-13 20:25:21.062 27252 27464 I DFInstaObserve: !toggles +blocked disable_feed=0 disable_explore=0 disable_reels=0 disable_stories=1 disable_adds=0
08-13 20:25:22.030 27252 27286 I DFInstaObserve: !toggles +blocked disable_feed=0 disable_explore=0 disable_reels=0 disable_stories=1 disable_adds=0
08-13 20:25:22.037 27252 27286 I DFInstaObserve: !toggles +blocked disable_feed=0 disable_explore=0 disable_reels=0 disable_stories=1 disable_adds=0
08-13 20:25:22.325 27252 27408 I DFInstaObserve: !toggles +blocked disable_feed=0 disable_explore=0 disable_reels=0 disable_stories=1 disable_adds=0
08-13 20:25:22.325 27252 27408 I DFInstaObserve: /feed/timeline/
08-13 20:25:22.352 27252 27307 I DFInstaObserve: !toggles +blocked disable_feed=0 disable_explore=0 disable_reels=0 disable_stories=1 disable_adds=0
08-13 20:25:22.382 27252 27291 I DFInstaObserve: !toggles +blocked disable_feed=0 disable_explore=0 disable_reels=0 disable_stories=1 disable_adds=0
08-13 20:25:22.382 27252 27291 I DFInstaObserve: /discover/topical_explore
08-13 20:25:22.399 27252 27438 I DFInstaObserve: !toggles +blocked disable_feed=0 disable_explore=0 disable_reels=0 disable_stories=1 disable_adds=0
08-13 20:25:22.595 27252 27422 I DFInstaObserve: !toggles +blocked disable_feed=0 disable_explore=0 disable_reels=0 disable_stories=1 disable_adds=0
08-13 20:25:22.676 27252 27288 I DFInstaObserve: !toggles +blocked disable_feed=0 disable_explore=0 disable_reels=0 disable_stories=1 disable_adds=0
08-13 20:25:22.791 27252 27438 I DFInstaObserve: !toggles +blocked disable_feed=0 disable_explore=0 disable_reels=0 disable_stories=1 disable_adds=0
08-13 20:25:22.854 27252 27438 I DFInstaObserve: !toggles +blocked disable_feed=0 disable_explore=0 disable_reels=0 disable_stories=1 disable_adds=0
08-13 20:25:22.989 27252 27590 I DFInstaObserve: !toggles +blocked disable_feed=0 disable_explore=0 disable_reels=0 disable_stories=1 disable_adds=0
08-13 20:25:23.052 27252 27288 I DFInstaObserve: !toggles +blocked disable_feed=0 disable_explore=0 disable_reels=0 disable_stories=1 disable_adds=0
08-13 20:25:23.144 27252 27423 I DFInstaObserve: !toggles +blocked disable_feed=0 disable_explore=0 disable_reels=0 disable_stories=1 disable_adds=0
08-13 20:25:23.432 27252 27592 I DFInstaObserve: !toggles +blocked disable_feed=0 disable_explore=0 disable_reels=0 disable_stories=1 disable_adds=0
08-13 20:25:23.458 27252 27438 I DFInstaObserve: !toggles +blocked disable_feed=0 disable_explore=0 disable_reels=0 disable_stories=1 disable_adds=0
08-13 20:25:23.482 27252 27598 I DFInstaObserve: !toggles +blocked disable_feed=0 disable_explore=0 disable_reels=0 disable_stories=1 disable_adds=0
08-13 20:25:26.780 27252 27287 I DFInstaObserve: !toggles +blocked disable_feed=0 disable_explore=0 disable_reels=0 disable_stories=1 disable_adds=0
08-13 20:25:26.785 27252 27287 I DFInstaObserve: !toggles +blocked disable_feed=0 disable_explore=0 disable_reels=0 disable_stories=1 disable_adds=0
08-13 20:25:26.850 27252 27438 I DFInstaObserve: !toggles +blocked disable_feed=0 disable_explore=0 disable_reels=0 disable_stories=1 disable_adds=0
08-13 20:25:26.891 27252 27438 I DFInstaObserve: !toggles +blocked disable_feed=0 disable_explore=0 disable_reels=0 disable_stories=1 disable_adds=0
08-13 20:25:27.035 27252 27623 I DFInstaObserve: !toggles +blocked disable_feed=0 disable_explore=0 disable_reels=0 disable_stories=1 disable_adds=0
08-13 20:25:27.152 27252 27582 I DFInstaObserve: !toggles +blocked disable_feed=0 disable_explore=0 disable_reels=0 disable_stories=1 disable_adds=0
08-13 20:25:27.320 27252 27291 I DFInstaObserve: !toggles +blocked disable_feed=0 disable_explore=0 disable_reels=0 disable_stories=1 disable_adds=0
08-13 20:25:27.408 27252 27623 I DFInstaObserve: !toggles +blocked disable_feed=0 disable_explore=0 disable_reels=0 disable_stories=1 disable_adds=0
08-13 20:25:27.419 27252 27307 I DFInstaObserve: !toggles +blocked disable_feed=0 disable_explore=0 disable_reels=0 disable_stories=1 disable_adds=0
08-13 20:25:27.419 27252 27307 I DFInstaObserve: /clips/discover
08-13 20:25:27.935 27252 27464 I DFInstaObserve: !toggles +blocked disable_feed=0 disable_explore=0 disable_reels=0 disable_stories=1 disable_adds=0
08-13 20:25:28.081 27252 27464 I DFInstaObserve: !toggles +blocked disable_feed=0 disable_explore=0 disable_reels=0 disable_stories=1 disable_adds=0
08-13 20:25:28.424 27252 27464 I DFInstaObserve: !toggles +blocked disable_feed=0 disable_explore=0 disable_reels=0 disable_stories=1 disable_adds=0
08-13 20:25:37.796 27252 27307 I DFInstaObserve: !toggles +blocked disable_feed=0 disable_explore=0 disable_reels=0 disable_stories=1 disable_adds=0
08-13 20:25:37.796 27252 27307 I DFInstaObserve: /feed/timeline/
08-13 20:25:37.798 27252 27623 I DFInstaObserve: !toggles +blocked disable_feed=0 disable_explore=0 disable_reels=0 disable_stories=1 disable_adds=0
08-13 20:25:37.799 27252 27623 I DFInstaObserve: /feed/reels_tray/
08-13 20:25:37.799 27252 27623 I DFInstaObserve: !blocked /feed/reels_tray/
08-13 20:25:37.805 27252 27252 E IgFunctionalErrorEvent: STORY_NOT_LOADING
08-13 20:25:37.805 27252 27252 E IgFunctionalErrorEvent: java.io.IOException: Blocked by DFInsta setting
08-13 20:25:42.370 27252 27287 I DFInstaObserve: !toggles +blocked disable_feed=0 disable_explore=0 disable_reels=0 disable_stories=1 disable_adds=0
08-13 20:25:42.394 27252 27438 I DFInstaObserve: !toggles +blocked disable_feed=0 disable_explore=0 disable_reels=0 disable_stories=1 disable_adds=0
08-13 20:25:42.559 27252 27721 I DFInstaObserve: !toggles +blocked disable_feed=0 disable_explore=0 disable_reels=0 disable_stories=1 disable_adds=0
08-13 20:25:43.526 27252 27438 I DFInstaObserve: !toggles +blocked disable_feed=0 disable_explore=0 disable_reels=0 disable_stories=1 disable_adds=0
08-13 20:25:44.619 27252 27721 I DFInstaObserve: !toggles +blocked disable_feed=0 disable_explore=0 disable_reels=0 disable_stories=1 disable_adds=0
08-13 20:25:45.898 27252 27717 I DFInstaObserve: !toggles +blocked disable_feed=0 disable_explore=0 disable_reels=0 disable_stories=1 disable_adds=0
08-13 20:25:45.898 27252 27717 I DFInstaObserve: /feed/timeline/
08-13 20:25:45.899 27252 27408 I DFInstaObserve: !toggles +blocked disable_feed=0 disable_explore=0 disable_reels=0 disable_stories=1 disable_adds=0
08-13 20:25:45.899 27252 27408 I DFInstaObserve: /feed/reels_tray/
08-13 20:25:45.899 27252 27408 I DFInstaObserve: !blocked /feed/reels_tray/
08-13 20:25:45.907 27252 27252 E IgFunctionalErrorEvent: STORY_NOT_LOADING
08-13 20:25:45.908 27252 27252 E IgFunctionalErrorEvent: java.io.IOException: Blocked by DFInsta setting
08-13 20:25:47.114 27252 27721 I DFInstaObserve: !toggles +blocked disable_feed=0 disable_explore=0 disable_reels=0 disable_stories=1 disable_adds=0
08-13 20:25:47.800 27252 27599 I DFInstaObserve: !toggles +blocked disable_feed=0 disable_explore=0 disable_reels=0 disable_stories=1 disable_adds=0
08-13 20:25:47.806 27252 27599 I DFInstaObserve: !toggles +blocked disable_feed=0 disable_explore=0 disable_reels=0 disable_stories=1 disable_adds=0
08-13 20:25:47.864 27252 27438 I DFInstaObserve: !toggles +blocked disable_feed=0 disable_explore=0 disable_reels=0 disable_stories=1 disable_adds=0
08-13 20:25:47.966 27252 27749 I DFInstaObserve: !toggles +blocked disable_feed=0 disable_explore=0 disable_reels=0 disable_stories=1 disable_adds=0
08-13 20:25:48.141 27252 27623 I DFInstaObserve: !toggles +blocked disable_feed=0 disable_explore=0 disable_reels=0 disable_stories=1 disable_adds=0
08-13 20:25:48.141 27252 27623 I DFInstaObserve: /feed/timeline/
08-13 20:25:48.162 27252 27745 I DFInstaObserve: !toggles +blocked disable_feed=0 disable_explore=0 disable_reels=0 disable_stories=1 disable_adds=0
08-13 20:25:48.299 27252 27751 I DFInstaObserve: !toggles +blocked disable_feed=0 disable_explore=0 disable_reels=0 disable_stories=1 disable_adds=0
08-13 20:25:51.190 27252 27599 I DFInstaObserve: !toggles +blocked disable_feed=0 disable_explore=0 disable_reels=0 disable_stories=1 disable_adds=0
08-13 20:25:51.194 27252 27599 I DFInstaObserve: !toggles +blocked disable_feed=0 disable_explore=0 disable_reels=0 disable_stories=1 disable_adds=0
08-13 20:25:57.330 27252 27287 I DFInstaObserve: !toggles +blocked disable_feed=0 disable_explore=0 disable_reels=0 disable_stories=1 disable_adds=0
08-13 20:25:57.526 27252 27287 I DFInstaObserve: !toggles +blocked disable_feed=0 disable_explore=0 disable_reels=0 disable_stories=1 disable_adds=0
08-13 20:26:00.906 27252 27287 I DFInstaObserve: !toggles +blocked disable_feed=0 disable_explore=0 disable_reels=0 disable_stories=1 disable_adds=0
08-13 20:26:04.974 27252 27599 I DFInstaObserve: !toggles +blocked disable_feed=0 disable_explore=0 disable_reels=0 disable_stories=1 disable_adds=0
08-13 20:26:04.977 27252 27287 I DFInstaObserve: !toggles +blocked disable_feed=0 disable_explore=0 disable_reels=0 disable_stories=1 disable_adds=0
08-13 20:26:10.938 27252 27746 I DFInstaObserve: !toggles +blocked disable_feed=0 disable_explore=0 disable_reels=0 disable_stories=1 disable_adds=0
08-13 20:26:10.938 27252 27746 I DFInstaObserve: /feed/timeline/
08-13 20:26:13.098 27252 27287 I DFInstaObserve: !toggles +blocked disable_feed=0 disable_explore=0 disable_reels=0 disable_stories=1 disable_adds=0
08-13 20:26:13.102 27252 27287 I DFInstaObserve: !toggles +blocked disable_feed=0 disable_explore=0 disable_reels=0 disable_stories=1 disable_adds=0
08-13 20:26:13.211 27252 27438 I DFInstaObserve: !toggles +blocked disable_feed=0 disable_explore=0 disable_reels=0 disable_stories=1 disable_adds=0
08-13 20:26:13.256 27252 27438 I DFInstaObserve: !toggles +blocked disable_feed=0 disable_explore=0 disable_reels=0 disable_stories=1 disable_adds=0
08-13 20:26:13.294 27252 27438 I DFInstaObserve: !toggles +blocked disable_feed=0 disable_explore=0 disable_reels=0 disable_stories=1 disable_adds=0
08-13 20:26:13.326 27252 27850 I DFInstaObserve: !toggles +blocked disable_feed=0 disable_explore=0 disable_reels=0 disable_stories=1 disable_adds=0
08-13 20:26:13.334 27252 27438 I DFInstaObserve: !toggles +blocked disable_feed=0 disable_explore=0 disable_reels=0 disable_stories=1 disable_adds=0
08-13 20:26:13.564 27252 27746 I DFInstaObserve: !toggles +blocked disable_feed=0 disable_explore=0 disable_reels=0 disable_stories=1 disable_adds=0
08-13 20:26:13.663 27252 27438 I DFInstaObserve: !toggles +blocked disable_feed=0 disable_explore=0 disable_reels=0 disable_stories=1 disable_adds=0
08-13 20:26:13.790 27252 27767 I DFInstaObserve: !toggles +blocked disable_feed=0 disable_explore=0 disable_reels=0 disable_stories=1 disable_adds=0
08-13 20:26:13.920 27252 27852 I DFInstaObserve: !toggles +blocked disable_feed=0 disable_explore=0 disable_reels=0 disable_stories=1 disable_adds=0
08-13 20:26:14.022 27252 27750 I DFInstaObserve: !toggles +blocked disable_feed=0 disable_explore=0 disable_reels=0 disable_stories=1 disable_adds=0
08-13 20:26:14.029 27252 27850 I DFInstaObserve: !toggles +blocked disable_feed=0 disable_explore=0 disable_reels=0 disable_stories=1 disable_adds=0
08-13 20:26:14.294 27252 27750 I DFInstaObserve: !toggles +blocked disable_feed=0 disable_explore=0 disable_reels=0 disable_stories=1 disable_adds=0
08-13 20:26:14.577 27252 27850 I DFInstaObserve: !toggles +blocked disable_feed=0 disable_explore=0 disable_reels=0 disable_stories=1 disable_adds=0
08-13 20:26:14.760 27252 27438 I DFInstaObserve: !toggles +blocked disable_feed=0 disable_explore=0 disable_reels=0 disable_stories=1 disable_adds=0
08-13 20:26:14.770 27252 27746 I DFInstaObserve: !toggles +blocked disable_feed=0 disable_explore=0 disable_reels=0 disable_stories=1 disable_adds=0
08-13 20:26:14.774 27252 27885 I DFInstaObserve: !toggles +blocked disable_feed=0 disable_explore=0 disable_reels=0 disable_stories=1 disable_adds=0
08-13 20:26:14.893 27252 27464 I DFInstaObserve: !toggles +blocked disable_feed=0 disable_explore=0 disable_reels=0 disable_stories=1 disable_adds=0
08-13 20:26:14.950 27252 27438 I DFInstaObserve: !toggles +blocked disable_feed=0 disable_explore=0 disable_reels=0 disable_stories=1 disable_adds=0
08-13 20:26:14.998 27252 27438 I DFInstaObserve: !toggles +blocked disable_feed=0 disable_explore=0 disable_reels=0 disable_stories=1 disable_adds=0
08-13 20:26:15.003 27252 27852 I DFInstaObserve: !toggles +blocked disable_feed=0 disable_explore=0 disable_reels=0 disable_stories=1 disable_adds=0
08-13 20:26:15.032 27252 27438 I DFInstaObserve: !toggles +blocked disable_feed=0 disable_explore=0 disable_reels=0 disable_stories=1 disable_adds=0
08-13 20:26:15.058 27252 27464 I DFInstaObserve: !toggles +blocked disable_feed=0 disable_explore=0 disable_reels=0 disable_stories=1 disable_adds=0
08-13 20:26:15.076 27252 27746 I DFInstaObserve: !toggles +blocked disable_feed=0 disable_explore=0 disable_reels=0 disable_stories=1 disable_adds=0
08-13 20:26:15.117 27252 27850 I DFInstaObserve: !toggles +blocked disable_feed=0 disable_explore=0 disable_reels=0 disable_stories=1 disable_adds=0
08-13 20:26:15.154 27252 27852 I DFInstaObserve: !toggles +blocked disable_feed=0 disable_explore=0 disable_reels=0 disable_stories=1 disable_adds=0
08-13 20:26:15.228 27252 27464 I DFInstaObserve: !toggles +blocked disable_feed=0 disable_explore=0 disable_reels=0 disable_stories=1 disable_adds=0
08-13 20:26:15.232 27252 27746 I DFInstaObserve: !toggles +blocked disable_feed=0 disable_explore=0 disable_reels=0 disable_stories=1 disable_adds=0
08-13 20:26:16.331 27252 27867 I DFInstaObserve: !toggles +blocked disable_feed=0 disable_explore=0 disable_reels=0 disable_stories=1 disable_adds=0
08-13 20:26:16.356 27252 27867 I DFInstaObserve: !toggles +blocked disable_feed=0 disable_explore=0 disable_reels=0 disable_stories=1 disable_adds=0
08-13 20:26:16.373 27252 27874 I DFInstaObserve: !toggles +blocked disable_feed=0 disable_explore=0 disable_reels=0 disable_stories=1 disable_adds=0
08-13 20:26:16.414 27252 27874 I DFInstaObserve: !toggles +blocked disable_feed=0 disable_explore=0 disable_reels=0 disable_stories=1 disable_adds=0
08-13 20:26:18.832 27252 27867 I DFInstaObserve: !toggles +blocked disable_feed=0 disable_explore=0 disable_reels=0 disable_stories=1 disable_adds=0
08-13 20:26:18.879 27252 27874 I DFInstaObserve: !toggles +blocked disable_feed=0 disable_explore=0 disable_reels=0 disable_stories=1 disable_adds=0
08-13 20:26:21.983 27252 27750 I DFInstaObserve: !toggles +blocked disable_feed=0 disable_explore=0 disable_reels=0 disable_stories=1 disable_adds=0
08-13 20:26:21.983 27252 27750 I DFInstaObserve: /discover/topical_explore
08-13 20:26:22.358 27252 27928 I DFInstaObserve: !toggles +blocked disable_feed=0 disable_explore=0 disable_reels=0 disable_stories=1 disable_adds=0
08-13 20:26:22.444 27252 27941 I DFInstaObserve: !toggles +blocked disable_feed=0 disable_explore=0 disable_reels=0 disable_stories=1 disable_adds=0
08-13 20:26:22.628 27252 27954 I DFInstaObserve: !toggles +blocked disable_feed=0 disable_explore=0 disable_reels=0 disable_stories=1 disable_adds=0
08-13 20:26:24.609 27252 27939 I DFInstaObserve: !toggles +blocked disable_feed=0 disable_explore=0 disable_reels=0 disable_stories=1 disable_adds=0
08-13 20:26:25.027 27252 27953 I DFInstaObserve: !toggles +blocked disable_feed=0 disable_explore=0 disable_reels=0 disable_stories=1 disable_adds=0
08-13 20:26:25.251 27252 27287 I DFInstaObserve: !toggles +blocked disable_feed=0 disable_explore=0 disable_reels=0 disable_stories=1 disable_adds=0
08-13 20:26:25.257 27252 27287 I DFInstaObserve: !toggles +blocked disable_feed=0 disable_explore=0 disable_reels=0 disable_stories=1 disable_adds=0
08-13 20:26:25.263 27252 27287 I DFInstaObserve: !toggles +blocked disable_feed=0 disable_explore=0 disable_reels=0 disable_stories=1 disable_adds=0
08-13 20:26:25.330 27252 27993 I DFInstaObserve: !toggles +blocked disable_feed=0 disable_explore=0 disable_reels=0 disable_stories=1 disable_adds=0
08-13 20:26:25.330 27252 27993 I DFInstaObserve: /discover/topical_explore
08-13 20:26:25.364 27252 27287 I DFInstaObserve: !toggles +blocked disable_feed=0 disable_explore=0 disable_reels=0 disable_stories=1 disable_adds=0
08-13 20:26:25.370 27252 27599 I DFInstaObserve: !toggles +blocked disable_feed=0 disable_explore=0 disable_reels=0 disable_stories=1 disable_adds=0
08-13 20:26:25.374 27252 27287 I DFInstaObserve: !toggles +blocked disable_feed=0 disable_explore=0 disable_reels=0 disable_stories=1 disable_adds=0
08-13 20:26:25.411 27252 27287 I DFInstaObserve: !toggles +blocked disable_feed=0 disable_explore=0 disable_reels=0 disable_stories=1 disable_adds=0
08-13 20:26:25.416 27252 27599 I DFInstaObserve: !toggles +blocked disable_feed=0 disable_explore=0 disable_reels=0 disable_stories=1 disable_adds=0
08-13 20:26:25.462 27252 27438 I DFInstaObserve: !toggles +blocked disable_feed=0 disable_explore=0 disable_reels=0 disable_stories=1 disable_adds=0
08-13 20:26:25.481 27252 27598 I DFInstaObserve: !toggles +blocked disable_feed=0 disable_explore=0 disable_reels=0 disable_stories=1 disable_adds=0
08-13 20:26:25.586 27252 27598 I DFInstaObserve: !toggles +blocked disable_feed=0 disable_explore=0 disable_reels=0 disable_stories=1 disable_adds=0
08-13 20:26:25.595 27252 27598 I DFInstaObserve: !toggles +blocked disable_feed=0 disable_explore=0 disable_reels=0 disable_stories=1 disable_adds=0
08-13 20:26:25.599 27252 27598 I DFInstaObserve: !toggles +blocked disable_feed=0 disable_explore=0 disable_reels=0 disable_stories=1 disable_adds=0
08-13 20:26:25.614 27252 28001 I DFInstaObserve: !toggles +blocked disable_feed=0 disable_explore=0 disable_reels=0 disable_stories=1 disable_adds=0
08-13 20:26:25.645 27252 28004 I DFInstaObserve: !toggles +blocked disable_feed=0 disable_explore=0 disable_reels=0 disable_stories=1 disable_adds=0
08-13 20:26:25.705 27252 27598 I DFInstaObserve: !toggles +blocked disable_feed=0 disable_explore=0 disable_reels=0 disable_stories=1 disable_adds=0
08-13 20:26:25.716 27252 27598 I DFInstaObserve: !toggles +blocked disable_feed=0 disable_explore=0 disable_reels=0 disable_stories=1 disable_adds=0
08-13 20:26:25.764 27252 28010 I DFInstaObserve: !toggles +blocked disable_feed=0 disable_explore=0 disable_reels=0 disable_stories=1 disable_adds=0
08-13 20:26:25.823 27252 27750 I DFInstaObserve: !toggles +blocked disable_feed=0 disable_explore=0 disable_reels=0 disable_stories=1 disable_adds=0
08-13 20:26:25.935 27252 28025 I DFInstaObserve: !toggles +blocked disable_feed=0 disable_explore=0 disable_reels=0 disable_stories=1 disable_adds=0
08-13 20:26:25.976 27252 27438 I DFInstaObserve: !toggles +blocked disable_feed=0 disable_explore=0 disable_reels=0 disable_stories=1 disable_adds=0
08-13 20:26:25.994 27252 27598 I DFInstaObserve: !toggles +blocked disable_feed=0 disable_explore=0 disable_reels=0 disable_stories=1 disable_adds=0
08-13 20:26:26.010 27252 27598 I DFInstaObserve: !toggles +blocked disable_feed=0 disable_explore=0 disable_reels=0 disable_stories=1 disable_adds=0
08-13 20:26:26.071 27252 28031 I DFInstaObserve: !toggles +blocked disable_feed=0 disable_explore=0 disable_reels=0 disable_stories=1 disable_adds=0
08-13 20:26:26.159 27252 27438 I DFInstaObserve: !toggles +blocked disable_feed=0 disable_explore=0 disable_reels=0 disable_stories=1 disable_adds=0
08-13 20:26:26.264 27252 27438 I DFInstaObserve: !toggles +blocked disable_feed=0 disable_explore=0 disable_reels=0 disable_stories=1 disable_adds=0
08-13 20:26:26.312 27252 27438 I DFInstaObserve: !toggles +blocked disable_feed=0 disable_explore=0 disable_reels=0 disable_stories=1 disable_adds=0
08-13 20:26:26.359 27252 27438 I DFInstaObserve: !toggles +blocked disable_feed=0 disable_explore=0 disable_reels=0 disable_stories=1 disable_adds=0
08-13 20:26:26.596 27252 27438 I DFInstaObserve: !toggles +blocked disable_feed=0 disable_explore=0 disable_reels=0 disable_stories=1 disable_adds=0
08-13 20:26:26.630 27252 27438 I DFInstaObserve: !toggles +blocked disable_feed=0 disable_explore=0 disable_reels=0 disable_stories=1 disable_adds=0
08-13 20:26:27.270 27252 27438 I DFInstaObserve: !toggles +blocked disable_feed=0 disable_explore=0 disable_reels=0 disable_stories=1 disable_adds=0
08-13 20:26:27.883 27252 28010 I DFInstaObserve: !toggles +blocked disable_feed=0 disable_explore=0 disable_reels=0 disable_stories=1 disable_adds=0
08-13 20:26:28.024 27252 28025 I DFInstaObserve: !toggles +blocked disable_feed=0 disable_explore=0 disable_reels=0 disable_stories=1 disable_adds=0
08-13 20:26:28.098 27252 27287 I DFInstaObserve: !toggles +blocked disable_feed=0 disable_explore=0 disable_reels=0 disable_stories=1 disable_adds=0
08-13 20:26:28.104 27252 27599 I DFInstaObserve: !toggles +blocked disable_feed=0 disable_explore=0 disable_reels=0 disable_stories=1 disable_adds=0
08-13 20:26:28.135 27252 27438 I DFInstaObserve: !toggles +blocked disable_feed=0 disable_explore=0 disable_reels=0 disable_stories=1 disable_adds=0
08-13 20:26:28.175 27252 27994 I DFInstaObserve: !toggles +blocked disable_feed=0 disable_explore=0 disable_reels=0 disable_stories=1 disable_adds=0
08-13 20:26:28.204 27252 28077 I DFInstaObserve: !toggles +blocked disable_feed=0 disable_explore=0 disable_reels=0 disable_stories=1 disable_adds=0
08-13 20:26:28.205 27252 27438 I DFInstaObserve: !toggles +blocked disable_feed=0 disable_explore=0 disable_reels=0 disable_stories=1 disable_adds=0
08-13 20:26:28.271 27252 27438 I DFInstaObserve: !toggles +blocked disable_feed=0 disable_explore=0 disable_reels=0 disable_stories=1 disable_adds=0
08-13 20:26:28.272 27252 28077 I DFInstaObserve: !toggles +blocked disable_feed=0 disable_explore=0 disable_reels=0 disable_stories=1 disable_adds=0
08-13 20:26:28.317 27252 27438 I DFInstaObserve: !toggles +blocked disable_feed=0 disable_explore=0 disable_reels=0 disable_stories=1 disable_adds=0
08-13 20:26:28.330 27252 27850 I DFInstaObserve: !toggles +blocked disable_feed=0 disable_explore=0 disable_reels=0 disable_stories=1 disable_adds=0
08-13 20:26:28.350 27252 28077 I DFInstaObserve: !toggles +blocked disable_feed=0 disable_explore=0 disable_reels=0 disable_stories=1 disable_adds=0
08-13 20:26:28.351 27252 27438 I DFInstaObserve: !toggles +blocked disable_feed=0 disable_explore=0 disable_reels=0 disable_stories=1 disable_adds=0
08-13 20:26:28.377 27252 27850 I DFInstaObserve: !toggles +blocked disable_feed=0 disable_explore=0 disable_reels=0 disable_stories=1 disable_adds=0
08-13 20:26:28.425 27252 28077 I DFInstaObserve: !toggles +blocked disable_feed=0 disable_explore=0 disable_reels=0 disable_stories=1 disable_adds=0
08-13 20:26:28.489 27252 27994 I DFInstaObserve: !toggles +blocked disable_feed=0 disable_explore=0 disable_reels=0 disable_stories=1 disable_adds=0
08-13 20:26:28.523 27252 28078 I DFInstaObserve: !toggles +blocked disable_feed=0 disable_explore=0 disable_reels=0 disable_stories=1 disable_adds=0
08-13 20:26:28.534 27252 27438 I DFInstaObserve: !toggles +blocked disable_feed=0 disable_explore=0 disable_reels=0 disable_stories=1 disable_adds=0
08-13 20:26:28.560 27252 28078 I DFInstaObserve: !toggles +blocked disable_feed=0 disable_explore=0 disable_reels=0 disable_stories=1 disable_adds=0
08-13 20:26:28.575 27252 27438 I DFInstaObserve: !toggles +blocked disable_feed=0 disable_explore=0 disable_reels=0 disable_stories=1 disable_adds=0
08-13 20:26:28.599 27252 28077 I DFInstaObserve: !toggles +blocked disable_feed=0 disable_explore=0 disable_reels=0 disable_stories=1 disable_adds=0
08-13 20:26:28.627 27252 28078 I DFInstaObserve: !toggles +blocked disable_feed=0 disable_explore=0 disable_reels=0 disable_stories=1 disable_adds=0
08-13 20:26:28.632 27252 27438 I DFInstaObserve: !toggles +blocked disable_feed=0 disable_explore=0 disable_reels=0 disable_stories=1 disable_adds=0
08-13 20:26:28.677 27252 28077 I DFInstaObserve: !toggles +blocked disable_feed=0 disable_explore=0 disable_reels=0 disable_stories=1 disable_adds=0
08-13 20:26:28.677 27252 28077 I DFInstaObserve: /discover/topical_explore
08-13 20:26:28.693 27252 27438 I DFInstaObserve: !toggles +blocked disable_feed=0 disable_explore=0 disable_reels=0 disable_stories=1 disable_adds=0
08-13 20:26:28.707 27252 28078 I DFInstaObserve: !toggles +blocked disable_feed=0 disable_explore=0 disable_reels=0 disable_stories=1 disable_adds=0
08-13 20:26:28.913 27252 27438 I DFInstaObserve: !toggles +blocked disable_feed=0 disable_explore=0 disable_reels=0 disable_stories=1 disable_adds=0
08-13 20:26:29.002 27252 28114 I DFInstaObserve: !toggles +blocked disable_feed=0 disable_explore=0 disable_reels=0 disable_stories=1 disable_adds=0
08-13 20:26:29.013 27252 27438 I DFInstaObserve: !toggles +blocked disable_feed=0 disable_explore=0 disable_reels=0 disable_stories=1 disable_adds=0
08-13 20:26:29.117 27252 27438 I DFInstaObserve: !toggles +blocked disable_feed=0 disable_explore=0 disable_reels=0 disable_stories=1 disable_adds=0
08-13 20:26:30.913 27252 27287 I DFInstaObserve: !toggles +blocked disable_feed=0 disable_explore=0 disable_reels=0 disable_stories=1 disable_adds=0
08-13 20:26:30.917 27252 27287 I DFInstaObserve: !toggles +blocked disable_feed=0 disable_explore=0 disable_reels=0 disable_stories=1 disable_adds=0
08-13 20:26:30.948 27252 27438 I DFInstaObserve: !toggles +blocked disable_feed=0 disable_explore=0 disable_reels=0 disable_stories=1 disable_adds=0
08-13 20:26:31.022 27252 28077 I DFInstaObserve: !toggles +blocked disable_feed=0 disable_explore=0 disable_reels=0 disable_stories=1 disable_adds=0
08-13 20:26:31.088 27252 27750 I DFInstaObserve: !toggles +blocked disable_feed=0 disable_explore=0 disable_reels=0 disable_stories=1 disable_adds=0
08-13 20:26:31.154 27252 28098 I DFInstaObserve: !toggles +blocked disable_feed=0 disable_explore=0 disable_reels=0 disable_stories=1 disable_adds=0
08-13 20:26:31.188 27252 27438 I DFInstaObserve: !toggles +blocked disable_feed=0 disable_explore=0 disable_reels=0 disable_stories=1 disable_adds=0
08-13 20:26:31.194 27252 28077 I DFInstaObserve: !toggles +blocked disable_feed=0 disable_explore=0 disable_reels=0 disable_stories=1 disable_adds=0
08-13 20:26:31.235 27252 27438 I DFInstaObserve: !toggles +blocked disable_feed=0 disable_explore=0 disable_reels=0 disable_stories=1 disable_adds=0
08-13 20:26:31.280 27252 27438 I DFInstaObserve: !toggles +blocked disable_feed=0 disable_explore=0 disable_reels=0 disable_stories=1 disable_adds=0
08-13 20:26:31.292 27252 28156 I DFInstaObserve: !toggles +blocked disable_feed=0 disable_explore=0 disable_reels=0 disable_stories=1 disable_adds=0
08-13 20:26:31.312 27252 27438 I DFInstaObserve: !toggles +blocked disable_feed=0 disable_explore=0 disable_reels=0 disable_stories=1 disable_adds=0
08-13 20:26:31.332 27252 27850 I DFInstaObserve: !toggles +blocked disable_feed=0 disable_explore=0 disable_reels=0 disable_stories=1 disable_adds=0
08-13 20:26:31.357 27252 27438 I DFInstaObserve: !toggles +blocked disable_feed=0 disable_explore=0 disable_reels=0 disable_stories=1 disable_adds=0
08-13 20:26:31.397 27252 27438 I DFInstaObserve: !toggles +blocked disable_feed=0 disable_explore=0 disable_reels=0 disable_stories=1 disable_adds=0
08-13 20:26:31.409 27252 27994 I DFInstaObserve: !toggles +blocked disable_feed=0 disable_explore=0 disable_reels=0 disable_stories=1 disable_adds=0
08-13 20:26:31.414 27252 28120 I DFInstaObserve: !toggles +blocked disable_feed=0 disable_explore=0 disable_reels=0 disable_stories=1 disable_adds=0
08-13 20:26:31.444 27252 27438 I DFInstaObserve: !toggles +blocked disable_feed=0 disable_explore=0 disable_reels=0 disable_stories=1 disable_adds=0
08-13 20:26:31.484 27252 27850 I DFInstaObserve: !toggles +blocked disable_feed=0 disable_explore=0 disable_reels=0 disable_stories=1 disable_adds=0
08-13 20:26:31.500 27252 28141 I DFInstaObserve: !toggles +blocked disable_feed=0 disable_explore=0 disable_reels=0 disable_stories=1 disable_adds=0
08-13 20:26:31.504 27252 27438 I DFInstaObserve: !toggles +blocked disable_feed=0 disable_explore=0 disable_reels=0 disable_stories=1 disable_adds=0
08-13 20:26:31.566 27252 28156 I DFInstaObserve: !toggles +blocked disable_feed=0 disable_explore=0 disable_reels=0 disable_stories=1 disable_adds=0
08-13 20:26:31.616 27252 27438 I DFInstaObserve: !toggles +blocked disable_feed=0 disable_explore=0 disable_reels=0 disable_stories=1 disable_adds=0
08-13 20:26:31.622 27252 27994 I DFInstaObserve: !toggles +blocked disable_feed=0 disable_explore=0 disable_reels=0 disable_stories=1 disable_adds=0
08-13 20:26:31.642 27252 28077 I DFInstaObserve: !toggles +blocked disable_feed=0 disable_explore=0 disable_reels=0 disable_stories=1 disable_adds=0
08-13 20:26:31.841 27252 27438 I DFInstaObserve: !toggles +blocked disable_feed=0 disable_explore=0 disable_reels=0 disable_stories=1 disable_adds=0
08-13 20:26:31.849 27252 27994 I DFInstaObserve: !toggles +blocked disable_feed=0 disable_explore=0 disable_reels=0 disable_stories=1 disable_adds=0
08-13 20:26:31.878 27252 28156 I DFInstaObserve: !toggles +blocked disable_feed=0 disable_explore=0 disable_reels=0 disable_stories=1 disable_adds=0
08-13 20:26:31.907 27252 28098 I DFInstaObserve: !toggles +blocked disable_feed=0 disable_explore=0 disable_reels=0 disable_stories=1 disable_adds=0
08-13 20:26:32.004 27252 28156 I DFInstaObserve: !toggles +blocked disable_feed=0 disable_explore=0 disable_reels=0 disable_stories=1 disable_adds=0
08-13 20:26:32.035 27252 27438 I DFInstaObserve: !toggles +blocked disable_feed=0 disable_explore=0 disable_reels=0 disable_stories=1 disable_adds=0
08-13 20:26:32.113 27252 28167 I DFInstaObserve: !toggles +blocked disable_feed=0 disable_explore=0 disable_reels=0 disable_stories=1 disable_adds=0
08-13 20:26:32.113 27252 28167 I DFInstaObserve: /discover/topical_explore
08-13 20:26:34.522 27252 28180 I DFInstaObserve: !toggles +blocked disable_feed=0 disable_explore=0 disable_reels=0 disable_stories=1 disable_adds=0
08-13 20:26:34.566 27252 27287 I DFInstaObserve: !toggles +blocked disable_feed=0 disable_explore=0 disable_reels=0 disable_stories=1 disable_adds=0
08-13 20:26:34.572 27252 27287 I DFInstaObserve: !toggles +blocked disable_feed=0 disable_explore=0 disable_reels=0 disable_stories=1 disable_adds=0
08-13 20:26:34.592 27252 27438 I DFInstaObserve: !toggles +blocked disable_feed=0 disable_explore=0 disable_reels=0 disable_stories=1 disable_adds=0
08-13 20:26:34.634 27252 28156 I DFInstaObserve: !toggles +blocked disable_feed=0 disable_explore=0 disable_reels=0 disable_stories=1 disable_adds=0
08-13 20:26:34.683 27252 27438 I DFInstaObserve: !toggles +blocked disable_feed=0 disable_explore=0 disable_reels=0 disable_stories=1 disable_adds=0
08-13 20:26:34.708 27252 27994 I DFInstaObserve: !toggles +blocked disable_feed=0 disable_explore=0 disable_reels=0 disable_stories=1 disable_adds=0
08-13 20:26:34.736 27252 28166 I DFInstaObserve: !toggles +blocked disable_feed=0 disable_explore=0 disable_reels=0 disable_stories=1 disable_adds=0
08-13 20:26:34.743 27252 27438 I DFInstaObserve: !toggles +blocked disable_feed=0 disable_explore=0 disable_reels=0 disable_stories=1 disable_adds=0
08-13 20:26:34.743 27252 28187 I DFInstaObserve: !toggles +blocked disable_feed=0 disable_explore=0 disable_reels=0 disable_stories=1 disable_adds=0
08-13 20:26:34.804 27252 28156 I DFInstaObserve: !toggles +blocked disable_feed=0 disable_explore=0 disable_reels=0 disable_stories=1 disable_adds=0
08-13 20:26:34.813 27252 27438 I DFInstaObserve: !toggles +blocked disable_feed=0 disable_explore=0 disable_reels=0 disable_stories=1 disable_adds=0
08-13 20:26:34.839 27252 28167 I DFInstaObserve: !toggles +blocked disable_feed=0 disable_explore=0 disable_reels=0 disable_stories=1 disable_adds=0
08-13 20:26:34.871 27252 27438 I DFInstaObserve: !toggles +blocked disable_feed=0 disable_explore=0 disable_reels=0 disable_stories=1 disable_adds=0
08-13 20:26:34.888 27252 28156 I DFInstaObserve: !toggles +blocked disable_feed=0 disable_explore=0 disable_reels=0 disable_stories=1 disable_adds=0
08-13 20:26:34.960 27252 28166 I DFInstaObserve: !toggles +blocked disable_feed=0 disable_explore=0 disable_reels=0 disable_stories=1 disable_adds=0
08-13 20:26:35.007 27252 27994 I DFInstaObserve: !toggles +blocked disable_feed=0 disable_explore=0 disable_reels=0 disable_stories=1 disable_adds=0
08-13 20:26:35.075 27252 27994 I DFInstaObserve: !toggles +blocked disable_feed=0 disable_explore=0 disable_reels=0 disable_stories=1 disable_adds=0
08-13 20:26:35.110 27252 28202 I DFInstaObserve: !toggles +blocked disable_feed=0 disable_explore=0 disable_reels=0 disable_stories=1 disable_adds=0
08-13 20:26:35.191 27252 28202 I DFInstaObserve: !toggles +blocked disable_feed=0 disable_explore=0 disable_reels=0 disable_stories=1 disable_adds=0
08-13 20:26:35.270 27252 28203 I DFInstaObserve: !toggles +blocked disable_feed=0 disable_explore=0 disable_reels=0 disable_stories=1 disable_adds=0
08-13 20:26:35.288 27252 27438 I DFInstaObserve: !toggles +blocked disable_feed=0 disable_explore=0 disable_reels=0 disable_stories=1 disable_adds=0
08-13 20:26:35.338 27252 27438 I DFInstaObserve: !toggles +blocked disable_feed=0 disable_explore=0 disable_reels=0 disable_stories=1 disable_adds=0
08-13 20:26:35.342 27252 27994 I DFInstaObserve: !toggles +blocked disable_feed=0 disable_explore=0 disable_reels=0 disable_stories=1 disable_adds=0
08-13 20:26:35.424 27252 28156 I DFInstaObserve: !toggles +blocked disable_feed=0 disable_explore=0 disable_reels=0 disable_stories=1 disable_adds=0
08-13 20:26:35.534 27252 27438 I DFInstaObserve: !toggles +blocked disable_feed=0 disable_explore=0 disable_reels=0 disable_stories=1 disable_adds=0
08-13 20:26:35.594 27252 28203 I DFInstaObserve: !toggles +blocked disable_feed=0 disable_explore=0 disable_reels=0 disable_stories=1 disable_adds=0
08-13 20:26:35.594 27252 28203 I DFInstaObserve: /discover/topical_explore
08-13 20:26:35.610 27252 27438 I DFInstaObserve: !toggles +blocked disable_feed=0 disable_explore=0 disable_reels=0 disable_stories=1 disable_adds=0
08-13 20:26:35.733 27252 27438 I DFInstaObserve: !toggles +blocked disable_feed=0 disable_explore=0 disable_reels=0 disable_stories=1 disable_adds=0
08-13 20:26:35.765 27252 27438 I DFInstaObserve: !toggles +blocked disable_feed=0 disable_explore=0 disable_reels=0 disable_stories=1 disable_adds=0
08-13 20:26:35.819 27252 27438 I DFInstaObserve: !toggles +blocked disable_feed=0 disable_explore=0 disable_reels=0 disable_stories=1 disable_adds=0
08-13 20:26:35.949 27252 28238 I DFInstaObserve: !toggles +blocked disable_feed=0 disable_explore=0 disable_reels=0 disable_stories=1 disable_adds=0
08-13 20:26:37.925 27252 28230 I DFInstaObserve: !toggles +blocked disable_feed=0 disable_explore=0 disable_reels=0 disable_stories=1 disable_adds=0
08-13 20:26:37.953 27252 28230 I DFInstaObserve: !toggles +blocked disable_feed=0 disable_explore=0 disable_reels=0 disable_stories=1 disable_adds=0
08-13 20:26:38.290 27252 27599 I DFInstaObserve: !toggles +blocked disable_feed=0 disable_explore=0 disable_reels=0 disable_stories=1 disable_adds=0
08-13 20:26:38.296 27252 27287 I DFInstaObserve: !toggles +blocked disable_feed=0 disable_explore=0 disable_reels=0 disable_stories=1 disable_adds=0
08-13 20:26:38.324 27252 28237 I DFInstaObserve: !toggles +blocked disable_feed=0 disable_explore=0 disable_reels=0 disable_stories=1 disable_adds=0
08-13 20:26:38.329 27252 27438 I DFInstaObserve: !toggles +blocked disable_feed=0 disable_explore=0 disable_reels=0 disable_stories=1 disable_adds=0
08-13 20:26:38.399 27252 28202 I DFInstaObserve: !toggles +blocked disable_feed=0 disable_explore=0 disable_reels=0 disable_stories=1 disable_adds=0
08-13 20:26:38.446 27252 27438 I DFInstaObserve: !toggles +blocked disable_feed=0 disable_explore=0 disable_reels=0 disable_stories=1 disable_adds=0
08-13 20:26:38.463 27252 28265 I DFInstaObserve: !toggles +blocked disable_feed=0 disable_explore=0 disable_reels=0 disable_stories=1 disable_adds=0
08-13 20:26:38.533 27252 28203 I DFInstaObserve: !toggles +blocked disable_feed=0 disable_explore=0 disable_reels=0 disable_stories=1 disable_adds=0
08-13 20:26:38.678 27252 27438 I DFInstaObserve: !toggles +blocked disable_feed=0 disable_explore=0 disable_reels=0 disable_stories=1 disable_adds=0
08-13 20:26:38.705 27252 28203 I DFInstaObserve: !toggles +blocked disable_feed=0 disable_explore=0 disable_reels=0 disable_stories=1 disable_adds=0
08-13 20:26:38.771 27252 28202 I DFInstaObserve: !toggles +blocked disable_feed=0 disable_explore=0 disable_reels=0 disable_stories=1 disable_adds=0
08-13 20:26:38.794 27252 28156 I DFInstaObserve: !toggles +blocked disable_feed=0 disable_explore=0 disable_reels=0 disable_stories=1 disable_adds=0
08-13 20:26:38.832 27252 28285 I DFInstaObserve: !toggles +blocked disable_feed=0 disable_explore=0 disable_reels=0 disable_stories=1 disable_adds=0
08-13 20:26:38.878 27252 28213 I DFInstaObserve: !toggles +blocked disable_feed=0 disable_explore=0 disable_reels=0 disable_stories=1 disable_adds=0
08-13 20:26:38.951 27252 28291 I DFInstaObserve: !toggles +blocked disable_feed=0 disable_explore=0 disable_reels=0 disable_stories=1 disable_adds=0
08-13 20:26:39.000 27252 28292 I DFInstaObserve: !toggles +blocked disable_feed=0 disable_explore=0 disable_reels=0 disable_stories=1 disable_adds=0
08-13 20:26:39.019 27252 27598 I DFInstaObserve: !toggles +blocked disable_feed=0 disable_explore=0 disable_reels=0 disable_stories=1 disable_adds=0
08-13 20:26:39.027 27252 27598 I DFInstaObserve: !toggles +blocked disable_feed=0 disable_explore=0 disable_reels=0 disable_stories=1 disable_adds=0
08-13 20:26:39.035 27252 27598 I DFInstaObserve: !toggles +blocked disable_feed=0 disable_explore=0 disable_reels=0 disable_stories=1 disable_adds=0
08-13 20:26:39.052 27252 28285 I DFInstaObserve: !toggles +blocked disable_feed=0 disable_explore=0 disable_reels=0 disable_stories=1 disable_adds=0
08-13 20:26:39.056 27252 27438 I DFInstaObserve: !toggles +blocked disable_feed=0 disable_explore=0 disable_reels=0 disable_stories=1 disable_adds=0
08-13 20:26:39.082 27252 28290 I DFInstaObserve: !toggles +blocked disable_feed=0 disable_explore=0 disable_reels=0 disable_stories=1 disable_adds=0
08-13 20:26:39.088 27252 27598 I DFInstaObserve: !toggles +blocked disable_feed=0 disable_explore=0 disable_reels=0 disable_stories=1 disable_adds=0
08-13 20:26:39.135 27252 27438 I DFInstaObserve: !toggles +blocked disable_feed=0 disable_explore=0 disable_reels=0 disable_stories=1 disable_adds=0
08-13 20:26:39.211 27252 28288 I DFInstaObserve: !toggles +blocked disable_feed=0 disable_explore=0 disable_reels=0 disable_stories=1 disable_adds=0
08-13 20:26:39.235 27252 27464 I DFInstaObserve: !toggles +blocked disable_feed=0 disable_explore=0 disable_reels=0 disable_stories=1 disable_adds=0
08-13 20:26:39.327 27252 27438 I DFInstaObserve: !toggles +blocked disable_feed=0 disable_explore=0 disable_reels=0 disable_stories=1 disable_adds=0
08-13 20:26:39.380 27252 27438 I DFInstaObserve: !toggles +blocked disable_feed=0 disable_explore=0 disable_reels=0 disable_stories=1 disable_adds=0
08-13 20:26:39.393 27252 28213 I DFInstaObserve: !toggles +blocked disable_feed=0 disable_explore=0 disable_reels=0 disable_stories=1 disable_adds=0
08-13 20:26:39.403 27252 27464 I DFInstaObserve: !toggles +blocked disable_feed=0 disable_explore=0 disable_reels=0 disable_stories=1 disable_adds=0
08-13 20:26:39.439 27252 28156 I DFInstaObserve: !toggles +blocked disable_feed=0 disable_explore=0 disable_reels=0 disable_stories=1 disable_adds=0
08-13 20:26:39.512 27252 27994 I DFInstaObserve: !toggles +blocked disable_feed=0 disable_explore=0 disable_reels=0 disable_stories=1 disable_adds=0
08-13 20:26:39.551 27252 28265 I DFInstaObserve: !toggles +blocked disable_feed=0 disable_explore=0 disable_reels=0 disable_stories=1 disable_adds=0
08-13 20:26:39.592 27252 27438 I DFInstaObserve: !toggles +blocked disable_feed=0 disable_explore=0 disable_reels=0 disable_stories=1 disable_adds=0
08-13 20:26:39.601 27252 27464 I DFInstaObserve: !toggles +blocked disable_feed=0 disable_explore=0 disable_reels=0 disable_stories=1 disable_adds=0
08-13 20:26:39.629 27252 28213 I DFInstaObserve: !toggles +blocked disable_feed=0 disable_explore=0 disable_reels=0 disable_stories=1 disable_adds=0
08-13 20:26:39.630 27252 27438 I DFInstaObserve: !toggles +blocked disable_feed=0 disable_explore=0 disable_reels=0 disable_stories=1 disable_adds=0
08-13 20:26:39.706 27252 27994 I DFInstaObserve: !toggles +blocked disable_feed=0 disable_explore=0 disable_reels=0 disable_stories=1 disable_adds=0
08-13 20:26:39.803 27252 27464 I DFInstaObserve: !toggles +blocked disable_feed=0 disable_explore=0 disable_reels=0 disable_stories=1 disable_adds=0
08-13 20:26:40.101 27252 27464 I DFInstaObserve: !toggles +blocked disable_feed=0 disable_explore=0 disable_reels=0 disable_stories=1 disable_adds=0
08-13 20:26:40.220 27252 27438 I DFInstaObserve: !toggles +blocked disable_feed=0 disable_explore=0 disable_reels=0 disable_stories=1 disable_adds=0
08-13 20:26:40.271 27252 27438 I DFInstaObserve: !toggles +blocked disable_feed=0 disable_explore=0 disable_reels=0 disable_stories=1 disable_adds=0
08-13 20:26:40.279 27252 27464 I DFInstaObserve: !toggles +blocked disable_feed=0 disable_explore=0 disable_reels=0 disable_stories=1 disable_adds=0
08-13 20:26:40.340 27252 27438 I DFInstaObserve: !toggles +blocked disable_feed=0 disable_explore=0 disable_reels=0 disable_stories=1 disable_adds=0
08-13 20:26:41.284 27252 28299 I DFInstaObserve: !toggles +blocked disable_feed=0 disable_explore=0 disable_reels=0 disable_stories=1 disable_adds=0
08-13 20:26:41.284 27252 28298 I DFInstaObserve: !toggles +blocked disable_feed=0 disable_explore=0 disable_reels=0 disable_stories=1 disable_adds=0
08-13 20:26:43.748 27252 28299 I DFInstaObserve: !toggles +blocked disable_feed=0 disable_explore=0 disable_reels=0 disable_stories=1 disable_adds=0
08-13 20:26:46.740 27252 28202 I DFInstaObserve: !toggles +blocked disable_feed=0 disable_explore=0 disable_reels=0 disable_stories=1 disable_adds=0
08-13 20:26:46.740 27252 28202 I DFInstaObserve: /clips/discover
08-13 20:26:46.740 27252 28202 I DFInstaObserve: /clips/discover/stream/
08-13 20:26:47.145 27252 27599 I DFInstaObserve: !toggles +blocked disable_feed=0 disable_explore=0 disable_reels=0 disable_stories=1 disable_adds=0
08-13 20:26:47.202 27252 28213 I DFInstaObserve: !toggles +blocked disable_feed=0 disable_explore=0 disable_reels=0 disable_stories=1 disable_adds=0
08-13 20:26:49.281 27252 28335 I DFInstaObserve: !toggles +blocked disable_feed=0 disable_explore=0 disable_reels=0 disable_stories=1 disable_adds=0
08-13 20:26:49.291 27252 28334 I DFInstaObserve: !toggles +blocked disable_feed=0 disable_explore=0 disable_reels=0 disable_stories=1 disable_adds=0
08-13 20:26:50.492 27252 27599 I DFInstaObserve: !toggles +blocked disable_feed=0 disable_explore=0 disable_reels=0 disable_stories=1 disable_adds=0
08-13 20:26:50.503 27252 27287 I DFInstaObserve: !toggles +blocked disable_feed=0 disable_explore=0 disable_reels=0 disable_stories=1 disable_adds=0
08-13 20:26:50.545 27252 27438 I DFInstaObserve: !toggles +blocked disable_feed=0 disable_explore=0 disable_reels=0 disable_stories=1 disable_adds=0
08-13 20:26:50.613 27252 27599 I DFInstaObserve: !toggles +blocked disable_feed=0 disable_explore=0 disable_reels=0 disable_stories=1 disable_adds=0
08-13 20:26:50.649 27252 28290 I DFInstaObserve: !toggles +blocked disable_feed=0 disable_explore=0 disable_reels=0 disable_stories=1 disable_adds=0
08-13 20:26:50.762 27252 28265 I DFInstaObserve: !toggles +blocked disable_feed=0 disable_explore=0 disable_reels=0 disable_stories=1 disable_adds=0
08-13 20:26:50.860 27252 27438 I DFInstaObserve: !toggles +blocked disable_feed=0 disable_explore=0 disable_reels=0 disable_stories=1 disable_adds=0
08-13 20:26:50.897 27252 27438 I DFInstaObserve: !toggles +blocked disable_feed=0 disable_explore=0 disable_reels=0 disable_stories=1 disable_adds=0
08-13 20:26:51.090 27252 27438 I DFInstaObserve: !toggles +blocked disable_feed=0 disable_explore=0 disable_reels=0 disable_stories=1 disable_adds=0
08-13 20:26:51.139 27252 27438 I DFInstaObserve: !toggles +blocked disable_feed=0 disable_explore=0 disable_reels=0 disable_stories=1 disable_adds=0
08-13 20:26:51.314 27252 27438 I DFInstaObserve: !toggles +blocked disable_feed=0 disable_explore=0 disable_reels=0 disable_stories=1 disable_adds=0
08-13 20:26:52.641 27252 28368 I DFInstaObserve: !toggles +blocked disable_feed=0 disable_explore=0 disable_reels=0 disable_stories=1 disable_adds=0
08-13 20:26:52.641 27252 28367 I DFInstaObserve: !toggles +blocked disable_feed=0 disable_explore=0 disable_reels=0 disable_stories=1 disable_adds=0
08-13 20:26:53.799 27252 27287 I DFInstaObserve: !toggles +blocked disable_feed=0 disable_explore=0 disable_reels=0 disable_stories=1 disable_adds=0
08-13 20:26:55.921 27252 28409 I DFInstaObserve: !toggles +blocked disable_feed=0 disable_explore=0 disable_reels=0 disable_stories=1 disable_adds=0
08-13 20:26:55.922 27252 28408 I DFInstaObserve: !toggles +blocked disable_feed=0 disable_explore=0 disable_reels=0 disable_stories=1 disable_adds=0
08-13 20:26:56.702 27252 28443 I DFInstaObserve: !toggles +blocked disable_feed=0 disable_explore=0 disable_reels=0 disable_stories=1 disable_adds=0
08-13 20:26:59.248 27252 28443 I DFInstaObserve: !toggles +blocked disable_feed=0 disable_explore=0 disable_reels=0 disable_stories=1 disable_adds=0
08-13 20:26:59.255 27252 28444 I DFInstaObserve: !toggles +blocked disable_feed=0 disable_explore=0 disable_reels=0 disable_stories=1 disable_adds=0
08-13 20:27:00.040 27252 28202 I DFInstaObserve: !toggles +blocked disable_feed=0 disable_explore=0 disable_reels=0 disable_stories=1 disable_adds=0
08-13 20:27:00.040 27252 28202 I DFInstaObserve: /clips/discover
08-13 20:27:00.040 27252 28202 I DFInstaObserve: /clips/discover/stream/
08-13 20:27:02.570 27252 28478 I DFInstaObserve: !toggles +blocked disable_feed=0 disable_explore=0 disable_reels=0 disable_stories=1 disable_adds=0
08-13 20:27:02.572 27252 28477 I DFInstaObserve: !toggles +blocked disable_feed=0 disable_explore=0 disable_reels=0 disable_stories=1 disable_adds=0
08-13 20:27:03.304 27252 28393 I DFInstaObserve: !toggles +blocked disable_feed=0 disable_explore=0 disable_reels=0 disable_stories=1 disable_adds=0
08-13 20:27:03.378 27252 27464 I DFInstaObserve: !toggles +blocked disable_feed=0 disable_explore=0 disable_reels=0 disable_stories=1 disable_adds=0
08-13 20:27:03.753 27252 27464 I DFInstaObserve: !toggles +blocked disable_feed=0 disable_explore=0 disable_reels=0 disable_stories=1 disable_adds=0
08-13 20:27:03.919 27252 27464 I DFInstaObserve: !toggles +blocked disable_feed=0 disable_explore=0 disable_reels=0 disable_stories=1 disable_adds=0
08-13 20:27:03.975 27252 27599 I DFInstaObserve: !toggles +blocked disable_feed=0 disable_explore=0 disable_reels=0 disable_stories=1 disable_adds=0
08-13 20:27:03.980 27252 27287 I DFInstaObserve: !toggles +blocked disable_feed=0 disable_explore=0 disable_reels=0 disable_stories=1 disable_adds=0
08-13 20:27:03.982 27252 27438 I DFInstaObserve: !toggles +blocked disable_feed=0 disable_explore=0 disable_reels=0 disable_stories=1 disable_adds=0
08-13 20:27:04.033 27252 28213 I DFInstaObserve: !toggles +blocked disable_feed=0 disable_explore=0 disable_reels=0 disable_stories=1 disable_adds=0
08-13 20:27:04.043 27252 27438 I DFInstaObserve: !toggles +blocked disable_feed=0 disable_explore=0 disable_reels=0 disable_stories=1 disable_adds=0
08-13 20:27:04.074 27252 27438 I DFInstaObserve: !toggles +blocked disable_feed=0 disable_explore=0 disable_reels=0 disable_stories=1 disable_adds=0
08-13 20:27:04.107 27252 27438 I DFInstaObserve: !toggles +blocked disable_feed=0 disable_explore=0 disable_reels=0 disable_stories=1 disable_adds=0
08-13 20:27:04.352 27252 27287 I DFInstaObserve: !toggles +blocked disable_feed=0 disable_explore=0 disable_reels=0 disable_stories=1 disable_adds=0
08-13 20:27:04.358 27252 27287 I DFInstaObserve: !toggles +blocked disable_feed=0 disable_explore=0 disable_reels=0 disable_stories=1 disable_adds=0
08-13 20:27:04.364 27252 27287 I DFInstaObserve: !toggles +blocked disable_feed=0 disable_explore=0 disable_reels=0 disable_stories=1 disable_adds=0
08-13 20:27:04.368 27252 27287 I DFInstaObserve: !toggles +blocked disable_feed=0 disable_explore=0 disable_reels=0 disable_stories=1 disable_adds=0
08-13 20:27:04.377 27252 27438 I DFInstaObserve: !toggles +blocked disable_feed=0 disable_explore=0 disable_reels=0 disable_stories=1 disable_adds=0
08-13 20:27:04.553 27252 27438 I DFInstaObserve: !toggles +blocked disable_feed=0 disable_explore=0 disable_reels=0 disable_stories=1 disable_adds=0
08-13 20:27:04.586 27252 27438 I DFInstaObserve: !toggles +blocked disable_feed=0 disable_explore=0 disable_reels=0 disable_stories=1 disable_adds=0
08-13 20:27:04.985 27252 27438 I DFInstaObserve: !toggles +blocked disable_feed=0 disable_explore=0 disable_reels=0 disable_stories=1 disable_adds=0
08-13 20:27:09.048 27252 28381 I DFInstaObserve: !toggles +blocked disable_feed=0 disable_explore=0 disable_reels=0 disable_stories=1 disable_adds=0
08-13 20:27:09.048 27252 28381 I DFInstaObserve: /clips/discover
08-13 20:27:09.048 27252 28381 I DFInstaObserve: /clips/discover/stream/
08-13 20:27:12.128 27252 27438 I DFInstaObserve: !toggles +blocked disable_feed=0 disable_explore=0 disable_reels=0 disable_stories=1 disable_adds=0
08-13 20:27:12.653 27252 27438 I DFInstaObserve: !toggles +blocked disable_feed=0 disable_explore=0 disable_reels=0 disable_stories=1 disable_adds=0
08-13 20:27:12.684 27252 27438 I DFInstaObserve: !toggles +blocked disable_feed=0 disable_explore=0 disable_reels=0 disable_stories=1 disable_adds=0
08-13 20:27:12.975 27252 27438 I DFInstaObserve: !toggles +blocked disable_feed=0 disable_explore=0 disable_reels=0 disable_stories=1 disable_adds=0
08-13 20:27:13.044 27252 27438 I DFInstaObserve: !toggles +blocked disable_feed=0 disable_explore=0 disable_reels=0 disable_stories=1 disable_adds=0
08-13 20:27:13.276 27252 27438 I DFInstaObserve: !toggles +blocked disable_feed=0 disable_explore=0 disable_reels=0 disable_stories=1 disable_adds=0
08-13 20:27:23.515 27252 27464 I DFInstaObserve: !toggles +blocked disable_feed=0 disable_explore=0 disable_reels=0 disable_stories=1 disable_adds=0
08-13 20:27:26.420 27252 27287 I DFInstaObserve: !toggles +blocked disable_feed=0 disable_explore=0 disable_reels=0 disable_stories=1 disable_adds=0
08-13 20:27:26.518 27252 27599 I DFInstaObserve: !toggles +blocked disable_feed=0 disable_explore=0 disable_reels=0 disable_stories=1 disable_adds=0
08-13 20:27:29.741 27252 27599 I DFInstaObserve: !toggles +blocked disable_feed=0 disable_explore=0 disable_reels=0 disable_stories=1 disable_adds=0
08-13 20:27:29.749 27252 27287 I DFInstaObserve: !toggles +blocked disable_feed=0 disable_explore=0 disable_reels=0 disable_stories=1 disable_adds=0
08-13 20:27:33.077 27252 27599 I DFInstaObserve: !toggles +blocked disable_feed=0 disable_explore=0 disable_reels=0 disable_stories=1 disable_adds=0
08-13 20:27:36.541 27252 28381 I DFInstaObserve: !toggles +blocked disable_feed=0 disable_explore=0 disable_reels=0 disable_stories=1 disable_adds=0
08-13 20:27:36.541 27252 28381 I DFInstaObserve: /feed/timeline/
08-13 20:27:38.914 27252 27287 I DFInstaObserve: !toggles +blocked disable_feed=0 disable_explore=0 disable_reels=0 disable_stories=1 disable_adds=0
08-13 20:27:38.919 27252 27287 I DFInstaObserve: !toggles +blocked disable_feed=0 disable_explore=0 disable_reels=0 disable_stories=1 disable_adds=0
08-13 20:27:39.146 27252 27438 I DFInstaObserve: !toggles +blocked disable_feed=0 disable_explore=0 disable_reels=0 disable_stories=1 disable_adds=0
08-13 20:27:39.188 27252 27438 I DFInstaObserve: !toggles +blocked disable_feed=0 disable_explore=0 disable_reels=0 disable_stories=1 disable_adds=0
08-13 20:27:39.225 27252 27438 I DFInstaObserve: !toggles +blocked disable_feed=0 disable_explore=0 disable_reels=0 disable_stories=1 disable_adds=0
08-13 20:27:39.272 27252 27438 I DFInstaObserve: !toggles +blocked disable_feed=0 disable_explore=0 disable_reels=0 disable_stories=1 disable_adds=0
08-13 20:27:39.283 27252 28213 I DFInstaObserve: !toggles +blocked disable_feed=0 disable_explore=0 disable_reels=0 disable_stories=1 disable_adds=0
08-13 20:27:39.534 27252 28381 I DFInstaObserve: !toggles +blocked disable_feed=0 disable_explore=0 disable_reels=0 disable_stories=1 disable_adds=0
08-13 20:27:39.784 27252 28639 I DFInstaObserve: !toggles +blocked disable_feed=0 disable_explore=0 disable_reels=0 disable_stories=1 disable_adds=0
08-13 20:27:39.958 27252 28381 I DFInstaObserve: !toggles +blocked disable_feed=0 disable_explore=0 disable_reels=0 disable_stories=1 disable_adds=0
08-13 20:27:40.004 27252 27464 I DFInstaObserve: !toggles +blocked disable_feed=0 disable_explore=0 disable_reels=0 disable_stories=1 disable_adds=0
08-13 20:27:40.151 27252 27464 I DFInstaObserve: !toggles +blocked disable_feed=0 disable_explore=0 disable_reels=0 disable_stories=1 disable_adds=0
08-13 20:27:44.089 27252 28656 I DFInstaObserve: !toggles +blocked disable_feed=0 disable_explore=0 disable_reels=0 disable_stories=1 disable_adds=0
08-13 20:27:44.127 27252 28656 I DFInstaObserve: !toggles +blocked disable_feed=0 disable_explore=0 disable_reels=0 disable_stories=1 disable_adds=0
08-13 20:27:47.954 27252 28519 I DFInstaObserve: !toggles +blocked disable_feed=0 disable_explore=0 disable_reels=0 disable_stories=1 disable_adds=0
08-13 20:27:47.954 27252 28519 I DFInstaObserve: /discover/topical_explore
08-13 20:27:48.190 27252 28730 I DFInstaObserve: !toggles +blocked disable_feed=0 disable_explore=0 disable_reels=0 disable_stories=1 disable_adds=0
08-13 20:27:50.168 27252 28722 I DFInstaObserve: !toggles +blocked disable_feed=0 disable_explore=0 disable_reels=0 disable_stories=1 disable_adds=0
08-13 20:27:50.517 27252 28729 I DFInstaObserve: !toggles +blocked disable_feed=0 disable_explore=0 disable_reels=0 disable_stories=1 disable_adds=0
08-13 20:27:51.484 27252 27287 I DFInstaObserve: !toggles +blocked disable_feed=0 disable_explore=0 disable_reels=0 disable_stories=1 disable_adds=0
08-13 20:27:51.503 27252 28771 I DFInstaObserve: !toggles +blocked disable_feed=0 disable_explore=0 disable_reels=0 disable_stories=1 disable_adds=0
08-13 20:27:51.562 27252 28764 I DFInstaObserve: !toggles +blocked disable_feed=0 disable_explore=0 disable_reels=0 disable_stories=1 disable_adds=0
08-13 20:27:51.562 27252 28764 I DFInstaObserve: /discover/topical_explore
08-13 20:27:51.583 27252 28381 I DFInstaObserve: !toggles +blocked disable_feed=0 disable_explore=0 disable_reels=0 disable_stories=1 disable_adds=0
08-13 20:27:51.597 27252 27438 I DFInstaObserve: !toggles +blocked disable_feed=0 disable_explore=0 disable_reels=0 disable_stories=1 disable_adds=0
08-13 20:27:51.661 27252 28381 I DFInstaObserve: !toggles +blocked disable_feed=0 disable_explore=0 disable_reels=0 disable_stories=1 disable_adds=0
08-13 20:27:51.702 27252 27438 I DFInstaObserve: !toggles +blocked disable_feed=0 disable_explore=0 disable_reels=0 disable_stories=1 disable_adds=0
08-13 20:27:51.740 27252 28519 I DFInstaObserve: !toggles +blocked disable_feed=0 disable_explore=0 disable_reels=0 disable_stories=1 disable_adds=0
08-13 20:27:51.799 27252 27438 I DFInstaObserve: !toggles +blocked disable_feed=0 disable_explore=0 disable_reels=0 disable_stories=1 disable_adds=0
08-13 20:27:51.819 27252 28202 I DFInstaObserve: !toggles +blocked disable_feed=0 disable_explore=0 disable_reels=0 disable_stories=1 disable_adds=0
08-13 20:27:51.857 27252 28801 I DFInstaObserve: !toggles +blocked disable_feed=0 disable_explore=0 disable_reels=0 disable_stories=1 disable_adds=0
08-13 20:27:51.917 27252 28213 I DFInstaObserve: !toggles +blocked disable_feed=0 disable_explore=0 disable_reels=0 disable_stories=1 disable_adds=0
08-13 20:27:51.930 27252 27438 I DFInstaObserve: !toggles +blocked disable_feed=0 disable_explore=0 disable_reels=0 disable_stories=1 disable_adds=0
08-13 20:27:51.974 27252 28202 I DFInstaObserve: !toggles +blocked disable_feed=0 disable_explore=0 disable_reels=0 disable_stories=1 disable_adds=0
08-13 20:27:51.987 27252 27438 I DFInstaObserve: !toggles +blocked disable_feed=0 disable_explore=0 disable_reels=0 disable_stories=1 disable_adds=0
08-13 20:27:52.080 27252 28202 I DFInstaObserve: !toggles +blocked disable_feed=0 disable_explore=0 disable_reels=0 disable_stories=1 disable_adds=0
08-13 20:27:52.087 27252 27438 I DFInstaObserve: !toggles +blocked disable_feed=0 disable_explore=0 disable_reels=0 disable_stories=1 disable_adds=0
08-13 20:27:52.144 27252 27438 I DFInstaObserve: !toggles +blocked disable_feed=0 disable_explore=0 disable_reels=0 disable_stories=1 disable_adds=0
08-13 20:27:52.200 27252 28381 I DFInstaObserve: !toggles +blocked disable_feed=0 disable_explore=0 disable_reels=0 disable_stories=1 disable_adds=0
08-13 20:27:52.259 27252 28213 I DFInstaObserve: !toggles +blocked disable_feed=0 disable_explore=0 disable_reels=0 disable_stories=1 disable_adds=0
08-13 20:27:52.325 27252 28213 I DFInstaObserve: !toggles +blocked disable_feed=0 disable_explore=0 disable_reels=0 disable_stories=1 disable_adds=0
08-13 20:27:52.384 27252 28202 I DFInstaObserve: !toggles +blocked disable_feed=0 disable_explore=0 disable_reels=0 disable_stories=1 disable_adds=0
08-13 20:27:52.487 27252 28213 I DFInstaObserve: !toggles +blocked disable_feed=0 disable_explore=0 disable_reels=0 disable_stories=1 disable_adds=0
08-13 20:27:52.521 27252 28519 I DFInstaObserve: !toggles +blocked disable_feed=0 disable_explore=0 disable_reels=0 disable_stories=1 disable_adds=0
08-13 20:27:52.553 27252 28519 I DFInstaObserve: !toggles +blocked disable_feed=0 disable_explore=0 disable_reels=0 disable_stories=1 disable_adds=0
08-13 20:27:52.636 27252 28703 I DFInstaObserve: !toggles +blocked disable_feed=0 disable_explore=0 disable_reels=0 disable_stories=1 disable_adds=0
08-13 20:27:52.952 27252 27438 I DFInstaObserve: !toggles +blocked disable_feed=0 disable_explore=0 disable_reels=0 disable_stories=1 disable_adds=0
08-13 20:27:52.993 27252 27438 I DFInstaObserve: !toggles +blocked disable_feed=0 disable_explore=0 disable_reels=0 disable_stories=1 disable_adds=0
08-13 20:27:53.057 27252 27438 I DFInstaObserve: !toggles +blocked disable_feed=0 disable_explore=0 disable_reels=0 disable_stories=1 disable_adds=0
08-13 20:27:53.125 27252 27438 I DFInstaObserve: !toggles +blocked disable_feed=0 disable_explore=0 disable_reels=0 disable_stories=1 disable_adds=0
08-13 20:27:53.203 27252 27438 I DFInstaObserve: !toggles +blocked disable_feed=0 disable_explore=0 disable_reels=0 disable_stories=1 disable_adds=0
08-13 20:27:53.407 27252 28766 I DFInstaObserve: !toggles +blocked disable_feed=0 disable_explore=0 disable_reels=0 disable_stories=1 disable_adds=0
08-13 20:27:53.451 27252 28766 I DFInstaObserve: !toggles +blocked disable_feed=0 disable_explore=0 disable_reels=0 disable_stories=1 disable_adds=0
08-13 20:27:53.980 27252 28771 I DFInstaObserve: !toggles +blocked disable_feed=0 disable_explore=0 disable_reels=0 disable_stories=1 disable_adds=0
08-13 20:27:53.984 27252 28771 I DFInstaObserve: !toggles +blocked disable_feed=0 disable_explore=0 disable_reels=0 disable_stories=1 disable_adds=0
08-13 20:27:54.008 27252 27438 I DFInstaObserve: !toggles +blocked disable_feed=0 disable_explore=0 disable_reels=0 disable_stories=1 disable_adds=0
08-13 20:27:54.065 27252 28519 I DFInstaObserve: !toggles +blocked disable_feed=0 disable_explore=0 disable_reels=0 disable_stories=1 disable_adds=0
08-13 20:27:54.085 27252 28703 I DFInstaObserve: !toggles +blocked disable_feed=0 disable_explore=0 disable_reels=0 disable_stories=1 disable_adds=0
08-13 20:27:54.289 27252 28764 I DFInstaObserve: !toggles +blocked disable_feed=0 disable_explore=0 disable_reels=0 disable_stories=1 disable_adds=0
08-13 20:27:54.321 27252 28703 I DFInstaObserve: !toggles +blocked disable_feed=0 disable_explore=0 disable_reels=0 disable_stories=1 disable_adds=0
08-13 20:27:54.378 27252 27438 I DFInstaObserve: !toggles +blocked disable_feed=0 disable_explore=0 disable_reels=0 disable_stories=1 disable_adds=0
08-13 20:27:54.389 27252 28764 I DFInstaObserve: !toggles +blocked disable_feed=0 disable_explore=0 disable_reels=0 disable_stories=1 disable_adds=0
08-13 20:27:54.417 27252 28827 I DFInstaObserve: !toggles +blocked disable_feed=0 disable_explore=0 disable_reels=0 disable_stories=1 disable_adds=0
08-13 20:27:54.449 27252 28818 I DFInstaObserve: !toggles +blocked disable_feed=0 disable_explore=0 disable_reels=0 disable_stories=1 disable_adds=0
08-13 20:27:54.473 27252 27438 I DFInstaObserve: !toggles +blocked disable_feed=0 disable_explore=0 disable_reels=0 disable_stories=1 disable_adds=0
08-13 20:27:54.483 27252 28519 I DFInstaObserve: !toggles +blocked disable_feed=0 disable_explore=0 disable_reels=0 disable_stories=1 disable_adds=0
08-13 20:27:54.586 27252 27438 I DFInstaObserve: !toggles +blocked disable_feed=0 disable_explore=0 disable_reels=0 disable_stories=1 disable_adds=0
08-13 20:27:54.605 27252 28872 I DFInstaObserve: !toggles +blocked disable_feed=0 disable_explore=0 disable_reels=0 disable_stories=1 disable_adds=0
08-13 20:27:54.628 27252 28764 I DFInstaObserve: !toggles +blocked disable_feed=0 disable_explore=0 disable_reels=0 disable_stories=1 disable_adds=0
08-13 20:27:54.659 27252 27438 I DFInstaObserve: !toggles +blocked disable_feed=0 disable_explore=0 disable_reels=0 disable_stories=1 disable_adds=0
08-13 20:27:54.671 27252 28381 I DFInstaObserve: !toggles +blocked disable_feed=0 disable_explore=0 disable_reels=0 disable_stories=1 disable_adds=0
08-13 20:27:54.723 27252 27438 I DFInstaObserve: !toggles +blocked disable_feed=0 disable_explore=0 disable_reels=0 disable_stories=1 disable_adds=0
08-13 20:27:54.725 27252 28801 I DFInstaObserve: !toggles +blocked disable_feed=0 disable_explore=0 disable_reels=0 disable_stories=1 disable_adds=0
08-13 20:27:54.741 27252 28881 I DFInstaObserve: !toggles +blocked disable_feed=0 disable_explore=0 disable_reels=0 disable_stories=1 disable_adds=0
08-13 20:27:54.787 27252 28519 I DFInstaObserve: !toggles +blocked disable_feed=0 disable_explore=0 disable_reels=0 disable_stories=1 disable_adds=0
08-13 20:27:54.807 27252 27438 I DFInstaObserve: !toggles +blocked disable_feed=0 disable_explore=0 disable_reels=0 disable_stories=1 disable_adds=0
08-13 20:27:54.828 27252 28703 I DFInstaObserve: !toggles +blocked disable_feed=0 disable_explore=0 disable_reels=0 disable_stories=1 disable_adds=0
08-13 20:27:54.863 27252 28519 I DFInstaObserve: !toggles +blocked disable_feed=0 disable_explore=0 disable_reels=0 disable_stories=1 disable_adds=0
08-13 20:27:55.067 27252 27438 I DFInstaObserve: !toggles +blocked disable_feed=0 disable_explore=0 disable_reels=0 disable_stories=1 disable_adds=0
08-13 20:27:55.110 27252 27438 I DFInstaObserve: !toggles +blocked disable_feed=0 disable_explore=0 disable_reels=0 disable_stories=1 disable_adds=0
08-13 20:27:55.170 27252 27438 I DFInstaObserve: !toggles +blocked disable_feed=0 disable_explore=0 disable_reels=0 disable_stories=1 disable_adds=0
08-13 20:27:55.207 27252 27438 I DFInstaObserve: !toggles +blocked disable_feed=0 disable_explore=0 disable_reels=0 disable_stories=1 disable_adds=0
08-13 20:27:55.259 27252 27438 I DFInstaObserve: !toggles +blocked disable_feed=0 disable_explore=0 disable_reels=0 disable_stories=1 disable_adds=0
08-13 20:27:56.881 27252 28886 I DFInstaObserve: !toggles +blocked disable_feed=0 disable_explore=0 disable_reels=0 disable_stories=1 disable_adds=0
08-13 20:27:56.912 27252 28886 I DFInstaObserve: !toggles +blocked disable_feed=0 disable_explore=0 disable_reels=0 disable_stories=1 disable_adds=0
08-13 20:27:56.948 27252 28880 I DFInstaObserve: !toggles +blocked disable_feed=0 disable_explore=0 disable_reels=0 disable_stories=1 disable_adds=0
08-13 20:27:57.662 27252 28818 I DFInstaObserve: !toggles +blocked disable_feed=0 disable_explore=0 disable_reels=0 disable_stories=1 disable_adds=0
08-13 20:27:57.662 27252 28818 I DFInstaObserve: /discover/topical_explore
08-13 20:28:00.276 27252 28930 I DFInstaObserve: !toggles +blocked disable_feed=0 disable_explore=0 disable_reels=0 disable_stories=1 disable_adds=0
08-13 20:28:01.577 27252 28771 I DFInstaObserve: !toggles +blocked disable_feed=0 disable_explore=0 disable_reels=0 disable_stories=1 disable_adds=0
08-13 20:28:01.582 27252 28771 I DFInstaObserve: !toggles +blocked disable_feed=0 disable_explore=0 disable_reels=0 disable_stories=1 disable_adds=0
08-13 20:28:01.588 27252 28771 I DFInstaObserve: !toggles +blocked disable_feed=0 disable_explore=0 disable_reels=0 disable_stories=1 disable_adds=0
08-13 20:28:01.995 27252 28985 I DFInstaObserve: !toggles +blocked disable_feed=0 disable_explore=0 disable_reels=0 disable_stories=1 disable_adds=0
08-13 20:28:02.002 27252 28985 I DFInstaObserve: !toggles +blocked disable_feed=0 disable_explore=0 disable_reels=0 disable_stories=1 disable_adds=0
08-13 20:28:02.051 27252 27438 I DFInstaObserve: !toggles +blocked disable_feed=0 disable_explore=0 disable_reels=0 disable_stories=1 disable_adds=0
08-13 20:28:02.071 27252 28964 I DFInstaObserve: !toggles +blocked disable_feed=0 disable_explore=0 disable_reels=0 disable_stories=1 disable_adds=0
08-13 20:28:02.142 27252 28703 I DFInstaObserve: !toggles +blocked disable_feed=0 disable_explore=0 disable_reels=0 disable_stories=1 disable_adds=0
08-13 20:28:02.158 27252 27438 I DFInstaObserve: !toggles +blocked disable_feed=0 disable_explore=0 disable_reels=0 disable_stories=1 disable_adds=0
08-13 20:28:02.172 27252 28963 I DFInstaObserve: !toggles +blocked disable_feed=0 disable_explore=0 disable_reels=0 disable_stories=1 disable_adds=0
08-13 20:28:02.214 27252 28964 I DFInstaObserve: !toggles +blocked disable_feed=0 disable_explore=0 disable_reels=0 disable_stories=1 disable_adds=0
08-13 20:28:02.215 27252 27438 I DFInstaObserve: !toggles +blocked disable_feed=0 disable_explore=0 disable_reels=0 disable_stories=1 disable_adds=0
08-13 20:28:02.289 27252 28764 I DFInstaObserve: !toggles +blocked disable_feed=0 disable_explore=0 disable_reels=0 disable_stories=1 disable_adds=0
08-13 20:28:02.329 27252 27438 I DFInstaObserve: !toggles +blocked disable_feed=0 disable_explore=0 disable_reels=0 disable_stories=1 disable_adds=0
08-13 20:28:02.358 27252 28703 I DFInstaObserve: !toggles +blocked disable_feed=0 disable_explore=0 disable_reels=0 disable_stories=1 disable_adds=0
08-13 20:28:02.365 27252 27438 I DFInstaObserve: !toggles +blocked disable_feed=0 disable_explore=0 disable_reels=0 disable_stories=1 disable_adds=0
08-13 20:28:02.472 27252 28818 I DFInstaObserve: !toggles +blocked disable_feed=0 disable_explore=0 disable_reels=0 disable_stories=1 disable_adds=0
08-13 20:28:02.647 27252 28764 I DFInstaObserve: !toggles +blocked disable_feed=0 disable_explore=0 disable_reels=0 disable_stories=1 disable_adds=0
08-13 20:28:02.674 27252 28911 I DFInstaObserve: !toggles +blocked disable_feed=0 disable_explore=0 disable_reels=0 disable_stories=1 disable_adds=0
08-13 20:28:02.761 27252 28764 I DFInstaObserve: !toggles +blocked disable_feed=0 disable_explore=0 disable_reels=0 disable_stories=1 disable_adds=0
08-13 20:28:02.778 27252 27438 I DFInstaObserve: !toggles +blocked disable_feed=0 disable_explore=0 disable_reels=0 disable_stories=1 disable_adds=0
08-13 20:28:02.823 27252 27438 I DFInstaObserve: !toggles +blocked disable_feed=0 disable_explore=0 disable_reels=0 disable_stories=1 disable_adds=0
08-13 20:28:02.847 27252 28964 I DFInstaObserve: !toggles +blocked disable_feed=0 disable_explore=0 disable_reels=0 disable_stories=1 disable_adds=0
08-13 20:28:02.930 27252 28911 I DFInstaObserve: !toggles +blocked disable_feed=0 disable_explore=0 disable_reels=0 disable_stories=1 disable_adds=0
08-13 20:28:02.971 27252 28818 I DFInstaObserve: !toggles +blocked disable_feed=0 disable_explore=0 disable_reels=0 disable_stories=1 disable_adds=0
08-13 20:28:02.987 27252 27438 I DFInstaObserve: !toggles +blocked disable_feed=0 disable_explore=0 disable_reels=0 disable_stories=1 disable_adds=0
08-13 20:28:03.018 27252 27438 I DFInstaObserve: !toggles +blocked disable_feed=0 disable_explore=0 disable_reels=0 disable_stories=1 disable_adds=0
08-13 20:28:03.267 27252 27438 I DFInstaObserve: !toggles +blocked disable_feed=0 disable_explore=0 disable_reels=0 disable_stories=1 disable_adds=0
08-13 20:28:03.302 27252 27438 I DFInstaObserve: !toggles +blocked disable_feed=0 disable_explore=0 disable_reels=0 disable_stories=1 disable_adds=0
08-13 20:28:03.323 27252 28975 I DFInstaObserve: !toggles +blocked disable_feed=0 disable_explore=0 disable_reels=0 disable_stories=1 disable_adds=0
08-13 20:28:03.406 27252 28981 I DFInstaObserve: !toggles +blocked disable_feed=0 disable_explore=0 disable_reels=0 disable_stories=1 disable_adds=0
08-13 20:28:03.461 27252 27438 I DFInstaObserve: !toggles +blocked disable_feed=0 disable_explore=0 disable_reels=0 disable_stories=1 disable_adds=0
08-13 20:28:04.744 27252 27464 I DFInstaObserve: !toggles +blocked disable_feed=0 disable_explore=0 disable_reels=0 disable_stories=1 disable_adds=0
08-13 20:28:04.908 27252 27464 I DFInstaObserve: !toggles +blocked disable_feed=0 disable_explore=0 disable_reels=0 disable_stories=1 disable_adds=0
08-13 20:28:05.142 27252 27464 I DFInstaObserve: !toggles +blocked disable_feed=0 disable_explore=0 disable_reels=0 disable_stories=1 disable_adds=0
08-13 20:28:05.292 27252 27464 I DFInstaObserve: !toggles +blocked disable_feed=0 disable_explore=0 disable_reels=0 disable_stories=1 disable_adds=0
08-13 20:28:05.502 27252 27464 I DFInstaObserve: !toggles +blocked disable_feed=0 disable_explore=0 disable_reels=0 disable_stories=1 disable_adds=0
08-13 20:28:06.583 27252 29057 I DFInstaObserve: !toggles +blocked disable_feed=0 disable_explore=0 disable_reels=0 disable_stories=1 disable_adds=0
08-13 20:28:06.583 27252 29055 I DFInstaObserve: !toggles +blocked disable_feed=0 disable_explore=0 disable_reels=0 disable_stories=1 disable_adds=0
08-13 20:28:12.728 27252 28771 I DFInstaObserve: !toggles +blocked disable_feed=0 disable_explore=0 disable_reels=0 disable_stories=1 disable_adds=0
08-13 20:28:12.791 27252 28771 I DFInstaObserve: !toggles +blocked disable_feed=0 disable_explore=0 disable_reels=0 disable_stories=1 disable_adds=0
08-13 20:28:14.827 27252 29094 I DFInstaObserve: !toggles +blocked disable_feed=0 disable_explore=0 disable_reels=0 disable_stories=1 disable_adds=0
08-13 20:28:14.827 27252 29093 I DFInstaObserve: !toggles +blocked disable_feed=0 disable_explore=0 disable_reels=0 disable_stories=1 disable_adds=0
08-13 20:28:16.103 27252 28985 I DFInstaObserve: !toggles +blocked disable_feed=0 disable_explore=0 disable_reels=0 disable_stories=1 disable_adds=0
08-13 20:28:16.103 27252 29016 I DFInstaObserve: !toggles +blocked disable_feed=0 disable_explore=0 disable_reels=0 disable_stories=1 disable_adds=0
08-13 20:28:18.180 27252 29141 I DFInstaObserve: !toggles +blocked disable_feed=0 disable_explore=0 disable_reels=0 disable_stories=1 disable_adds=0
08-13 20:28:18.181 27252 29140 I DFInstaObserve: !toggles +blocked disable_feed=0 disable_explore=0 disable_reels=0 disable_stories=1 disable_adds=0
08-13 20:28:18.964 27252 28911 I DFInstaObserve: !toggles +blocked disable_feed=0 disable_explore=0 disable_reels=0 disable_stories=1 disable_adds=0
08-13 20:28:18.964 27252 28911 I DFInstaObserve: /clips/discover
08-13 20:28:18.964 27252 28911 I DFInstaObserve: /clips/discover/stream/
08-13 20:28:19.404 27252 28771 I DFInstaObserve: !toggles +blocked disable_feed=0 disable_explore=0 disable_reels=0 disable_stories=1 disable_adds=0
08-13 20:28:19.443 27252 28771 I DFInstaObserve: !toggles +blocked disable_feed=0 disable_explore=0 disable_reels=0 disable_stories=1 disable_adds=0
08-13 20:28:21.509 27252 29179 I DFInstaObserve: !toggles +blocked disable_feed=0 disable_explore=0 disable_reels=0 disable_stories=1 disable_adds=0
08-13 20:28:21.511 27252 29177 I DFInstaObserve: !toggles +blocked disable_feed=0 disable_explore=0 disable_reels=0 disable_stories=1 disable_adds=0
08-13 20:28:22.734 27252 28985 I DFInstaObserve: !toggles +blocked disable_feed=0 disable_explore=0 disable_reels=0 disable_stories=1 disable_adds=0
08-13 20:28:22.744 27252 28985 I DFInstaObserve: !toggles +blocked disable_feed=0 disable_explore=0 disable_reels=0 disable_stories=1 disable_adds=0
08-13 20:28:22.809 27252 27438 I DFInstaObserve: !toggles +blocked disable_feed=0 disable_explore=0 disable_reels=0 disable_stories=1 disable_adds=0
08-13 20:28:22.810 27252 27598 I DFInstaObserve: !toggles +blocked disable_feed=0 disable_explore=0 disable_reels=0 disable_stories=1 disable_adds=0
08-13 20:28:23.094 27252 28771 I DFInstaObserve: !toggles +blocked disable_feed=0 disable_explore=0 disable_reels=0 disable_stories=1 disable_adds=0
08-13 20:28:23.107 27252 28771 I DFInstaObserve: !toggles +blocked disable_feed=0 disable_explore=0 disable_reels=0 disable_stories=1 disable_adds=0
08-13 20:28:23.206 27252 27438 I DFInstaObserve: !toggles +blocked disable_feed=0 disable_explore=0 disable_reels=0 disable_stories=1 disable_adds=0
08-13 20:28:23.279 27252 27438 I DFInstaObserve: !toggles +blocked disable_feed=0 disable_explore=0 disable_reels=0 disable_stories=1 disable_adds=0
08-13 20:28:23.364 27252 27438 I DFInstaObserve: !toggles +blocked disable_feed=0 disable_explore=0 disable_reels=0 disable_stories=1 disable_adds=0
08-13 20:28:23.397 27252 27438 I DFInstaObserve: !toggles +blocked disable_feed=0 disable_explore=0 disable_reels=0 disable_stories=1 disable_adds=0
08-13 20:28:23.465 27252 27438 I DFInstaObserve: !toggles +blocked disable_feed=0 disable_explore=0 disable_reels=0 disable_stories=1 disable_adds=0
08-13 20:28:23.518 27252 27438 I DFInstaObserve: !toggles +blocked disable_feed=0 disable_explore=0 disable_reels=0 disable_stories=1 disable_adds=0
08-13 20:28:23.907 27252 27438 I DFInstaObserve: !toggles +blocked disable_feed=0 disable_explore=0 disable_reels=0 disable_stories=1 disable_adds=0
08-13 20:28:24.859 27252 29210 I DFInstaObserve: !toggles +blocked disable_feed=0 disable_explore=0 disable_reels=0 disable_stories=1 disable_adds=0
08-13 20:28:24.859 27252 29209 I DFInstaObserve: !toggles +blocked disable_feed=0 disable_explore=0 disable_reels=0 disable_stories=1 disable_adds=0
08-13 20:28:26.090 27252 28771 I DFInstaObserve: !toggles +blocked disable_feed=0 disable_explore=0 disable_reels=0 disable_stories=1 disable_adds=0
08-13 20:28:28.182 27252 29246 I DFInstaObserve: !toggles +blocked disable_feed=0 disable_explore=0 disable_reels=0 disable_stories=1 disable_adds=0
08-13 20:28:28.184 27252 29245 I DFInstaObserve: !toggles +blocked disable_feed=0 disable_explore=0 disable_reels=0 disable_stories=1 disable_adds=0
08-13 20:28:28.913 27252 29041 I DFInstaObserve: !toggles +blocked disable_feed=0 disable_explore=0 disable_reels=0 disable_stories=1 disable_adds=0
08-13 20:28:29.328 27252 27464 I DFInstaObserve: !toggles +blocked disable_feed=0 disable_explore=0 disable_reels=0 disable_stories=1 disable_adds=0
08-13 20:28:29.479 27252 27464 I DFInstaObserve: !toggles +blocked disable_feed=0 disable_explore=0 disable_reels=0 disable_stories=1 disable_adds=0
08-13 20:28:48.667 27252 28771 I DFInstaObserve: !toggles +blocked disable_feed=0 disable_explore=0 disable_reels=0 disable_stories=1 disable_adds=0
08-13 20:28:52.005 27252 28985 I DFInstaObserve: !toggles +blocked disable_feed=0 disable_explore=0 disable_reels=0 disable_stories=1 disable_adds=0
08-13 20:28:55.385 27252 28985 I DFInstaObserve: !toggles +blocked disable_feed=0 disable_explore=0 disable_reels=0 disable_stories=1 disable_adds=0
08-13 20:28:55.899 27252 28985 I DFInstaObserve: !toggles +blocked disable_feed=0 disable_explore=0 disable_reels=0 disable_stories=1 disable_adds=0
08-13 20:29:02.108 27252 29041 I DFInstaObserve: !toggles +blocked disable_feed=0 disable_explore=0 disable_reels=0 disable_stories=1 disable_adds=0
08-13 20:29:02.108 27252 29041 I DFInstaObserve: /feed/timeline/
08-13 20:29:04.320 27252 28985 I DFInstaObserve: !toggles +blocked disable_feed=0 disable_explore=0 disable_reels=0 disable_stories=1 disable_adds=0
08-13 20:29:04.324 27252 28985 I DFInstaObserve: !toggles +blocked disable_feed=0 disable_explore=0 disable_reels=0 disable_stories=1 disable_adds=0
08-13 20:29:04.573 27252 27438 I DFInstaObserve: !toggles +blocked disable_feed=0 disable_explore=0 disable_reels=0 disable_stories=1 disable_adds=0
08-13 20:29:04.608 27252 29357 I DFInstaObserve: !toggles +blocked disable_feed=0 disable_explore=0 disable_reels=0 disable_stories=1 disable_adds=0
08-13 20:29:04.650 27252 27438 I DFInstaObserve: !toggles +blocked disable_feed=0 disable_explore=0 disable_reels=0 disable_stories=1 disable_adds=0
08-13 20:29:04.692 27252 27438 I DFInstaObserve: !toggles +blocked disable_feed=0 disable_explore=0 disable_reels=0 disable_stories=1 disable_adds=0
08-13 20:29:04.824 27252 29041 I DFInstaObserve: !toggles +blocked disable_feed=0 disable_explore=0 disable_reels=0 disable_stories=1 disable_adds=0
08-13 20:29:05.074 27252 29016 I DFInstaObserve: !toggles +blocked disable_feed=0 disable_explore=0 disable_reels=0 disable_stories=1 disable_adds=0
08-13 20:29:05.446 27252 27464 I DFInstaObserve: !toggles +blocked disable_feed=0 disable_explore=0 disable_reels=0 disable_stories=1 disable_adds=0
08-13 20:29:05.592 27252 27464 I DFInstaObserve: !toggles +blocked disable_feed=0 disable_explore=0 disable_reels=0 disable_stories=1 disable_adds=0
08-13 20:29:13.095 27252 29041 I DFInstaObserve: !toggles +blocked disable_feed=0 disable_explore=0 disable_reels=0 disable_stories=1 disable_adds=0
08-13 20:29:13.096 27252 29041 I DFInstaObserve: /discover/topical_explore
08-13 20:29:13.423 27252 29420 I DFInstaObserve: !toggles +blocked disable_feed=0 disable_explore=0 disable_reels=0 disable_stories=1 disable_adds=0
08-13 20:29:13.508 27252 29428 I DFInstaObserve: !toggles +blocked disable_feed=0 disable_explore=0 disable_reels=0 disable_stories=1 disable_adds=0
08-13 20:29:13.919 27252 29441 I DFInstaObserve: !toggles +blocked disable_feed=0 disable_explore=0 disable_reels=0 disable_stories=1 disable_adds=0
08-13 20:29:15.874 27252 29433 I DFInstaObserve: !toggles +blocked disable_feed=0 disable_explore=0 disable_reels=0 disable_stories=1 disable_adds=0
08-13 20:29:15.896 27252 29433 I DFInstaObserve: !toggles +blocked disable_feed=0 disable_explore=0 disable_reels=0 disable_stories=1 disable_adds=0
08-13 20:29:16.053 27252 28985 I DFInstaObserve: !toggles +blocked disable_feed=0 disable_explore=0 disable_reels=0 disable_stories=1 disable_adds=0
08-13 20:29:16.058 27252 28985 I DFInstaObserve: !toggles +blocked disable_feed=0 disable_explore=0 disable_reels=0 disable_stories=1 disable_adds=0
08-13 20:29:16.082 27252 27438 I DFInstaObserve: !toggles +blocked disable_feed=0 disable_explore=0 disable_reels=0 disable_stories=1 disable_adds=0
08-13 20:29:16.111 27252 29407 I DFInstaObserve: !toggles +blocked disable_feed=0 disable_explore=0 disable_reels=0 disable_stories=1 disable_adds=0
08-13 20:29:16.150 27252 29448 I DFInstaObserve: !toggles +blocked disable_feed=0 disable_explore=0 disable_reels=0 disable_stories=1 disable_adds=0
08-13 20:29:16.159 27252 27438 I DFInstaObserve: !toggles +blocked disable_feed=0 disable_explore=0 disable_reels=0 disable_stories=1 disable_adds=0
08-13 20:29:16.209 27252 27438 I DFInstaObserve: !toggles +blocked disable_feed=0 disable_explore=0 disable_reels=0 disable_stories=1 disable_adds=0
08-13 20:29:16.281 27252 29360 I DFInstaObserve: !toggles +blocked disable_feed=0 disable_explore=0 disable_reels=0 disable_stories=1 disable_adds=0
08-13 20:29:16.310 27252 29041 I DFInstaObserve: !toggles +blocked disable_feed=0 disable_explore=0 disable_reels=0 disable_stories=1 disable_adds=0
08-13 20:29:16.357 27252 29041 I DFInstaObserve: !toggles +blocked disable_feed=0 disable_explore=0 disable_reels=0 disable_stories=1 disable_adds=0
08-13 20:29:16.393 27252 29360 I DFInstaObserve: !toggles +blocked disable_feed=0 disable_explore=0 disable_reels=0 disable_stories=1 disable_adds=0
08-13 20:29:16.405 27252 27438 I DFInstaObserve: !toggles +blocked disable_feed=0 disable_explore=0 disable_reels=0 disable_stories=1 disable_adds=0
08-13 20:29:16.471 27252 29412 I DFInstaObserve: !toggles +blocked disable_feed=0 disable_explore=0 disable_reels=0 disable_stories=1 disable_adds=0
08-13 20:29:16.471 27252 29412 I DFInstaObserve: /discover/topical_explore
08-13 20:29:16.479 27252 27438 I DFInstaObserve: !toggles +blocked disable_feed=0 disable_explore=0 disable_reels=0 disable_stories=1 disable_adds=0
08-13 20:29:16.482 27252 29448 I DFInstaObserve: !toggles +blocked disable_feed=0 disable_explore=0 disable_reels=0 disable_stories=1 disable_adds=0
08-13 20:29:16.525 27252 29360 I DFInstaObserve: !toggles +blocked disable_feed=0 disable_explore=0 disable_reels=0 disable_stories=1 disable_adds=0
08-13 20:29:16.545 27252 27438 I DFInstaObserve: !toggles +blocked disable_feed=0 disable_explore=0 disable_reels=0 disable_stories=1 disable_adds=0
08-13 20:29:16.579 27252 29041 I DFInstaObserve: !toggles +blocked disable_feed=0 disable_explore=0 disable_reels=0 disable_stories=1 disable_adds=0
08-13 20:29:16.590 27252 27438 I DFInstaObserve: !toggles +blocked disable_feed=0 disable_explore=0 disable_reels=0 disable_stories=1 disable_adds=0
08-13 20:29:16.614 27252 29448 I DFInstaObserve: !toggles +blocked disable_feed=0 disable_explore=0 disable_reels=0 disable_stories=1 disable_adds=0
08-13 20:29:16.638 27252 27438 I DFInstaObserve: !toggles +blocked disable_feed=0 disable_explore=0 disable_reels=0 disable_stories=1 disable_adds=0
08-13 20:29:16.643 27252 29407 I DFInstaObserve: !toggles +blocked disable_feed=0 disable_explore=0 disable_reels=0 disable_stories=1 disable_adds=0
08-13 20:29:16.681 27252 27438 I DFInstaObserve: !toggles +blocked disable_feed=0 disable_explore=0 disable_reels=0 disable_stories=1 disable_adds=0
08-13 20:29:16.721 27252 27438 I DFInstaObserve: !toggles +blocked disable_feed=0 disable_explore=0 disable_reels=0 disable_stories=1 disable_adds=0
08-13 20:29:17.148 27252 29472 I DFInstaObserve: !toggles +blocked disable_feed=0 disable_explore=0 disable_reels=0 disable_stories=1 disable_adds=0
08-13 20:29:18.715 27252 28985 I DFInstaObserve: !toggles +blocked disable_feed=0 disable_explore=0 disable_reels=0 disable_stories=1 disable_adds=0
08-13 20:29:18.717 27252 29447 I DFInstaObserve: !toggles +blocked disable_feed=0 disable_explore=0 disable_reels=0 disable_stories=1 disable_adds=0
08-13 20:29:18.736 27252 27438 I DFInstaObserve: !toggles +blocked disable_feed=0 disable_explore=0 disable_reels=0 disable_stories=1 disable_adds=0
08-13 20:29:18.763 27252 29459 I DFInstaObserve: !toggles +blocked disable_feed=0 disable_explore=0 disable_reels=0 disable_stories=1 disable_adds=0
08-13 20:29:18.803 27252 27438 I DFInstaObserve: !toggles +blocked disable_feed=0 disable_explore=0 disable_reels=0 disable_stories=1 disable_adds=0
08-13 20:29:18.815 27252 29458 I DFInstaObserve: !toggles +blocked disable_feed=0 disable_explore=0 disable_reels=0 disable_stories=1 disable_adds=0
08-13 20:29:18.850 27252 27438 I DFInstaObserve: !toggles +blocked disable_feed=0 disable_explore=0 disable_reels=0 disable_stories=1 disable_adds=0
08-13 20:29:18.894 27252 29412 I DFInstaObserve: !toggles +blocked disable_feed=0 disable_explore=0 disable_reels=0 disable_stories=1 disable_adds=0
08-13 20:29:18.933 27252 29484 I DFInstaObserve: !toggles +blocked disable_feed=0 disable_explore=0 disable_reels=0 disable_stories=1 disable_adds=0
08-13 20:29:18.942 27252 27438 I DFInstaObserve: !toggles +blocked disable_feed=0 disable_explore=0 disable_reels=0 disable_stories=1 disable_adds=0
08-13 20:29:18.993 27252 27438 I DFInstaObserve: !toggles +blocked disable_feed=0 disable_explore=0 disable_reels=0 disable_stories=1 disable_adds=0
08-13 20:29:19.005 27252 29459 I DFInstaObserve: !toggles +blocked disable_feed=0 disable_explore=0 disable_reels=0 disable_stories=1 disable_adds=0
08-13 20:29:19.043 27252 29484 I DFInstaObserve: !toggles +blocked disable_feed=0 disable_explore=0 disable_reels=0 disable_stories=1 disable_adds=0
08-13 20:29:19.071 27252 29412 I DFInstaObserve: !toggles +blocked disable_feed=0 disable_explore=0 disable_reels=0 disable_stories=1 disable_adds=0
08-13 20:29:19.110 27252 27438 I DFInstaObserve: !toggles +blocked disable_feed=0 disable_explore=0 disable_reels=0 disable_stories=1 disable_adds=0
08-13 20:29:19.138 27252 29484 I DFInstaObserve: !toggles +blocked disable_feed=0 disable_explore=0 disable_reels=0 disable_stories=1 disable_adds=0
08-13 20:29:19.162 27252 27438 I DFInstaObserve: !toggles +blocked disable_feed=0 disable_explore=0 disable_reels=0 disable_stories=1 disable_adds=0
08-13 20:29:19.176 27252 29458 I DFInstaObserve: !toggles +blocked disable_feed=0 disable_explore=0 disable_reels=0 disable_stories=1 disable_adds=0
08-13 20:29:19.266 27252 29460 I DFInstaObserve: !toggles +blocked disable_feed=0 disable_explore=0 disable_reels=0 disable_stories=1 disable_adds=0
08-13 20:29:19.274 27252 27438 I DFInstaObserve: !toggles +blocked disable_feed=0 disable_explore=0 disable_reels=0 disable_stories=1 disable_adds=0
08-13 20:29:19.443 27252 29471 I DFInstaObserve: !toggles +blocked disable_feed=0 disable_explore=0 disable_reels=0 disable_stories=1 disable_adds=0
08-13 20:29:19.783 27252 29460 I DFInstaObserve: !toggles +blocked disable_feed=0 disable_explore=0 disable_reels=0 disable_stories=1 disable_adds=0
08-13 20:29:19.783 27252 29460 I DFInstaObserve: /discover/topical_explore
08-13 20:29:22.470 27252 29514 I DFInstaObserve: !toggles +blocked disable_feed=0 disable_explore=0 disable_reels=0 disable_stories=1 disable_adds=0
08-13 20:29:23.777 27252 28985 I DFInstaObserve: !toggles +blocked disable_feed=0 disable_explore=0 disable_reels=0 disable_stories=1 disable_adds=0
08-13 20:29:24.097 27252 28985 I DFInstaObserve: !toggles +blocked disable_feed=0 disable_explore=0 disable_reels=0 disable_stories=1 disable_adds=0
08-13 20:29:24.101 27252 29447 I DFInstaObserve: !toggles +blocked disable_feed=0 disable_explore=0 disable_reels=0 disable_stories=1 disable_adds=0
08-13 20:29:24.102 27252 29543 I DFInstaObserve: !toggles +blocked disable_feed=0 disable_explore=0 disable_reels=0 disable_stories=1 disable_adds=0
08-13 20:29:24.137 27252 27438 I DFInstaObserve: !toggles +blocked disable_feed=0 disable_explore=0 disable_reels=0 disable_stories=1 disable_adds=0
08-13 20:29:24.187 27252 27438 I DFInstaObserve: !toggles +blocked disable_feed=0 disable_explore=0 disable_reels=0 disable_stories=1 disable_adds=0
08-13 20:29:24.197 27252 29532 I DFInstaObserve: !toggles +blocked disable_feed=0 disable_explore=0 disable_reels=0 disable_stories=1 disable_adds=0
08-13 20:29:24.231 27252 27438 I DFInstaObserve: !toggles +blocked disable_feed=0 disable_explore=0 disable_reels=0 disable_stories=1 disable_adds=0
08-13 20:29:24.266 27252 29503 I DFInstaObserve: !toggles +blocked disable_feed=0 disable_explore=0 disable_reels=0 disable_stories=1 disable_adds=0
08-13 20:29:24.282 27252 27438 I DFInstaObserve: !toggles +blocked disable_feed=0 disable_explore=0 disable_reels=0 disable_stories=1 disable_adds=0
08-13 20:29:24.286 27252 29532 I DFInstaObserve: !toggles +blocked disable_feed=0 disable_explore=0 disable_reels=0 disable_stories=1 disable_adds=0
08-13 20:29:24.317 27252 27438 I DFInstaObserve: !toggles +blocked disable_feed=0 disable_explore=0 disable_reels=0 disable_stories=1 disable_adds=0
08-13 20:29:24.323 27252 29494 I DFInstaObserve: !toggles +blocked disable_feed=0 disable_explore=0 disable_reels=0 disable_stories=1 disable_adds=0
08-13 20:29:24.440 27252 27438 I DFInstaObserve: !toggles +blocked disable_feed=0 disable_explore=0 disable_reels=0 disable_stories=1 disable_adds=0
08-13 20:29:25.617 27252 29535 I DFInstaObserve: !toggles +blocked disable_feed=0 disable_explore=0 disable_reels=0 disable_stories=1 disable_adds=0
08-13 20:29:25.651 27252 29535 I DFInstaObserve: !toggles +blocked disable_feed=0 disable_explore=0 disable_reels=0 disable_stories=1 disable_adds=0
08-13 20:29:26.403 27252 29460 I DFInstaObserve: !toggles +blocked disable_feed=0 disable_explore=0 disable_reels=0 disable_stories=1 disable_adds=0
08-13 20:29:26.403 27252 29460 I DFInstaObserve: /discover/topical_explore
08-13 20:29:27.031 27252 29566 I DFInstaObserve: !toggles +blocked disable_feed=0 disable_explore=0 disable_reels=0 disable_stories=1 disable_adds=0
08-13 20:29:27.358 27252 29574 I DFInstaObserve: !toggles +blocked disable_feed=0 disable_explore=0 disable_reels=0 disable_stories=1 disable_adds=0
08-13 20:29:28.424 27252 28985 I DFInstaObserve: !toggles +blocked disable_feed=0 disable_explore=0 disable_reels=0 disable_stories=1 disable_adds=0
08-13 20:29:28.429 27252 28985 I DFInstaObserve: !toggles +blocked disable_feed=0 disable_explore=0 disable_reels=0 disable_stories=1 disable_adds=0
08-13 20:29:29.023 27252 28985 I DFInstaObserve: !toggles +blocked disable_feed=0 disable_explore=0 disable_reels=0 disable_stories=1 disable_adds=0
08-13 20:29:29.026 27252 29447 I DFInstaObserve: !toggles +blocked disable_feed=0 disable_explore=0 disable_reels=0 disable_stories=1 disable_adds=0
08-13 20:29:29.069 27252 27438 I DFInstaObserve: !toggles +blocked disable_feed=0 disable_explore=0 disable_reels=0 disable_stories=1 disable_adds=0
08-13 20:29:29.105 27252 29553 I DFInstaObserve: !toggles +blocked disable_feed=0 disable_explore=0 disable_reels=0 disable_stories=1 disable_adds=0
08-13 20:29:29.142 27252 29460 I DFInstaObserve: !toggles +blocked disable_feed=0 disable_explore=0 disable_reels=0 disable_stories=1 disable_adds=0
08-13 20:29:29.160 27252 27438 I DFInstaObserve: !toggles +blocked disable_feed=0 disable_explore=0 disable_reels=0 disable_stories=1 disable_adds=0
08-13 20:29:29.193 27252 27438 I DFInstaObserve: !toggles +blocked disable_feed=0 disable_explore=0 disable_reels=0 disable_stories=1 disable_adds=0
08-13 20:29:29.200 27252 29582 I DFInstaObserve: !toggles +blocked disable_feed=0 disable_explore=0 disable_reels=0 disable_stories=1 disable_adds=0
08-13 20:29:29.255 27252 27438 I DFInstaObserve: !toggles +blocked disable_feed=0 disable_explore=0 disable_reels=0 disable_stories=1 disable_adds=0
08-13 20:29:29.268 27252 29503 I DFInstaObserve: !toggles +blocked disable_feed=0 disable_explore=0 disable_reels=0 disable_stories=1 disable_adds=0
08-13 20:29:29.285 27252 27438 I DFInstaObserve: !toggles +blocked disable_feed=0 disable_explore=0 disable_reels=0 disable_stories=1 disable_adds=0
08-13 20:29:29.332 27252 29460 I DFInstaObserve: !toggles +blocked disable_feed=0 disable_explore=0 disable_reels=0 disable_stories=1 disable_adds=0
08-13 20:29:29.334 27252 27438 I DFInstaObserve: !toggles +blocked disable_feed=0 disable_explore=0 disable_reels=0 disable_stories=1 disable_adds=0
08-13 20:29:29.342 27252 29565 I DFInstaObserve: !toggles +blocked disable_feed=0 disable_explore=0 disable_reels=0 disable_stories=1 disable_adds=0
08-13 20:29:29.363 27252 29412 I DFInstaObserve: !toggles +blocked disable_feed=0 disable_explore=0 disable_reels=0 disable_stories=1 disable_adds=0
08-13 20:29:29.388 27252 27438 I DFInstaObserve: !toggles +blocked disable_feed=0 disable_explore=0 disable_reels=0 disable_stories=1 disable_adds=0
08-13 20:29:29.416 27252 29412 I DFInstaObserve: !toggles +blocked disable_feed=0 disable_explore=0 disable_reels=0 disable_stories=1 disable_adds=0
08-13 20:29:29.449 27252 29582 I DFInstaObserve: !toggles +blocked disable_feed=0 disable_explore=0 disable_reels=0 disable_stories=1 disable_adds=0
08-13 20:29:29.533 27252 29412 I DFInstaObserve: !toggles +blocked disable_feed=0 disable_explore=0 disable_reels=0 disable_stories=1 disable_adds=0
08-13 20:29:29.690 27252 27438 I DFInstaObserve: !toggles +blocked disable_feed=0 disable_explore=0 disable_reels=0 disable_stories=1 disable_adds=0
08-13 20:29:29.698 27252 29412 I DFInstaObserve: !toggles +blocked disable_feed=0 disable_explore=0 disable_reels=0 disable_stories=1 disable_adds=0
08-13 20:29:29.724 27252 27438 I DFInstaObserve: !toggles +blocked disable_feed=0 disable_explore=0 disable_reels=0 disable_stories=1 disable_adds=0
08-13 20:29:29.729 27252 29503 I DFInstaObserve: !toggles +blocked disable_feed=0 disable_explore=0 disable_reels=0 disable_stories=1 disable_adds=0
08-13 20:29:29.770 27252 29582 I DFInstaObserve: !toggles +blocked disable_feed=0 disable_explore=0 disable_reels=0 disable_stories=1 disable_adds=0
08-13 20:29:29.817 27252 27438 I DFInstaObserve: !toggles +blocked disable_feed=0 disable_explore=0 disable_reels=0 disable_stories=1 disable_adds=0
08-13 20:29:29.915 27252 27438 I DFInstaObserve: !toggles +blocked disable_feed=0 disable_explore=0 disable_reels=0 disable_stories=1 disable_adds=0
08-13 20:29:29.965 27252 28985 I DFInstaObserve: !toggles +blocked disable_feed=0 disable_explore=0 disable_reels=0 disable_stories=1 disable_adds=0
08-13 20:29:30.034 27252 27438 I DFInstaObserve: !toggles +blocked disable_feed=0 disable_explore=0 disable_reels=0 disable_stories=1 disable_adds=0
08-13 20:29:30.158 27252 27464 I DFInstaObserve: !toggles +blocked disable_feed=0 disable_explore=0 disable_reels=0 disable_stories=1 disable_adds=0
08-13 20:29:30.317 27252 27464 I DFInstaObserve: !toggles +blocked disable_feed=0 disable_explore=0 disable_reels=0 disable_stories=1 disable_adds=0
08-13 20:29:30.465 27252 27464 I DFInstaObserve: !toggles +blocked disable_feed=0 disable_explore=0 disable_reels=0 disable_stories=1 disable_adds=0
08-13 20:29:30.615 27252 27464 I DFInstaObserve: !toggles +blocked disable_feed=0 disable_explore=0 disable_reels=0 disable_stories=1 disable_adds=0
08-13 20:29:30.806 27252 27464 I DFInstaObserve: !toggles +blocked disable_feed=0 disable_explore=0 disable_reels=0 disable_stories=1 disable_adds=0
08-13 20:29:31.993 27252 29603 I DFInstaObserve: !toggles +blocked disable_feed=0 disable_explore=0 disable_reels=0 disable_stories=1 disable_adds=0
08-13 20:29:31.997 27252 29604 I DFInstaObserve: !toggles +blocked disable_feed=0 disable_explore=0 disable_reels=0 disable_stories=1 disable_adds=0
08-13 20:29:37.821 27252 29607 I DFInstaObserve: !toggles +blocked disable_feed=0 disable_explore=0 disable_reels=0 disable_stories=1 disable_adds=0
08-13 20:29:37.821 27252 29607 I DFInstaObserve: /clips/discover
08-13 20:29:37.821 27252 29607 I DFInstaObserve: /clips/discover/stream/
08-13 20:29:38.216 27252 28985 I DFInstaObserve: !toggles +blocked disable_feed=0 disable_explore=0 disable_reels=0 disable_stories=1 disable_adds=0
08-13 20:29:38.216 27252 29447 I DFInstaObserve: !toggles +blocked disable_feed=0 disable_explore=0 disable_reels=0 disable_stories=1 disable_adds=0
08-13 20:29:40.357 27252 29650 I DFInstaObserve: !toggles +blocked disable_feed=0 disable_explore=0 disable_reels=0 disable_stories=1 disable_adds=0
08-13 20:29:40.359 27252 29649 I DFInstaObserve: !toggles +blocked disable_feed=0 disable_explore=0 disable_reels=0 disable_stories=1 disable_adds=0
08-13 20:29:41.167 27252 29447 I DFInstaObserve: !toggles +blocked disable_feed=0 disable_explore=0 disable_reels=0 disable_stories=1 disable_adds=0
08-13 20:29:41.178 27252 29447 I DFInstaObserve: !toggles +blocked disable_feed=0 disable_explore=0 disable_reels=0 disable_stories=1 disable_adds=0
08-13 20:29:41.243 27252 27438 I DFInstaObserve: !toggles +blocked disable_feed=0 disable_explore=0 disable_reels=0 disable_stories=1 disable_adds=0
08-13 20:29:41.351 27252 27438 I DFInstaObserve: !toggles +blocked disable_feed=0 disable_explore=0 disable_reels=0 disable_stories=1 disable_adds=0
08-13 20:29:41.513 27252 28985 I DFInstaObserve: !toggles +blocked disable_feed=0 disable_explore=0 disable_reels=0 disable_stories=1 disable_adds=0
08-13 20:29:41.521 27252 28985 I DFInstaObserve: !toggles +blocked disable_feed=0 disable_explore=0 disable_reels=0 disable_stories=1 disable_adds=0
08-13 20:29:41.615 27252 27438 I DFInstaObserve: !toggles +blocked disable_feed=0 disable_explore=0 disable_reels=0 disable_stories=1 disable_adds=0
08-13 20:29:41.622 27252 29447 I DFInstaObserve: !toggles +blocked disable_feed=0 disable_explore=0 disable_reels=0 disable_stories=1 disable_adds=0
08-13 20:29:41.638 27252 29684 I DFInstaObserve: !toggles +blocked disable_feed=0 disable_explore=0 disable_reels=0 disable_stories=1 disable_adds=0
08-13 20:29:41.730 27252 29609 I DFInstaObserve: !toggles +blocked disable_feed=0 disable_explore=0 disable_reels=0 disable_stories=1 disable_adds=0
08-13 20:29:42.508 27252 27438 I DFInstaObserve: !toggles +blocked disable_feed=0 disable_explore=0 disable_reels=0 disable_stories=1 disable_adds=0
08-13 20:29:42.544 27252 27438 I DFInstaObserve: !toggles +blocked disable_feed=0 disable_explore=0 disable_reels=0 disable_stories=1 disable_adds=0
08-13 20:29:42.640 27252 27438 I DFInstaObserve: !toggles +blocked disable_feed=0 disable_explore=0 disable_reels=0 disable_stories=1 disable_adds=0
08-13 20:29:42.688 27252 27438 I DFInstaObserve: !toggles +blocked disable_feed=0 disable_explore=0 disable_reels=0 disable_stories=1 disable_adds=0
08-13 20:29:42.761 27252 27438 I DFInstaObserve: !toggles +blocked disable_feed=0 disable_explore=0 disable_reels=0 disable_stories=1 disable_adds=0
08-13 20:29:43.672 27252 29678 I DFInstaObserve: !toggles +blocked disable_feed=0 disable_explore=0 disable_reels=0 disable_stories=1 disable_adds=0
08-13 20:29:43.673 27252 29677 I DFInstaObserve: !toggles +blocked disable_feed=0 disable_explore=0 disable_reels=0 disable_stories=1 disable_adds=0
08-13 20:29:44.894 27252 29447 I DFInstaObserve: !toggles +blocked disable_feed=0 disable_explore=0 disable_reels=0 disable_stories=1 disable_adds=0
08-13 20:29:44.910 27252 29460 I DFInstaObserve: !toggles +blocked disable_feed=0 disable_explore=0 disable_reels=0 disable_stories=1 disable_adds=0
08-13 20:29:46.952 27252 29712 I DFInstaObserve: !toggles +blocked disable_feed=0 disable_explore=0 disable_reels=0 disable_stories=1 disable_adds=0
08-13 20:29:46.953 27252 29711 I DFInstaObserve: !toggles +blocked disable_feed=0 disable_explore=0 disable_reels=0 disable_stories=1 disable_adds=0
08-13 20:29:48.192 27252 29447 I DFInstaObserve: !toggles +blocked disable_feed=0 disable_explore=0 disable_reels=0 disable_stories=1 disable_adds=0
08-13 20:29:50.318 27252 29736 I DFInstaObserve: !toggles +blocked disable_feed=0 disable_explore=0 disable_reels=0 disable_stories=1 disable_adds=0
08-13 20:29:50.323 27252 29735 I DFInstaObserve: !toggles +blocked disable_feed=0 disable_explore=0 disable_reels=0 disable_stories=1 disable_adds=0
08-13 20:29:51.093 27252 29553 I DFInstaObserve: !toggles +blocked disable_feed=0 disable_explore=0 disable_reels=0 disable_stories=1 disable_adds=0
08-13 20:29:51.093 27252 29553 I DFInstaObserve: /clips/discover
08-13 20:29:51.093 27252 29553 I DFInstaObserve: /clips/discover/stream/
08-13 20:29:51.529 27252 28985 I DFInstaObserve: !toggles +blocked disable_feed=0 disable_explore=0 disable_reels=0 disable_stories=1 disable_adds=0
08-13 20:29:53.631 27252 29760 I DFInstaObserve: !toggles +blocked disable_feed=0 disable_explore=0 disable_reels=0 disable_stories=1 disable_adds=0
08-13 20:29:53.631 27252 29759 I DFInstaObserve: !toggles +blocked disable_feed=0 disable_explore=0 disable_reels=0 disable_stories=1 disable_adds=0
