08-13 20:14:17.524 20524 20685 I DFInstaObserve: !toggles +blocked disable_feed=0 disable_explore=0 disable_reels=0 disable_stories=0 disable_adds=1
08-13 20:14:17.524 20524 20685 I DFInstaObserve: /feed/timeline/
08-13 20:14:17.543 20524 20621 I DFInstaObserve: !toggles +blocked disable_feed=0 disable_explore=0 disable_reels=0 disable_stories=0 disable_adds=1
08-13 20:14:17.543 20524 20621 I DFInstaObserve: /feed/reels_tray/
08-13 20:14:17.937 20524 20751 I DFInstaObserve: !toggles +blocked disable_feed=0 disable_explore=0 disable_reels=0 disable_stories=0 disable_adds=1
08-13 20:14:18.120 20524 20589 I DFInstaObserve: !toggles +blocked disable_feed=0 disable_explore=0 disable_reels=0 disable_stories=0 disable_adds=1
08-13 20:14:18.126 20524 20589 I DFInstaObserve: !toggles +blocked disable_feed=0 disable_explore=0 disable_reels=0 disable_stories=0 disable_adds=1
08-13 20:14:18.320 20524 20705 I DFInstaObserve: !toggles +blocked disable_feed=0 disable_explore=0 disable_reels=0 disable_stories=0 disable_adds=1
08-13 20:14:18.342 20524 20590 I DFInstaObserve: !toggles +blocked disable_feed=0 disable_explore=0 disable_reels=0 disable_stories=0 disable_adds=1
08-13 20:14:18.366 20524 20590 I DFInstaObserve: !toggles +blocked disable_feed=0 disable_explore=0 disable_reels=0 disable_stories=0 disable_adds=1
08-13 20:14:18.377 20524 20686 I DFInstaObserve: !toggles +blocked disable_feed=0 disable_explore=0 disable_reels=0 disable_stories=0 disable_adds=1
08-13 20:14:18.452 20524 20694 I DFInstaObserve: !toggles +blocked disable_feed=0 disable_explore=0 disable_reels=0 disable_stories=0 disable_adds=1
08-13 20:14:18.452 20524 20694 I DFInstaObserve: /feed/reels_media_stream/
08-13 20:14:18.466 20524 20751 I DFInstaObserve: !toggles +blocked disable_feed=0 disable_explore=0 disable_reels=0 disable_stories=0 disable_adds=1
08-13 20:14:18.525 20524 20620 I DFInstaObserve: !toggles +blocked disable_feed=0 disable_explore=0 disable_reels=0 disable_stories=0 disable_adds=1
08-13 20:14:19.071 20524 20588 I DFInstaObserve: !toggles +blocked disable_feed=0 disable_explore=0 disable_reels=0 disable_stories=0 disable_adds=1
08-13 20:14:19.110 20524 20620 I DFInstaObserve: !toggles +blocked disable_feed=0 disable_explore=0 disable_reels=0 disable_stories=0 disable_adds=1
08-13 20:14:19.324 20524 20695 I DFInstaObserve: !toggles +blocked disable_feed=0 disable_explore=0 disable_reels=0 disable_stories=0 disable_adds=1
08-13 20:14:19.324 20524 20695 I DFInstaObserve: /feed/timeline/
08-13 20:14:19.750 20524 20620 I DFInstaObserve: !toggles +blocked disable_feed=0 disable_explore=0 disable_reels=0 disable_stories=0 disable_adds=1
08-13 20:14:19.841 20524 20851 I DFInstaObserve: !toggles +blocked disable_feed=0 disable_explore=0 disable_reels=0 disable_stories=0 disable_adds=1
08-13 20:14:20.110 20524 20872 I DFInstaObserve: !toggles +blocked disable_feed=0 disable_explore=0 disable_reels=0 disable_stories=0 disable_adds=1
08-13 20:14:20.498 20524 20880 I DFInstaObserve: !toggles +blocked disable_feed=0 disable_explore=0 disable_reels=0 disable_stories=0 disable_adds=1
08-13 20:14:20.766 20524 20881 I DFInstaObserve: !toggles +blocked disable_feed=0 disable_explore=0 disable_reels=0 disable_stories=0 disable_adds=1
08-13 20:14:20.774 20524 20831 I DFInstaObserve: !toggles +blocked disable_feed=0 disable_explore=0 disable_reels=0 disable_stories=0 disable_adds=1
08-13 20:14:20.774 20524 20831 I DFInstaObserve: /discover/topical_explore
08-13 20:14:20.798 20524 20705 I DFInstaObserve: !toggles +blocked disable_feed=0 disable_explore=0 disable_reels=0 disable_stories=0 disable_adds=1
08-13 20:14:20.858 20524 20705 I DFInstaObserve: !toggles +blocked disable_feed=0 disable_explore=0 disable_reels=0 disable_stories=0 disable_adds=1
08-13 20:14:20.899 20524 20886 I DFInstaObserve: !toggles +blocked disable_feed=0 disable_explore=0 disable_reels=0 disable_stories=0 disable_adds=1
08-13 20:14:20.899 20524 20705 I DFInstaObserve: !toggles +blocked disable_feed=0 disable_explore=0 disable_reels=0 disable_stories=0 disable_adds=1
08-13 20:14:20.959 20524 20705 I DFInstaObserve: !toggles +blocked disable_feed=0 disable_explore=0 disable_reels=0 disable_stories=0 disable_adds=1
08-13 20:14:21.105 20524 20851 I DFInstaObserve: !toggles +blocked disable_feed=0 disable_explore=0 disable_reels=0 disable_stories=0 disable_adds=1
08-13 20:14:21.201 20524 20834 I DFInstaObserve: !toggles +blocked disable_feed=0 disable_explore=0 disable_reels=0 disable_stories=0 disable_adds=1
08-13 20:14:21.204 20524 20873 I DFInstaObserve: !toggles +blocked disable_feed=0 disable_explore=0 disable_reels=0 disable_stories=0 disable_adds=1
08-13 20:14:21.458 20524 20881 I DFInstaObserve: !toggles +blocked disable_feed=0 disable_explore=0 disable_reels=0 disable_stories=0 disable_adds=1
08-13 20:14:21.552 20524 20831 I DFInstaObserve: !toggles +blocked disable_feed=0 disable_explore=0 disable_reels=0 disable_stories=0 disable_adds=1
08-13 20:14:21.562 20524 20834 I DFInstaObserve: !toggles +blocked disable_feed=0 disable_explore=0 disable_reels=0 disable_stories=0 disable_adds=1
08-13 20:14:21.562 20524 20834 I DFInstaObserve: /clips/discover
08-13 20:14:21.718 20524 20589 I DFInstaObserve: !toggles +blocked disable_feed=0 disable_explore=0 disable_reels=0 disable_stories=0 disable_adds=1
08-13 20:14:21.728 20524 20589 I DFInstaObserve: !toggles +blocked disable_feed=0 disable_explore=0 disable_reels=0 disable_stories=0 disable_adds=1
08-13 20:14:21.857 20524 20831 I DFInstaObserve: !toggles +blocked disable_feed=0 disable_explore=0 disable_reels=0 disable_stories=0 disable_adds=1
08-13 20:14:21.908 20524 20705 I DFInstaObserve: !toggles +blocked disable_feed=0 disable_explore=0 disable_reels=0 disable_stories=0 disable_adds=1
08-13 20:14:21.951 20524 20705 I DFInstaObserve: !toggles +blocked disable_feed=0 disable_explore=0 disable_reels=0 disable_stories=0 disable_adds=1
08-13 20:14:22.003 20524 20705 I DFInstaObserve: !toggles +blocked disable_feed=0 disable_explore=0 disable_reels=0 disable_stories=0 disable_adds=1
08-13 20:14:22.073 20524 20695 I DFInstaObserve: !toggles +blocked disable_feed=0 disable_explore=0 disable_reels=0 disable_stories=0 disable_adds=1
08-13 20:14:22.193 20524 20705 I DFInstaObserve: !toggles +blocked disable_feed=0 disable_explore=0 disable_reels=0 disable_stories=0 disable_adds=1
08-13 20:14:22.224 20524 20917 I DFInstaObserve: !toggles +blocked disable_feed=0 disable_explore=0 disable_reels=0 disable_stories=0 disable_adds=1
08-13 20:14:22.235 20524 20751 I DFInstaObserve: !toggles +blocked disable_feed=0 disable_explore=0 disable_reels=0 disable_stories=0 disable_adds=1
08-13 20:14:22.238 20524 20705 I DFInstaObserve: !toggles +blocked disable_feed=0 disable_explore=0 disable_reels=0 disable_stories=0 disable_adds=1
08-13 20:14:22.732 20524 20751 I DFInstaObserve: !toggles +blocked disable_feed=0 disable_explore=0 disable_reels=0 disable_stories=0 disable_adds=1
08-13 20:14:35.163 20524 20695 I DFInstaObserve: !toggles +blocked disable_feed=0 disable_explore=0 disable_reels=0 disable_stories=0 disable_adds=1
08-13 20:14:35.163 20524 20695 I DFInstaObserve: /feed/timeline/
08-13 20:14:35.163 20524 20834 I DFInstaObserve: !toggles +blocked disable_feed=0 disable_explore=0 disable_reels=0 disable_stories=0 disable_adds=1
08-13 20:14:35.163 20524 20834 I DFInstaObserve: /feed/reels_tray/
08-13 20:14:36.088 20524 20589 I DFInstaObserve: !toggles +blocked disable_feed=0 disable_explore=0 disable_reels=0 disable_stories=0 disable_adds=1
08-13 20:14:36.206 20524 20588 I DFInstaObserve: !toggles +blocked disable_feed=0 disable_explore=0 disable_reels=0 disable_stories=0 disable_adds=1
08-13 20:14:36.583 20524 20588 I DFInstaObserve: !toggles +blocked disable_feed=0 disable_explore=0 disable_reels=0 disable_stories=0 disable_adds=1
08-13 20:14:36.873 20524 20985 I DFInstaObserve: !toggles +blocked disable_feed=0 disable_explore=0 disable_reels=0 disable_stories=0 disable_adds=1
08-13 20:14:36.873 20524 20985 I DFInstaObserve: /feed/timeline/
08-13 20:14:39.267 20524 20588 I DFInstaObserve: !toggles +blocked disable_feed=0 disable_explore=0 disable_reels=0 disable_stories=0 disable_adds=1
08-13 20:14:39.275 20524 20588 I DFInstaObserve: !toggles +blocked disable_feed=0 disable_explore=0 disable_reels=0 disable_stories=0 disable_adds=1
08-13 20:14:39.469 20524 20705 I DFInstaObserve: !toggles +blocked disable_feed=0 disable_explore=0 disable_reels=0 disable_stories=0 disable_adds=1
08-13 20:14:39.497 20524 20992 I DFInstaObserve: !toggles +blocked disable_feed=0 disable_explore=0 disable_reels=0 disable_stories=0 disable_adds=1
08-13 20:14:39.533 20524 20705 I DFInstaObserve: !toggles +blocked disable_feed=0 disable_explore=0 disable_reels=0 disable_stories=0 disable_adds=1
08-13 20:14:39.580 20524 20705 I DFInstaObserve: !toggles +blocked disable_feed=0 disable_explore=0 disable_reels=0 disable_stories=0 disable_adds=1
08-13 20:14:39.724 20524 20986 I DFInstaObserve: !toggles +blocked disable_feed=0 disable_explore=0 disable_reels=0 disable_stories=0 disable_adds=1
08-13 20:14:39.760 20524 20705 I DFInstaObserve: !toggles +blocked disable_feed=0 disable_explore=0 disable_reels=0 disable_stories=0 disable_adds=1
08-13 20:14:39.813 20524 20695 I DFInstaObserve: !toggles +blocked disable_feed=0 disable_explore=0 disable_reels=0 disable_stories=0 disable_adds=1
08-13 20:14:39.819 20524 20705 I DFInstaObserve: !toggles +blocked disable_feed=0 disable_explore=0 disable_reels=0 disable_stories=0 disable_adds=1
08-13 20:14:39.866 20524 20705 I DFInstaObserve: !toggles +blocked disable_feed=0 disable_explore=0 disable_reels=0 disable_stories=0 disable_adds=1
08-13 20:14:39.932 20524 20993 I DFInstaObserve: !toggles +blocked disable_feed=0 disable_explore=0 disable_reels=0 disable_stories=0 disable_adds=1
08-13 20:14:39.963 20524 20996 I DFInstaObserve: !toggles +blocked disable_feed=0 disable_explore=0 disable_reels=0 disable_stories=0 disable_adds=1
08-13 20:14:39.998 20524 20996 I DFInstaObserve: !toggles +blocked disable_feed=0 disable_explore=0 disable_reels=0 disable_stories=0 disable_adds=1
08-13 20:14:40.044 20524 20993 I DFInstaObserve: !toggles +blocked disable_feed=0 disable_explore=0 disable_reels=0 disable_stories=0 disable_adds=1
08-13 20:14:40.048 20524 20705 I DFInstaObserve: !toggles +blocked disable_feed=0 disable_explore=0 disable_reels=0 disable_stories=0 disable_adds=1
08-13 20:14:40.069 20524 20695 I DFInstaObserve: !toggles +blocked disable_feed=0 disable_explore=0 disable_reels=0 disable_stories=0 disable_adds=1
08-13 20:14:40.093 20524 20705 I DFInstaObserve: !toggles +blocked disable_feed=0 disable_explore=0 disable_reels=0 disable_stories=0 disable_adds=1
08-13 20:14:40.110 20524 20986 I DFInstaObserve: !toggles +blocked disable_feed=0 disable_explore=0 disable_reels=0 disable_stories=0 disable_adds=1
08-13 20:14:40.314 20524 20705 I DFInstaObserve: !toggles +blocked disable_feed=0 disable_explore=0 disable_reels=0 disable_stories=0 disable_adds=1
08-13 20:14:40.363 20524 20705 I DFInstaObserve: !toggles +blocked disable_feed=0 disable_explore=0 disable_reels=0 disable_stories=0 disable_adds=1
08-13 20:14:40.570 20524 20705 I DFInstaObserve: !toggles +blocked disable_feed=0 disable_explore=0 disable_reels=0 disable_stories=0 disable_adds=1
08-13 20:14:43.279 20524 20986 I DFInstaObserve: !toggles +blocked disable_feed=0 disable_explore=0 disable_reels=0 disable_stories=0 disable_adds=1
08-13 20:14:43.279 20524 20986 I DFInstaObserve: /feed/timeline/
08-13 20:14:43.279 20524 20985 I DFInstaObserve: !toggles +blocked disable_feed=0 disable_explore=0 disable_reels=0 disable_stories=0 disable_adds=1
08-13 20:14:43.279 20524 20985 I DFInstaObserve: /feed/reels_tray/
08-13 20:14:44.723 20524 20589 I DFInstaObserve: !toggles +blocked disable_feed=0 disable_explore=0 disable_reels=0 disable_stories=0 disable_adds=1
08-13 20:14:44.766 20524 20705 I DFInstaObserve: !toggles +blocked disable_feed=0 disable_explore=0 disable_reels=0 disable_stories=0 disable_adds=1
08-13 20:14:44.821 20524 20588 I DFInstaObserve: !toggles +blocked disable_feed=0 disable_explore=0 disable_reels=0 disable_stories=0 disable_adds=1
08-13 20:14:44.934 20524 20705 I DFInstaObserve: !toggles +blocked disable_feed=0 disable_explore=0 disable_reels=0 disable_stories=0 disable_adds=1
08-13 20:14:45.010 20524 20986 I DFInstaObserve: !toggles +blocked disable_feed=0 disable_explore=0 disable_reels=0 disable_stories=0 disable_adds=1
08-13 20:14:45.010 20524 20986 I DFInstaObserve: /feed/timeline/
08-13 20:14:46.489 20524 21020 I DFInstaObserve: !toggles +blocked disable_feed=0 disable_explore=0 disable_reels=0 disable_stories=0 disable_adds=1
08-13 20:14:47.214 20524 20589 I DFInstaObserve: !toggles +blocked disable_feed=0 disable_explore=0 disable_reels=0 disable_stories=0 disable_adds=1
08-13 20:14:47.223 20524 20589 I DFInstaObserve: !toggles +blocked disable_feed=0 disable_explore=0 disable_reels=0 disable_stories=0 disable_adds=1
08-13 20:14:47.408 20524 20705 I DFInstaObserve: !toggles +blocked disable_feed=0 disable_explore=0 disable_reels=0 disable_stories=0 disable_adds=1
08-13 20:14:47.452 20524 20705 I DFInstaObserve: !toggles +blocked disable_feed=0 disable_explore=0 disable_reels=0 disable_stories=0 disable_adds=1
08-13 20:14:47.533 20524 20986 I DFInstaObserve: !toggles +blocked disable_feed=0 disable_explore=0 disable_reels=0 disable_stories=0 disable_adds=1
08-13 20:14:47.543 20524 20705 I DFInstaObserve: !toggles +blocked disable_feed=0 disable_explore=0 disable_reels=0 disable_stories=0 disable_adds=1
08-13 20:14:47.594 20524 20705 I DFInstaObserve: !toggles +blocked disable_feed=0 disable_explore=0 disable_reels=0 disable_stories=0 disable_adds=1
08-13 20:14:47.670 20524 21025 I DFInstaObserve: !toggles +blocked disable_feed=0 disable_explore=0 disable_reels=0 disable_stories=0 disable_adds=1
08-13 20:14:47.898 20524 20986 I DFInstaObserve: !toggles +blocked disable_feed=0 disable_explore=0 disable_reels=0 disable_stories=0 disable_adds=1
08-13 20:14:48.984 20524 21020 I DFInstaObserve: !toggles +blocked disable_feed=0 disable_explore=0 disable_reels=0 disable_stories=0 disable_adds=1
08-13 20:14:54.937 20524 20589 I DFInstaObserve: !toggles +blocked disable_feed=0 disable_explore=0 disable_reels=0 disable_stories=0 disable_adds=1
08-13 20:14:55.220 20524 21061 I DFInstaObserve: !toggles +blocked disable_feed=0 disable_explore=0 disable_reels=0 disable_stories=0 disable_adds=1
08-13 20:14:57.222 20524 21051 I DFInstaObserve: !toggles +blocked disable_feed=0 disable_explore=0 disable_reels=0 disable_stories=0 disable_adds=1
08-13 20:14:59.034 20524 20588 I DFInstaObserve: !toggles +blocked disable_feed=0 disable_explore=0 disable_reels=0 disable_stories=0 disable_adds=1
08-13 20:14:59.040 20524 20589 I DFInstaObserve: !toggles +blocked disable_feed=0 disable_explore=0 disable_reels=0 disable_stories=0 disable_adds=1
08-13 20:15:04.178 20524 21098 I DFInstaObserve: !toggles +blocked disable_feed=0 disable_explore=0 disable_reels=0 disable_stories=0 disable_adds=1
08-13 20:15:04.210 20524 21098 I DFInstaObserve: !toggles +blocked disable_feed=0 disable_explore=0 disable_reels=0 disable_stories=0 disable_adds=1
08-13 20:15:05.076 20524 20588 I DFInstaObserve: !toggles +blocked disable_feed=0 disable_explore=0 disable_reels=0 disable_stories=0 disable_adds=1
08-13 20:15:09.015 20524 20588 I DFInstaObserve: !toggles +blocked disable_feed=0 disable_explore=0 disable_reels=0 disable_stories=0 disable_adds=1
08-13 20:15:11.308 20524 20985 I DFInstaObserve: !toggles +blocked disable_feed=0 disable_explore=0 disable_reels=0 disable_stories=0 disable_adds=1
08-13 20:15:11.411 20524 21031 I DFInstaObserve: !toggles +blocked disable_feed=0 disable_explore=0 disable_reels=0 disable_stories=0 disable_adds=1
08-13 20:15:12.083 20524 20588 I DFInstaObserve: !toggles +blocked disable_feed=0 disable_explore=0 disable_reels=0 disable_stories=0 disable_adds=1
08-13 20:15:12.086 20524 20589 I DFInstaObserve: !toggles +blocked disable_feed=0 disable_explore=0 disable_reels=0 disable_stories=0 disable_adds=1
08-13 20:15:12.158 20524 20986 I DFInstaObserve: !toggles +blocked disable_feed=0 disable_explore=0 disable_reels=0 disable_stories=0 disable_adds=1
08-13 20:15:12.180 20524 20705 I DFInstaObserve: !toggles +blocked disable_feed=0 disable_explore=0 disable_reels=0 disable_stories=0 disable_adds=1
08-13 20:15:12.204 20524 20985 I DFInstaObserve: !toggles +blocked disable_feed=0 disable_explore=0 disable_reels=0 disable_stories=0 disable_adds=1
08-13 20:15:12.236 20524 21177 I DFInstaObserve: !toggles +blocked disable_feed=0 disable_explore=0 disable_reels=0 disable_stories=0 disable_adds=1
08-13 20:15:12.276 20524 21025 I DFInstaObserve: !toggles +blocked disable_feed=0 disable_explore=0 disable_reels=0 disable_stories=0 disable_adds=1
08-13 20:15:12.350 20524 20751 I DFInstaObserve: !toggles +blocked disable_feed=0 disable_explore=0 disable_reels=0 disable_stories=0 disable_adds=1
08-13 20:15:12.379 20524 21031 I DFInstaObserve: !toggles +blocked disable_feed=0 disable_explore=0 disable_reels=0 disable_stories=0 disable_adds=1
08-13 20:15:12.448 20524 21183 I DFInstaObserve: !toggles +blocked disable_feed=0 disable_explore=0 disable_reels=0 disable_stories=0 disable_adds=1
08-13 20:15:12.608 20524 20751 I DFInstaObserve: !toggles +blocked disable_feed=0 disable_explore=0 disable_reels=0 disable_stories=0 disable_adds=1
08-13 20:15:12.661 20524 20705 I DFInstaObserve: !toggles +blocked disable_feed=0 disable_explore=0 disable_reels=0 disable_stories=0 disable_adds=1
08-13 20:15:12.714 20524 20705 I DFInstaObserve: !toggles +blocked disable_feed=0 disable_explore=0 disable_reels=0 disable_stories=0 disable_adds=1
08-13 20:15:12.781 20524 20705 I DFInstaObserve: !toggles +blocked disable_feed=0 disable_explore=0 disable_reels=0 disable_stories=0 disable_adds=1
08-13 20:15:12.790 20524 20751 I DFInstaObserve: !toggles +blocked disable_feed=0 disable_explore=0 disable_reels=0 disable_stories=0 disable_adds=1
08-13 20:15:12.939 20524 20751 I DFInstaObserve: !toggles +blocked disable_feed=0 disable_explore=0 disable_reels=0 disable_stories=0 disable_adds=1
08-13 20:15:13.720 20524 21163 I DFInstaObserve: !toggles +blocked disable_feed=0 disable_explore=0 disable_reels=0 disable_stories=0 disable_adds=1
08-13 20:15:13.740 20524 21167 I DFInstaObserve: !toggles +blocked disable_feed=0 disable_explore=0 disable_reels=0 disable_stories=0 disable_adds=1
08-13 20:15:13.744 20524 21163 I DFInstaObserve: !toggles +blocked disable_feed=0 disable_explore=0 disable_reels=0 disable_stories=0 disable_adds=1
08-13 20:15:13.779 20524 21167 I DFInstaObserve: !toggles +blocked disable_feed=0 disable_explore=0 disable_reels=0 disable_stories=0 disable_adds=1
08-13 20:15:16.233 20524 21163 I DFInstaObserve: !toggles +blocked disable_feed=0 disable_explore=0 disable_reels=0 disable_stories=0 disable_adds=1
08-13 20:15:16.248 20524 21167 I DFInstaObserve: !toggles +blocked disable_feed=0 disable_explore=0 disable_reels=0 disable_stories=0 disable_adds=1
08-13 20:15:19.358 20524 20986 I DFInstaObserve: !toggles +blocked disable_feed=0 disable_explore=0 disable_reels=0 disable_stories=0 disable_adds=1
08-13 20:15:19.358 20524 20986 I DFInstaObserve: /discover/topical_explore
08-13 20:15:19.720 20524 21225 I DFInstaObserve: !toggles +blocked disable_feed=0 disable_explore=0 disable_reels=0 disable_stories=0 disable_adds=1
08-13 20:15:19.976 20524 21243 I DFInstaObserve: !toggles +blocked disable_feed=0 disable_explore=0 disable_reels=0 disable_stories=0 disable_adds=1
08-13 20:15:21.957 20524 21232 I DFInstaObserve: !toggles +blocked disable_feed=0 disable_explore=0 disable_reels=0 disable_stories=0 disable_adds=1
08-13 20:15:21.983 20524 21232 I DFInstaObserve: !toggles +blocked disable_feed=0 disable_explore=0 disable_reels=0 disable_stories=0 disable_adds=1
08-13 20:15:22.056 20524 21224 I DFInstaObserve: !toggles +blocked disable_feed=0 disable_explore=0 disable_reels=0 disable_stories=0 disable_adds=1
08-13 20:15:22.881 20524 20589 I DFInstaObserve: !toggles +blocked disable_feed=0 disable_explore=0 disable_reels=0 disable_stories=0 disable_adds=1
08-13 20:15:22.886 20524 20589 I DFInstaObserve: !toggles +blocked disable_feed=0 disable_explore=0 disable_reels=0 disable_stories=0 disable_adds=1
08-13 20:15:22.891 20524 20589 I DFInstaObserve: !toggles +blocked disable_feed=0 disable_explore=0 disable_reels=0 disable_stories=0 disable_adds=1
08-13 20:15:22.902 20524 20993 I DFInstaObserve: !toggles +blocked disable_feed=0 disable_explore=0 disable_reels=0 disable_stories=0 disable_adds=1
08-13 20:15:22.902 20524 20993 I DFInstaObserve: /discover/topical_explore
08-13 20:15:22.914 20524 20589 I DFInstaObserve: !toggles +blocked disable_feed=0 disable_explore=0 disable_reels=0 disable_stories=0 disable_adds=1
08-13 20:15:22.919 20524 20589 I DFInstaObserve: !toggles +blocked disable_feed=0 disable_explore=0 disable_reels=0 disable_stories=0 disable_adds=1
08-13 20:15:22.927 20524 20589 I DFInstaObserve: !toggles +blocked disable_feed=0 disable_explore=0 disable_reels=0 disable_stories=0 disable_adds=1
08-13 20:15:23.057 20524 20589 I DFInstaObserve: !toggles +blocked disable_feed=0 disable_explore=0 disable_reels=0 disable_stories=0 disable_adds=1
08-13 20:15:23.064 20524 20589 I DFInstaObserve: !toggles +blocked disable_feed=0 disable_explore=0 disable_reels=0 disable_stories=0 disable_adds=1
08-13 20:15:23.071 20524 20589 I DFInstaObserve: !toggles +blocked disable_feed=0 disable_explore=0 disable_reels=0 disable_stories=0 disable_adds=1
08-13 20:15:23.271 20524 20588 I DFInstaObserve: !toggles +blocked disable_feed=0 disable_explore=0 disable_reels=0 disable_stories=0 disable_adds=1
08-13 20:15:23.276 20524 20589 I DFInstaObserve: !toggles +blocked disable_feed=0 disable_explore=0 disable_reels=0 disable_stories=0 disable_adds=1
08-13 20:15:23.293 20524 21279 I DFInstaObserve: !toggles +blocked disable_feed=0 disable_explore=0 disable_reels=0 disable_stories=0 disable_adds=1
08-13 20:15:23.319 20524 20934 I DFInstaObserve: !toggles +blocked disable_feed=0 disable_explore=0 disable_reels=0 disable_stories=0 disable_adds=1
08-13 20:15:23.320 20524 20705 I DFInstaObserve: !toggles +blocked disable_feed=0 disable_explore=0 disable_reels=0 disable_stories=0 disable_adds=1
08-13 20:15:23.445 20524 21288 I DFInstaObserve: !toggles +blocked disable_feed=0 disable_explore=0 disable_reels=0 disable_stories=0 disable_adds=1
08-13 20:15:23.445 20524 21266 I DFInstaObserve: !toggles +blocked disable_feed=0 disable_explore=0 disable_reels=0 disable_stories=0 disable_adds=1
08-13 20:15:23.505 20524 21266 I DFInstaObserve: !toggles +blocked disable_feed=0 disable_explore=0 disable_reels=0 disable_stories=0 disable_adds=1
08-13 20:15:23.674 20524 20705 I DFInstaObserve: !toggles +blocked disable_feed=0 disable_explore=0 disable_reels=0 disable_stories=0 disable_adds=1
08-13 20:15:23.696 20524 21213 I DFInstaObserve: !toggles +blocked disable_feed=0 disable_explore=0 disable_reels=0 disable_stories=0 disable_adds=1
08-13 20:15:23.717 20524 20705 I DFInstaObserve: !toggles +blocked disable_feed=0 disable_explore=0 disable_reels=0 disable_stories=0 disable_adds=1
08-13 20:15:23.722 20524 21269 I DFInstaObserve: !toggles +blocked disable_feed=0 disable_explore=0 disable_reels=0 disable_stories=0 disable_adds=1
08-13 20:15:23.751 20524 21266 I DFInstaObserve: !toggles +blocked disable_feed=0 disable_explore=0 disable_reels=0 disable_stories=0 disable_adds=1
08-13 20:15:23.760 20524 20705 I DFInstaObserve: !toggles +blocked disable_feed=0 disable_explore=0 disable_reels=0 disable_stories=0 disable_adds=1
08-13 20:15:23.842 20524 20705 I DFInstaObserve: !toggles +blocked disable_feed=0 disable_explore=0 disable_reels=0 disable_stories=0 disable_adds=1
08-13 20:15:23.881 20524 20705 I DFInstaObserve: !toggles +blocked disable_feed=0 disable_explore=0 disable_reels=0 disable_stories=0 disable_adds=1
08-13 20:15:23.941 20524 20705 I DFInstaObserve: !toggles +blocked disable_feed=0 disable_explore=0 disable_reels=0 disable_stories=0 disable_adds=1
08-13 20:15:23.972 20524 20705 I DFInstaObserve: !toggles +blocked disable_feed=0 disable_explore=0 disable_reels=0 disable_stories=0 disable_adds=1
08-13 20:15:24.002 20524 20705 I DFInstaObserve: !toggles +blocked disable_feed=0 disable_explore=0 disable_reels=0 disable_stories=0 disable_adds=1
08-13 20:15:24.043 20524 20705 I DFInstaObserve: !toggles +blocked disable_feed=0 disable_explore=0 disable_reels=0 disable_stories=0 disable_adds=1
08-13 20:15:24.118 20524 20705 I DFInstaObserve: !toggles +blocked disable_feed=0 disable_explore=0 disable_reels=0 disable_stories=0 disable_adds=1
08-13 20:15:25.238 20524 21274 I DFInstaObserve: !toggles +blocked disable_feed=0 disable_explore=0 disable_reels=0 disable_stories=0 disable_adds=1
08-13 20:15:25.288 20524 21274 I DFInstaObserve: !toggles +blocked disable_feed=0 disable_explore=0 disable_reels=0 disable_stories=0 disable_adds=1
08-13 20:15:25.396 20524 21279 I DFInstaObserve: !toggles +blocked disable_feed=0 disable_explore=0 disable_reels=0 disable_stories=0 disable_adds=1
08-13 20:15:26.180 20524 21269 I DFInstaObserve: !toggles +blocked disable_feed=0 disable_explore=0 disable_reels=0 disable_stories=0 disable_adds=1
08-13 20:15:26.180 20524 21269 I DFInstaObserve: /discover/topical_explore
08-13 20:15:26.284 20524 20588 I DFInstaObserve: !toggles +blocked disable_feed=0 disable_explore=0 disable_reels=0 disable_stories=0 disable_adds=1
08-13 20:15:26.284 20524 21315 I DFInstaObserve: !toggles +blocked disable_feed=0 disable_explore=0 disable_reels=0 disable_stories=0 disable_adds=1
08-13 20:15:26.336 20524 20588 I DFInstaObserve: !toggles +blocked disable_feed=0 disable_explore=0 disable_reels=0 disable_stories=0 disable_adds=1
08-13 20:15:26.352 20524 21315 I DFInstaObserve: !toggles +blocked disable_feed=0 disable_explore=0 disable_reels=0 disable_stories=0 disable_adds=1
08-13 20:15:26.484 20524 20934 I DFInstaObserve: !toggles +blocked disable_feed=0 disable_explore=0 disable_reels=0 disable_stories=0 disable_adds=1
08-13 20:15:26.493 20524 21324 I DFInstaObserve: !toggles +blocked disable_feed=0 disable_explore=0 disable_reels=0 disable_stories=0 disable_adds=1
08-13 20:15:26.497 20524 20705 I DFInstaObserve: !toggles +blocked disable_feed=0 disable_explore=0 disable_reels=0 disable_stories=0 disable_adds=1
08-13 20:15:26.574 20524 21213 I DFInstaObserve: !toggles +blocked disable_feed=0 disable_explore=0 disable_reels=0 disable_stories=0 disable_adds=1
08-13 20:15:26.691 20524 21349 I DFInstaObserve: !toggles +blocked disable_feed=0 disable_explore=0 disable_reels=0 disable_stories=0 disable_adds=1
08-13 20:15:26.700 20524 21348 I DFInstaObserve: !toggles +blocked disable_feed=0 disable_explore=0 disable_reels=0 disable_stories=0 disable_adds=1
08-13 20:15:26.838 20524 21266 I DFInstaObserve: !toggles +blocked disable_feed=0 disable_explore=0 disable_reels=0 disable_stories=0 disable_adds=1
08-13 20:15:26.907 20524 21323 I DFInstaObserve: !toggles +blocked disable_feed=0 disable_explore=0 disable_reels=0 disable_stories=0 disable_adds=1
08-13 20:15:26.939 20524 21325 I DFInstaObserve: !toggles +blocked disable_feed=0 disable_explore=0 disable_reels=0 disable_stories=0 disable_adds=1
08-13 20:15:26.992 20524 21325 I DFInstaObserve: !toggles +blocked disable_feed=0 disable_explore=0 disable_reels=0 disable_stories=0 disable_adds=1
08-13 20:15:27.044 20524 21323 I DFInstaObserve: !toggles +blocked disable_feed=0 disable_explore=0 disable_reels=0 disable_stories=0 disable_adds=1
08-13 20:15:27.074 20524 21316 I DFInstaObserve: !toggles +blocked disable_feed=0 disable_explore=0 disable_reels=0 disable_stories=0 disable_adds=1
08-13 20:15:27.079 20524 20705 I DFInstaObserve: !toggles +blocked disable_feed=0 disable_explore=0 disable_reels=0 disable_stories=0 disable_adds=1
08-13 20:15:27.114 20524 21323 I DFInstaObserve: !toggles +blocked disable_feed=0 disable_explore=0 disable_reels=0 disable_stories=0 disable_adds=1
08-13 20:15:27.127 20524 20705 I DFInstaObserve: !toggles +blocked disable_feed=0 disable_explore=0 disable_reels=0 disable_stories=0 disable_adds=1
08-13 20:15:27.161 20524 20705 I DFInstaObserve: !toggles +blocked disable_feed=0 disable_explore=0 disable_reels=0 disable_stories=0 disable_adds=1
08-13 20:15:27.186 20524 21325 I DFInstaObserve: !toggles +blocked disable_feed=0 disable_explore=0 disable_reels=0 disable_stories=0 disable_adds=1
08-13 20:15:27.196 20524 20705 I DFInstaObserve: !toggles +blocked disable_feed=0 disable_explore=0 disable_reels=0 disable_stories=0 disable_adds=1
08-13 20:15:27.243 20524 20705 I DFInstaObserve: !toggles +blocked disable_feed=0 disable_explore=0 disable_reels=0 disable_stories=0 disable_adds=1
08-13 20:15:27.272 20524 20705 I DFInstaObserve: !toggles +blocked disable_feed=0 disable_explore=0 disable_reels=0 disable_stories=0 disable_adds=1
08-13 20:15:27.375 20524 20705 I DFInstaObserve: !toggles +blocked disable_feed=0 disable_explore=0 disable_reels=0 disable_stories=0 disable_adds=1
08-13 20:15:27.405 20524 20705 I DFInstaObserve: !toggles +blocked disable_feed=0 disable_explore=0 disable_reels=0 disable_stories=0 disable_adds=1
08-13 20:15:27.499 20524 20705 I DFInstaObserve: !toggles +blocked disable_feed=0 disable_explore=0 disable_reels=0 disable_stories=0 disable_adds=1
08-13 20:15:27.535 20524 20705 I DFInstaObserve: !toggles +blocked disable_feed=0 disable_explore=0 disable_reels=0 disable_stories=0 disable_adds=1
08-13 20:15:27.574 20524 20705 I DFInstaObserve: !toggles +blocked disable_feed=0 disable_explore=0 disable_reels=0 disable_stories=0 disable_adds=1
08-13 20:15:28.633 20524 21340 I DFInstaObserve: !toggles +blocked disable_feed=0 disable_explore=0 disable_reels=0 disable_stories=0 disable_adds=1
08-13 20:15:28.655 20524 21340 I DFInstaObserve: !toggles +blocked disable_feed=0 disable_explore=0 disable_reels=0 disable_stories=0 disable_adds=1
08-13 20:15:28.698 20524 21334 I DFInstaObserve: !toggles +blocked disable_feed=0 disable_explore=0 disable_reels=0 disable_stories=0 disable_adds=1
08-13 20:15:28.787 20524 21355 I DFInstaObserve: !toggles +blocked disable_feed=0 disable_explore=0 disable_reels=0 disable_stories=0 disable_adds=1
08-13 20:15:28.791 20524 20588 I DFInstaObserve: !toggles +blocked disable_feed=0 disable_explore=0 disable_reels=0 disable_stories=0 disable_adds=1
08-13 20:15:28.826 20524 20705 I DFInstaObserve: !toggles +blocked disable_feed=0 disable_explore=0 disable_reels=0 disable_stories=0 disable_adds=1
08-13 20:15:28.854 20524 20705 I DFInstaObserve: !toggles +blocked disable_feed=0 disable_explore=0 disable_reels=0 disable_stories=0 disable_adds=1
08-13 20:15:28.875 20524 21269 I DFInstaObserve: !toggles +blocked disable_feed=0 disable_explore=0 disable_reels=0 disable_stories=0 disable_adds=1
08-13 20:15:28.895 20524 20705 I DFInstaObserve: !toggles +blocked disable_feed=0 disable_explore=0 disable_reels=0 disable_stories=0 disable_adds=1
08-13 20:15:28.939 20524 21325 I DFInstaObserve: !toggles +blocked disable_feed=0 disable_explore=0 disable_reels=0 disable_stories=0 disable_adds=1
08-13 20:15:28.940 20524 20705 I DFInstaObserve: !toggles +blocked disable_feed=0 disable_explore=0 disable_reels=0 disable_stories=0 disable_adds=1
08-13 20:15:28.977 20524 20705 I DFInstaObserve: !toggles +blocked disable_feed=0 disable_explore=0 disable_reels=0 disable_stories=0 disable_adds=1
08-13 20:15:29.010 20524 21356 I DFInstaObserve: !toggles +blocked disable_feed=0 disable_explore=0 disable_reels=0 disable_stories=0 disable_adds=1
08-13 20:15:29.016 20524 20705 I DFInstaObserve: !toggles +blocked disable_feed=0 disable_explore=0 disable_reels=0 disable_stories=0 disable_adds=1
08-13 20:15:29.055 20524 20705 I DFInstaObserve: !toggles +blocked disable_feed=0 disable_explore=0 disable_reels=0 disable_stories=0 disable_adds=1
08-13 20:15:29.063 20524 21323 I DFInstaObserve: !toggles +blocked disable_feed=0 disable_explore=0 disable_reels=0 disable_stories=0 disable_adds=1
08-13 20:15:29.091 20524 21269 I DFInstaObserve: !toggles +blocked disable_feed=0 disable_explore=0 disable_reels=0 disable_stories=0 disable_adds=1
08-13 20:15:29.109 20524 20705 I DFInstaObserve: !toggles +blocked disable_feed=0 disable_explore=0 disable_reels=0 disable_stories=0 disable_adds=1
08-13 20:15:29.190 20524 21323 I DFInstaObserve: !toggles +blocked disable_feed=0 disable_explore=0 disable_reels=0 disable_stories=0 disable_adds=1
08-13 20:15:29.204 20524 20705 I DFInstaObserve: !toggles +blocked disable_feed=0 disable_explore=0 disable_reels=0 disable_stories=0 disable_adds=1
08-13 20:15:29.260 20524 20993 I DFInstaObserve: !toggles +blocked disable_feed=0 disable_explore=0 disable_reels=0 disable_stories=0 disable_adds=1
08-13 20:15:29.322 20524 20705 I DFInstaObserve: !toggles +blocked disable_feed=0 disable_explore=0 disable_reels=0 disable_stories=0 disable_adds=1
08-13 20:15:29.364 20524 20705 I DFInstaObserve: !toggles +blocked disable_feed=0 disable_explore=0 disable_reels=0 disable_stories=0 disable_adds=1
08-13 20:15:29.365 20524 21266 I DFInstaObserve: !toggles +blocked disable_feed=0 disable_explore=0 disable_reels=0 disable_stories=0 disable_adds=1
08-13 20:15:29.441 20524 21366 I DFInstaObserve: !toggles +blocked disable_feed=0 disable_explore=0 disable_reels=0 disable_stories=0 disable_adds=1
08-13 20:15:29.514 20524 21356 I DFInstaObserve: !toggles +blocked disable_feed=0 disable_explore=0 disable_reels=0 disable_stories=0 disable_adds=1
08-13 20:15:29.601 20524 20705 I DFInstaObserve: !toggles +blocked disable_feed=0 disable_explore=0 disable_reels=0 disable_stories=0 disable_adds=1
08-13 20:15:29.631 20524 21379 I DFInstaObserve: !toggles +blocked disable_feed=0 disable_explore=0 disable_reels=0 disable_stories=0 disable_adds=1
08-13 20:15:29.676 20524 21364 I DFInstaObserve: !toggles +blocked disable_feed=0 disable_explore=0 disable_reels=0 disable_stories=0 disable_adds=1
08-13 20:15:29.676 20524 21364 I DFInstaObserve: /discover/topical_explore
08-13 20:15:29.677 20524 21365 I DFInstaObserve: !toggles +blocked disable_feed=0 disable_explore=0 disable_reels=0 disable_stories=0 disable_adds=1
08-13 20:15:29.730 20524 21266 I DFInstaObserve: !toggles +blocked disable_feed=0 disable_explore=0 disable_reels=0 disable_stories=0 disable_adds=1
08-13 20:15:29.774 20524 21356 I DFInstaObserve: !toggles +blocked disable_feed=0 disable_explore=0 disable_reels=0 disable_stories=0 disable_adds=1
08-13 20:15:29.807 20524 21365 I DFInstaObserve: !toggles +blocked disable_feed=0 disable_explore=0 disable_reels=0 disable_stories=0 disable_adds=1
08-13 20:15:29.891 20524 21323 I DFInstaObserve: !toggles +blocked disable_feed=0 disable_explore=0 disable_reels=0 disable_stories=0 disable_adds=1
08-13 20:15:29.963 20524 21365 I DFInstaObserve: !toggles +blocked disable_feed=0 disable_explore=0 disable_reels=0 disable_stories=0 disable_adds=1
08-13 20:15:31.834 20524 21385 I DFInstaObserve: !toggles +blocked disable_feed=0 disable_explore=0 disable_reels=0 disable_stories=0 disable_adds=1
08-13 20:15:32.060 20524 21392 I DFInstaObserve: !toggles +blocked disable_feed=0 disable_explore=0 disable_reels=0 disable_stories=0 disable_adds=1
08-13 20:15:33.659 20524 21355 I DFInstaObserve: !toggles +blocked disable_feed=0 disable_explore=0 disable_reels=0 disable_stories=0 disable_adds=1
08-13 20:15:33.664 20524 21355 I DFInstaObserve: !toggles +blocked disable_feed=0 disable_explore=0 disable_reels=0 disable_stories=0 disable_adds=1
08-13 20:15:33.668 20524 21355 I DFInstaObserve: !toggles +blocked disable_feed=0 disable_explore=0 disable_reels=0 disable_stories=0 disable_adds=1
08-13 20:15:33.698 20524 21366 I DFInstaObserve: !toggles +blocked disable_feed=0 disable_explore=0 disable_reels=0 disable_stories=0 disable_adds=1
08-13 20:15:33.698 20524 21366 I DFInstaObserve: /discover/topical_explore
08-13 20:15:33.963 20524 21355 I DFInstaObserve: !toggles +blocked disable_feed=0 disable_explore=0 disable_reels=0 disable_stories=0 disable_adds=1
08-13 20:15:33.967 20524 21355 I DFInstaObserve: !toggles +blocked disable_feed=0 disable_explore=0 disable_reels=0 disable_stories=0 disable_adds=1
08-13 20:15:33.989 20524 20705 I DFInstaObserve: !toggles +blocked disable_feed=0 disable_explore=0 disable_reels=0 disable_stories=0 disable_adds=1
08-13 20:15:34.050 20524 20705 I DFInstaObserve: !toggles +blocked disable_feed=0 disable_explore=0 disable_reels=0 disable_stories=0 disable_adds=1
08-13 20:15:34.060 20524 21415 I DFInstaObserve: !toggles +blocked disable_feed=0 disable_explore=0 disable_reels=0 disable_stories=0 disable_adds=1
08-13 20:15:34.087 20524 20705 I DFInstaObserve: !toggles +blocked disable_feed=0 disable_explore=0 disable_reels=0 disable_stories=0 disable_adds=1
08-13 20:15:34.139 20524 21356 I DFInstaObserve: !toggles +blocked disable_feed=0 disable_explore=0 disable_reels=0 disable_stories=0 disable_adds=1
08-13 20:15:34.172 20524 21266 I DFInstaObserve: !toggles +blocked disable_feed=0 disable_explore=0 disable_reels=0 disable_stories=0 disable_adds=1
08-13 20:15:34.221 20524 21364 I DFInstaObserve: !toggles +blocked disable_feed=0 disable_explore=0 disable_reels=0 disable_stories=0 disable_adds=1
08-13 20:15:34.282 20524 21364 I DFInstaObserve: !toggles +blocked disable_feed=0 disable_explore=0 disable_reels=0 disable_stories=0 disable_adds=1
08-13 20:15:34.362 20524 21364 I DFInstaObserve: !toggles +blocked disable_feed=0 disable_explore=0 disable_reels=0 disable_stories=0 disable_adds=1
08-13 20:15:34.390 20524 21452 I DFInstaObserve: !toggles +blocked disable_feed=0 disable_explore=0 disable_reels=0 disable_stories=0 disable_adds=1
08-13 20:15:34.423 20524 21356 I DFInstaObserve: !toggles +blocked disable_feed=0 disable_explore=0 disable_reels=0 disable_stories=0 disable_adds=1
08-13 20:15:34.467 20524 20705 I DFInstaObserve: !toggles +blocked disable_feed=0 disable_explore=0 disable_reels=0 disable_stories=0 disable_adds=1
08-13 20:15:34.492 20524 21266 I DFInstaObserve: !toggles +blocked disable_feed=0 disable_explore=0 disable_reels=0 disable_stories=0 disable_adds=1
08-13 20:15:34.521 20524 21452 I DFInstaObserve: !toggles +blocked disable_feed=0 disable_explore=0 disable_reels=0 disable_stories=0 disable_adds=1
08-13 20:15:34.530 20524 20705 I DFInstaObserve: !toggles +blocked disable_feed=0 disable_explore=0 disable_reels=0 disable_stories=0 disable_adds=1
08-13 20:15:34.563 20524 21452 I DFInstaObserve: !toggles +blocked disable_feed=0 disable_explore=0 disable_reels=0 disable_stories=0 disable_adds=1
08-13 20:15:34.568 20524 20705 I DFInstaObserve: !toggles +blocked disable_feed=0 disable_explore=0 disable_reels=0 disable_stories=0 disable_adds=1
08-13 20:15:34.609 20524 20705 I DFInstaObserve: !toggles +blocked disable_feed=0 disable_explore=0 disable_reels=0 disable_stories=0 disable_adds=1
08-13 20:15:34.637 20524 21364 I DFInstaObserve: !toggles +blocked disable_feed=0 disable_explore=0 disable_reels=0 disable_stories=0 disable_adds=1
08-13 20:15:34.682 20524 20705 I DFInstaObserve: !toggles +blocked disable_feed=0 disable_explore=0 disable_reels=0 disable_stories=0 disable_adds=1
08-13 20:15:34.700 20524 21415 I DFInstaObserve: !toggles +blocked disable_feed=0 disable_explore=0 disable_reels=0 disable_stories=0 disable_adds=1
08-13 20:15:34.736 20524 20705 I DFInstaObserve: !toggles +blocked disable_feed=0 disable_explore=0 disable_reels=0 disable_stories=0 disable_adds=1
08-13 20:15:35.113 20524 20705 I DFInstaObserve: !toggles +blocked disable_feed=0 disable_explore=0 disable_reels=0 disable_stories=0 disable_adds=1
08-13 20:15:35.153 20524 20705 I DFInstaObserve: !toggles +blocked disable_feed=0 disable_explore=0 disable_reels=0 disable_stories=0 disable_adds=1
08-13 20:15:35.272 20524 21438 I DFInstaObserve: !toggles +blocked disable_feed=0 disable_explore=0 disable_reels=0 disable_stories=0 disable_adds=1
08-13 20:15:35.308 20524 20705 I DFInstaObserve: !toggles +blocked disable_feed=0 disable_explore=0 disable_reels=0 disable_stories=0 disable_adds=1
08-13 20:15:35.474 20524 21433 I DFInstaObserve: !toggles +blocked disable_feed=0 disable_explore=0 disable_reels=0 disable_stories=0 disable_adds=1
08-13 20:15:36.056 20524 21365 I DFInstaObserve: !toggles +blocked disable_feed=0 disable_explore=0 disable_reels=0 disable_stories=0 disable_adds=1
08-13 20:15:36.207 20524 21355 I DFInstaObserve: !toggles +blocked disable_feed=0 disable_explore=0 disable_reels=0 disable_stories=0 disable_adds=1
08-13 20:15:36.211 20524 21355 I DFInstaObserve: !toggles +blocked disable_feed=0 disable_explore=0 disable_reels=0 disable_stories=0 disable_adds=1
08-13 20:15:36.309 20524 21484 I DFInstaObserve: !toggles +blocked disable_feed=0 disable_explore=0 disable_reels=0 disable_stories=0 disable_adds=1
08-13 20:15:36.379 20524 21476 I DFInstaObserve: !toggles +blocked disable_feed=0 disable_explore=0 disable_reels=0 disable_stories=0 disable_adds=1
08-13 20:15:36.585 20524 20751 I DFInstaObserve: !toggles +blocked disable_feed=0 disable_explore=0 disable_reels=0 disable_stories=0 disable_adds=1
08-13 20:15:36.769 20524 20751 I DFInstaObserve: !toggles +blocked disable_feed=0 disable_explore=0 disable_reels=0 disable_stories=0 disable_adds=1
08-13 20:15:36.928 20524 20751 I DFInstaObserve: !toggles +blocked disable_feed=0 disable_explore=0 disable_reels=0 disable_stories=0 disable_adds=1
08-13 20:15:37.096 20524 20751 I DFInstaObserve: !toggles +blocked disable_feed=0 disable_explore=0 disable_reels=0 disable_stories=0 disable_adds=1
08-13 20:15:37.362 20524 20751 I DFInstaObserve: !toggles +blocked disable_feed=0 disable_explore=0 disable_reels=0 disable_stories=0 disable_adds=1
08-13 20:15:38.523 20524 21504 I DFInstaObserve: !toggles +blocked disable_feed=0 disable_explore=0 disable_reels=0 disable_stories=0 disable_adds=1
08-13 20:15:38.524 20524 21503 I DFInstaObserve: !toggles +blocked disable_feed=0 disable_explore=0 disable_reels=0 disable_stories=0 disable_adds=1
08-13 20:15:43.290 20524 20588 I DFInstaObserve: !toggles +blocked disable_feed=0 disable_explore=0 disable_reels=0 disable_stories=0 disable_adds=1
08-13 20:15:43.293 20524 21526 I DFInstaObserve: !toggles +blocked disable_feed=0 disable_explore=0 disable_reels=0 disable_stories=0 disable_adds=1
08-13 20:15:43.318 20524 20705 I DFInstaObserve: !toggles +blocked disable_feed=0 disable_explore=0 disable_reels=0 disable_stories=0 disable_adds=1
08-13 20:15:43.391 20524 21365 I DFInstaObserve: !toggles +blocked disable_feed=0 disable_explore=0 disable_reels=0 disable_stories=0 disable_adds=1
08-13 20:15:43.471 20524 21485 I DFInstaObserve: !toggles +blocked disable_feed=0 disable_explore=0 disable_reels=0 disable_stories=0 disable_adds=1
08-13 20:15:43.557 20524 21476 I DFInstaObserve: !toggles +blocked disable_feed=0 disable_explore=0 disable_reels=0 disable_stories=0 disable_adds=1
08-13 20:15:43.603 20524 20705 I DFInstaObserve: !toggles +blocked disable_feed=0 disable_explore=0 disable_reels=0 disable_stories=0 disable_adds=1
08-13 20:15:43.626 20524 21365 I DFInstaObserve: !toggles +blocked disable_feed=0 disable_explore=0 disable_reels=0 disable_stories=0 disable_adds=1
08-13 20:15:43.652 20524 20705 I DFInstaObserve: !toggles +blocked disable_feed=0 disable_explore=0 disable_reels=0 disable_stories=0 disable_adds=1
08-13 20:15:43.667 20524 21485 I DFInstaObserve: !toggles +blocked disable_feed=0 disable_explore=0 disable_reels=0 disable_stories=0 disable_adds=1
08-13 20:15:43.700 20524 21366 I DFInstaObserve: !toggles +blocked disable_feed=0 disable_explore=0 disable_reels=0 disable_stories=0 disable_adds=1
08-13 20:15:43.775 20524 21266 I DFInstaObserve: !toggles +blocked disable_feed=0 disable_explore=0 disable_reels=0 disable_stories=0 disable_adds=1
08-13 20:15:43.809 20524 20705 I DFInstaObserve: !toggles +blocked disable_feed=0 disable_explore=0 disable_reels=0 disable_stories=0 disable_adds=1
08-13 20:15:43.810 20524 21485 I DFInstaObserve: !toggles +blocked disable_feed=0 disable_explore=0 disable_reels=0 disable_stories=0 disable_adds=1
08-13 20:15:43.850 20524 21365 I DFInstaObserve: !toggles +blocked disable_feed=0 disable_explore=0 disable_reels=0 disable_stories=0 disable_adds=1
08-13 20:15:43.853 20524 20705 I DFInstaObserve: !toggles +blocked disable_feed=0 disable_explore=0 disable_reels=0 disable_stories=0 disable_adds=1
08-13 20:15:43.918 20524 20705 I DFInstaObserve: !toggles +blocked disable_feed=0 disable_explore=0 disable_reels=0 disable_stories=0 disable_adds=1
08-13 20:15:43.924 20524 21266 I DFInstaObserve: !toggles +blocked disable_feed=0 disable_explore=0 disable_reels=0 disable_stories=0 disable_adds=1
08-13 20:15:43.959 20524 21365 I DFInstaObserve: !toggles +blocked disable_feed=0 disable_explore=0 disable_reels=0 disable_stories=0 disable_adds=1
08-13 20:15:43.959 20524 20705 I DFInstaObserve: !toggles +blocked disable_feed=0 disable_explore=0 disable_reels=0 disable_stories=0 disable_adds=1
08-13 20:15:44.031 20524 21476 I DFInstaObserve: !toggles +blocked disable_feed=0 disable_explore=0 disable_reels=0 disable_stories=0 disable_adds=1
08-13 20:15:44.072 20524 21266 I DFInstaObserve: !toggles +blocked disable_feed=0 disable_explore=0 disable_reels=0 disable_stories=0 disable_adds=1
08-13 20:15:44.072 20524 21266 I DFInstaObserve: /clips/discover
08-13 20:15:44.072 20524 21266 I DFInstaObserve: /clips/discover/stream/
08-13 20:15:44.110 20524 21541 I DFInstaObserve: !toggles +blocked disable_feed=0 disable_explore=0 disable_reels=0 disable_stories=0 disable_adds=1
08-13 20:15:44.111 20524 21534 I DFInstaObserve: !toggles +blocked disable_feed=0 disable_explore=0 disable_reels=0 disable_stories=0 disable_adds=1
08-13 20:15:44.503 20524 20705 I DFInstaObserve: !toggles +blocked disable_feed=0 disable_explore=0 disable_reels=0 disable_stories=0 disable_adds=1
08-13 20:15:44.526 20524 21366 I DFInstaObserve: !toggles +blocked disable_feed=0 disable_explore=0 disable_reels=0 disable_stories=0 disable_adds=1
08-13 20:15:44.556 20524 20705 I DFInstaObserve: !toggles +blocked disable_feed=0 disable_explore=0 disable_reels=0 disable_stories=0 disable_adds=1
08-13 20:15:44.563 20524 20588 I DFInstaObserve: !toggles +blocked disable_feed=0 disable_explore=0 disable_reels=0 disable_stories=0 disable_adds=1
08-13 20:15:44.896 20524 20705 I DFInstaObserve: !toggles +blocked disable_feed=0 disable_explore=0 disable_reels=0 disable_stories=0 disable_adds=1
08-13 20:15:44.932 20524 20705 I DFInstaObserve: !toggles +blocked disable_feed=0 disable_explore=0 disable_reels=0 disable_stories=0 disable_adds=1
08-13 20:15:44.981 20524 20705 I DFInstaObserve: !toggles +blocked disable_feed=0 disable_explore=0 disable_reels=0 disable_stories=0 disable_adds=1
08-13 20:15:46.562 20524 21542 I DFInstaObserve: !toggles +blocked disable_feed=0 disable_explore=0 disable_reels=0 disable_stories=0 disable_adds=1
08-13 20:15:46.562 20524 21541 I DFInstaObserve: !toggles +blocked disable_feed=0 disable_explore=0 disable_reels=0 disable_stories=0 disable_adds=1
08-13 20:15:47.284 20524 21526 I DFInstaObserve: !toggles +blocked disable_feed=0 disable_explore=0 disable_reels=0 disable_stories=0 disable_adds=1
08-13 20:15:47.300 20524 21526 I DFInstaObserve: !toggles +blocked disable_feed=0 disable_explore=0 disable_reels=0 disable_stories=0 disable_adds=1
08-13 20:15:47.311 20524 20705 I DFInstaObserve: !toggles +blocked disable_feed=0 disable_explore=0 disable_reels=0 disable_stories=0 disable_adds=1
08-13 20:15:47.746 20524 21526 I DFInstaObserve: !toggles +blocked disable_feed=0 disable_explore=0 disable_reels=0 disable_stories=0 disable_adds=1
08-13 20:15:47.753 20524 21526 I DFInstaObserve: !toggles +blocked disable_feed=0 disable_explore=0 disable_reels=0 disable_stories=0 disable_adds=1
08-13 20:15:47.920 20524 21485 I DFInstaObserve: !toggles +blocked disable_feed=0 disable_explore=0 disable_reels=0 disable_stories=0 disable_adds=1
08-13 20:15:47.949 20524 20705 I DFInstaObserve: !toggles +blocked disable_feed=0 disable_explore=0 disable_reels=0 disable_stories=0 disable_adds=1
08-13 20:15:47.972 20524 21266 I DFInstaObserve: !toggles +blocked disable_feed=0 disable_explore=0 disable_reels=0 disable_stories=0 disable_adds=1
08-13 20:15:47.996 20524 20705 I DFInstaObserve: !toggles +blocked disable_feed=0 disable_explore=0 disable_reels=0 disable_stories=0 disable_adds=1
08-13 20:15:48.047 20524 21366 I DFInstaObserve: !toggles +blocked disable_feed=0 disable_explore=0 disable_reels=0 disable_stories=0 disable_adds=1
08-13 20:15:48.113 20524 21575 I DFInstaObserve: !toggles +blocked disable_feed=0 disable_explore=0 disable_reels=0 disable_stories=0 disable_adds=1
08-13 20:15:48.912 20524 20705 I DFInstaObserve: !toggles +blocked disable_feed=0 disable_explore=0 disable_reels=0 disable_stories=0 disable_adds=1
08-13 20:15:48.952 20524 20705 I DFInstaObserve: !toggles +blocked disable_feed=0 disable_explore=0 disable_reels=0 disable_stories=0 disable_adds=1
08-13 20:15:49.108 20524 20705 I DFInstaObserve: !toggles +blocked disable_feed=0 disable_explore=0 disable_reels=0 disable_stories=0 disable_adds=1
08-13 20:15:49.137 20524 20705 I DFInstaObserve: !toggles +blocked disable_feed=0 disable_explore=0 disable_reels=0 disable_stories=0 disable_adds=1
08-13 20:15:49.237 20524 20705 I DFInstaObserve: !toggles +blocked disable_feed=0 disable_explore=0 disable_reels=0 disable_stories=0 disable_adds=1
08-13 20:15:49.279 20524 20705 I DFInstaObserve: !toggles +blocked disable_feed=0 disable_explore=0 disable_reels=0 disable_stories=0 disable_adds=1
08-13 20:15:49.485 20524 20705 I DFInstaObserve: !toggles +blocked disable_feed=0 disable_explore=0 disable_reels=0 disable_stories=0 disable_adds=1
08-13 20:15:49.542 20524 20705 I DFInstaObserve: !toggles +blocked disable_feed=0 disable_explore=0 disable_reels=0 disable_stories=0 disable_adds=1
08-13 20:15:49.926 20524 21579 I DFInstaObserve: !toggles +blocked disable_feed=0 disable_explore=0 disable_reels=0 disable_stories=0 disable_adds=1
08-13 20:15:49.926 20524 21576 I DFInstaObserve: !toggles +blocked disable_feed=0 disable_explore=0 disable_reels=0 disable_stories=0 disable_adds=1
08-13 20:15:49.946 20524 20705 I DFInstaObserve: !toggles +blocked disable_feed=0 disable_explore=0 disable_reels=0 disable_stories=0 disable_adds=1
08-13 20:15:49.998 20524 20705 I DFInstaObserve: !toggles +blocked disable_feed=0 disable_explore=0 disable_reels=0 disable_stories=0 disable_adds=1
08-13 20:15:50.308 20524 20705 I DFInstaObserve: !toggles +blocked disable_feed=0 disable_explore=0 disable_reels=0 disable_stories=0 disable_adds=1
08-13 20:15:51.157 20524 20588 I DFInstaObserve: !toggles +blocked disable_feed=0 disable_explore=0 disable_reels=0 disable_stories=0 disable_adds=1
08-13 20:15:51.203 20524 20588 I DFInstaObserve: !toggles +blocked disable_feed=0 disable_explore=0 disable_reels=0 disable_stories=0 disable_adds=1
08-13 20:15:53.283 20524 21607 I DFInstaObserve: !toggles +blocked disable_feed=0 disable_explore=0 disable_reels=0 disable_stories=0 disable_adds=1
08-13 20:15:53.283 20524 21608 I DFInstaObserve: !toggles +blocked disable_feed=0 disable_explore=0 disable_reels=0 disable_stories=0 disable_adds=1
08-13 20:15:54.511 20524 20588 I DFInstaObserve: !toggles +blocked disable_feed=0 disable_explore=0 disable_reels=0 disable_stories=0 disable_adds=1
08-13 20:15:56.559 20524 21636 I DFInstaObserve: !toggles +blocked disable_feed=0 disable_explore=0 disable_reels=0 disable_stories=0 disable_adds=1
08-13 20:15:56.560 20524 21635 I DFInstaObserve: !toggles +blocked disable_feed=0 disable_explore=0 disable_reels=0 disable_stories=0 disable_adds=1
08-13 20:15:57.795 20524 21526 I DFInstaObserve: !toggles +blocked disable_feed=0 disable_explore=0 disable_reels=0 disable_stories=0 disable_adds=1
08-13 20:15:59.882 20524 21673 I DFInstaObserve: !toggles +blocked disable_feed=0 disable_explore=0 disable_reels=0 disable_stories=0 disable_adds=1
08-13 20:15:59.882 20524 21672 I DFInstaObserve: !toggles +blocked disable_feed=0 disable_explore=0 disable_reels=0 disable_stories=0 disable_adds=1
08-13 20:16:00.654 20524 21366 I DFInstaObserve: !toggles +blocked disable_feed=0 disable_explore=0 disable_reels=0 disable_stories=0 disable_adds=1
08-13 20:16:01.203 20524 20751 I DFInstaObserve: !toggles +blocked disable_feed=0 disable_explore=0 disable_reels=0 disable_stories=0 disable_adds=1
08-13 20:16:01.450 20524 20751 I DFInstaObserve: !toggles +blocked disable_feed=0 disable_explore=0 disable_reels=0 disable_stories=0 disable_adds=1
08-13 20:16:01.624 20524 20751 I DFInstaObserve: !toggles +blocked disable_feed=0 disable_explore=0 disable_reels=0 disable_stories=0 disable_adds=1
08-13 20:16:06.304 20524 21485 I DFInstaObserve: !toggles +blocked disable_feed=0 disable_explore=0 disable_reels=0 disable_stories=0 disable_adds=1
08-13 20:16:06.304 20524 21485 I DFInstaObserve: /clips/discover
08-13 20:16:06.304 20524 21485 I DFInstaObserve: /clips/discover/stream/
08-13 20:16:09.730 20524 20705 I DFInstaObserve: !toggles +blocked disable_feed=0 disable_explore=0 disable_reels=0 disable_stories=0 disable_adds=1
08-13 20:16:10.230 20524 20705 I DFInstaObserve: !toggles +blocked disable_feed=0 disable_explore=0 disable_reels=0 disable_stories=0 disable_adds=1
08-13 20:16:10.323 20524 20705 I DFInstaObserve: !toggles +blocked disable_feed=0 disable_explore=0 disable_reels=0 disable_stories=0 disable_adds=1
08-13 20:16:23.722 20524 21526 I DFInstaObserve: !toggles +blocked disable_feed=0 disable_explore=0 disable_reels=0 disable_stories=0 disable_adds=1
08-13 20:16:27.049 20524 20588 I DFInstaObserve: !toggles +blocked disable_feed=0 disable_explore=0 disable_reels=0 disable_stories=0 disable_adds=1
08-13 20:16:27.059 20524 21526 I DFInstaObserve: !toggles +blocked disable_feed=0 disable_explore=0 disable_reels=0 disable_stories=0 disable_adds=1
08-13 20:16:30.588 20524 20588 I DFInstaObserve: !toggles +blocked disable_feed=0 disable_explore=0 disable_reels=0 disable_stories=0 disable_adds=1
08-13 20:16:33.926 20524 20588 I DFInstaObserve: !toggles +blocked disable_feed=0 disable_explore=0 disable_reels=0 disable_stories=0 disable_adds=1
08-13 20:16:37.333 20524 20751 I DFInstaObserve: !toggles +blocked disable_feed=0 disable_explore=0 disable_reels=0 disable_stories=0 disable_adds=1
08-13 20:16:37.493 20524 20751 I DFInstaObserve: !toggles +blocked disable_feed=0 disable_explore=0 disable_reels=0 disable_stories=0 disable_adds=1
08-13 20:16:41.565 20524 21843 I DFInstaObserve: !toggles +blocked disable_feed=0 disable_explore=0 disable_reels=0 disable_stories=0 disable_adds=1
08-13 20:16:41.585 20524 21848 I DFInstaObserve: !toggles +blocked disable_feed=0 disable_explore=0 disable_reels=0 disable_stories=0 disable_adds=1
08-13 20:16:45.461 20524 21904 I DFInstaObserve: !toggles +blocked disable_feed=0 disable_explore=0 disable_reels=0 disable_stories=0 disable_adds=1
08-13 20:16:47.246 20524 21885 I DFInstaObserve: !toggles +blocked disable_feed=0 disable_explore=0 disable_reels=0 disable_stories=0 disable_adds=1
08-13 20:16:47.455 20524 21896 I DFInstaObserve: !toggles +blocked disable_feed=0 disable_explore=0 disable_reels=0 disable_stories=0 disable_adds=1
08-13 20:16:47.517 20524 21896 I DFInstaObserve: !toggles +blocked disable_feed=0 disable_explore=0 disable_reels=0 disable_stories=0 disable_adds=1
08-13 20:16:48.647 20524 21931 I DFInstaObserve: !toggles +blocked disable_feed=0 disable_explore=0 disable_reels=0 disable_stories=0 disable_adds=1
08-13 20:16:48.675 20524 21558 I DFInstaObserve: !toggles +blocked disable_feed=0 disable_explore=0 disable_reels=0 disable_stories=0 disable_adds=1
08-13 20:16:48.675 20524 21558 I DFInstaObserve: /discover/topical_explore
08-13 20:16:50.985 20524 21942 I DFInstaObserve: !toggles +blocked disable_feed=0 disable_explore=0 disable_reels=0 disable_stories=0 disable_adds=1
08-13 20:16:51.009 20524 21942 I DFInstaObserve: !toggles +blocked disable_feed=0 disable_explore=0 disable_reels=0 disable_stories=0 disable_adds=1
08-13 20:16:51.083 20524 21937 I DFInstaObserve: !toggles +blocked disable_feed=0 disable_explore=0 disable_reels=0 disable_stories=0 disable_adds=1
08-13 20:16:52.160 20524 21922 I DFInstaObserve: !toggles +blocked disable_feed=0 disable_explore=0 disable_reels=0 disable_stories=0 disable_adds=1
08-13 20:16:52.160 20524 21922 I DFInstaObserve: /discover/topical_explore
08-13 20:16:52.464 20524 21526 I DFInstaObserve: !toggles +blocked disable_feed=0 disable_explore=0 disable_reels=0 disable_stories=0 disable_adds=1
08-13 20:16:52.481 20524 21985 I DFInstaObserve: !toggles +blocked disable_feed=0 disable_explore=0 disable_reels=0 disable_stories=0 disable_adds=1
08-13 20:16:52.558 20524 21964 I DFInstaObserve: !toggles +blocked disable_feed=0 disable_explore=0 disable_reels=0 disable_stories=0 disable_adds=1
08-13 20:16:52.596 20524 21993 I DFInstaObserve: !toggles +blocked disable_feed=0 disable_explore=0 disable_reels=0 disable_stories=0 disable_adds=1
08-13 20:16:52.627 20524 20705 I DFInstaObserve: !toggles +blocked disable_feed=0 disable_explore=0 disable_reels=0 disable_stories=0 disable_adds=1
08-13 20:16:52.707 20524 22006 I DFInstaObserve: !toggles +blocked disable_feed=0 disable_explore=0 disable_reels=0 disable_stories=0 disable_adds=1
08-13 20:16:52.719 20524 21558 I DFInstaObserve: !toggles +blocked disable_feed=0 disable_explore=0 disable_reels=0 disable_stories=0 disable_adds=1
08-13 20:16:52.763 20524 20705 I DFInstaObserve: !toggles +blocked disable_feed=0 disable_explore=0 disable_reels=0 disable_stories=0 disable_adds=1
08-13 20:16:52.785 20524 21964 I DFInstaObserve: !toggles +blocked disable_feed=0 disable_explore=0 disable_reels=0 disable_stories=0 disable_adds=1
08-13 20:16:52.828 20524 20705 I DFInstaObserve: !toggles +blocked disable_feed=0 disable_explore=0 disable_reels=0 disable_stories=0 disable_adds=1
08-13 20:16:52.832 20524 22010 I DFInstaObserve: !toggles +blocked disable_feed=0 disable_explore=0 disable_reels=0 disable_stories=0 disable_adds=1
08-13 20:16:52.873 20524 21485 I DFInstaObserve: !toggles +blocked disable_feed=0 disable_explore=0 disable_reels=0 disable_stories=0 disable_adds=1
08-13 20:16:52.917 20524 21964 I DFInstaObserve: !toggles +blocked disable_feed=0 disable_explore=0 disable_reels=0 disable_stories=0 disable_adds=1
08-13 20:16:52.959 20524 21964 I DFInstaObserve: !toggles +blocked disable_feed=0 disable_explore=0 disable_reels=0 disable_stories=0 disable_adds=1
08-13 20:16:52.998 20524 21485 I DFInstaObserve: !toggles +blocked disable_feed=0 disable_explore=0 disable_reels=0 disable_stories=0 disable_adds=1
08-13 20:16:53.037 20524 20705 I DFInstaObserve: !toggles +blocked disable_feed=0 disable_explore=0 disable_reels=0 disable_stories=0 disable_adds=1
08-13 20:16:53.092 20524 20705 I DFInstaObserve: !toggles +blocked disable_feed=0 disable_explore=0 disable_reels=0 disable_stories=0 disable_adds=1
08-13 20:16:53.100 20524 21266 I DFInstaObserve: !toggles +blocked disable_feed=0 disable_explore=0 disable_reels=0 disable_stories=0 disable_adds=1
08-13 20:16:53.141 20524 21964 I DFInstaObserve: !toggles +blocked disable_feed=0 disable_explore=0 disable_reels=0 disable_stories=0 disable_adds=1
08-13 20:16:53.182 20524 20705 I DFInstaObserve: !toggles +blocked disable_feed=0 disable_explore=0 disable_reels=0 disable_stories=0 disable_adds=1
08-13 20:16:53.189 20524 21485 I DFInstaObserve: !toggles +blocked disable_feed=0 disable_explore=0 disable_reels=0 disable_stories=0 disable_adds=1
08-13 20:16:53.232 20524 21266 I DFInstaObserve: !toggles +blocked disable_feed=0 disable_explore=0 disable_reels=0 disable_stories=0 disable_adds=1
08-13 20:16:53.392 20524 21266 I DFInstaObserve: !toggles +blocked disable_feed=0 disable_explore=0 disable_reels=0 disable_stories=0 disable_adds=1
08-13 20:16:53.543 20524 20705 I DFInstaObserve: !toggles +blocked disable_feed=0 disable_explore=0 disable_reels=0 disable_stories=0 disable_adds=1
08-13 20:16:53.553 20524 21575 I DFInstaObserve: !toggles +blocked disable_feed=0 disable_explore=0 disable_reels=0 disable_stories=0 disable_adds=1
08-13 20:16:53.702 20524 20705 I DFInstaObserve: !toggles +blocked disable_feed=0 disable_explore=0 disable_reels=0 disable_stories=0 disable_adds=1
08-13 20:16:53.737 20524 20705 I DFInstaObserve: !toggles +blocked disable_feed=0 disable_explore=0 disable_reels=0 disable_stories=0 disable_adds=1
08-13 20:16:53.780 20524 20705 I DFInstaObserve: !toggles +blocked disable_feed=0 disable_explore=0 disable_reels=0 disable_stories=0 disable_adds=1
08-13 20:16:53.823 20524 20705 I DFInstaObserve: !toggles +blocked disable_feed=0 disable_explore=0 disable_reels=0 disable_stories=0 disable_adds=1
08-13 20:16:53.943 20524 20705 I DFInstaObserve: !toggles +blocked disable_feed=0 disable_explore=0 disable_reels=0 disable_stories=0 disable_adds=1
08-13 20:16:54.362 20524 21981 I DFInstaObserve: !toggles +blocked disable_feed=0 disable_explore=0 disable_reels=0 disable_stories=0 disable_adds=1
08-13 20:16:54.405 20524 21981 I DFInstaObserve: !toggles +blocked disable_feed=0 disable_explore=0 disable_reels=0 disable_stories=0 disable_adds=1
08-13 20:16:54.850 20524 21526 I DFInstaObserve: !toggles +blocked disable_feed=0 disable_explore=0 disable_reels=0 disable_stories=0 disable_adds=1
08-13 20:16:54.852 20524 22014 I DFInstaObserve: !toggles +blocked disable_feed=0 disable_explore=0 disable_reels=0 disable_stories=0 disable_adds=1
08-13 20:16:54.896 20524 20705 I DFInstaObserve: !toggles +blocked disable_feed=0 disable_explore=0 disable_reels=0 disable_stories=0 disable_adds=1
08-13 20:16:54.946 20524 21922 I DFInstaObserve: !toggles +blocked disable_feed=0 disable_explore=0 disable_reels=0 disable_stories=0 disable_adds=1
08-13 20:16:54.975 20524 21575 I DFInstaObserve: !toggles +blocked disable_feed=0 disable_explore=0 disable_reels=0 disable_stories=0 disable_adds=1
08-13 20:16:55.016 20524 22010 I DFInstaObserve: !toggles +blocked disable_feed=0 disable_explore=0 disable_reels=0 disable_stories=0 disable_adds=1
08-13 20:16:55.022 20524 20705 I DFInstaObserve: !toggles +blocked disable_feed=0 disable_explore=0 disable_reels=0 disable_stories=0 disable_adds=1
08-13 20:16:55.067 20524 20705 I DFInstaObserve: !toggles +blocked disable_feed=0 disable_explore=0 disable_reels=0 disable_stories=0 disable_adds=1
08-13 20:16:55.084 20524 21266 I DFInstaObserve: !toggles +blocked disable_feed=0 disable_explore=0 disable_reels=0 disable_stories=0 disable_adds=1
08-13 20:16:55.116 20524 21575 I DFInstaObserve: !toggles +blocked disable_feed=0 disable_explore=0 disable_reels=0 disable_stories=0 disable_adds=1
08-13 20:16:55.173 20524 20705 I DFInstaObserve: !toggles +blocked disable_feed=0 disable_explore=0 disable_reels=0 disable_stories=0 disable_adds=1
08-13 20:16:55.181 20524 21922 I DFInstaObserve: !toggles +blocked disable_feed=0 disable_explore=0 disable_reels=0 disable_stories=0 disable_adds=1
08-13 20:16:55.210 20524 20705 I DFInstaObserve: !toggles +blocked disable_feed=0 disable_explore=0 disable_reels=0 disable_stories=0 disable_adds=1
08-13 20:16:55.243 20524 20705 I DFInstaObserve: !toggles +blocked disable_feed=0 disable_explore=0 disable_reels=0 disable_stories=0 disable_adds=1
08-13 20:16:55.264 20524 21266 I DFInstaObserve: !toggles +blocked disable_feed=0 disable_explore=0 disable_reels=0 disable_stories=0 disable_adds=1
08-13 20:16:55.305 20524 22032 I DFInstaObserve: !toggles +blocked disable_feed=0 disable_explore=0 disable_reels=0 disable_stories=0 disable_adds=1
08-13 20:16:55.317 20524 20705 I DFInstaObserve: !toggles +blocked disable_feed=0 disable_explore=0 disable_reels=0 disable_stories=0 disable_adds=1
08-13 20:16:55.318 20524 22024 I DFInstaObserve: !toggles +blocked disable_feed=0 disable_explore=0 disable_reels=0 disable_stories=0 disable_adds=1
08-13 20:16:55.363 20524 22022 I DFInstaObserve: !toggles +blocked disable_feed=0 disable_explore=0 disable_reels=0 disable_stories=0 disable_adds=1
08-13 20:16:55.411 20524 21575 I DFInstaObserve: !toggles +blocked disable_feed=0 disable_explore=0 disable_reels=0 disable_stories=0 disable_adds=1
08-13 20:16:55.455 20524 20705 I DFInstaObserve: !toggles +blocked disable_feed=0 disable_explore=0 disable_reels=0 disable_stories=0 disable_adds=1
08-13 20:16:55.465 20524 22025 I DFInstaObserve: !toggles +blocked disable_feed=0 disable_explore=0 disable_reels=0 disable_stories=0 disable_adds=1
08-13 20:16:55.509 20524 22054 I DFInstaObserve: !toggles +blocked disable_feed=0 disable_explore=0 disable_reels=0 disable_stories=0 disable_adds=1
08-13 20:16:55.523 20524 20705 I DFInstaObserve: !toggles +blocked disable_feed=0 disable_explore=0 disable_reels=0 disable_stories=0 disable_adds=1
08-13 20:16:55.562 20524 21575 I DFInstaObserve: !toggles +blocked disable_feed=0 disable_explore=0 disable_reels=0 disable_stories=0 disable_adds=1
08-13 20:16:55.711 20524 22025 I DFInstaObserve: !toggles +blocked disable_feed=0 disable_explore=0 disable_reels=0 disable_stories=0 disable_adds=1
08-13 20:16:55.736 20524 22010 I DFInstaObserve: !toggles +blocked disable_feed=0 disable_explore=0 disable_reels=0 disable_stories=0 disable_adds=1
08-13 20:16:55.746 20524 20705 I DFInstaObserve: !toggles +blocked disable_feed=0 disable_explore=0 disable_reels=0 disable_stories=0 disable_adds=1
08-13 20:16:55.794 20524 22025 I DFInstaObserve: !toggles +blocked disable_feed=0 disable_explore=0 disable_reels=0 disable_stories=0 disable_adds=1
08-13 20:16:55.835 20524 22069 I DFInstaObserve: !toggles +blocked disable_feed=0 disable_explore=0 disable_reels=0 disable_stories=0 disable_adds=1
08-13 20:16:55.836 20524 20705 I DFInstaObserve: !toggles +blocked disable_feed=0 disable_explore=0 disable_reels=0 disable_stories=0 disable_adds=1
08-13 20:16:55.843 20524 22025 I DFInstaObserve: !toggles +blocked disable_feed=0 disable_explore=0 disable_reels=0 disable_stories=0 disable_adds=1
08-13 20:16:55.913 20524 20705 I DFInstaObserve: !toggles +blocked disable_feed=0 disable_explore=0 disable_reels=0 disable_stories=0 disable_adds=1
08-13 20:16:57.596 20524 22053 I DFInstaObserve: !toggles +blocked disable_feed=0 disable_explore=0 disable_reels=0 disable_stories=0 disable_adds=1
08-13 20:16:57.815 20524 22061 I DFInstaObserve: !toggles +blocked disable_feed=0 disable_explore=0 disable_reels=0 disable_stories=0 disable_adds=1
08-13 20:16:58.400 20524 22023 I DFInstaObserve: !toggles +blocked disable_feed=0 disable_explore=0 disable_reels=0 disable_stories=0 disable_adds=1
08-13 20:16:58.400 20524 22023 I DFInstaObserve: /discover/topical_explore
08-13 20:16:58.680 20524 22100 I DFInstaObserve: !toggles +blocked disable_feed=0 disable_explore=0 disable_reels=0 disable_stories=0 disable_adds=1
08-13 20:16:58.841 20524 22108 I DFInstaObserve: !toggles +blocked disable_feed=0 disable_explore=0 disable_reels=0 disable_stories=0 disable_adds=1
08-13 20:16:58.987 20524 22117 I DFInstaObserve: !toggles +blocked disable_feed=0 disable_explore=0 disable_reels=0 disable_stories=0 disable_adds=1
08-13 20:16:59.179 20524 22127 I DFInstaObserve: !toggles +blocked disable_feed=0 disable_explore=0 disable_reels=0 disable_stories=0 disable_adds=1
08-13 20:17:00.861 20524 21526 I DFInstaObserve: !toggles +blocked disable_feed=0 disable_explore=0 disable_reels=0 disable_stories=0 disable_adds=1
08-13 20:17:00.864 20524 22134 I DFInstaObserve: !toggles +blocked disable_feed=0 disable_explore=0 disable_reels=0 disable_stories=0 disable_adds=1
08-13 20:17:00.890 20524 20705 I DFInstaObserve: !toggles +blocked disable_feed=0 disable_explore=0 disable_reels=0 disable_stories=0 disable_adds=1
08-13 20:17:00.908 20524 22023 I DFInstaObserve: !toggles +blocked disable_feed=0 disable_explore=0 disable_reels=0 disable_stories=0 disable_adds=1
08-13 20:17:00.955 20524 22107 I DFInstaObserve: !toggles +blocked disable_feed=0 disable_explore=0 disable_reels=0 disable_stories=0 disable_adds=1
08-13 20:17:00.991 20524 22025 I DFInstaObserve: !toggles +blocked disable_feed=0 disable_explore=0 disable_reels=0 disable_stories=0 disable_adds=1
08-13 20:17:01.063 20524 22085 I DFInstaObserve: !toggles +blocked disable_feed=0 disable_explore=0 disable_reels=0 disable_stories=0 disable_adds=1
08-13 20:17:01.102 20524 22136 I DFInstaObserve: !toggles +blocked disable_feed=0 disable_explore=0 disable_reels=0 disable_stories=0 disable_adds=1
08-13 20:17:01.164 20524 22116 I DFInstaObserve: !toggles +blocked disable_feed=0 disable_explore=0 disable_reels=0 disable_stories=0 disable_adds=1
08-13 20:17:01.187 20524 22085 I DFInstaObserve: !toggles +blocked disable_feed=0 disable_explore=0 disable_reels=0 disable_stories=0 disable_adds=1
08-13 20:17:01.215 20524 22086 I DFInstaObserve: !toggles +blocked disable_feed=0 disable_explore=0 disable_reels=0 disable_stories=0 disable_adds=1
08-13 20:17:01.280 20524 22085 I DFInstaObserve: !toggles +blocked disable_feed=0 disable_explore=0 disable_reels=0 disable_stories=0 disable_adds=1
08-13 20:17:01.323 20524 22136 I DFInstaObserve: !toggles +blocked disable_feed=0 disable_explore=0 disable_reels=0 disable_stories=0 disable_adds=1
08-13 20:17:01.361 20524 22025 I DFInstaObserve: !toggles +blocked disable_feed=0 disable_explore=0 disable_reels=0 disable_stories=0 disable_adds=1
08-13 20:17:01.416 20524 20705 I DFInstaObserve: !toggles +blocked disable_feed=0 disable_explore=0 disable_reels=0 disable_stories=0 disable_adds=1
08-13 20:17:01.431 20524 22135 I DFInstaObserve: !toggles +blocked disable_feed=0 disable_explore=0 disable_reels=0 disable_stories=0 disable_adds=1
08-13 20:17:01.460 20524 20705 I DFInstaObserve: !toggles +blocked disable_feed=0 disable_explore=0 disable_reels=0 disable_stories=0 disable_adds=1
08-13 20:17:01.483 20524 22023 I DFInstaObserve: !toggles +blocked disable_feed=0 disable_explore=0 disable_reels=0 disable_stories=0 disable_adds=1
08-13 20:17:01.513 20524 22136 I DFInstaObserve: !toggles +blocked disable_feed=0 disable_explore=0 disable_reels=0 disable_stories=0 disable_adds=1
08-13 20:17:01.619 20524 22023 I DFInstaObserve: !toggles +blocked disable_feed=0 disable_explore=0 disable_reels=0 disable_stories=0 disable_adds=1
08-13 20:17:01.648 20524 21575 I DFInstaObserve: !toggles +blocked disable_feed=0 disable_explore=0 disable_reels=0 disable_stories=0 disable_adds=1
08-13 20:17:01.789 20524 22023 I DFInstaObserve: !toggles +blocked disable_feed=0 disable_explore=0 disable_reels=0 disable_stories=0 disable_adds=1
08-13 20:17:01.898 20524 22023 I DFInstaObserve: !toggles +blocked disable_feed=0 disable_explore=0 disable_reels=0 disable_stories=0 disable_adds=1
08-13 20:17:01.916 20524 20705 I DFInstaObserve: !toggles +blocked disable_feed=0 disable_explore=0 disable_reels=0 disable_stories=0 disable_adds=1
08-13 20:17:02.016 20524 20705 I DFInstaObserve: !toggles +blocked disable_feed=0 disable_explore=0 disable_reels=0 disable_stories=0 disable_adds=1
08-13 20:17:02.040 20524 20751 I DFInstaObserve: !toggles +blocked disable_feed=0 disable_explore=0 disable_reels=0 disable_stories=0 disable_adds=1
08-13 20:17:02.088 20524 20705 I DFInstaObserve: !toggles +blocked disable_feed=0 disable_explore=0 disable_reels=0 disable_stories=0 disable_adds=1
08-13 20:17:02.143 20524 20705 I DFInstaObserve: !toggles +blocked disable_feed=0 disable_explore=0 disable_reels=0 disable_stories=0 disable_adds=1
08-13 20:17:02.242 20524 20751 I DFInstaObserve: !toggles +blocked disable_feed=0 disable_explore=0 disable_reels=0 disable_stories=0 disable_adds=1
08-13 20:17:02.271 20524 20705 I DFInstaObserve: !toggles +blocked disable_feed=0 disable_explore=0 disable_reels=0 disable_stories=0 disable_adds=1
08-13 20:17:02.323 20524 20705 I DFInstaObserve: !toggles +blocked disable_feed=0 disable_explore=0 disable_reels=0 disable_stories=0 disable_adds=1
08-13 20:17:02.399 20524 20705 I DFInstaObserve: !toggles +blocked disable_feed=0 disable_explore=0 disable_reels=0 disable_stories=0 disable_adds=1
08-13 20:17:02.399 20524 20751 I DFInstaObserve: !toggles +blocked disable_feed=0 disable_explore=0 disable_reels=0 disable_stories=0 disable_adds=1
08-13 20:17:02.457 20524 20705 I DFInstaObserve: !toggles +blocked disable_feed=0 disable_explore=0 disable_reels=0 disable_stories=0 disable_adds=1
08-13 20:17:02.509 20524 20705 I DFInstaObserve: !toggles +blocked disable_feed=0 disable_explore=0 disable_reels=0 disable_stories=0 disable_adds=1
08-13 20:17:02.584 20524 20751 I DFInstaObserve: !toggles +blocked disable_feed=0 disable_explore=0 disable_reels=0 disable_stories=0 disable_adds=1
08-13 20:17:02.734 20524 20751 I DFInstaObserve: !toggles +blocked disable_feed=0 disable_explore=0 disable_reels=0 disable_stories=0 disable_adds=1
08-13 20:17:04.174 20524 22177 I DFInstaObserve: !toggles +blocked disable_feed=0 disable_explore=0 disable_reels=0 disable_stories=0 disable_adds=1
08-13 20:17:04.175 20524 22176 I DFInstaObserve: !toggles +blocked disable_feed=0 disable_explore=0 disable_reels=0 disable_stories=0 disable_adds=1
08-13 20:17:06.625 20524 22177 I DFInstaObserve: !toggles +blocked disable_feed=0 disable_explore=0 disable_reels=0 disable_stories=0 disable_adds=1
08-13 20:17:06.627 20524 22176 I DFInstaObserve: !toggles +blocked disable_feed=0 disable_explore=0 disable_reels=0 disable_stories=0 disable_adds=1
08-13 20:17:10.229 20524 22134 I DFInstaObserve: !toggles +blocked disable_feed=0 disable_explore=0 disable_reels=0 disable_stories=0 disable_adds=1
08-13 20:17:10.283 20524 22134 I DFInstaObserve: !toggles +blocked disable_feed=0 disable_explore=0 disable_reels=0 disable_stories=0 disable_adds=1
08-13 20:17:12.322 20524 22214 I DFInstaObserve: !toggles +blocked disable_feed=0 disable_explore=0 disable_reels=0 disable_stories=0 disable_adds=1
08-13 20:17:12.323 20524 22213 I DFInstaObserve: !toggles +blocked disable_feed=0 disable_explore=0 disable_reels=0 disable_stories=0 disable_adds=1
08-13 20:17:13.130 20524 22156 I DFInstaObserve: !toggles +blocked disable_feed=0 disable_explore=0 disable_reels=0 disable_stories=0 disable_adds=1
08-13 20:17:13.130 20524 22156 I DFInstaObserve: /clips/discover
08-13 20:17:13.130 20524 22156 I DFInstaObserve: /clips/discover/stream/
08-13 20:17:13.551 20524 22134 I DFInstaObserve: !toggles +blocked disable_feed=0 disable_explore=0 disable_reels=0 disable_stories=0 disable_adds=1
08-13 20:17:13.598 20524 22255 I DFInstaObserve: !toggles +blocked disable_feed=0 disable_explore=0 disable_reels=0 disable_stories=0 disable_adds=1
08-13 20:17:13.608 20524 21526 I DFInstaObserve: !toggles +blocked disable_feed=0 disable_explore=0 disable_reels=0 disable_stories=0 disable_adds=1
08-13 20:17:15.685 20524 22246 I DFInstaObserve: !toggles +blocked disable_feed=0 disable_explore=0 disable_reels=0 disable_stories=0 disable_adds=1
08-13 20:17:15.689 20524 22245 I DFInstaObserve: !toggles +blocked disable_feed=0 disable_explore=0 disable_reels=0 disable_stories=0 disable_adds=1
08-13 20:17:16.378 20524 21526 I DFInstaObserve: !toggles +blocked disable_feed=0 disable_explore=0 disable_reels=0 disable_stories=0 disable_adds=1
08-13 20:17:16.434 20524 20705 I DFInstaObserve: !toggles +blocked disable_feed=0 disable_explore=0 disable_reels=0 disable_stories=0 disable_adds=1
08-13 20:17:16.651 20524 20705 I DFInstaObserve: !toggles +blocked disable_feed=0 disable_explore=0 disable_reels=0 disable_stories=0 disable_adds=1
08-13 20:17:17.349 20524 21526 I DFInstaObserve: !toggles +blocked disable_feed=0 disable_explore=0 disable_reels=0 disable_stories=0 disable_adds=1
08-13 20:17:17.357 20524 21526 I DFInstaObserve: !toggles +blocked disable_feed=0 disable_explore=0 disable_reels=0 disable_stories=0 disable_adds=1
08-13 20:17:17.421 20524 22255 I DFInstaObserve: !toggles +blocked disable_feed=0 disable_explore=0 disable_reels=0 disable_stories=0 disable_adds=1
08-13 20:17:17.468 20524 22156 I DFInstaObserve: !toggles +blocked disable_feed=0 disable_explore=0 disable_reels=0 disable_stories=0 disable_adds=1
08-13 20:17:17.513 20524 22155 I DFInstaObserve: !toggles +blocked disable_feed=0 disable_explore=0 disable_reels=0 disable_stories=0 disable_adds=1
08-13 20:17:17.585 20524 22260 I DFInstaObserve: !toggles +blocked disable_feed=0 disable_explore=0 disable_reels=0 disable_stories=0 disable_adds=1
08-13 20:17:17.600 20524 20705 I DFInstaObserve: !toggles +blocked disable_feed=0 disable_explore=0 disable_reels=0 disable_stories=0 disable_adds=1
08-13 20:17:17.630 20524 22156 I DFInstaObserve: !toggles +blocked disable_feed=0 disable_explore=0 disable_reels=0 disable_stories=0 disable_adds=1
08-13 20:17:17.696 20524 22266 I DFInstaObserve: !toggles +blocked disable_feed=0 disable_explore=0 disable_reels=0 disable_stories=0 disable_adds=1
08-13 20:17:17.740 20524 22155 I DFInstaObserve: !toggles +blocked disable_feed=0 disable_explore=0 disable_reels=0 disable_stories=0 disable_adds=1
08-13 20:17:17.781 20524 22266 I DFInstaObserve: !toggles +blocked disable_feed=0 disable_explore=0 disable_reels=0 disable_stories=0 disable_adds=1
08-13 20:17:17.825 20524 22260 I DFInstaObserve: !toggles +blocked disable_feed=0 disable_explore=0 disable_reels=0 disable_stories=0 disable_adds=1
08-13 20:17:18.327 20524 20705 I DFInstaObserve: !toggles +blocked disable_feed=0 disable_explore=0 disable_reels=0 disable_stories=0 disable_adds=1
08-13 20:17:18.365 20524 20705 I DFInstaObserve: !toggles +blocked disable_feed=0 disable_explore=0 disable_reels=0 disable_stories=0 disable_adds=1
08-13 20:17:18.591 20524 20705 I DFInstaObserve: !toggles +blocked disable_feed=0 disable_explore=0 disable_reels=0 disable_stories=0 disable_adds=1
08-13 20:17:18.631 20524 20705 I DFInstaObserve: !toggles +blocked disable_feed=0 disable_explore=0 disable_reels=0 disable_stories=0 disable_adds=1
08-13 20:17:18.740 20524 20705 I DFInstaObserve: !toggles +blocked disable_feed=0 disable_explore=0 disable_reels=0 disable_stories=0 disable_adds=1
08-13 20:17:18.779 20524 20705 I DFInstaObserve: !toggles +blocked disable_feed=0 disable_explore=0 disable_reels=0 disable_stories=0 disable_adds=1
08-13 20:17:19.002 20524 22275 I DFInstaObserve: !toggles +blocked disable_feed=0 disable_explore=0 disable_reels=0 disable_stories=0 disable_adds=1
08-13 20:17:19.007 20524 22276 I DFInstaObserve: !toggles +blocked disable_feed=0 disable_explore=0 disable_reels=0 disable_stories=0 disable_adds=1
08-13 20:17:19.050 20524 20705 I DFInstaObserve: !toggles +blocked disable_feed=0 disable_explore=0 disable_reels=0 disable_stories=0 disable_adds=1
08-13 20:17:19.139 20524 20705 I DFInstaObserve: !toggles +blocked disable_feed=0 disable_explore=0 disable_reels=0 disable_stories=0 disable_adds=1
08-13 20:17:19.455 20524 20705 I DFInstaObserve: !toggles +blocked disable_feed=0 disable_explore=0 disable_reels=0 disable_stories=0 disable_adds=1
08-13 20:17:19.502 20524 20705 I DFInstaObserve: !toggles +blocked disable_feed=0 disable_explore=0 disable_reels=0 disable_stories=0 disable_adds=1
08-13 20:17:19.617 20524 20705 I DFInstaObserve: !toggles +blocked disable_feed=0 disable_explore=0 disable_reels=0 disable_stories=0 disable_adds=1
08-13 20:17:19.657 20524 20705 I DFInstaObserve: !toggles +blocked disable_feed=0 disable_explore=0 disable_reels=0 disable_stories=0 disable_adds=1
08-13 20:17:20.216 20524 20705 I DFInstaObserve: !toggles +blocked disable_feed=0 disable_explore=0 disable_reels=0 disable_stories=0 disable_adds=1
08-13 20:17:20.250 20524 20705 I DFInstaObserve: !toggles +blocked disable_feed=0 disable_explore=0 disable_reels=0 disable_stories=0 disable_adds=1
08-13 20:17:20.374 20524 20705 I DFInstaObserve: !toggles +blocked disable_feed=0 disable_explore=0 disable_reels=0 disable_stories=0 disable_adds=1
08-13 20:17:20.412 20524 20705 I DFInstaObserve: !toggles +blocked disable_feed=0 disable_explore=0 disable_reels=0 disable_stories=0 disable_adds=1
08-13 20:17:20.606 20524 20705 I DFInstaObserve: !toggles +blocked disable_feed=0 disable_explore=0 disable_reels=0 disable_stories=0 disable_adds=1
08-13 20:17:20.655 20524 20705 I DFInstaObserve: !toggles +blocked disable_feed=0 disable_explore=0 disable_reels=0 disable_stories=0 disable_adds=1
08-13 20:17:20.916 20524 20705 I DFInstaObserve: !toggles +blocked disable_feed=0 disable_explore=0 disable_reels=0 disable_stories=0 disable_adds=1
08-13 20:17:20.943 20524 20705 I DFInstaObserve: !toggles +blocked disable_feed=0 disable_explore=0 disable_reels=0 disable_stories=0 disable_adds=1
08-13 20:17:21.401 20524 20705 I DFInstaObserve: !toggles +blocked disable_feed=0 disable_explore=0 disable_reels=0 disable_stories=0 disable_adds=1
08-13 20:17:22.320 20524 22310 I DFInstaObserve: !toggles +blocked disable_feed=0 disable_explore=0 disable_reels=0 disable_stories=0 disable_adds=1
08-13 20:17:22.320 20524 22309 I DFInstaObserve: !toggles +blocked disable_feed=0 disable_explore=0 disable_reels=0 disable_stories=0 disable_adds=1
08-13 20:17:23.599 20524 21526 I DFInstaObserve: !toggles +blocked disable_feed=0 disable_explore=0 disable_reels=0 disable_stories=0 disable_adds=1
08-13 20:17:25.648 20524 22335 I DFInstaObserve: !toggles +blocked disable_feed=0 disable_explore=0 disable_reels=0 disable_stories=0 disable_adds=1
08-13 20:17:25.657 20524 22334 I DFInstaObserve: !toggles +blocked disable_feed=0 disable_explore=0 disable_reels=0 disable_stories=0 disable_adds=1
08-13 20:17:26.408 20524 22155 I DFInstaObserve: !toggles +blocked disable_feed=0 disable_explore=0 disable_reels=0 disable_stories=0 disable_adds=1
08-13 20:17:26.620 20524 20751 I DFInstaObserve: !toggles +blocked disable_feed=0 disable_explore=0 disable_reels=0 disable_stories=0 disable_adds=1
08-13 20:17:26.857 20524 20751 I DFInstaObserve: !toggles +blocked disable_feed=0 disable_explore=0 disable_reels=0 disable_stories=0 disable_adds=1
08-13 20:17:27.019 20524 20751 I DFInstaObserve: !toggles +blocked disable_feed=0 disable_explore=0 disable_reels=0 disable_stories=0 disable_adds=1
08-13 20:17:31.915 20524 22260 I DFInstaObserve: !toggles +blocked disable_feed=0 disable_explore=0 disable_reels=0 disable_stories=0 disable_adds=1
08-13 20:17:31.916 20524 22260 I DFInstaObserve: /clips/discover
08-13 20:17:31.916 20524 22260 I DFInstaObserve: /clips/discover/stream/
08-13 20:17:34.220 20524 20705 I DFInstaObserve: !toggles +blocked disable_feed=0 disable_explore=0 disable_reels=0 disable_stories=0 disable_adds=1
08-13 20:17:34.640 20524 20705 I DFInstaObserve: !toggles +blocked disable_feed=0 disable_explore=0 disable_reels=0 disable_stories=0 disable_adds=1
08-13 20:17:34.673 20524 20705 I DFInstaObserve: !toggles +blocked disable_feed=0 disable_explore=0 disable_reels=0 disable_stories=0 disable_adds=1
08-13 20:17:34.905 20524 20705 I DFInstaObserve: !toggles +blocked disable_feed=0 disable_explore=0 disable_reels=0 disable_stories=0 disable_adds=1
08-13 20:17:34.955 20524 20705 I DFInstaObserve: !toggles +blocked disable_feed=0 disable_explore=0 disable_reels=0 disable_stories=0 disable_adds=1
08-13 20:17:35.453 20524 20705 I DFInstaObserve: !toggles +blocked disable_feed=0 disable_explore=0 disable_reels=0 disable_stories=0 disable_adds=1
08-13 20:17:35.486 20524 20705 I DFInstaObserve: !toggles +blocked disable_feed=0 disable_explore=0 disable_reels=0 disable_stories=0 disable_adds=1
08-13 20:17:35.604 20524 20705 I DFInstaObserve: !toggles +blocked disable_feed=0 disable_explore=0 disable_reels=0 disable_stories=0 disable_adds=1
08-13 20:17:46.259 20524 22266 I DFInstaObserve: !toggles +blocked disable_feed=0 disable_explore=0 disable_reels=0 disable_stories=0 disable_adds=1
08-13 20:17:46.259 20524 22266 I DFInstaObserve: /feed/timeline/
08-13 20:17:48.477 20524 22413 I DFInstaObserve: !toggles +blocked disable_feed=0 disable_explore=0 disable_reels=0 disable_stories=0 disable_adds=1
08-13 20:17:48.556 20524 22134 I DFInstaObserve: !toggles +blocked disable_feed=0 disable_explore=0 disable_reels=0 disable_stories=0 disable_adds=1
08-13 20:17:48.562 20524 22134 I DFInstaObserve: !toggles +blocked disable_feed=0 disable_explore=0 disable_reels=0 disable_stories=0 disable_adds=1
08-13 20:17:48.832 20524 22421 I DFInstaObserve: !toggles +blocked disable_feed=0 disable_explore=0 disable_reels=0 disable_stories=0 disable_adds=1
08-13 20:17:49.075 20524 22260 I DFInstaObserve: !toggles +blocked disable_feed=0 disable_explore=0 disable_reels=0 disable_stories=0 disable_adds=1
08-13 20:17:49.244 20524 22266 I DFInstaObserve: !toggles +blocked disable_feed=0 disable_explore=0 disable_reels=0 disable_stories=0 disable_adds=1
08-13 20:17:49.383 20524 20705 I DFInstaObserve: !toggles +blocked disable_feed=0 disable_explore=0 disable_reels=0 disable_stories=0 disable_adds=1
08-13 20:17:49.430 20524 20705 I DFInstaObserve: !toggles +blocked disable_feed=0 disable_explore=0 disable_reels=0 disable_stories=0 disable_adds=1
08-13 20:17:49.448 20524 22421 I DFInstaObserve: !toggles +blocked disable_feed=0 disable_explore=0 disable_reels=0 disable_stories=0 disable_adds=1
08-13 20:17:49.474 20524 20705 I DFInstaObserve: !toggles +blocked disable_feed=0 disable_explore=0 disable_reels=0 disable_stories=0 disable_adds=1
08-13 20:17:49.520 20524 20705 I DFInstaObserve: !toggles +blocked disable_feed=0 disable_explore=0 disable_reels=0 disable_stories=0 disable_adds=1
08-13 20:17:49.599 20524 20705 I DFInstaObserve: !toggles +blocked disable_feed=0 disable_explore=0 disable_reels=0 disable_stories=0 disable_adds=1
08-13 20:17:49.636 20524 22423 I DFInstaObserve: !toggles +blocked disable_feed=0 disable_explore=0 disable_reels=0 disable_stories=0 disable_adds=1
08-13 20:17:49.665 20524 20705 I DFInstaObserve: !toggles +blocked disable_feed=0 disable_explore=0 disable_reels=0 disable_stories=0 disable_adds=1
08-13 20:17:49.854 20524 22266 I DFInstaObserve: !toggles +blocked disable_feed=0 disable_explore=0 disable_reels=0 disable_stories=0 disable_adds=1
08-13 20:17:50.024 20524 22423 I DFInstaObserve: !toggles +blocked disable_feed=0 disable_explore=0 disable_reels=0 disable_stories=0 disable_adds=1
08-13 20:17:50.170 20524 22422 I DFInstaObserve: !toggles +blocked disable_feed=0 disable_explore=0 disable_reels=0 disable_stories=0 disable_adds=1
08-13 20:17:50.302 20524 22266 I DFInstaObserve: !toggles +blocked disable_feed=0 disable_explore=0 disable_reels=0 disable_stories=0 disable_adds=1
08-13 20:17:50.449 20524 22260 I DFInstaObserve: !toggles +blocked disable_feed=0 disable_explore=0 disable_reels=0 disable_stories=0 disable_adds=1
08-13 20:17:50.707 20524 22423 I DFInstaObserve: !toggles +blocked disable_feed=0 disable_explore=0 disable_reels=0 disable_stories=0 disable_adds=1
08-13 20:17:52.824 20524 21526 I DFInstaObserve: !toggles +blocked disable_feed=0 disable_explore=0 disable_reels=0 disable_stories=0 disable_adds=1
08-13 20:17:56.331 20524 22134 I DFInstaObserve: !toggles +blocked disable_feed=0 disable_explore=0 disable_reels=0 disable_stories=0 disable_adds=1
08-13 20:17:59.368 20524 22134 I DFInstaObserve: !toggles +blocked disable_feed=0 disable_explore=0 disable_reels=0 disable_stories=0 disable_adds=1
08-13 20:18:02.761 20524 20751 I DFInstaObserve: !toggles +blocked disable_feed=0 disable_explore=0 disable_reels=0 disable_stories=0 disable_adds=1
08-13 20:18:02.916 20524 20751 I DFInstaObserve: !toggles +blocked disable_feed=0 disable_explore=0 disable_reels=0 disable_stories=0 disable_adds=1
08-13 20:18:04.721 20524 22512 I DFInstaObserve: !toggles +blocked disable_feed=0 disable_explore=0 disable_reels=0 disable_stories=0 disable_adds=1
08-13 20:18:07.096 20524 22492 I DFInstaObserve: !toggles +blocked disable_feed=0 disable_explore=0 disable_reels=0 disable_stories=0 disable_adds=1
08-13 20:18:07.117 20524 22497 I DFInstaObserve: !toggles +blocked disable_feed=0 disable_explore=0 disable_reels=0 disable_stories=0 disable_adds=1
08-13 20:18:07.121 20524 22492 I DFInstaObserve: !toggles +blocked disable_feed=0 disable_explore=0 disable_reels=0 disable_stories=0 disable_adds=1
08-13 20:18:07.125 20524 22497 I DFInstaObserve: !toggles +blocked disable_feed=0 disable_explore=0 disable_reels=0 disable_stories=0 disable_adds=1
08-13 20:18:10.703 20524 22266 I DFInstaObserve: !toggles +blocked disable_feed=0 disable_explore=0 disable_reels=0 disable_stories=0 disable_adds=1
08-13 20:18:10.703 20524 22266 I DFInstaObserve: /discover/topical_explore
08-13 20:18:10.916 20524 22573 I DFInstaObserve: !toggles +blocked disable_feed=0 disable_explore=0 disable_reels=0 disable_stories=0 disable_adds=1
08-13 20:18:13.249 20524 22586 I DFInstaObserve: !toggles +blocked disable_feed=0 disable_explore=0 disable_reels=0 disable_stories=0 disable_adds=1
08-13 20:18:13.311 20524 22586 I DFInstaObserve: !toggles +blocked disable_feed=0 disable_explore=0 disable_reels=0 disable_stories=0 disable_adds=1
08-13 20:18:13.473 20524 22600 I DFInstaObserve: !toggles +blocked disable_feed=0 disable_explore=0 disable_reels=0 disable_stories=0 disable_adds=1
08-13 20:18:14.036 20524 22266 I DFInstaObserve: !toggles +blocked disable_feed=0 disable_explore=0 disable_reels=0 disable_stories=0 disable_adds=1
08-13 20:18:14.036 20524 22266 I DFInstaObserve: /discover/topical_explore
08-13 20:18:14.421 20524 22134 I DFInstaObserve: !toggles +blocked disable_feed=0 disable_explore=0 disable_reels=0 disable_stories=0 disable_adds=1
08-13 20:18:14.424 20524 22619 I DFInstaObserve: !toggles +blocked disable_feed=0 disable_explore=0 disable_reels=0 disable_stories=0 disable_adds=1
08-13 20:18:14.457 20524 20705 I DFInstaObserve: !toggles +blocked disable_feed=0 disable_explore=0 disable_reels=0 disable_stories=0 disable_adds=1
08-13 20:18:14.468 20524 22624 I DFInstaObserve: !toggles +blocked disable_feed=0 disable_explore=0 disable_reels=0 disable_stories=0 disable_adds=1
08-13 20:18:14.618 20524 22423 I DFInstaObserve: !toggles +blocked disable_feed=0 disable_explore=0 disable_reels=0 disable_stories=0 disable_adds=1
08-13 20:18:14.649 20524 22577 I DFInstaObserve: !toggles +blocked disable_feed=0 disable_explore=0 disable_reels=0 disable_stories=0 disable_adds=1
08-13 20:18:14.696 20524 22630 I DFInstaObserve: !toggles +blocked disable_feed=0 disable_explore=0 disable_reels=0 disable_stories=0 disable_adds=1
08-13 20:18:14.748 20524 20705 I DFInstaObserve: !toggles +blocked disable_feed=0 disable_explore=0 disable_reels=0 disable_stories=0 disable_adds=1
08-13 20:18:14.792 20524 20705 I DFInstaObserve: !toggles +blocked disable_feed=0 disable_explore=0 disable_reels=0 disable_stories=0 disable_adds=1
08-13 20:18:14.827 20524 22630 I DFInstaObserve: !toggles +blocked disable_feed=0 disable_explore=0 disable_reels=0 disable_stories=0 disable_adds=1
08-13 20:18:14.899 20524 22578 I DFInstaObserve: !toggles +blocked disable_feed=0 disable_explore=0 disable_reels=0 disable_stories=0 disable_adds=1
08-13 20:18:14.930 20524 22577 I DFInstaObserve: !toggles +blocked disable_feed=0 disable_explore=0 disable_reels=0 disable_stories=0 disable_adds=1
08-13 20:18:15.014 20524 22423 I DFInstaObserve: !toggles +blocked disable_feed=0 disable_explore=0 disable_reels=0 disable_stories=0 disable_adds=1
08-13 20:18:15.049 20524 22577 I DFInstaObserve: !toggles +blocked disable_feed=0 disable_explore=0 disable_reels=0 disable_stories=0 disable_adds=1
08-13 20:18:15.095 20524 22577 I DFInstaObserve: !toggles +blocked disable_feed=0 disable_explore=0 disable_reels=0 disable_stories=0 disable_adds=1
08-13 20:18:15.198 20524 20705 I DFInstaObserve: !toggles +blocked disable_feed=0 disable_explore=0 disable_reels=0 disable_stories=0 disable_adds=1
08-13 20:18:15.236 20524 20705 I DFInstaObserve: !toggles +blocked disable_feed=0 disable_explore=0 disable_reels=0 disable_stories=0 disable_adds=1
08-13 20:18:15.355 20524 20705 I DFInstaObserve: !toggles +blocked disable_feed=0 disable_explore=0 disable_reels=0 disable_stories=0 disable_adds=1
08-13 20:18:15.403 20524 20705 I DFInstaObserve: !toggles +blocked disable_feed=0 disable_explore=0 disable_reels=0 disable_stories=0 disable_adds=1
08-13 20:18:15.564 20524 20705 I DFInstaObserve: !toggles +blocked disable_feed=0 disable_explore=0 disable_reels=0 disable_stories=0 disable_adds=1
08-13 20:18:15.625 20524 20705 I DFInstaObserve: !toggles +blocked disable_feed=0 disable_explore=0 disable_reels=0 disable_stories=0 disable_adds=1
08-13 20:18:15.703 20524 20705 I DFInstaObserve: !toggles +blocked disable_feed=0 disable_explore=0 disable_reels=0 disable_stories=0 disable_adds=1
08-13 20:18:16.125 20524 22592 I DFInstaObserve: !toggles +blocked disable_feed=0 disable_explore=0 disable_reels=0 disable_stories=0 disable_adds=1
08-13 20:18:17.425 20524 22642 I DFInstaObserve: !toggles +blocked disable_feed=0 disable_explore=0 disable_reels=0 disable_stories=0 disable_adds=1
08-13 20:18:17.431 20524 22619 I DFInstaObserve: !toggles +blocked disable_feed=0 disable_explore=0 disable_reels=0 disable_stories=0 disable_adds=1
08-13 20:18:17.493 20524 20705 I DFInstaObserve: !toggles +blocked disable_feed=0 disable_explore=0 disable_reels=0 disable_stories=0 disable_adds=1
08-13 20:18:17.509 20524 22266 I DFInstaObserve: !toggles +blocked disable_feed=0 disable_explore=0 disable_reels=0 disable_stories=0 disable_adds=1
08-13 20:18:17.556 20524 22577 I DFInstaObserve: !toggles +blocked disable_feed=0 disable_explore=0 disable_reels=0 disable_stories=0 disable_adds=1
08-13 20:18:17.565 20524 20705 I DFInstaObserve: !toggles +blocked disable_feed=0 disable_explore=0 disable_reels=0 disable_stories=0 disable_adds=1
08-13 20:18:17.607 20524 20705 I DFInstaObserve: !toggles +blocked disable_feed=0 disable_explore=0 disable_reels=0 disable_stories=0 disable_adds=1
08-13 20:18:17.631 20524 22644 I DFInstaObserve: !toggles +blocked disable_feed=0 disable_explore=0 disable_reels=0 disable_stories=0 disable_adds=1
08-13 20:18:17.690 20524 22266 I DFInstaObserve: !toggles +blocked disable_feed=0 disable_explore=0 disable_reels=0 disable_stories=0 disable_adds=1
08-13 20:18:17.699 20524 20705 I DFInstaObserve: !toggles +blocked disable_feed=0 disable_explore=0 disable_reels=0 disable_stories=0 disable_adds=1
08-13 20:18:17.751 20524 20705 I DFInstaObserve: !toggles +blocked disable_feed=0 disable_explore=0 disable_reels=0 disable_stories=0 disable_adds=1
08-13 20:18:17.760 20524 22660 I DFInstaObserve: !toggles +blocked disable_feed=0 disable_explore=0 disable_reels=0 disable_stories=0 disable_adds=1
08-13 20:18:17.803 20524 22644 I DFInstaObserve: !toggles +blocked disable_feed=0 disable_explore=0 disable_reels=0 disable_stories=0 disable_adds=1
08-13 20:18:17.819 20524 20705 I DFInstaObserve: !toggles +blocked disable_feed=0 disable_explore=0 disable_reels=0 disable_stories=0 disable_adds=1
08-13 20:18:17.868 20524 20705 I DFInstaObserve: !toggles +blocked disable_feed=0 disable_explore=0 disable_reels=0 disable_stories=0 disable_adds=1
08-13 20:18:17.913 20524 22578 I DFInstaObserve: !toggles +blocked disable_feed=0 disable_explore=0 disable_reels=0 disable_stories=0 disable_adds=1
08-13 20:18:17.947 20524 22643 I DFInstaObserve: !toggles +blocked disable_feed=0 disable_explore=0 disable_reels=0 disable_stories=0 disable_adds=1
08-13 20:18:18.031 20524 22643 I DFInstaObserve: !toggles +blocked disable_feed=0 disable_explore=0 disable_reels=0 disable_stories=0 disable_adds=1
08-13 20:18:18.064 20524 22266 I DFInstaObserve: !toggles +blocked disable_feed=0 disable_explore=0 disable_reels=0 disable_stories=0 disable_adds=1
08-13 20:18:18.105 20524 22578 I DFInstaObserve: !toggles +blocked disable_feed=0 disable_explore=0 disable_reels=0 disable_stories=0 disable_adds=1
08-13 20:18:18.138 20524 22578 I DFInstaObserve: !toggles +blocked disable_feed=0 disable_explore=0 disable_reels=0 disable_stories=0 disable_adds=1
08-13 20:18:18.181 20524 22423 I DFInstaObserve: !toggles +blocked disable_feed=0 disable_explore=0 disable_reels=0 disable_stories=0 disable_adds=1
08-13 20:18:18.228 20524 20705 I DFInstaObserve: !toggles +blocked disable_feed=0 disable_explore=0 disable_reels=0 disable_stories=0 disable_adds=1
08-13 20:18:18.281 20524 20705 I DFInstaObserve: !toggles +blocked disable_feed=0 disable_explore=0 disable_reels=0 disable_stories=0 disable_adds=1
08-13 20:18:18.466 20524 20705 I DFInstaObserve: !toggles +blocked disable_feed=0 disable_explore=0 disable_reels=0 disable_stories=0 disable_adds=1
08-13 20:18:18.505 20524 20705 I DFInstaObserve: !toggles +blocked disable_feed=0 disable_explore=0 disable_reels=0 disable_stories=0 disable_adds=1
08-13 20:18:18.677 20524 20705 I DFInstaObserve: !toggles +blocked disable_feed=0 disable_explore=0 disable_reels=0 disable_stories=0 disable_adds=1
08-13 20:18:19.765 20524 22662 I DFInstaObserve: !toggles +blocked disable_feed=0 disable_explore=0 disable_reels=0 disable_stories=0 disable_adds=1
08-13 20:18:20.106 20524 22669 I DFInstaObserve: !toggles +blocked disable_feed=0 disable_explore=0 disable_reels=0 disable_stories=0 disable_adds=1
08-13 20:18:20.592 20524 22644 I DFInstaObserve: !toggles +blocked disable_feed=0 disable_explore=0 disable_reels=0 disable_stories=0 disable_adds=1
08-13 20:18:20.592 20524 22644 I DFInstaObserve: /discover/topical_explore
08-13 20:18:23.282 20524 22716 I DFInstaObserve: !toggles +blocked disable_feed=0 disable_explore=0 disable_reels=0 disable_stories=0 disable_adds=1
08-13 20:18:23.309 20524 22716 I DFInstaObserve: !toggles +blocked disable_feed=0 disable_explore=0 disable_reels=0 disable_stories=0 disable_adds=1
08-13 20:18:23.504 20524 22728 I DFInstaObserve: !toggles +blocked disable_feed=0 disable_explore=0 disable_reels=0 disable_stories=0 disable_adds=1
08-13 20:18:23.541 20524 22728 I DFInstaObserve: !toggles +blocked disable_feed=0 disable_explore=0 disable_reels=0 disable_stories=0 disable_adds=1
08-13 20:18:23.940 20524 22744 I DFInstaObserve: !toggles +blocked disable_feed=0 disable_explore=0 disable_reels=0 disable_stories=0 disable_adds=1
08-13 20:18:23.947 20524 22619 I DFInstaObserve: !toggles +blocked disable_feed=0 disable_explore=0 disable_reels=0 disable_stories=0 disable_adds=1
08-13 20:18:23.985 20524 20705 I DFInstaObserve: !toggles +blocked disable_feed=0 disable_explore=0 disable_reels=0 disable_stories=0 disable_adds=1
08-13 20:18:24.072 20524 22748 I DFInstaObserve: !toggles +blocked disable_feed=0 disable_explore=0 disable_reels=0 disable_stories=0 disable_adds=1
08-13 20:18:24.072 20524 22748 I DFInstaObserve: /discover/topical_explore
08-13 20:18:24.074 20524 22644 I DFInstaObserve: !toggles +blocked disable_feed=0 disable_explore=0 disable_reels=0 disable_stories=0 disable_adds=1
08-13 20:18:24.091 20524 20705 I DFInstaObserve: !toggles +blocked disable_feed=0 disable_explore=0 disable_reels=0 disable_stories=0 disable_adds=1
08-13 20:18:24.131 20524 22423 I DFInstaObserve: !toggles +blocked disable_feed=0 disable_explore=0 disable_reels=0 disable_stories=0 disable_adds=1
08-13 20:18:24.138 20524 20705 I DFInstaObserve: !toggles +blocked disable_feed=0 disable_explore=0 disable_reels=0 disable_stories=0 disable_adds=1
08-13 20:18:24.160 20524 22746 I DFInstaObserve: !toggles +blocked disable_feed=0 disable_explore=0 disable_reels=0 disable_stories=0 disable_adds=1
08-13 20:18:24.290 20524 20934 I DFInstaObserve: !toggles +blocked disable_feed=0 disable_explore=0 disable_reels=0 disable_stories=0 disable_adds=1
08-13 20:18:24.346 20524 20705 I DFInstaObserve: !toggles +blocked disable_feed=0 disable_explore=0 disable_reels=0 disable_stories=0 disable_adds=1
08-13 20:18:24.370 20524 22702 I DFInstaObserve: !toggles +blocked disable_feed=0 disable_explore=0 disable_reels=0 disable_stories=0 disable_adds=1
08-13 20:18:24.423 20524 20705 I DFInstaObserve: !toggles +blocked disable_feed=0 disable_explore=0 disable_reels=0 disable_stories=0 disable_adds=1
08-13 20:18:24.447 20524 22751 I DFInstaObserve: !toggles +blocked disable_feed=0 disable_explore=0 disable_reels=0 disable_stories=0 disable_adds=1
08-13 20:18:24.492 20524 20705 I DFInstaObserve: !toggles +blocked disable_feed=0 disable_explore=0 disable_reels=0 disable_stories=0 disable_adds=1
08-13 20:18:24.513 20524 20934 I DFInstaObserve: !toggles +blocked disable_feed=0 disable_explore=0 disable_reels=0 disable_stories=0 disable_adds=1
08-13 20:18:24.528 20524 22745 I DFInstaObserve: !toggles +blocked disable_feed=0 disable_explore=0 disable_reels=0 disable_stories=0 disable_adds=1
08-13 20:18:24.547 20524 20705 I DFInstaObserve: !toggles +blocked disable_feed=0 disable_explore=0 disable_reels=0 disable_stories=0 disable_adds=1
08-13 20:18:24.582 20524 22745 I DFInstaObserve: !toggles +blocked disable_feed=0 disable_explore=0 disable_reels=0 disable_stories=0 disable_adds=1
08-13 20:18:24.680 20524 22750 I DFInstaObserve: !toggles +blocked disable_feed=0 disable_explore=0 disable_reels=0 disable_stories=0 disable_adds=1
08-13 20:18:24.686 20524 20705 I DFInstaObserve: !toggles +blocked disable_feed=0 disable_explore=0 disable_reels=0 disable_stories=0 disable_adds=1
08-13 20:18:24.726 20524 22746 I DFInstaObserve: !toggles +blocked disable_feed=0 disable_explore=0 disable_reels=0 disable_stories=0 disable_adds=1
08-13 20:18:24.768 20524 20705 I DFInstaObserve: !toggles +blocked disable_feed=0 disable_explore=0 disable_reels=0 disable_stories=0 disable_adds=1
08-13 20:18:24.809 20524 22702 I DFInstaObserve: !toggles +blocked disable_feed=0 disable_explore=0 disable_reels=0 disable_stories=0 disable_adds=1
08-13 20:18:24.824 20524 20705 I DFInstaObserve: !toggles +blocked disable_feed=0 disable_explore=0 disable_reels=0 disable_stories=0 disable_adds=1
08-13 20:18:24.877 20524 22750 I DFInstaObserve: !toggles +blocked disable_feed=0 disable_explore=0 disable_reels=0 disable_stories=0 disable_adds=1
08-13 20:18:24.911 20524 22746 I DFInstaObserve: !toggles +blocked disable_feed=0 disable_explore=0 disable_reels=0 disable_stories=0 disable_adds=1
08-13 20:18:26.428 20524 22784 I DFInstaObserve: !toggles +blocked disable_feed=0 disable_explore=0 disable_reels=0 disable_stories=0 disable_adds=1
08-13 20:18:26.431 20524 22744 I DFInstaObserve: !toggles +blocked disable_feed=0 disable_explore=0 disable_reels=0 disable_stories=0 disable_adds=1
08-13 20:18:26.454 20524 20705 I DFInstaObserve: !toggles +blocked disable_feed=0 disable_explore=0 disable_reels=0 disable_stories=0 disable_adds=1
08-13 20:18:26.492 20524 20705 I DFInstaObserve: !toggles +blocked disable_feed=0 disable_explore=0 disable_reels=0 disable_stories=0 disable_adds=1
08-13 20:18:26.530 20524 22748 I DFInstaObserve: !toggles +blocked disable_feed=0 disable_explore=0 disable_reels=0 disable_stories=0 disable_adds=1
08-13 20:18:26.552 20524 20705 I DFInstaObserve: !toggles +blocked disable_feed=0 disable_explore=0 disable_reels=0 disable_stories=0 disable_adds=1
08-13 20:18:26.563 20524 22423 I DFInstaObserve: !toggles +blocked disable_feed=0 disable_explore=0 disable_reels=0 disable_stories=0 disable_adds=1
08-13 20:18:26.626 20524 22767 I DFInstaObserve: !toggles +blocked disable_feed=0 disable_explore=0 disable_reels=0 disable_stories=0 disable_adds=1
08-13 20:18:26.633 20524 20705 I DFInstaObserve: !toggles +blocked disable_feed=0 disable_explore=0 disable_reels=0 disable_stories=0 disable_adds=1
08-13 20:18:26.635 20524 22748 I DFInstaObserve: !toggles +blocked disable_feed=0 disable_explore=0 disable_reels=0 disable_stories=0 disable_adds=1
08-13 20:18:26.671 20524 22423 I DFInstaObserve: !toggles +blocked disable_feed=0 disable_explore=0 disable_reels=0 disable_stories=0 disable_adds=1
08-13 20:18:26.678 20524 20705 I DFInstaObserve: !toggles +blocked disable_feed=0 disable_explore=0 disable_reels=0 disable_stories=0 disable_adds=1
08-13 20:18:26.721 20524 20705 I DFInstaObserve: !toggles +blocked disable_feed=0 disable_explore=0 disable_reels=0 disable_stories=0 disable_adds=1
08-13 20:18:26.728 20524 22750 I DFInstaObserve: !toggles +blocked disable_feed=0 disable_explore=0 disable_reels=0 disable_stories=0 disable_adds=1
08-13 20:18:26.771 20524 20705 I DFInstaObserve: !toggles +blocked disable_feed=0 disable_explore=0 disable_reels=0 disable_stories=0 disable_adds=1
08-13 20:18:26.804 20524 22423 I DFInstaObserve: !toggles +blocked disable_feed=0 disable_explore=0 disable_reels=0 disable_stories=0 disable_adds=1
08-13 20:18:26.807 20524 20705 I DFInstaObserve: !toggles +blocked disable_feed=0 disable_explore=0 disable_reels=0 disable_stories=0 disable_adds=1
08-13 20:18:26.844 20524 20705 I DFInstaObserve: !toggles +blocked disable_feed=0 disable_explore=0 disable_reels=0 disable_stories=0 disable_adds=1
08-13 20:18:26.872 20524 22785 I DFInstaObserve: !toggles +blocked disable_feed=0 disable_explore=0 disable_reels=0 disable_stories=0 disable_adds=1
08-13 20:18:26.923 20524 22423 I DFInstaObserve: !toggles +blocked disable_feed=0 disable_explore=0 disable_reels=0 disable_stories=0 disable_adds=1
08-13 20:18:26.978 20524 20705 I DFInstaObserve: !toggles +blocked disable_feed=0 disable_explore=0 disable_reels=0 disable_stories=0 disable_adds=1
08-13 20:18:26.983 20524 22773 I DFInstaObserve: !toggles +blocked disable_feed=0 disable_explore=0 disable_reels=0 disable_stories=0 disable_adds=1
08-13 20:18:27.014 20524 22748 I DFInstaObserve: !toggles +blocked disable_feed=0 disable_explore=0 disable_reels=0 disable_stories=0 disable_adds=1
08-13 20:18:27.081 20524 22785 I DFInstaObserve: !toggles +blocked disable_feed=0 disable_explore=0 disable_reels=0 disable_stories=0 disable_adds=1
08-13 20:18:27.116 20524 22702 I DFInstaObserve: !toggles +blocked disable_feed=0 disable_explore=0 disable_reels=0 disable_stories=0 disable_adds=1
08-13 20:18:27.161 20524 20705 I DFInstaObserve: !toggles +blocked disable_feed=0 disable_explore=0 disable_reels=0 disable_stories=0 disable_adds=1
08-13 20:18:27.238 20524 22785 I DFInstaObserve: !toggles +blocked disable_feed=0 disable_explore=0 disable_reels=0 disable_stories=0 disable_adds=1
08-13 20:18:27.312 20524 22746 I DFInstaObserve: !toggles +blocked disable_feed=0 disable_explore=0 disable_reels=0 disable_stories=0 disable_adds=1
08-13 20:18:27.403 20524 22820 I DFInstaObserve: !toggles +blocked disable_feed=0 disable_explore=0 disable_reels=0 disable_stories=0 disable_adds=1
08-13 20:18:27.526 20524 20751 I DFInstaObserve: !toggles +blocked disable_feed=0 disable_explore=0 disable_reels=0 disable_stories=0 disable_adds=1
08-13 20:18:27.745 20524 20705 I DFInstaObserve: !toggles +blocked disable_feed=0 disable_explore=0 disable_reels=0 disable_stories=0 disable_adds=1
08-13 20:18:27.748 20524 20751 I DFInstaObserve: !toggles +blocked disable_feed=0 disable_explore=0 disable_reels=0 disable_stories=0 disable_adds=1
08-13 20:18:27.997 20524 20751 I DFInstaObserve: !toggles +blocked disable_feed=0 disable_explore=0 disable_reels=0 disable_stories=0 disable_adds=1
08-13 20:18:28.176 20524 20751 I DFInstaObserve: !toggles +blocked disable_feed=0 disable_explore=0 disable_reels=0 disable_stories=0 disable_adds=1
08-13 20:18:28.413 20524 20751 I DFInstaObserve: !toggles +blocked disable_feed=0 disable_explore=0 disable_reels=0 disable_stories=0 disable_adds=1
08-13 20:18:29.580 20524 22820 I DFInstaObserve: !toggles +blocked disable_feed=0 disable_explore=0 disable_reels=0 disable_stories=0 disable_adds=1
08-13 20:18:29.580 20524 22821 I DFInstaObserve: !toggles +blocked disable_feed=0 disable_explore=0 disable_reels=0 disable_stories=0 disable_adds=1
08-13 20:18:35.756 20524 22744 I DFInstaObserve: !toggles +blocked disable_feed=0 disable_explore=0 disable_reels=0 disable_stories=0 disable_adds=1
08-13 20:18:37.864 20524 22853 I DFInstaObserve: !toggles +blocked disable_feed=0 disable_explore=0 disable_reels=0 disable_stories=0 disable_adds=1
08-13 20:18:37.864 20524 22854 I DFInstaObserve: !toggles +blocked disable_feed=0 disable_explore=0 disable_reels=0 disable_stories=0 disable_adds=1
08-13 20:18:39.095 20524 22784 I DFInstaObserve: !toggles +blocked disable_feed=0 disable_explore=0 disable_reels=0 disable_stories=0 disable_adds=1
08-13 20:18:41.185 20524 22881 I DFInstaObserve: !toggles +blocked disable_feed=0 disable_explore=0 disable_reels=0 disable_stories=0 disable_adds=1
08-13 20:18:41.194 20524 22882 I DFInstaObserve: !toggles +blocked disable_feed=0 disable_explore=0 disable_reels=0 disable_stories=0 disable_adds=1
08-13 20:18:42.453 20524 22785 I DFInstaObserve: !toggles +blocked disable_feed=0 disable_explore=0 disable_reels=0 disable_stories=0 disable_adds=1
08-13 20:18:44.508 20524 22905 I DFInstaObserve: !toggles +blocked disable_feed=0 disable_explore=0 disable_reels=0 disable_stories=0 disable_adds=1
08-13 20:18:44.514 20524 22906 I DFInstaObserve: !toggles +blocked disable_feed=0 disable_explore=0 disable_reels=0 disable_stories=0 disable_adds=1
08-13 20:18:47.820 20524 22932 I DFInstaObserve: !toggles +blocked disable_feed=0 disable_explore=0 disable_reels=0 disable_stories=0 disable_adds=1
08-13 20:18:47.821 20524 22931 I DFInstaObserve: !toggles +blocked disable_feed=0 disable_explore=0 disable_reels=0 disable_stories=0 disable_adds=1
08-13 20:18:49.079 20524 22744 I DFInstaObserve: !toggles +blocked disable_feed=0 disable_explore=0 disable_reels=0 disable_stories=0 disable_adds=1
08-13 20:18:51.149 20524 22956 I DFInstaObserve: !toggles +blocked disable_feed=0 disable_explore=0 disable_reels=0 disable_stories=0 disable_adds=1
08-13 20:18:51.149 20524 22957 I DFInstaObserve: !toggles +blocked disable_feed=0 disable_explore=0 disable_reels=0 disable_stories=0 disable_adds=1
