08-14 01:57:18.083  1349  1805 I DFInstaObserve: !toggles +blocked disable_feed=1 disable_explore=0 disable_reels=0 disable_stories=0 disable_adds=0
08-14 01:57:18.084  1349  1805 I DFInstaObserve: /feed/timeline/
08-14 01:57:18.084  1349  1805 I DFInstaObserve: !blocked /feed/timeline/
08-14 01:57:18.094  1349  1810 I DFInstaObserve: !toggles +blocked disable_feed=1 disable_explore=0 disable_reels=0 disable_stories=0 disable_adds=0
08-14 01:57:18.094  1349  1810 I DFInstaObserve: /feed/reels_tray/
08-14 01:57:18.442  1349  1349 E IgFunctionalErrorEvent: FEED_NOT_LOADING
08-14 01:57:18.442  1349  1349 E IgFunctionalErrorEvent: java.io.IOException: Blocked by DFInsta setting
08-14 01:57:18.478  1349  1973 I DFInstaObserve: !toggles +blocked disable_feed=1 disable_explore=0 disable_reels=0 disable_stories=0 disable_adds=0
08-14 01:57:18.859  1349  1807 I DFInstaObserve: !toggles +blocked disable_feed=1 disable_explore=0 disable_reels=0 disable_stories=0 disable_adds=0
08-14 01:57:18.871  1349  1805 I DFInstaObserve: !toggles +blocked disable_feed=1 disable_explore=0 disable_reels=0 disable_stories=0 disable_adds=0
08-14 01:57:18.872  1349  1805 I DFInstaObserve: /feed/reels_media_stream/
08-14 01:57:18.956  1349  1973 I DFInstaObserve: !toggles +blocked disable_feed=1 disable_explore=0 disable_reels=0 disable_stories=0 disable_adds=0
08-14 01:57:18.970  1349  1593 I DFInstaObserve: !toggles +blocked disable_feed=1 disable_explore=0 disable_reels=0 disable_stories=0 disable_adds=0
08-14 01:57:18.976  1349  1847 I DFInstaObserve: !toggles +blocked disable_feed=1 disable_explore=0 disable_reels=0 disable_stories=0 disable_adds=0
08-14 01:57:19.103  1349  1847 I DFInstaObserve: !toggles +blocked disable_feed=1 disable_explore=0 disable_reels=0 disable_stories=0 disable_adds=0
08-14 01:57:19.157  1349  1598 I DFInstaObserve: !toggles +blocked disable_feed=1 disable_explore=0 disable_reels=0 disable_stories=0 disable_adds=0
08-14 01:57:19.163  1349  1598 I DFInstaObserve: !toggles +blocked disable_feed=1 disable_explore=0 disable_reels=0 disable_stories=0 disable_adds=0
08-14 01:57:19.251  1349  1638 I DFInstaObserve: !toggles +blocked disable_feed=1 disable_explore=0 disable_reels=0 disable_stories=0 disable_adds=0
08-14 01:57:19.348  1349  1607 I DFInstaObserve: !toggles +blocked disable_feed=1 disable_explore=0 disable_reels=0 disable_stories=0 disable_adds=0
08-14 01:57:19.451  1349  1660 I DFInstaObserve: !toggles +blocked disable_feed=1 disable_explore=0 disable_reels=0 disable_stories=0 disable_adds=0
08-14 01:57:19.514  1349  1638 I DFInstaObserve: !toggles +blocked disable_feed=1 disable_explore=0 disable_reels=0 disable_stories=0 disable_adds=0
08-14 01:57:19.796  1349  1810 I DFInstaObserve: !toggles +blocked disable_feed=1 disable_explore=0 disable_reels=0 disable_stories=0 disable_adds=0
08-14 01:57:19.904  1349  2253 I DFInstaObserve: !toggles +blocked disable_feed=1 disable_explore=0 disable_reels=0 disable_stories=0 disable_adds=0
08-14 01:57:20.131  1349  2311 I DFInstaObserve: !toggles +blocked disable_feed=1 disable_explore=0 disable_reels=0 disable_stories=0 disable_adds=0
08-14 01:57:20.222  1349  2253 I DFInstaObserve: !toggles +blocked disable_feed=1 disable_explore=0 disable_reels=0 disable_stories=0 disable_adds=0
08-14 01:57:20.777  1349  2336 I DFInstaObserve: !toggles +blocked disable_feed=1 disable_explore=0 disable_reels=0 disable_stories=0 disable_adds=0
08-14 01:57:20.798  1349  1847 I DFInstaObserve: !toggles +blocked disable_feed=1 disable_explore=0 disable_reels=0 disable_stories=0 disable_adds=0
08-14 01:57:20.846  1349  2339 I DFInstaObserve: !toggles +blocked disable_feed=1 disable_explore=0 disable_reels=0 disable_stories=0 disable_adds=0
08-14 01:57:20.963  1349  1847 I DFInstaObserve: !toggles +blocked disable_feed=1 disable_explore=0 disable_reels=0 disable_stories=0 disable_adds=0
08-14 01:57:20.989  1349  1847 I DFInstaObserve: !toggles +blocked disable_feed=1 disable_explore=0 disable_reels=0 disable_stories=0 disable_adds=0
08-14 01:57:21.180  1349  2336 I DFInstaObserve: !toggles +blocked disable_feed=1 disable_explore=0 disable_reels=0 disable_stories=0 disable_adds=0
08-14 01:57:21.209  1349  1847 I DFInstaObserve: !toggles +blocked disable_feed=1 disable_explore=0 disable_reels=0 disable_stories=0 disable_adds=0
08-14 01:57:21.237  1349  1847 I DFInstaObserve: !toggles +blocked disable_feed=1 disable_explore=0 disable_reels=0 disable_stories=0 disable_adds=0
08-14 01:57:21.279  1349  2335 I DFInstaObserve: !toggles +blocked disable_feed=1 disable_explore=0 disable_reels=0 disable_stories=0 disable_adds=0
08-14 01:57:21.432  1349  1847 I DFInstaObserve: !toggles +blocked disable_feed=1 disable_explore=0 disable_reels=0 disable_stories=0 disable_adds=0
08-14 01:57:21.462  1349  1660 I DFInstaObserve: !toggles +blocked disable_feed=1 disable_explore=0 disable_reels=0 disable_stories=0 disable_adds=0
08-14 01:57:21.462  1349  1660 I DFInstaObserve: /feed/timeline/
08-14 01:57:21.462  1349  1660 I DFInstaObserve: !blocked /feed/timeline/
08-14 01:57:21.464  1349  1847 I DFInstaObserve: !toggles +blocked disable_feed=1 disable_explore=0 disable_reels=0 disable_stories=0 disable_adds=0
08-14 01:57:21.466  1349  1349 E IgFunctionalErrorEvent: FEED_NOT_LOADING
08-14 01:57:21.467  1349  1349 E IgFunctionalErrorEvent: java.io.IOException: Blocked by DFInsta setting
08-14 01:57:21.606  1349  1847 I DFInstaObserve: !toggles +blocked disable_feed=1 disable_explore=0 disable_reels=0 disable_stories=0 disable_adds=0
08-14 01:57:21.634  1349  1847 I DFInstaObserve: !toggles +blocked disable_feed=1 disable_explore=0 disable_reels=0 disable_stories=0 disable_adds=0
08-14 01:57:21.699  1349  1847 I DFInstaObserve: !toggles +blocked disable_feed=1 disable_explore=0 disable_reels=0 disable_stories=0 disable_adds=0
08-14 01:57:21.726  1349  1847 I DFInstaObserve: !toggles +blocked disable_feed=1 disable_explore=0 disable_reels=0 disable_stories=0 disable_adds=0
08-14 01:57:21.806  1349  1847 I DFInstaObserve: !toggles +blocked disable_feed=1 disable_explore=0 disable_reels=0 disable_stories=0 disable_adds=0
08-14 01:57:21.835  1349  1847 I DFInstaObserve: !toggles +blocked disable_feed=1 disable_explore=0 disable_reels=0 disable_stories=0 disable_adds=0
08-14 01:57:21.983  1349  1847 I DFInstaObserve: !toggles +blocked disable_feed=1 disable_explore=0 disable_reels=0 disable_stories=0 disable_adds=0
08-14 01:57:22.236  1349  1973 I DFInstaObserve: !toggles +blocked disable_feed=1 disable_explore=0 disable_reels=0 disable_stories=0 disable_adds=0
08-14 01:57:24.480  1349  2311 I DFInstaObserve: !toggles +blocked disable_feed=1 disable_explore=0 disable_reels=0 disable_stories=0 disable_adds=0
08-14 01:57:24.480  1349  2311 I DFInstaObserve: /feed/timeline/
08-14 01:57:24.480  1349  2311 I DFInstaObserve: !blocked /feed/timeline/
08-14 01:57:24.486  1349  1349 E IgFunctionalErrorEvent: FEED_NOT_LOADING
08-14 01:57:24.486  1349  1349 E IgFunctionalErrorEvent: java.io.IOException: Blocked by DFInsta setting
08-14 01:57:27.500  1349  2333 I DFInstaObserve: !toggles +blocked disable_feed=1 disable_explore=0 disable_reels=0 disable_stories=0 disable_adds=0
08-14 01:57:27.500  1349  2333 I DFInstaObserve: /feed/timeline/
08-14 01:57:27.500  1349  2333 I DFInstaObserve: !blocked /feed/timeline/
08-14 01:57:27.515  1349  1349 E IgFunctionalErrorEvent: FEED_NOT_LOADING
08-14 01:57:27.515  1349  1349 E IgFunctionalErrorEvent: java.io.IOException: Blocked by DFInsta setting
08-14 01:57:35.693  1349  2311 I DFInstaObserve: !toggles +blocked disable_feed=1 disable_explore=0 disable_reels=0 disable_stories=0 disable_adds=0
08-14 01:57:35.693  1349  2311 I DFInstaObserve: /feed/timeline/
08-14 01:57:35.693  1349  2311 I DFInstaObserve: !blocked /feed/timeline/
08-14 01:57:35.695  1349  2333 I DFInstaObserve: !toggles +blocked disable_feed=1 disable_explore=0 disable_reels=0 disable_stories=0 disable_adds=0
08-14 01:57:35.695  1349  2333 I DFInstaObserve: /feed/reels_tray/
08-14 01:57:35.701  1349  1349 E IgFunctionalErrorEvent: FEED_NOT_LOADING
08-14 01:57:35.702  1349  1349 E IgFunctionalErrorEvent: java.io.IOException: Blocked by DFInsta setting
08-14 01:57:38.716  1349  2311 I DFInstaObserve: !toggles +blocked disable_feed=1 disable_explore=0 disable_reels=0 disable_stories=0 disable_adds=0
08-14 01:57:38.716  1349  2311 I DFInstaObserve: /feed/timeline/
08-14 01:57:38.716  1349  2311 I DFInstaObserve: !blocked /feed/timeline/
08-14 01:57:38.718  1349  1349 E IgFunctionalErrorEvent: FEED_NOT_LOADING
08-14 01:57:38.719  1349  1349 E IgFunctionalErrorEvent: java.io.IOException: Blocked by DFInsta setting
08-14 01:57:41.735  1349  2333 I DFInstaObserve: !toggles +blocked disable_feed=1 disable_explore=0 disable_reels=0 disable_stories=0 disable_adds=0
08-14 01:57:41.735  1349  2333 I DFInstaObserve: /feed/timeline/
08-14 01:57:41.735  1349  2333 I DFInstaObserve: !blocked /feed/timeline/
08-14 01:57:41.739  1349  1349 E IgFunctionalErrorEvent: FEED_NOT_LOADING
08-14 01:57:41.739  1349  1349 E IgFunctionalErrorEvent: java.io.IOException: Blocked by DFInsta setting
08-14 01:57:43.818  1349  2333 I DFInstaObserve: !toggles +blocked disable_feed=1 disable_explore=0 disable_reels=0 disable_stories=0 disable_adds=0
08-14 01:57:43.818  1349  2333 I DFInstaObserve: /feed/reels_tray/
08-14 01:57:43.818  1349  1660 I DFInstaObserve: !toggles +blocked disable_feed=1 disable_explore=0 disable_reels=0 disable_stories=0 disable_adds=0
08-14 01:57:43.818  1349  1660 I DFInstaObserve: /feed/timeline/
08-14 01:57:43.818  1349  1660 I DFInstaObserve: !blocked /feed/timeline/
08-14 01:57:43.824  1349  1349 E IgFunctionalErrorEvent: FEED_NOT_LOADING
08-14 01:57:43.824  1349  1349 E IgFunctionalErrorEvent: java.io.IOException: Blocked by DFInsta setting
08-14 01:57:43.840  1349  2311 I DFInstaObserve: !toggles +blocked disable_feed=1 disable_explore=0 disable_reels=0 disable_stories=0 disable_adds=0
08-14 01:57:43.840  1349  2311 I DFInstaObserve: /feed/timeline/
08-14 01:57:43.840  1349  2311 I DFInstaObserve: !blocked /feed/timeline/
08-14 01:57:43.856  1349  1349 E IgFunctionalErrorEvent: FEED_NOT_LOADING
08-14 01:57:43.856  1349  1349 E IgFunctionalErrorEvent: java.io.IOException: Blocked by DFInsta setting
08-14 01:57:43.873  1349  1660 I DFInstaObserve: !toggles +blocked disable_feed=1 disable_explore=0 disable_reels=0 disable_stories=0 disable_adds=0
08-14 01:57:43.873  1349  1660 I DFInstaObserve: /feed/timeline/
08-14 01:57:43.873  1349  1660 I DFInstaObserve: !blocked /feed/timeline/
08-14 01:57:43.885  1349  1349 E IgFunctionalErrorEvent: FEED_NOT_LOADING
08-14 01:57:43.885  1349  1349 E IgFunctionalErrorEvent: java.io.IOException: Blocked by DFInsta setting
08-14 01:57:43.907  1349  2542 I DFInstaObserve: !toggles +blocked disable_feed=1 disable_explore=0 disable_reels=0 disable_stories=0 disable_adds=0
08-14 01:57:43.907  1349  2542 I DFInstaObserve: /feed/timeline/
08-14 01:57:43.907  1349  2542 I DFInstaObserve: !blocked /feed/timeline/
08-14 01:57:43.931  1349  1349 E IgFunctionalErrorEvent: FEED_NOT_LOADING
08-14 01:57:43.931  1349  1349 E IgFunctionalErrorEvent: java.io.IOException: Blocked by DFInsta setting
08-14 01:57:43.955  1349  2311 I DFInstaObserve: !toggles +blocked disable_feed=1 disable_explore=0 disable_reels=0 disable_stories=0 disable_adds=0
08-14 01:57:43.955  1349  2311 I DFInstaObserve: /feed/timeline/
08-14 01:57:43.955  1349  2311 I DFInstaObserve: !blocked /feed/timeline/
08-14 01:57:43.974  1349  1349 E IgFunctionalErrorEvent: FEED_NOT_LOADING
08-14 01:57:43.975  1349  1349 E IgFunctionalErrorEvent: java.io.IOException: Blocked by DFInsta setting
08-14 01:57:43.997  1349  2311 I DFInstaObserve: !toggles +blocked disable_feed=1 disable_explore=0 disable_reels=0 disable_stories=0 disable_adds=0
08-14 01:57:43.997  1349  2311 I DFInstaObserve: /feed/timeline/
08-14 01:57:43.997  1349  2311 I DFInstaObserve: !blocked /feed/timeline/
08-14 01:57:44.019  1349  1349 E IgFunctionalErrorEvent: FEED_NOT_LOADING
08-14 01:57:44.019  1349  1349 E IgFunctionalErrorEvent: java.io.IOException: Blocked by DFInsta setting
08-14 01:57:44.037  1349  2542 I DFInstaObserve: !toggles +blocked disable_feed=1 disable_explore=0 disable_reels=0 disable_stories=0 disable_adds=0
08-14 01:57:44.037  1349  2542 I DFInstaObserve: /feed/timeline/
08-14 01:57:44.037  1349  2542 I DFInstaObserve: !blocked /feed/timeline/
08-14 01:57:44.048  1349  1349 E IgFunctionalErrorEvent: FEED_NOT_LOADING
08-14 01:57:44.048  1349  1349 E IgFunctionalErrorEvent: java.io.IOException: Blocked by DFInsta setting
08-14 01:57:44.067  1349  1660 I DFInstaObserve: !toggles +blocked disable_feed=1 disable_explore=0 disable_reels=0 disable_stories=0 disable_adds=0
08-14 01:57:44.067  1349  1660 I DFInstaObserve: /feed/timeline/
08-14 01:57:44.067  1349  1660 I DFInstaObserve: !blocked /feed/timeline/
08-14 01:57:44.082  1349  1349 E IgFunctionalErrorEvent: FEED_NOT_LOADING
08-14 01:57:44.082  1349  1349 E IgFunctionalErrorEvent: java.io.IOException: Blocked by DFInsta setting
08-14 01:57:44.099  1349  2542 I DFInstaObserve: !toggles +blocked disable_feed=1 disable_explore=0 disable_reels=0 disable_stories=0 disable_adds=0
08-14 01:57:44.099  1349  2542 I DFInstaObserve: /feed/timeline/
08-14 01:57:44.099  1349  2542 I DFInstaObserve: !blocked /feed/timeline/
08-14 01:57:44.120  1349  1349 E IgFunctionalErrorEvent: FEED_NOT_LOADING
08-14 01:57:44.120  1349  1349 E IgFunctionalErrorEvent: java.io.IOException: Blocked by DFInsta setting
08-14 01:57:44.751  1349  2311 I DFInstaObserve: !toggles +blocked disable_feed=1 disable_explore=0 disable_reels=0 disable_stories=0 disable_adds=0
08-14 01:57:44.751  1349  2311 I DFInstaObserve: /feed/timeline/
08-14 01:57:44.751  1349  2311 I DFInstaObserve: !blocked /feed/timeline/
08-14 01:57:44.761  1349  1349 E IgFunctionalErrorEvent: FEED_NOT_LOADING
08-14 01:57:44.762  1349  1349 E IgFunctionalErrorEvent: java.io.IOException: Blocked by DFInsta setting
08-14 01:58:11.812  1349  2542 I DFInstaObserve: !toggles +blocked disable_feed=1 disable_explore=0 disable_reels=0 disable_stories=0 disable_adds=0
08-14 01:58:11.910  1349  2311 I DFInstaObserve: !toggles +blocked disable_feed=1 disable_explore=0 disable_reels=0 disable_stories=0 disable_adds=0
08-14 01:58:11.910  1349  2311 I DFInstaObserve: /discover/topical_explore
08-14 01:58:11.914  1349  2542 I DFInstaObserve: !toggles +blocked disable_feed=1 disable_explore=0 disable_reels=0 disable_stories=0 disable_adds=0
08-14 01:58:12.655  1349  1973 I DFInstaObserve: !toggles +blocked disable_feed=1 disable_explore=0 disable_reels=0 disable_stories=0 disable_adds=0
08-14 01:58:15.079  1349  1598 I DFInstaObserve: !toggles +blocked disable_feed=1 disable_explore=0 disable_reels=0 disable_stories=0 disable_adds=0
08-14 01:58:15.097  1349  1598 I DFInstaObserve: !toggles +blocked disable_feed=1 disable_explore=0 disable_reels=0 disable_stories=0 disable_adds=0
08-14 01:58:15.109  1349  1593 I DFInstaObserve: !toggles +blocked disable_feed=1 disable_explore=0 disable_reels=0 disable_stories=0 disable_adds=0
08-14 01:58:15.117  1349  1593 I DFInstaObserve: !toggles +blocked disable_feed=1 disable_explore=0 disable_reels=0 disable_stories=0 disable_adds=0
08-14 01:58:15.122  1349  1598 I DFInstaObserve: !toggles +blocked disable_feed=1 disable_explore=0 disable_reels=0 disable_stories=0 disable_adds=0
08-14 01:58:15.130  1349  1598 I DFInstaObserve: !toggles +blocked disable_feed=1 disable_explore=0 disable_reels=0 disable_stories=0 disable_adds=0
08-14 01:58:15.138  1349  1598 I DFInstaObserve: !toggles +blocked disable_feed=1 disable_explore=0 disable_reels=0 disable_stories=0 disable_adds=0
08-14 01:58:15.145  1349  1598 I DFInstaObserve: !toggles +blocked disable_feed=1 disable_explore=0 disable_reels=0 disable_stories=0 disable_adds=0
08-14 01:58:15.156  1349  1593 I DFInstaObserve: !toggles +blocked disable_feed=1 disable_explore=0 disable_reels=0 disable_stories=0 disable_adds=0
08-14 01:58:15.162  1349  1593 I DFInstaObserve: !toggles +blocked disable_feed=1 disable_explore=0 disable_reels=0 disable_stories=0 disable_adds=0
08-14 01:58:15.169  1349  1598 I DFInstaObserve: !toggles +blocked disable_feed=1 disable_explore=0 disable_reels=0 disable_stories=0 disable_adds=0
08-14 01:58:15.186  1349  1593 I DFInstaObserve: !toggles +blocked disable_feed=1 disable_explore=0 disable_reels=0 disable_stories=0 disable_adds=0
08-14 01:58:15.191  1349  1598 I DFInstaObserve: !toggles +blocked disable_feed=1 disable_explore=0 disable_reels=0 disable_stories=0 disable_adds=0
08-14 01:58:15.214  1349  1847 I DFInstaObserve: !toggles +blocked disable_feed=1 disable_explore=0 disable_reels=0 disable_stories=0 disable_adds=0
08-14 01:58:15.239  1349  2951 I DFInstaObserve: !toggles +blocked disable_feed=1 disable_explore=0 disable_reels=0 disable_stories=0 disable_adds=0
08-14 01:58:15.310  1349  1847 I DFInstaObserve: !toggles +blocked disable_feed=1 disable_explore=0 disable_reels=0 disable_stories=0 disable_adds=0
08-14 01:58:15.336  1349  2982 I DFInstaObserve: !toggles +blocked disable_feed=1 disable_explore=0 disable_reels=0 disable_stories=0 disable_adds=0
08-14 01:58:15.355  1349  1847 I DFInstaObserve: !toggles +blocked disable_feed=1 disable_explore=0 disable_reels=0 disable_stories=0 disable_adds=0
08-14 01:58:15.405  1349  1847 I DFInstaObserve: !toggles +blocked disable_feed=1 disable_explore=0 disable_reels=0 disable_stories=0 disable_adds=0
08-14 01:58:15.435  1349  2999 I DFInstaObserve: !toggles +blocked disable_feed=1 disable_explore=0 disable_reels=0 disable_stories=0 disable_adds=0
08-14 01:58:15.456  1349  1847 I DFInstaObserve: !toggles +blocked disable_feed=1 disable_explore=0 disable_reels=0 disable_stories=0 disable_adds=0
08-14 01:58:15.465  1349  2904 I DFInstaObserve: !toggles +blocked disable_feed=1 disable_explore=0 disable_reels=0 disable_stories=0 disable_adds=0
08-14 01:58:15.500  1349  2905 I DFInstaObserve: !toggles +blocked disable_feed=1 disable_explore=0 disable_reels=0 disable_stories=0 disable_adds=0
08-14 01:58:15.532  1349  1847 I DFInstaObserve: !toggles +blocked disable_feed=1 disable_explore=0 disable_reels=0 disable_stories=0 disable_adds=0
08-14 01:58:15.621  1349  2333 I DFInstaObserve: !toggles +blocked disable_feed=1 disable_explore=0 disable_reels=0 disable_stories=0 disable_adds=0
08-14 01:58:15.689  1349  2904 I DFInstaObserve: !toggles +blocked disable_feed=1 disable_explore=0 disable_reels=0 disable_stories=0 disable_adds=0
08-14 01:58:15.761  1349  2333 I DFInstaObserve: !toggles +blocked disable_feed=1 disable_explore=0 disable_reels=0 disable_stories=0 disable_adds=0
08-14 01:58:15.826  1349  2542 I DFInstaObserve: !toggles +blocked disable_feed=1 disable_explore=0 disable_reels=0 disable_stories=0 disable_adds=0
08-14 01:58:15.860  1349  2333 I DFInstaObserve: !toggles +blocked disable_feed=1 disable_explore=0 disable_reels=0 disable_stories=0 disable_adds=0
08-14 01:58:15.881  1349  2904 I DFInstaObserve: !toggles +blocked disable_feed=1 disable_explore=0 disable_reels=0 disable_stories=0 disable_adds=0
08-14 01:58:15.946  1349  2542 I DFInstaObserve: !toggles +blocked disable_feed=1 disable_explore=0 disable_reels=0 disable_stories=0 disable_adds=0
08-14 01:58:16.018  1349  2333 I DFInstaObserve: !toggles +blocked disable_feed=1 disable_explore=0 disable_reels=0 disable_stories=0 disable_adds=0
08-14 01:58:16.108  1349  1847 I DFInstaObserve: !toggles +blocked disable_feed=1 disable_explore=0 disable_reels=0 disable_stories=0 disable_adds=0
08-14 01:58:16.142  1349  1847 I DFInstaObserve: !toggles +blocked disable_feed=1 disable_explore=0 disable_reels=0 disable_stories=0 disable_adds=0
08-14 01:58:16.194  1349  1847 I DFInstaObserve: !toggles +blocked disable_feed=1 disable_explore=0 disable_reels=0 disable_stories=0 disable_adds=0
08-14 01:58:17.324  1349  2951 I DFInstaObserve: !toggles +blocked disable_feed=1 disable_explore=0 disable_reels=0 disable_stories=0 disable_adds=0
08-14 01:58:17.416  1349  2982 I DFInstaObserve: !toggles +blocked disable_feed=1 disable_explore=0 disable_reels=0 disable_stories=0 disable_adds=0
08-14 01:58:19.831  1349  2951 I DFInstaObserve: !toggles +blocked disable_feed=1 disable_explore=0 disable_reels=0 disable_stories=0 disable_adds=0
08-14 01:58:19.861  1349  2904 I DFInstaObserve: !toggles +blocked disable_feed=1 disable_explore=0 disable_reels=0 disable_stories=0 disable_adds=0
08-14 01:58:19.861  1349  2904 I DFInstaObserve: /discover/topical_explore
08-14 01:58:19.918  1349  2982 I DFInstaObserve: !toggles +blocked disable_feed=1 disable_explore=0 disable_reels=0 disable_stories=0 disable_adds=0
08-14 01:58:22.107  1349  1598 I DFInstaObserve: !toggles +blocked disable_feed=1 disable_explore=0 disable_reels=0 disable_stories=0 disable_adds=0
08-14 01:58:22.112  1349  1598 I DFInstaObserve: !toggles +blocked disable_feed=1 disable_explore=0 disable_reels=0 disable_stories=0 disable_adds=0
08-14 01:58:22.117  1349  1598 I DFInstaObserve: !toggles +blocked disable_feed=1 disable_explore=0 disable_reels=0 disable_stories=0 disable_adds=0
08-14 01:58:22.234  1349  1598 I DFInstaObserve: !toggles +blocked disable_feed=1 disable_explore=0 disable_reels=0 disable_stories=0 disable_adds=0
08-14 01:58:22.238  1349  1593 I DFInstaObserve: !toggles +blocked disable_feed=1 disable_explore=0 disable_reels=0 disable_stories=0 disable_adds=0
08-14 01:58:22.268  1349  1847 I DFInstaObserve: !toggles +blocked disable_feed=1 disable_explore=0 disable_reels=0 disable_stories=0 disable_adds=0
08-14 01:58:22.309  1349  2904 I DFInstaObserve: !toggles +blocked disable_feed=1 disable_explore=0 disable_reels=0 disable_stories=0 disable_adds=0
08-14 01:58:22.321  1349  1847 I DFInstaObserve: !toggles +blocked disable_feed=1 disable_explore=0 disable_reels=0 disable_stories=0 disable_adds=0
08-14 01:58:22.357  1349  1847 I DFInstaObserve: !toggles +blocked disable_feed=1 disable_explore=0 disable_reels=0 disable_stories=0 disable_adds=0
08-14 01:58:22.387  1349  2333 I DFInstaObserve: !toggles +blocked disable_feed=1 disable_explore=0 disable_reels=0 disable_stories=0 disable_adds=0
08-14 01:58:22.424  1349  1847 I DFInstaObserve: !toggles +blocked disable_feed=1 disable_explore=0 disable_reels=0 disable_stories=0 disable_adds=0
08-14 01:58:22.452  1349  1847 I DFInstaObserve: !toggles +blocked disable_feed=1 disable_explore=0 disable_reels=0 disable_stories=0 disable_adds=0
08-14 01:58:22.458  1349  2333 I DFInstaObserve: !toggles +blocked disable_feed=1 disable_explore=0 disable_reels=0 disable_stories=0 disable_adds=0
08-14 01:58:22.485  1349  1847 I DFInstaObserve: !toggles +blocked disable_feed=1 disable_explore=0 disable_reels=0 disable_stories=0 disable_adds=0
08-14 01:58:22.516  1349  3049 I DFInstaObserve: !toggles +blocked disable_feed=1 disable_explore=0 disable_reels=0 disable_stories=0 disable_adds=0
08-14 01:58:22.520  1349  1847 I DFInstaObserve: !toggles +blocked disable_feed=1 disable_explore=0 disable_reels=0 disable_stories=0 disable_adds=0
08-14 01:58:22.521  1349  2542 I DFInstaObserve: !toggles +blocked disable_feed=1 disable_explore=0 disable_reels=0 disable_stories=0 disable_adds=0
08-14 01:58:22.650  1349  2311 I DFInstaObserve: !toggles +blocked disable_feed=1 disable_explore=0 disable_reels=0 disable_stories=0 disable_adds=0
08-14 01:58:22.696  1349  2311 I DFInstaObserve: !toggles +blocked disable_feed=1 disable_explore=0 disable_reels=0 disable_stories=0 disable_adds=0
08-14 01:58:22.733  1349  1847 I DFInstaObserve: !toggles +blocked disable_feed=1 disable_explore=0 disable_reels=0 disable_stories=0 disable_adds=0
08-14 01:58:22.738  1349  2542 I DFInstaObserve: !toggles +blocked disable_feed=1 disable_explore=0 disable_reels=0 disable_stories=0 disable_adds=0
08-14 01:58:22.764  1349  2333 I DFInstaObserve: !toggles +blocked disable_feed=1 disable_explore=0 disable_reels=0 disable_stories=0 disable_adds=0
08-14 01:58:22.767  1349  1847 I DFInstaObserve: !toggles +blocked disable_feed=1 disable_explore=0 disable_reels=0 disable_stories=0 disable_adds=0
08-14 01:58:22.796  1349  2542 I DFInstaObserve: !toggles +blocked disable_feed=1 disable_explore=0 disable_reels=0 disable_stories=0 disable_adds=0
08-14 01:58:22.878  1349  2904 I DFInstaObserve: !toggles +blocked disable_feed=1 disable_explore=0 disable_reels=0 disable_stories=0 disable_adds=0
08-14 01:58:22.911  1349  2333 I DFInstaObserve: !toggles +blocked disable_feed=1 disable_explore=0 disable_reels=0 disable_stories=0 disable_adds=0
08-14 01:58:22.916  1349  1847 I DFInstaObserve: !toggles +blocked disable_feed=1 disable_explore=0 disable_reels=0 disable_stories=0 disable_adds=0
08-14 01:58:22.946  1349  1847 I DFInstaObserve: !toggles +blocked disable_feed=1 disable_explore=0 disable_reels=0 disable_stories=0 disable_adds=0
08-14 01:58:22.995  1349  2542 I DFInstaObserve: !toggles +blocked disable_feed=1 disable_explore=0 disable_reels=0 disable_stories=0 disable_adds=0
08-14 01:58:23.038  1349  2311 I DFInstaObserve: !toggles +blocked disable_feed=1 disable_explore=0 disable_reels=0 disable_stories=0 disable_adds=0
08-14 01:58:23.181  1349  2542 I DFInstaObserve: !toggles +blocked disable_feed=1 disable_explore=0 disable_reels=0 disable_stories=0 disable_adds=0
08-14 01:58:23.181  1349  2542 I DFInstaObserve: /discover/topical_explore
08-14 01:58:23.315  1349  1847 I DFInstaObserve: !toggles +blocked disable_feed=1 disable_explore=0 disable_reels=0 disable_stories=0 disable_adds=0
08-14 01:58:23.438  1349  3079 I DFInstaObserve: !toggles +blocked disable_feed=1 disable_explore=0 disable_reels=0 disable_stories=0 disable_adds=0
08-14 01:58:25.652  1349  3084 I DFInstaObserve: !toggles +blocked disable_feed=1 disable_explore=0 disable_reels=0 disable_stories=0 disable_adds=0
08-14 01:58:25.710  1349  1593 I DFInstaObserve: !toggles +blocked disable_feed=1 disable_explore=0 disable_reels=0 disable_stories=0 disable_adds=0
08-14 01:58:25.713  1349  1598 I DFInstaObserve: !toggles +blocked disable_feed=1 disable_explore=0 disable_reels=0 disable_stories=0 disable_adds=0
08-14 01:58:25.734  1349  1847 I DFInstaObserve: !toggles +blocked disable_feed=1 disable_explore=0 disable_reels=0 disable_stories=0 disable_adds=0
08-14 01:58:25.808  1349  2333 I DFInstaObserve: !toggles +blocked disable_feed=1 disable_explore=0 disable_reels=0 disable_stories=0 disable_adds=0
08-14 01:58:25.843  1349  3068 I DFInstaObserve: !toggles +blocked disable_feed=1 disable_explore=0 disable_reels=0 disable_stories=0 disable_adds=0
08-14 01:58:25.847  1349  1847 I DFInstaObserve: !toggles +blocked disable_feed=1 disable_explore=0 disable_reels=0 disable_stories=0 disable_adds=0
08-14 01:58:25.865  1349  3090 I DFInstaObserve: !toggles +blocked disable_feed=1 disable_explore=0 disable_reels=0 disable_stories=0 disable_adds=0
08-14 01:58:25.887  1349  1847 I DFInstaObserve: !toggles +blocked disable_feed=1 disable_explore=0 disable_reels=0 disable_stories=0 disable_adds=0
08-14 01:58:25.909  1349  3036 I DFInstaObserve: !toggles +blocked disable_feed=1 disable_explore=0 disable_reels=0 disable_stories=0 disable_adds=0
08-14 01:58:25.985  1349  2333 I DFInstaObserve: !toggles +blocked disable_feed=1 disable_explore=0 disable_reels=0 disable_stories=0 disable_adds=0
08-14 01:58:26.059  1349  1847 I DFInstaObserve: !toggles +blocked disable_feed=1 disable_explore=0 disable_reels=0 disable_stories=0 disable_adds=0
08-14 01:58:26.069  1349  2904 I DFInstaObserve: !toggles +blocked disable_feed=1 disable_explore=0 disable_reels=0 disable_stories=0 disable_adds=0
08-14 01:58:26.091  1349  1847 I DFInstaObserve: !toggles +blocked disable_feed=1 disable_explore=0 disable_reels=0 disable_stories=0 disable_adds=0
08-14 01:58:26.104  1349  2542 I DFInstaObserve: !toggles +blocked disable_feed=1 disable_explore=0 disable_reels=0 disable_stories=0 disable_adds=0
08-14 01:58:26.127  1349  2333 I DFInstaObserve: !toggles +blocked disable_feed=1 disable_explore=0 disable_reels=0 disable_stories=0 disable_adds=0
08-14 01:58:26.141  1349  1847 I DFInstaObserve: !toggles +blocked disable_feed=1 disable_explore=0 disable_reels=0 disable_stories=0 disable_adds=0
08-14 01:58:26.177  1349  1847 I DFInstaObserve: !toggles +blocked disable_feed=1 disable_explore=0 disable_reels=0 disable_stories=0 disable_adds=0
08-14 01:58:26.189  1349  2333 I DFInstaObserve: !toggles +blocked disable_feed=1 disable_explore=0 disable_reels=0 disable_stories=0 disable_adds=0
08-14 01:58:26.238  1349  2904 I DFInstaObserve: !toggles +blocked disable_feed=1 disable_explore=0 disable_reels=0 disable_stories=0 disable_adds=0
08-14 01:58:26.326  1349  2542 I DFInstaObserve: !toggles +blocked disable_feed=1 disable_explore=0 disable_reels=0 disable_stories=0 disable_adds=0
08-14 01:58:26.387  1349  2904 I DFInstaObserve: !toggles +blocked disable_feed=1 disable_explore=0 disable_reels=0 disable_stories=0 disable_adds=0
08-14 01:58:26.419  1349  2333 I DFInstaObserve: !toggles +blocked disable_feed=1 disable_explore=0 disable_reels=0 disable_stories=0 disable_adds=0
08-14 01:58:26.440  1349  2542 I DFInstaObserve: !toggles +blocked disable_feed=1 disable_explore=0 disable_reels=0 disable_stories=0 disable_adds=0
08-14 01:58:26.481  1349  2542 I DFInstaObserve: !toggles +blocked disable_feed=1 disable_explore=0 disable_reels=0 disable_stories=0 disable_adds=0
08-14 01:58:26.505  1349  2542 I DFInstaObserve: !toggles +blocked disable_feed=1 disable_explore=0 disable_reels=0 disable_stories=0 disable_adds=0
08-14 01:58:26.505  1349  2542 I DFInstaObserve: /discover/topical_explore
08-14 01:58:26.507  1349  2904 I DFInstaObserve: !toggles +blocked disable_feed=1 disable_explore=0 disable_reels=0 disable_stories=0 disable_adds=0
08-14 01:58:26.622  1349  3153 I DFInstaObserve: !toggles +blocked disable_feed=1 disable_explore=0 disable_reels=0 disable_stories=0 disable_adds=0
08-14 01:58:26.811  1349  3160 I DFInstaObserve: !toggles +blocked disable_feed=1 disable_explore=0 disable_reels=0 disable_stories=0 disable_adds=0
08-14 01:58:27.099  1349  1847 I DFInstaObserve: !toggles +blocked disable_feed=1 disable_explore=0 disable_reels=0 disable_stories=0 disable_adds=0
08-14 01:58:27.156  1349  1847 I DFInstaObserve: !toggles +blocked disable_feed=1 disable_explore=0 disable_reels=0 disable_stories=0 disable_adds=0
08-14 01:58:27.265  1349  1847 I DFInstaObserve: !toggles +blocked disable_feed=1 disable_explore=0 disable_reels=0 disable_stories=0 disable_adds=0
08-14 01:58:28.981  1349  3184 I DFInstaObserve: !toggles +blocked disable_feed=1 disable_explore=0 disable_reels=0 disable_stories=0 disable_adds=0
08-14 01:58:29.002  1349  3184 I DFInstaObserve: !toggles +blocked disable_feed=1 disable_explore=0 disable_reels=0 disable_stories=0 disable_adds=0
08-14 01:58:29.150  1349  3201 I DFInstaObserve: !toggles +blocked disable_feed=1 disable_explore=0 disable_reels=0 disable_stories=0 disable_adds=0
08-14 01:58:29.325  1349  1598 I DFInstaObserve: !toggles +blocked disable_feed=1 disable_explore=0 disable_reels=0 disable_stories=0 disable_adds=0
08-14 01:58:29.329  1349  1593 I DFInstaObserve: !toggles +blocked disable_feed=1 disable_explore=0 disable_reels=0 disable_stories=0 disable_adds=0
08-14 01:58:29.352  1349  1847 I DFInstaObserve: !toggles +blocked disable_feed=1 disable_explore=0 disable_reels=0 disable_stories=0 disable_adds=0
08-14 01:58:29.399  1349  2904 I DFInstaObserve: !toggles +blocked disable_feed=1 disable_explore=0 disable_reels=0 disable_stories=0 disable_adds=0
08-14 01:58:29.466  1349  2542 I DFInstaObserve: !toggles +blocked disable_feed=1 disable_explore=0 disable_reels=0 disable_stories=0 disable_adds=0
08-14 01:58:29.505  1349  1847 I DFInstaObserve: !toggles +blocked disable_feed=1 disable_explore=0 disable_reels=0 disable_stories=0 disable_adds=0
08-14 01:58:29.535  1349  3153 I DFInstaObserve: !toggles +blocked disable_feed=1 disable_explore=0 disable_reels=0 disable_stories=0 disable_adds=0
08-14 01:58:29.542  1349  1847 I DFInstaObserve: !toggles +blocked disable_feed=1 disable_explore=0 disable_reels=0 disable_stories=0 disable_adds=0
08-14 01:58:29.555  1349  3201 I DFInstaObserve: !toggles +blocked disable_feed=1 disable_explore=0 disable_reels=0 disable_stories=0 disable_adds=0
08-14 01:58:29.574  1349  3068 I DFInstaObserve: !toggles +blocked disable_feed=1 disable_explore=0 disable_reels=0 disable_stories=0 disable_adds=0
08-14 01:58:29.608  1349  2904 I DFInstaObserve: !toggles +blocked disable_feed=1 disable_explore=0 disable_reels=0 disable_stories=0 disable_adds=0
08-14 01:58:29.694  1349  2333 I DFInstaObserve: !toggles +blocked disable_feed=1 disable_explore=0 disable_reels=0 disable_stories=0 disable_adds=0
08-14 01:58:29.694  1349  1847 I DFInstaObserve: !toggles +blocked disable_feed=1 disable_explore=0 disable_reels=0 disable_stories=0 disable_adds=0
08-14 01:58:29.771  1349  3153 I DFInstaObserve: !toggles +blocked disable_feed=1 disable_explore=0 disable_reels=0 disable_stories=0 disable_adds=0
08-14 01:58:29.855  1349  1847 I DFInstaObserve: !toggles +blocked disable_feed=1 disable_explore=0 disable_reels=0 disable_stories=0 disable_adds=0
08-14 01:58:29.920  1349  2904 I DFInstaObserve: !toggles +blocked disable_feed=1 disable_explore=0 disable_reels=0 disable_stories=0 disable_adds=0
08-14 01:58:29.962  1349  3223 I DFInstaObserve: !toggles +blocked disable_feed=1 disable_explore=0 disable_reels=0 disable_stories=0 disable_adds=0
08-14 01:58:29.962  1349  3223 I DFInstaObserve: /discover/topical_explore
08-14 01:58:29.970  1349  2333 I DFInstaObserve: !toggles +blocked disable_feed=1 disable_explore=0 disable_reels=0 disable_stories=0 disable_adds=0
08-14 01:58:30.000  1349  1847 I DFInstaObserve: !toggles +blocked disable_feed=1 disable_explore=0 disable_reels=0 disable_stories=0 disable_adds=0
08-14 01:58:30.027  1349  3068 I DFInstaObserve: !toggles +blocked disable_feed=1 disable_explore=0 disable_reels=0 disable_stories=0 disable_adds=0
08-14 01:58:30.045  1349  1847 I DFInstaObserve: !toggles +blocked disable_feed=1 disable_explore=0 disable_reels=0 disable_stories=0 disable_adds=0
08-14 01:58:30.089  1349  2333 I DFInstaObserve: !toggles +blocked disable_feed=1 disable_explore=0 disable_reels=0 disable_stories=0 disable_adds=0
08-14 01:58:30.132  1349  3227 I DFInstaObserve: !toggles +blocked disable_feed=1 disable_explore=0 disable_reels=0 disable_stories=0 disable_adds=0
08-14 01:58:30.175  1349  1847 I DFInstaObserve: !toggles +blocked disable_feed=1 disable_explore=0 disable_reels=0 disable_stories=0 disable_adds=0
08-14 01:58:30.192  1349  3068 I DFInstaObserve: !toggles +blocked disable_feed=1 disable_explore=0 disable_reels=0 disable_stories=0 disable_adds=0
08-14 01:58:30.218  1349  1847 I DFInstaObserve: !toggles +blocked disable_feed=1 disable_explore=0 disable_reels=0 disable_stories=0 disable_adds=0
08-14 01:58:30.296  1349  3224 I DFInstaObserve: !toggles +blocked disable_feed=1 disable_explore=0 disable_reels=0 disable_stories=0 disable_adds=0
08-14 01:58:30.436  1349  2333 I DFInstaObserve: !toggles +blocked disable_feed=1 disable_explore=0 disable_reels=0 disable_stories=0 disable_adds=0
08-14 01:58:30.461  1349  3248 I DFInstaObserve: !toggles +blocked disable_feed=1 disable_explore=0 disable_reels=0 disable_stories=0 disable_adds=0
08-14 01:58:30.602  1349  1847 I DFInstaObserve: !toggles +blocked disable_feed=1 disable_explore=0 disable_reels=0 disable_stories=0 disable_adds=0
08-14 01:58:32.070  1349  1593 I DFInstaObserve: !toggles +blocked disable_feed=1 disable_explore=0 disable_reels=0 disable_stories=0 disable_adds=0
08-14 01:58:32.072  1349  1598 I DFInstaObserve: !toggles +blocked disable_feed=1 disable_explore=0 disable_reels=0 disable_stories=0 disable_adds=0
08-14 01:58:32.092  1349  1847 I DFInstaObserve: !toggles +blocked disable_feed=1 disable_explore=0 disable_reels=0 disable_stories=0 disable_adds=0
08-14 01:58:32.126  1349  3223 I DFInstaObserve: !toggles +blocked disable_feed=1 disable_explore=0 disable_reels=0 disable_stories=0 disable_adds=0
08-14 01:58:32.143  1349  1847 I DFInstaObserve: !toggles +blocked disable_feed=1 disable_explore=0 disable_reels=0 disable_stories=0 disable_adds=0
08-14 01:58:32.179  1349  3247 I DFInstaObserve: !toggles +blocked disable_feed=1 disable_explore=0 disable_reels=0 disable_stories=0 disable_adds=0
08-14 01:58:32.184  1349  1847 I DFInstaObserve: !toggles +blocked disable_feed=1 disable_explore=0 disable_reels=0 disable_stories=0 disable_adds=0
08-14 01:58:32.213  1349  2542 I DFInstaObserve: !toggles +blocked disable_feed=1 disable_explore=0 disable_reels=0 disable_stories=0 disable_adds=0
08-14 01:58:32.285  1349  2333 I DFInstaObserve: !toggles +blocked disable_feed=1 disable_explore=0 disable_reels=0 disable_stories=0 disable_adds=0
08-14 01:58:32.293  1349  1847 I DFInstaObserve: !toggles +blocked disable_feed=1 disable_explore=0 disable_reels=0 disable_stories=0 disable_adds=0
08-14 01:58:32.318  1349  3223 I DFInstaObserve: !toggles +blocked disable_feed=1 disable_explore=0 disable_reels=0 disable_stories=0 disable_adds=0
08-14 01:58:32.335  1349  1847 I DFInstaObserve: !toggles +blocked disable_feed=1 disable_explore=0 disable_reels=0 disable_stories=0 disable_adds=0
08-14 01:58:32.382  1349  2542 I DFInstaObserve: !toggles +blocked disable_feed=1 disable_explore=0 disable_reels=0 disable_stories=0 disable_adds=0
08-14 01:58:32.405  1349  1847 I DFInstaObserve: !toggles +blocked disable_feed=1 disable_explore=0 disable_reels=0 disable_stories=0 disable_adds=0
08-14 01:58:32.408  1349  3223 I DFInstaObserve: !toggles +blocked disable_feed=1 disable_explore=0 disable_reels=0 disable_stories=0 disable_adds=0
08-14 01:58:32.415  1349  3238 I DFInstaObserve: !toggles +blocked disable_feed=1 disable_explore=0 disable_reels=0 disable_stories=0 disable_adds=0
08-14 01:58:32.450  1349  3238 I DFInstaObserve: !toggles +blocked disable_feed=1 disable_explore=0 disable_reels=0 disable_stories=0 disable_adds=0
08-14 01:58:32.452  1349  1847 I DFInstaObserve: !toggles +blocked disable_feed=1 disable_explore=0 disable_reels=0 disable_stories=0 disable_adds=0
08-14 01:58:32.530  1349  3223 I DFInstaObserve: !toggles +blocked disable_feed=1 disable_explore=0 disable_reels=0 disable_stories=0 disable_adds=0
08-14 01:58:32.562  1349  2904 I DFInstaObserve: !toggles +blocked disable_feed=1 disable_explore=0 disable_reels=0 disable_stories=0 disable_adds=0
08-14 01:58:32.576  1349  3252 I DFInstaObserve: !toggles +blocked disable_feed=1 disable_explore=0 disable_reels=0 disable_stories=0 disable_adds=0
08-14 01:58:32.636  1349  2904 I DFInstaObserve: !toggles +blocked disable_feed=1 disable_explore=0 disable_reels=0 disable_stories=0 disable_adds=0
08-14 01:58:32.717  1349  3270 I DFInstaObserve: !toggles +blocked disable_feed=1 disable_explore=0 disable_reels=0 disable_stories=0 disable_adds=0
08-14 01:58:32.743  1349  2542 I DFInstaObserve: !toggles +blocked disable_feed=1 disable_explore=0 disable_reels=0 disable_stories=0 disable_adds=0
08-14 01:58:32.816  1349  2904 I DFInstaObserve: !toggles +blocked disable_feed=1 disable_explore=0 disable_reels=0 disable_stories=0 disable_adds=0
08-14 01:58:32.889  1349  3270 I DFInstaObserve: !toggles +blocked disable_feed=1 disable_explore=0 disable_reels=0 disable_stories=0 disable_adds=0
08-14 01:58:32.964  1349  2542 I DFInstaObserve: !toggles +blocked disable_feed=1 disable_explore=0 disable_reels=0 disable_stories=0 disable_adds=0
08-14 01:58:33.019  1349  2904 I DFInstaObserve: !toggles +blocked disable_feed=1 disable_explore=0 disable_reels=0 disable_stories=0 disable_adds=0
08-14 01:58:33.428  1349  2333 I DFInstaObserve: !toggles +blocked disable_feed=1 disable_explore=0 disable_reels=0 disable_stories=0 disable_adds=0
08-14 01:58:33.428  1349  2333 I DFInstaObserve: /discover/topical_explore
08-14 01:58:33.470  1349  1847 I DFInstaObserve: !toggles +blocked disable_feed=1 disable_explore=0 disable_reels=0 disable_stories=0 disable_adds=0
08-14 01:58:33.511  1349  1847 I DFInstaObserve: !toggles +blocked disable_feed=1 disable_explore=0 disable_reels=0 disable_stories=0 disable_adds=0
08-14 01:58:33.675  1349  1847 I DFInstaObserve: !toggles +blocked disable_feed=1 disable_explore=0 disable_reels=0 disable_stories=0 disable_adds=0
08-14 01:58:35.812  1349  3371 I DFInstaObserve: !toggles +blocked disable_feed=1 disable_explore=0 disable_reels=0 disable_stories=0 disable_adds=0
08-14 01:58:35.900  1349  3359 I DFInstaObserve: !toggles +blocked disable_feed=1 disable_explore=0 disable_reels=0 disable_stories=0 disable_adds=0
08-14 01:58:36.016  1349  3371 I DFInstaObserve: !toggles +blocked disable_feed=1 disable_explore=0 disable_reels=0 disable_stories=0 disable_adds=0
08-14 01:58:36.596  1349  1598 I DFInstaObserve: !toggles +blocked disable_feed=1 disable_explore=0 disable_reels=0 disable_stories=0 disable_adds=0
08-14 01:58:36.600  1349  1598 I DFInstaObserve: !toggles +blocked disable_feed=1 disable_explore=0 disable_reels=0 disable_stories=0 disable_adds=0
08-14 01:58:36.632  1349  1847 I DFInstaObserve: !toggles +blocked disable_feed=1 disable_explore=0 disable_reels=0 disable_stories=0 disable_adds=0
08-14 01:58:36.652  1349  3247 I DFInstaObserve: !toggles +blocked disable_feed=1 disable_explore=0 disable_reels=0 disable_stories=0 disable_adds=0
08-14 01:58:36.657  1349  3270 I DFInstaObserve: !toggles +blocked disable_feed=1 disable_explore=0 disable_reels=0 disable_stories=0 disable_adds=0
08-14 01:58:36.735  1349  3531 I DFInstaObserve: !toggles +blocked disable_feed=1 disable_explore=0 disable_reels=0 disable_stories=0 disable_adds=0
08-14 01:58:36.777  1349  2333 I DFInstaObserve: !toggles +blocked disable_feed=1 disable_explore=0 disable_reels=0 disable_stories=0 disable_adds=0
08-14 01:58:36.891  1349  1973 I DFInstaObserve: !toggles +blocked disable_feed=1 disable_explore=0 disable_reels=0 disable_stories=0 disable_adds=0
08-14 01:58:36.900  1349  2584 I DFInstaObserve: !toggles +blocked disable_feed=1 disable_explore=0 disable_reels=0 disable_stories=0 disable_adds=0
08-14 01:58:37.000  1349  1847 I DFInstaObserve: !toggles +blocked disable_feed=1 disable_explore=0 disable_reels=0 disable_stories=0 disable_adds=0
08-14 01:58:37.042  1349  3545 I DFInstaObserve: !toggles +blocked disable_feed=1 disable_explore=0 disable_reels=0 disable_stories=0 disable_adds=0
08-14 01:58:37.052  1349  1847 I DFInstaObserve: !toggles +blocked disable_feed=1 disable_explore=0 disable_reels=0 disable_stories=0 disable_adds=0
08-14 01:58:37.056  1349  1973 I DFInstaObserve: !toggles +blocked disable_feed=1 disable_explore=0 disable_reels=0 disable_stories=0 disable_adds=0
08-14 01:58:37.134  1349  2333 I DFInstaObserve: !toggles +blocked disable_feed=1 disable_explore=0 disable_reels=0 disable_stories=0 disable_adds=0
08-14 01:58:37.187  1349  1847 I DFInstaObserve: !toggles +blocked disable_feed=1 disable_explore=0 disable_reels=0 disable_stories=0 disable_adds=0
08-14 01:58:37.203  1349  1973 I DFInstaObserve: !toggles +blocked disable_feed=1 disable_explore=0 disable_reels=0 disable_stories=0 disable_adds=0
08-14 01:58:37.221  1349  3531 I DFInstaObserve: !toggles +blocked disable_feed=1 disable_explore=0 disable_reels=0 disable_stories=0 disable_adds=0
08-14 01:58:37.239  1349  1847 I DFInstaObserve: !toggles +blocked disable_feed=1 disable_explore=0 disable_reels=0 disable_stories=0 disable_adds=0
08-14 01:58:37.312  1349  3270 I DFInstaObserve: !toggles +blocked disable_feed=1 disable_explore=0 disable_reels=0 disable_stories=0 disable_adds=0
08-14 01:58:37.326  1349  1973 I DFInstaObserve: !toggles +blocked disable_feed=1 disable_explore=0 disable_reels=0 disable_stories=0 disable_adds=0
08-14 01:58:37.414  1349  3538 I DFInstaObserve: !toggles +blocked disable_feed=1 disable_explore=0 disable_reels=0 disable_stories=0 disable_adds=0
08-14 01:58:37.496  1349  1847 I DFInstaObserve: !toggles +blocked disable_feed=1 disable_explore=0 disable_reels=0 disable_stories=0 disable_adds=0
08-14 01:58:37.500  1349  3540 I DFInstaObserve: !toggles +blocked disable_feed=1 disable_explore=0 disable_reels=0 disable_stories=0 disable_adds=0
08-14 01:58:37.539  1349  1847 I DFInstaObserve: !toggles +blocked disable_feed=1 disable_explore=0 disable_reels=0 disable_stories=0 disable_adds=0
08-14 01:58:37.544  1349  3545 I DFInstaObserve: !toggles +blocked disable_feed=1 disable_explore=0 disable_reels=0 disable_stories=0 disable_adds=0
08-14 01:58:37.579  1349  3540 I DFInstaObserve: !toggles +blocked disable_feed=1 disable_explore=0 disable_reels=0 disable_stories=0 disable_adds=0
08-14 01:58:37.610  1349  3531 I DFInstaObserve: !toggles +blocked disable_feed=1 disable_explore=0 disable_reels=0 disable_stories=0 disable_adds=0
08-14 01:58:37.650  1349  3369 I DFInstaObserve: !toggles +blocked disable_feed=1 disable_explore=0 disable_reels=0 disable_stories=0 disable_adds=0
08-14 01:58:37.683  1349  3538 I DFInstaObserve: !toggles +blocked disable_feed=1 disable_explore=0 disable_reels=0 disable_stories=0 disable_adds=0
08-14 01:58:37.733  1349  1847 I DFInstaObserve: !toggles +blocked disable_feed=1 disable_explore=0 disable_reels=0 disable_stories=0 disable_adds=0
08-14 01:58:37.780  1349  3531 I DFInstaObserve: !toggles +blocked disable_feed=1 disable_explore=0 disable_reels=0 disable_stories=0 disable_adds=0
08-14 01:58:37.819  1349  3545 I DFInstaObserve: !toggles +blocked disable_feed=1 disable_explore=0 disable_reels=0 disable_stories=0 disable_adds=0
08-14 01:58:37.850  1349  3538 I DFInstaObserve: !toggles +blocked disable_feed=1 disable_explore=0 disable_reels=0 disable_stories=0 disable_adds=0
08-14 01:58:37.877  1349  3531 I DFInstaObserve: !toggles +blocked disable_feed=1 disable_explore=0 disable_reels=0 disable_stories=0 disable_adds=0
08-14 01:58:37.963  1349  3538 I DFInstaObserve: !toggles +blocked disable_feed=1 disable_explore=0 disable_reels=0 disable_stories=0 disable_adds=0
08-14 01:58:38.045  1349  3545 I DFInstaObserve: !toggles +blocked disable_feed=1 disable_explore=0 disable_reels=0 disable_stories=0 disable_adds=0
08-14 01:58:38.087  1349  3531 I DFInstaObserve: !toggles +blocked disable_feed=1 disable_explore=0 disable_reels=0 disable_stories=0 disable_adds=0
08-14 01:58:39.181  1349  3572 I DFInstaObserve: !toggles +blocked disable_feed=1 disable_explore=0 disable_reels=0 disable_stories=0 disable_adds=0
08-14 01:58:39.181  1349  3570 I DFInstaObserve: !toggles +blocked disable_feed=1 disable_explore=0 disable_reels=0 disable_stories=0 disable_adds=0
08-14 01:58:41.645  1349  3572 I DFInstaObserve: !toggles +blocked disable_feed=1 disable_explore=0 disable_reels=0 disable_stories=0 disable_adds=0
08-14 01:58:41.648  1349  3570 I DFInstaObserve: !toggles +blocked disable_feed=1 disable_explore=0 disable_reels=0 disable_stories=0 disable_adds=0
08-14 01:58:44.637  1349  3538 I DFInstaObserve: !toggles +blocked disable_feed=1 disable_explore=0 disable_reels=0 disable_stories=0 disable_adds=0
08-14 01:58:44.637  1349  3538 I DFInstaObserve: /clips/discover
08-14 01:58:44.637  1349  3538 I DFInstaObserve: /clips/discover/stream/
08-14 01:58:45.049  1349  1593 I DFInstaObserve: !toggles +blocked disable_feed=1 disable_explore=0 disable_reels=0 disable_stories=0 disable_adds=0
08-14 01:58:45.089  1349  3369 I DFInstaObserve: !toggles +blocked disable_feed=1 disable_explore=0 disable_reels=0 disable_stories=0 disable_adds=0
08-14 01:58:47.146  1349  3610 I DFInstaObserve: !toggles +blocked disable_feed=1 disable_explore=0 disable_reels=0 disable_stories=0 disable_adds=0
08-14 01:58:47.146  1349  3609 I DFInstaObserve: !toggles +blocked disable_feed=1 disable_explore=0 disable_reels=0 disable_stories=0 disable_adds=0
08-14 01:58:50.457  1349  3659 I DFInstaObserve: !toggles +blocked disable_feed=1 disable_explore=0 disable_reels=0 disable_stories=0 disable_adds=0
08-14 01:58:50.458  1349  3657 I DFInstaObserve: !toggles +blocked disable_feed=1 disable_explore=0 disable_reels=0 disable_stories=0 disable_adds=0
08-14 01:58:51.273  1349  1598 I DFInstaObserve: !toggles +blocked disable_feed=1 disable_explore=0 disable_reels=0 disable_stories=0 disable_adds=0
08-14 01:58:51.281  1349  1593 I DFInstaObserve: !toggles +blocked disable_feed=1 disable_explore=0 disable_reels=0 disable_stories=0 disable_adds=0
08-14 01:58:51.300  1349  1847 I DFInstaObserve: !toggles +blocked disable_feed=1 disable_explore=0 disable_reels=0 disable_stories=0 disable_adds=0
08-14 01:58:51.391  1349  1598 I DFInstaObserve: !toggles +blocked disable_feed=1 disable_explore=0 disable_reels=0 disable_stories=0 disable_adds=0
08-14 01:58:51.686  1349  1847 I DFInstaObserve: !toggles +blocked disable_feed=1 disable_explore=0 disable_reels=0 disable_stories=0 disable_adds=0
08-14 01:58:51.709  1349  1593 I DFInstaObserve: !toggles +blocked disable_feed=1 disable_explore=0 disable_reels=0 disable_stories=0 disable_adds=0
08-14 01:58:51.742  1349  1847 I DFInstaObserve: !toggles +blocked disable_feed=1 disable_explore=0 disable_reels=0 disable_stories=0 disable_adds=0
08-14 01:58:51.744  1349  1598 I DFInstaObserve: !toggles +blocked disable_feed=1 disable_explore=0 disable_reels=0 disable_stories=0 disable_adds=0
08-14 01:58:51.763  1349  3730 I DFInstaObserve: !toggles +blocked disable_feed=1 disable_explore=0 disable_reels=0 disable_stories=0 disable_adds=0
08-14 01:58:52.410  1349  1847 I DFInstaObserve: !toggles +blocked disable_feed=1 disable_explore=0 disable_reels=0 disable_stories=0 disable_adds=0
08-14 01:58:52.442  1349  1847 I DFInstaObserve: !toggles +blocked disable_feed=1 disable_explore=0 disable_reels=0 disable_stories=0 disable_adds=0
08-14 01:58:52.624  1349  1847 I DFInstaObserve: !toggles +blocked disable_feed=1 disable_explore=0 disable_reels=0 disable_stories=0 disable_adds=0
08-14 01:58:52.653  1349  1847 I DFInstaObserve: !toggles +blocked disable_feed=1 disable_explore=0 disable_reels=0 disable_stories=0 disable_adds=0
08-14 01:58:52.843  1349  1847 I DFInstaObserve: !toggles +blocked disable_feed=1 disable_explore=0 disable_reels=0 disable_stories=0 disable_adds=0
08-14 01:58:53.824  1349  3732 I DFInstaObserve: !toggles +blocked disable_feed=1 disable_explore=0 disable_reels=0 disable_stories=0 disable_adds=0
08-14 01:58:53.824  1349  3731 I DFInstaObserve: !toggles +blocked disable_feed=1 disable_explore=0 disable_reels=0 disable_stories=0 disable_adds=0
08-14 01:58:55.035  1349  1593 I DFInstaObserve: !toggles +blocked disable_feed=1 disable_explore=0 disable_reels=0 disable_stories=0 disable_adds=0
08-14 01:58:57.140  1349  3793 I DFInstaObserve: !toggles +blocked disable_feed=1 disable_explore=0 disable_reels=0 disable_stories=0 disable_adds=0
08-14 01:58:57.141  1349  3786 I DFInstaObserve: !toggles +blocked disable_feed=1 disable_explore=0 disable_reels=0 disable_stories=0 disable_adds=0
08-14 01:58:57.948  1349  3531 I DFInstaObserve: !toggles +blocked disable_feed=1 disable_explore=0 disable_reels=0 disable_stories=0 disable_adds=0
08-14 01:58:57.948  1349  3531 I DFInstaObserve: /clips/discover
08-14 01:58:57.948  1349  3531 I DFInstaObserve: /clips/discover/stream/
08-14 01:58:58.367  1349  1598 I DFInstaObserve: !toggles +blocked disable_feed=1 disable_explore=0 disable_reels=0 disable_stories=0 disable_adds=0
08-14 01:59:00.463  1349  3914 I DFInstaObserve: !toggles +blocked disable_feed=1 disable_explore=0 disable_reels=0 disable_stories=0 disable_adds=0
08-14 01:59:00.463  1349  3912 I DFInstaObserve: !toggles +blocked disable_feed=1 disable_explore=0 disable_reels=0 disable_stories=0 disable_adds=0
08-14 01:59:01.222  1349  3538 I DFInstaObserve: !toggles +blocked disable_feed=1 disable_explore=0 disable_reels=0 disable_stories=0 disable_adds=0
08-14 01:59:01.483  1349  1973 I DFInstaObserve: !toggles +blocked disable_feed=1 disable_explore=0 disable_reels=0 disable_stories=0 disable_adds=0
08-14 01:59:01.558  1349  1973 I DFInstaObserve: !toggles +blocked disable_feed=1 disable_explore=0 disable_reels=0 disable_stories=0 disable_adds=0
08-14 01:59:02.174  1349  1598 I DFInstaObserve: !toggles +blocked disable_feed=1 disable_explore=0 disable_reels=0 disable_stories=0 disable_adds=0
08-14 01:59:02.178  1349  1598 I DFInstaObserve: !toggles +blocked disable_feed=1 disable_explore=0 disable_reels=0 disable_stories=0 disable_adds=0
08-14 01:59:02.194  1349  1847 I DFInstaObserve: !toggles +blocked disable_feed=1 disable_explore=0 disable_reels=0 disable_stories=0 disable_adds=0
08-14 01:59:02.243  1349  3545 I DFInstaObserve: !toggles +blocked disable_feed=1 disable_explore=0 disable_reels=0 disable_stories=0 disable_adds=0
08-14 01:59:02.391  1349  1847 I DFInstaObserve: !toggles +blocked disable_feed=1 disable_explore=0 disable_reels=0 disable_stories=0 disable_adds=0
08-14 01:59:02.403  1349  1598 I DFInstaObserve: !toggles +blocked disable_feed=1 disable_explore=0 disable_reels=0 disable_stories=0 disable_adds=0
08-14 01:59:02.410  1349  1598 I DFInstaObserve: !toggles +blocked disable_feed=1 disable_explore=0 disable_reels=0 disable_stories=0 disable_adds=0
08-14 01:59:02.427  1349  1847 I DFInstaObserve: !toggles +blocked disable_feed=1 disable_explore=0 disable_reels=0 disable_stories=0 disable_adds=0
08-14 01:59:02.465  1349  3730 I DFInstaObserve: !toggles +blocked disable_feed=1 disable_explore=0 disable_reels=0 disable_stories=0 disable_adds=0
08-14 01:59:02.507  1349  1847 I DFInstaObserve: !toggles +blocked disable_feed=1 disable_explore=0 disable_reels=0 disable_stories=0 disable_adds=0
08-14 01:59:02.538  1349  1847 I DFInstaObserve: !toggles +blocked disable_feed=1 disable_explore=0 disable_reels=0 disable_stories=0 disable_adds=0
08-14 01:59:02.721  1349  1847 I DFInstaObserve: !toggles +blocked disable_feed=1 disable_explore=0 disable_reels=0 disable_stories=0 disable_adds=0
08-14 01:59:02.752  1349  1847 I DFInstaObserve: !toggles +blocked disable_feed=1 disable_explore=0 disable_reels=0 disable_stories=0 disable_adds=0
08-14 01:59:02.776  1349  1847 I DFInstaObserve: !toggles +blocked disable_feed=1 disable_explore=0 disable_reels=0 disable_stories=0 disable_adds=0
08-14 01:59:06.937  1349  3545 I DFInstaObserve: !toggles +blocked disable_feed=1 disable_explore=0 disable_reels=0 disable_stories=0 disable_adds=0
08-14 01:59:06.937  1349  3545 I DFInstaObserve: /clips/discover
08-14 01:59:06.937  1349  3545 I DFInstaObserve: /clips/discover/stream/
08-14 01:59:10.586  1349  1847 I DFInstaObserve: !toggles +blocked disable_feed=1 disable_explore=0 disable_reels=0 disable_stories=0 disable_adds=0
08-14 01:59:10.664  1349  1847 I DFInstaObserve: !toggles +blocked disable_feed=1 disable_explore=0 disable_reels=0 disable_stories=0 disable_adds=0
08-14 01:59:10.686  1349  1847 I DFInstaObserve: !toggles +blocked disable_feed=1 disable_explore=0 disable_reels=0 disable_stories=0 disable_adds=0
08-14 01:59:10.902  1349  1847 I DFInstaObserve: !toggles +blocked disable_feed=1 disable_explore=0 disable_reels=0 disable_stories=0 disable_adds=0
08-14 01:59:10.930  1349  1847 I DFInstaObserve: !toggles +blocked disable_feed=1 disable_explore=0 disable_reels=0 disable_stories=0 disable_adds=0
08-14 01:59:11.280  1349  1847 I DFInstaObserve: !toggles +blocked disable_feed=1 disable_explore=0 disable_reels=0 disable_stories=0 disable_adds=0
08-14 01:59:37.575  1349  1973 I DFInstaObserve: !toggles +blocked disable_feed=1 disable_explore=0 disable_reels=0 disable_stories=0 disable_adds=0
08-14 01:59:42.101  1349  4090 I DFInstaObserve: !toggles +blocked disable_feed=1 disable_explore=0 disable_reels=0 disable_stories=0 disable_adds=0
08-14 01:59:42.147  1349  4095 I DFInstaObserve: !toggles +blocked disable_feed=1 disable_explore=0 disable_reels=0 disable_stories=0 disable_adds=0
08-14 01:59:42.174  1349  4095 I DFInstaObserve: !toggles +blocked disable_feed=1 disable_explore=0 disable_reels=0 disable_stories=0 disable_adds=0
08-14 01:59:45.867  1349  4150 I DFInstaObserve: !toggles +blocked disable_feed=1 disable_explore=0 disable_reels=0 disable_stories=0 disable_adds=0
08-14 01:59:45.958  1349  3545 I DFInstaObserve: !toggles +blocked disable_feed=1 disable_explore=0 disable_reels=0 disable_stories=0 disable_adds=0
08-14 01:59:45.958  1349  3545 I DFInstaObserve: /discover/topical_explore
08-14 01:59:46.060  1349  4163 I DFInstaObserve: !toggles +blocked disable_feed=1 disable_explore=0 disable_reels=0 disable_stories=0 disable_adds=0
08-14 01:59:46.203  1349  4189 I DFInstaObserve: !toggles +blocked disable_feed=1 disable_explore=0 disable_reels=0 disable_stories=0 disable_adds=0
08-14 01:59:48.158  1349  4161 I DFInstaObserve: !toggles +blocked disable_feed=1 disable_explore=0 disable_reels=0 disable_stories=0 disable_adds=0
08-14 01:59:48.508  1349  4178 I DFInstaObserve: !toggles +blocked disable_feed=1 disable_explore=0 disable_reels=0 disable_stories=0 disable_adds=0
08-14 01:59:49.304  1349  4243 I DFInstaObserve: !toggles +blocked disable_feed=1 disable_explore=0 disable_reels=0 disable_stories=0 disable_adds=0
08-14 01:59:49.815  1349  3538 I DFInstaObserve: !toggles +blocked disable_feed=1 disable_explore=0 disable_reels=0 disable_stories=0 disable_adds=0
08-14 01:59:49.815  1349  3538 I DFInstaObserve: /discover/topical_explore
08-14 01:59:50.392  1349  1593 I DFInstaObserve: !toggles +blocked disable_feed=1 disable_explore=0 disable_reels=0 disable_stories=0 disable_adds=0
08-14 01:59:50.396  1349  4262 I DFInstaObserve: !toggles +blocked disable_feed=1 disable_explore=0 disable_reels=0 disable_stories=0 disable_adds=0
08-14 01:59:50.424  1349  1847 I DFInstaObserve: !toggles +blocked disable_feed=1 disable_explore=0 disable_reels=0 disable_stories=0 disable_adds=0
08-14 01:59:50.472  1349  3545 I DFInstaObserve: !toggles +blocked disable_feed=1 disable_explore=0 disable_reels=0 disable_stories=0 disable_adds=0
08-14 01:59:50.499  1349  3958 I DFInstaObserve: !toggles +blocked disable_feed=1 disable_explore=0 disable_reels=0 disable_stories=0 disable_adds=0
08-14 01:59:50.508  1349  1847 I DFInstaObserve: !toggles +blocked disable_feed=1 disable_explore=0 disable_reels=0 disable_stories=0 disable_adds=0
08-14 01:59:50.548  1349  1847 I DFInstaObserve: !toggles +blocked disable_feed=1 disable_explore=0 disable_reels=0 disable_stories=0 disable_adds=0
08-14 01:59:50.569  1349  3545 I DFInstaObserve: !toggles +blocked disable_feed=1 disable_explore=0 disable_reels=0 disable_stories=0 disable_adds=0
08-14 01:59:50.570  1349  1847 I DFInstaObserve: !toggles +blocked disable_feed=1 disable_explore=0 disable_reels=0 disable_stories=0 disable_adds=0
08-14 01:59:50.600  1349  1847 I DFInstaObserve: !toggles +blocked disable_feed=1 disable_explore=0 disable_reels=0 disable_stories=0 disable_adds=0
08-14 01:59:50.641  1349  4197 I DFInstaObserve: !toggles +blocked disable_feed=1 disable_explore=0 disable_reels=0 disable_stories=0 disable_adds=0
08-14 01:59:50.671  1349  4234 I DFInstaObserve: !toggles +blocked disable_feed=1 disable_explore=0 disable_reels=0 disable_stories=0 disable_adds=0
08-14 01:59:50.683  1349  1847 I DFInstaObserve: !toggles +blocked disable_feed=1 disable_explore=0 disable_reels=0 disable_stories=0 disable_adds=0
08-14 01:59:50.723  1349  3545 I DFInstaObserve: !toggles +blocked disable_feed=1 disable_explore=0 disable_reels=0 disable_stories=0 disable_adds=0
08-14 01:59:50.752  1349  3958 I DFInstaObserve: !toggles +blocked disable_feed=1 disable_explore=0 disable_reels=0 disable_stories=0 disable_adds=0
08-14 01:59:50.780  1349  4234 I DFInstaObserve: !toggles +blocked disable_feed=1 disable_explore=0 disable_reels=0 disable_stories=0 disable_adds=0
08-14 01:59:50.831  1349  4279 I DFInstaObserve: !toggles +blocked disable_feed=1 disable_explore=0 disable_reels=0 disable_stories=0 disable_adds=0
08-14 01:59:50.908  1349  3958 I DFInstaObserve: !toggles +blocked disable_feed=1 disable_explore=0 disable_reels=0 disable_stories=0 disable_adds=0
08-14 01:59:50.934  1349  4234 I DFInstaObserve: !toggles +blocked disable_feed=1 disable_explore=0 disable_reels=0 disable_stories=0 disable_adds=0
08-14 01:59:50.961  1349  3958 I DFInstaObserve: !toggles +blocked disable_feed=1 disable_explore=0 disable_reels=0 disable_stories=0 disable_adds=0
08-14 01:59:51.001  1349  4234 I DFInstaObserve: !toggles +blocked disable_feed=1 disable_explore=0 disable_reels=0 disable_stories=0 disable_adds=0
08-14 01:59:51.038  1349  4279 I DFInstaObserve: !toggles +blocked disable_feed=1 disable_explore=0 disable_reels=0 disable_stories=0 disable_adds=0
08-14 01:59:51.105  1349  3958 I DFInstaObserve: !toggles +blocked disable_feed=1 disable_explore=0 disable_reels=0 disable_stories=0 disable_adds=0
08-14 01:59:51.200  1349  4234 I DFInstaObserve: !toggles +blocked disable_feed=1 disable_explore=0 disable_reels=0 disable_stories=0 disable_adds=0
08-14 01:59:51.395  1349  4240 I DFInstaObserve: !toggles +blocked disable_feed=1 disable_explore=0 disable_reels=0 disable_stories=0 disable_adds=0
08-14 01:59:51.542  1349  4251 I DFInstaObserve: !toggles +blocked disable_feed=1 disable_explore=0 disable_reels=0 disable_stories=0 disable_adds=0
08-14 01:59:51.568  1349  4251 I DFInstaObserve: !toggles +blocked disable_feed=1 disable_explore=0 disable_reels=0 disable_stories=0 disable_adds=0
08-14 01:59:52.261  1349  1593 I DFInstaObserve: !toggles +blocked disable_feed=1 disable_explore=0 disable_reels=0 disable_stories=0 disable_adds=0
08-14 01:59:52.265  1349  4262 I DFInstaObserve: !toggles +blocked disable_feed=1 disable_explore=0 disable_reels=0 disable_stories=0 disable_adds=0
08-14 01:59:52.289  1349  1847 I DFInstaObserve: !toggles +blocked disable_feed=1 disable_explore=0 disable_reels=0 disable_stories=0 disable_adds=0
08-14 01:59:52.376  1349  4197 I DFInstaObserve: !toggles +blocked disable_feed=1 disable_explore=0 disable_reels=0 disable_stories=0 disable_adds=0
08-14 01:59:52.395  1349  1847 I DFInstaObserve: !toggles +blocked disable_feed=1 disable_explore=0 disable_reels=0 disable_stories=0 disable_adds=0
08-14 01:59:52.406  1349  3538 I DFInstaObserve: !toggles +blocked disable_feed=1 disable_explore=0 disable_reels=0 disable_stories=0 disable_adds=0
08-14 01:59:52.453  1349  1847 I DFInstaObserve: !toggles +blocked disable_feed=1 disable_explore=0 disable_reels=0 disable_stories=0 disable_adds=0
08-14 01:59:52.462  1349  4197 I DFInstaObserve: !toggles +blocked disable_feed=1 disable_explore=0 disable_reels=0 disable_stories=0 disable_adds=0
08-14 01:59:52.511  1349  4294 I DFInstaObserve: !toggles +blocked disable_feed=1 disable_explore=0 disable_reels=0 disable_stories=0 disable_adds=0
08-14 01:59:52.556  1349  4293 I DFInstaObserve: !toggles +blocked disable_feed=1 disable_explore=0 disable_reels=0 disable_stories=0 disable_adds=0
08-14 01:59:52.581  1349  3958 I DFInstaObserve: !toggles +blocked disable_feed=1 disable_explore=0 disable_reels=0 disable_stories=0 disable_adds=0
08-14 01:59:52.691  1349  3958 I DFInstaObserve: !toggles +blocked disable_feed=1 disable_explore=0 disable_reels=0 disable_stories=0 disable_adds=0
08-14 01:59:52.703  1349  1847 I DFInstaObserve: !toggles +blocked disable_feed=1 disable_explore=0 disable_reels=0 disable_stories=0 disable_adds=0
08-14 01:59:52.730  1349  4317 I DFInstaObserve: !toggles +blocked disable_feed=1 disable_explore=0 disable_reels=0 disable_stories=0 disable_adds=0
08-14 01:59:52.738  1349  4303 I DFInstaObserve: !toggles +blocked disable_feed=1 disable_explore=0 disable_reels=0 disable_stories=0 disable_adds=0
08-14 01:59:52.774  1349  1847 I DFInstaObserve: !toggles +blocked disable_feed=1 disable_explore=0 disable_reels=0 disable_stories=0 disable_adds=0
08-14 01:59:52.818  1349  4197 I DFInstaObserve: !toggles +blocked disable_feed=1 disable_explore=0 disable_reels=0 disable_stories=0 disable_adds=0
08-14 01:59:52.826  1349  4333 I DFInstaObserve: !toggles +blocked disable_feed=1 disable_explore=0 disable_reels=0 disable_stories=0 disable_adds=0
08-14 01:59:52.836  1349  1847 I DFInstaObserve: !toggles +blocked disable_feed=1 disable_explore=0 disable_reels=0 disable_stories=0 disable_adds=0
08-14 01:59:52.912  1349  1847 I DFInstaObserve: !toggles +blocked disable_feed=1 disable_explore=0 disable_reels=0 disable_stories=0 disable_adds=0
08-14 01:59:52.968  1349  3538 I DFInstaObserve: !toggles +blocked disable_feed=1 disable_explore=0 disable_reels=0 disable_stories=0 disable_adds=0
08-14 01:59:52.996  1349  4197 I DFInstaObserve: !toggles +blocked disable_feed=1 disable_explore=0 disable_reels=0 disable_stories=0 disable_adds=0
08-14 01:59:53.055  1349  4197 I DFInstaObserve: !toggles +blocked disable_feed=1 disable_explore=0 disable_reels=0 disable_stories=0 disable_adds=0
08-14 01:59:53.080  1349  1847 I DFInstaObserve: !toggles +blocked disable_feed=1 disable_explore=0 disable_reels=0 disable_stories=0 disable_adds=0
08-14 01:59:53.088  1349  4303 I DFInstaObserve: !toggles +blocked disable_feed=1 disable_explore=0 disable_reels=0 disable_stories=0 disable_adds=0
08-14 01:59:53.118  1349  4197 I DFInstaObserve: !toggles +blocked disable_feed=1 disable_explore=0 disable_reels=0 disable_stories=0 disable_adds=0
08-14 01:59:53.155  1349  3538 I DFInstaObserve: !toggles +blocked disable_feed=1 disable_explore=0 disable_reels=0 disable_stories=0 disable_adds=0
08-14 01:59:53.228  1349  3958 I DFInstaObserve: !toggles +blocked disable_feed=1 disable_explore=0 disable_reels=0 disable_stories=0 disable_adds=0
08-14 01:59:54.784  1349  4316 I DFInstaObserve: !toggles +blocked disable_feed=1 disable_explore=0 disable_reels=0 disable_stories=0 disable_adds=0
08-14 01:59:55.662  1349  3538 I DFInstaObserve: !toggles +blocked disable_feed=1 disable_explore=0 disable_reels=0 disable_stories=0 disable_adds=0
08-14 01:59:55.662  1349  3538 I DFInstaObserve: /discover/topical_explore
08-14 01:59:55.780  1349  4353 I DFInstaObserve: !toggles +blocked disable_feed=1 disable_explore=0 disable_reels=0 disable_stories=0 disable_adds=0
08-14 01:59:58.087  1349  4352 I DFInstaObserve: !toggles +blocked disable_feed=1 disable_explore=0 disable_reels=0 disable_stories=0 disable_adds=0
08-14 01:59:58.387  1349  1593 I DFInstaObserve: !toggles +blocked disable_feed=1 disable_explore=0 disable_reels=0 disable_stories=0 disable_adds=0
08-14 01:59:58.391  1349  4382 I DFInstaObserve: !toggles +blocked disable_feed=1 disable_explore=0 disable_reels=0 disable_stories=0 disable_adds=0
08-14 01:59:58.427  1349  1847 I DFInstaObserve: !toggles +blocked disable_feed=1 disable_explore=0 disable_reels=0 disable_stories=0 disable_adds=0
08-14 01:59:58.429  1349  4364 I DFInstaObserve: !toggles +blocked disable_feed=1 disable_explore=0 disable_reels=0 disable_stories=0 disable_adds=0
08-14 01:59:58.516  1349  4303 I DFInstaObserve: !toggles +blocked disable_feed=1 disable_explore=0 disable_reels=0 disable_stories=0 disable_adds=0
08-14 01:59:58.627  1349  3538 I DFInstaObserve: !toggles +blocked disable_feed=1 disable_explore=0 disable_reels=0 disable_stories=0 disable_adds=0
08-14 01:59:58.710  1349  1847 I DFInstaObserve: !toggles +blocked disable_feed=1 disable_explore=0 disable_reels=0 disable_stories=0 disable_adds=0
08-14 01:59:58.710  1349  4383 I DFInstaObserve: !toggles +blocked disable_feed=1 disable_explore=0 disable_reels=0 disable_stories=0 disable_adds=0
08-14 01:59:58.749  1349  1847 I DFInstaObserve: !toggles +blocked disable_feed=1 disable_explore=0 disable_reels=0 disable_stories=0 disable_adds=0
08-14 01:59:58.782  1349  3958 I DFInstaObserve: !toggles +blocked disable_feed=1 disable_explore=0 disable_reels=0 disable_stories=0 disable_adds=0
08-14 01:59:58.815  1349  4383 I DFInstaObserve: !toggles +blocked disable_feed=1 disable_explore=0 disable_reels=0 disable_stories=0 disable_adds=0
08-14 01:59:58.856  1349  1847 I DFInstaObserve: !toggles +blocked disable_feed=1 disable_explore=0 disable_reels=0 disable_stories=0 disable_adds=0
08-14 01:59:58.886  1349  3538 I DFInstaObserve: !toggles +blocked disable_feed=1 disable_explore=0 disable_reels=0 disable_stories=0 disable_adds=0
08-14 01:59:58.906  1349  1847 I DFInstaObserve: !toggles +blocked disable_feed=1 disable_explore=0 disable_reels=0 disable_stories=0 disable_adds=0
08-14 01:59:58.950  1349  3958 I DFInstaObserve: !toggles +blocked disable_feed=1 disable_explore=0 disable_reels=0 disable_stories=0 disable_adds=0
08-14 01:59:59.007  1349  4383 I DFInstaObserve: !toggles +blocked disable_feed=1 disable_explore=0 disable_reels=0 disable_stories=0 disable_adds=0
08-14 01:59:59.079  1349  4303 I DFInstaObserve: !toggles +blocked disable_feed=1 disable_explore=0 disable_reels=0 disable_stories=0 disable_adds=0
08-14 01:59:59.087  1349  1847 I DFInstaObserve: !toggles +blocked disable_feed=1 disable_explore=0 disable_reels=0 disable_stories=0 disable_adds=0
08-14 01:59:59.140  1349  4305 I DFInstaObserve: !toggles +blocked disable_feed=1 disable_explore=0 disable_reels=0 disable_stories=0 disable_adds=0
08-14 01:59:59.146  1349  3538 I DFInstaObserve: !toggles +blocked disable_feed=1 disable_explore=0 disable_reels=0 disable_stories=0 disable_adds=0
08-14 01:59:59.146  1349  1847 I DFInstaObserve: !toggles +blocked disable_feed=1 disable_explore=0 disable_reels=0 disable_stories=0 disable_adds=0
08-14 01:59:59.146  1349  3538 I DFInstaObserve: /discover/topical_explore
08-14 01:59:59.183  1349  4305 I DFInstaObserve: !toggles +blocked disable_feed=1 disable_explore=0 disable_reels=0 disable_stories=0 disable_adds=0
08-14 01:59:59.273  1349  4391 I DFInstaObserve: !toggles +blocked disable_feed=1 disable_explore=0 disable_reels=0 disable_stories=0 disable_adds=0
08-14 01:59:59.318  1349  4391 I DFInstaObserve: !toggles +blocked disable_feed=1 disable_explore=0 disable_reels=0 disable_stories=0 disable_adds=0
08-14 01:59:59.440  1349  1847 I DFInstaObserve: !toggles +blocked disable_feed=1 disable_explore=0 disable_reels=0 disable_stories=0 disable_adds=0
08-14 01:59:59.460  1349  4391 I DFInstaObserve: !toggles +blocked disable_feed=1 disable_explore=0 disable_reels=0 disable_stories=0 disable_adds=0
08-14 01:59:59.472  1349  1847 I DFInstaObserve: !toggles +blocked disable_feed=1 disable_explore=0 disable_reels=0 disable_stories=0 disable_adds=0
08-14 01:59:59.538  1349  4383 I DFInstaObserve: !toggles +blocked disable_feed=1 disable_explore=0 disable_reels=0 disable_stories=0 disable_adds=0
08-14 01:59:59.582  1349  4407 I DFInstaObserve: !toggles +blocked disable_feed=1 disable_explore=0 disable_reels=0 disable_stories=0 disable_adds=0
08-14 01:59:59.663  1349  4418 I DFInstaObserve: !toggles +blocked disable_feed=1 disable_explore=0 disable_reels=0 disable_stories=0 disable_adds=0
08-14 01:59:59.767  1349  1847 I DFInstaObserve: !toggles +blocked disable_feed=1 disable_explore=0 disable_reels=0 disable_stories=0 disable_adds=0
08-14 01:59:59.848  1349  1847 I DFInstaObserve: !toggles +blocked disable_feed=1 disable_explore=0 disable_reels=0 disable_stories=0 disable_adds=0
08-14 01:59:59.902  1349  1847 I DFInstaObserve: !toggles +blocked disable_feed=1 disable_explore=0 disable_reels=0 disable_stories=0 disable_adds=0
08-14 02:00:01.393  1349  1593 I DFInstaObserve: !toggles +blocked disable_feed=1 disable_explore=0 disable_reels=0 disable_stories=0 disable_adds=0
08-14 02:00:01.398  1349  4443 I DFInstaObserve: !toggles +blocked disable_feed=1 disable_explore=0 disable_reels=0 disable_stories=0 disable_adds=0
08-14 02:00:01.452  1349  1847 I DFInstaObserve: !toggles +blocked disable_feed=1 disable_explore=0 disable_reels=0 disable_stories=0 disable_adds=0
08-14 02:00:01.480  1349  4383 I DFInstaObserve: !toggles +blocked disable_feed=1 disable_explore=0 disable_reels=0 disable_stories=0 disable_adds=0
08-14 02:00:01.574  1349  3538 I DFInstaObserve: !toggles +blocked disable_feed=1 disable_explore=0 disable_reels=0 disable_stories=0 disable_adds=0
08-14 02:00:01.601  1349  4409 I DFInstaObserve: !toggles +blocked disable_feed=1 disable_explore=0 disable_reels=0 disable_stories=0 disable_adds=0
08-14 02:00:01.655  1349  4401 I DFInstaObserve: !toggles +blocked disable_feed=1 disable_explore=0 disable_reels=0 disable_stories=0 disable_adds=0
08-14 02:00:01.660  1349  4305 I DFInstaObserve: !toggles +blocked disable_feed=1 disable_explore=0 disable_reels=0 disable_stories=0 disable_adds=0
08-14 02:00:01.678  1349  4409 I DFInstaObserve: !toggles +blocked disable_feed=1 disable_explore=0 disable_reels=0 disable_stories=0 disable_adds=0
08-14 02:00:01.723  1349  4383 I DFInstaObserve: !toggles +blocked disable_feed=1 disable_explore=0 disable_reels=0 disable_stories=0 disable_adds=0
08-14 02:00:01.769  1349  4197 I DFInstaObserve: !toggles +blocked disable_feed=1 disable_explore=0 disable_reels=0 disable_stories=0 disable_adds=0
08-14 02:00:01.829  1349  1847 I DFInstaObserve: !toggles +blocked disable_feed=1 disable_explore=0 disable_reels=0 disable_stories=0 disable_adds=0
08-14 02:00:01.872  1349  4383 I DFInstaObserve: !toggles +blocked disable_feed=1 disable_explore=0 disable_reels=0 disable_stories=0 disable_adds=0
08-14 02:00:01.884  1349  1847 I DFInstaObserve: !toggles +blocked disable_feed=1 disable_explore=0 disable_reels=0 disable_stories=0 disable_adds=0
08-14 02:00:01.909  1349  4305 I DFInstaObserve: !toggles +blocked disable_feed=1 disable_explore=0 disable_reels=0 disable_stories=0 disable_adds=0
08-14 02:00:01.951  1349  4407 I DFInstaObserve: !toggles +blocked disable_feed=1 disable_explore=0 disable_reels=0 disable_stories=0 disable_adds=0
08-14 02:00:02.001  1349  1847 I DFInstaObserve: !toggles +blocked disable_feed=1 disable_explore=0 disable_reels=0 disable_stories=0 disable_adds=0
08-14 02:00:02.035  1349  4383 I DFInstaObserve: !toggles +blocked disable_feed=1 disable_explore=0 disable_reels=0 disable_stories=0 disable_adds=0
08-14 02:00:02.088  1349  1847 I DFInstaObserve: !toggles +blocked disable_feed=1 disable_explore=0 disable_reels=0 disable_stories=0 disable_adds=0
08-14 02:00:02.156  1349  4197 I DFInstaObserve: !toggles +blocked disable_feed=1 disable_explore=0 disable_reels=0 disable_stories=0 disable_adds=0
08-14 02:00:02.203  1349  4407 I DFInstaObserve: !toggles +blocked disable_feed=1 disable_explore=0 disable_reels=0 disable_stories=0 disable_adds=0
08-14 02:00:02.278  1349  4197 I DFInstaObserve: !toggles +blocked disable_feed=1 disable_explore=0 disable_reels=0 disable_stories=0 disable_adds=0
08-14 02:00:02.339  1349  1847 I DFInstaObserve: !toggles +blocked disable_feed=1 disable_explore=0 disable_reels=0 disable_stories=0 disable_adds=0
08-14 02:00:02.368  1349  4407 I DFInstaObserve: !toggles +blocked disable_feed=1 disable_explore=0 disable_reels=0 disable_stories=0 disable_adds=0
08-14 02:00:02.398  1349  1847 I DFInstaObserve: !toggles +blocked disable_feed=1 disable_explore=0 disable_reels=0 disable_stories=0 disable_adds=0
08-14 02:00:02.490  1349  4383 I DFInstaObserve: !toggles +blocked disable_feed=1 disable_explore=0 disable_reels=0 disable_stories=0 disable_adds=0
08-14 02:00:02.569  1349  4494 I DFInstaObserve: !toggles +blocked disable_feed=1 disable_explore=0 disable_reels=0 disable_stories=0 disable_adds=0
08-14 02:00:02.583  1349  4443 I DFInstaObserve: !toggles +blocked disable_feed=1 disable_explore=0 disable_reels=0 disable_stories=0 disable_adds=0
08-14 02:00:02.595  1349  1847 I DFInstaObserve: !toggles +blocked disable_feed=1 disable_explore=0 disable_reels=0 disable_stories=0 disable_adds=0
08-14 02:00:02.659  1349  1847 I DFInstaObserve: !toggles +blocked disable_feed=1 disable_explore=0 disable_reels=0 disable_stories=0 disable_adds=0
08-14 02:00:02.792  1349  4383 I DFInstaObserve: !toggles +blocked disable_feed=1 disable_explore=0 disable_reels=0 disable_stories=0 disable_adds=0
08-14 02:00:02.821  1349  1973 I DFInstaObserve: !toggles +blocked disable_feed=1 disable_explore=0 disable_reels=0 disable_stories=0 disable_adds=0
08-14 02:00:02.908  1349  1973 I DFInstaObserve: !toggles +blocked disable_feed=1 disable_explore=0 disable_reels=0 disable_stories=0 disable_adds=0
08-14 02:00:02.962  1349  1847 I DFInstaObserve: !toggles +blocked disable_feed=1 disable_explore=0 disable_reels=0 disable_stories=0 disable_adds=0
08-14 02:00:03.000  1349  1973 I DFInstaObserve: !toggles +blocked disable_feed=1 disable_explore=0 disable_reels=0 disable_stories=0 disable_adds=0
08-14 02:00:03.082  1349  1973 I DFInstaObserve: !toggles +blocked disable_feed=1 disable_explore=0 disable_reels=0 disable_stories=0 disable_adds=0
08-14 02:00:04.654  1349  4520 I DFInstaObserve: !toggles +blocked disable_feed=1 disable_explore=0 disable_reels=0 disable_stories=0 disable_adds=0
08-14 02:00:04.655  1349  4518 I DFInstaObserve: !toggles +blocked disable_feed=1 disable_explore=0 disable_reels=0 disable_stories=0 disable_adds=0
08-14 02:00:10.804  1349  1593 I DFInstaObserve: !toggles +blocked disable_feed=1 disable_explore=0 disable_reels=0 disable_stories=0 disable_adds=0
08-14 02:00:12.898  1349  4561 I DFInstaObserve: !toggles +blocked disable_feed=1 disable_explore=0 disable_reels=0 disable_stories=0 disable_adds=0
08-14 02:00:12.900  1349  4560 I DFInstaObserve: !toggles +blocked disable_feed=1 disable_explore=0 disable_reels=0 disable_stories=0 disable_adds=0
08-14 02:00:14.156  1349  4494 I DFInstaObserve: !toggles +blocked disable_feed=1 disable_explore=0 disable_reels=0 disable_stories=0 disable_adds=0
08-14 02:00:16.211  1349  4620 I DFInstaObserve: !toggles +blocked disable_feed=1 disable_explore=0 disable_reels=0 disable_stories=0 disable_adds=0
08-14 02:00:16.211  1349  4621 I DFInstaObserve: !toggles +blocked disable_feed=1 disable_explore=0 disable_reels=0 disable_stories=0 disable_adds=0
08-14 02:00:17.024  1349  4494 I DFInstaObserve: !toggles +blocked disable_feed=1 disable_explore=0 disable_reels=0 disable_stories=0 disable_adds=0
08-14 02:00:17.024  1349  4494 I DFInstaObserve: /clips/discover
08-14 02:00:17.024  1349  4494 I DFInstaObserve: /clips/discover/stream/
08-14 02:00:17.437  1349  1593 I DFInstaObserve: !toggles +blocked disable_feed=1 disable_explore=0 disable_reels=0 disable_stories=0 disable_adds=0
08-14 02:00:19.535  1349  4722 I DFInstaObserve: !toggles +blocked disable_feed=1 disable_explore=0 disable_reels=0 disable_stories=0 disable_adds=0
08-14 02:00:19.537  1349  4723 I DFInstaObserve: !toggles +blocked disable_feed=1 disable_explore=0 disable_reels=0 disable_stories=0 disable_adds=0
08-14 02:00:21.603  1349  4443 I DFInstaObserve: !toggles +blocked disable_feed=1 disable_explore=0 disable_reels=0 disable_stories=0 disable_adds=0
08-14 02:00:21.618  1349  4443 I DFInstaObserve: !toggles +blocked disable_feed=1 disable_explore=0 disable_reels=0 disable_stories=0 disable_adds=0
08-14 02:00:21.662  1349  1847 I DFInstaObserve: !toggles +blocked disable_feed=1 disable_explore=0 disable_reels=0 disable_stories=0 disable_adds=0
08-14 02:00:21.668  1349  2584 I DFInstaObserve: !toggles +blocked disable_feed=1 disable_explore=0 disable_reels=0 disable_stories=0 disable_adds=0
08-14 02:00:21.844  1349  1847 I DFInstaObserve: !toggles +blocked disable_feed=1 disable_explore=0 disable_reels=0 disable_stories=0 disable_adds=0
08-14 02:00:22.090  1349  4443 I DFInstaObserve: !toggles +blocked disable_feed=1 disable_explore=0 disable_reels=0 disable_stories=0 disable_adds=0
08-14 02:00:22.098  1349  4443 I DFInstaObserve: !toggles +blocked disable_feed=1 disable_explore=0 disable_reels=0 disable_stories=0 disable_adds=0
08-14 02:00:22.155  1349  1847 I DFInstaObserve: !toggles +blocked disable_feed=1 disable_explore=0 disable_reels=0 disable_stories=0 disable_adds=0
08-14 02:00:22.271  1349  4383 I DFInstaObserve: !toggles +blocked disable_feed=1 disable_explore=0 disable_reels=0 disable_stories=0 disable_adds=0
08-14 02:00:22.498  1349  1847 I DFInstaObserve: !toggles +blocked disable_feed=1 disable_explore=0 disable_reels=0 disable_stories=0 disable_adds=0
08-14 02:00:22.533  1349  1847 I DFInstaObserve: !toggles +blocked disable_feed=1 disable_explore=0 disable_reels=0 disable_stories=0 disable_adds=0
08-14 02:00:22.755  1349  1847 I DFInstaObserve: !toggles +blocked disable_feed=1 disable_explore=0 disable_reels=0 disable_stories=0 disable_adds=0
08-14 02:00:22.858  1349  4749 I DFInstaObserve: !toggles +blocked disable_feed=1 disable_explore=0 disable_reels=0 disable_stories=0 disable_adds=0
08-14 02:00:22.865  1349  4751 I DFInstaObserve: !toggles +blocked disable_feed=1 disable_explore=0 disable_reels=0 disable_stories=0 disable_adds=0
08-14 02:00:24.085  1349  4443 I DFInstaObserve: !toggles +blocked disable_feed=1 disable_explore=0 disable_reels=0 disable_stories=0 disable_adds=0
08-14 02:00:26.219  1349  4786 I DFInstaObserve: !toggles +blocked disable_feed=1 disable_explore=0 disable_reels=0 disable_stories=0 disable_adds=0
08-14 02:00:26.219  1349  4785 I DFInstaObserve: !toggles +blocked disable_feed=1 disable_explore=0 disable_reels=0 disable_stories=0 disable_adds=0
08-14 02:00:26.950  1349  4494 I DFInstaObserve: !toggles +blocked disable_feed=1 disable_explore=0 disable_reels=0 disable_stories=0 disable_adds=0
08-14 02:00:27.384  1349  1973 I DFInstaObserve: !toggles +blocked disable_feed=1 disable_explore=0 disable_reels=0 disable_stories=0 disable_adds=0
08-14 02:00:27.483  1349  1973 I DFInstaObserve: !toggles +blocked disable_feed=1 disable_explore=0 disable_reels=0 disable_stories=0 disable_adds=0
08-14 02:00:50.593  1349  4501 I DFInstaObserve: !toggles +blocked disable_feed=1 disable_explore=0 disable_reels=0 disable_stories=0 disable_adds=0
08-14 02:00:50.593  1349  4501 I DFInstaObserve: /clips/discover
08-14 02:00:50.593  1349  4501 I DFInstaObserve: /clips/discover/stream/
08-14 02:00:53.708  1349  1847 I DFInstaObserve: !toggles +blocked disable_feed=1 disable_explore=0 disable_reels=0 disable_stories=0 disable_adds=0
08-14 02:00:54.320  1349  1847 I DFInstaObserve: !toggles +blocked disable_feed=1 disable_explore=0 disable_reels=0 disable_stories=0 disable_adds=0
08-14 02:00:54.347  1349  1847 I DFInstaObserve: !toggles +blocked disable_feed=1 disable_explore=0 disable_reels=0 disable_stories=0 disable_adds=0
08-14 02:00:54.526  1349  1847 I DFInstaObserve: !toggles +blocked disable_feed=1 disable_explore=0 disable_reels=0 disable_stories=0 disable_adds=0
08-14 02:00:54.556  1349  1847 I DFInstaObserve: !toggles +blocked disable_feed=1 disable_explore=0 disable_reels=0 disable_stories=0 disable_adds=0
08-14 02:00:54.916  1349  1847 I DFInstaObserve: !toggles +blocked disable_feed=1 disable_explore=0 disable_reels=0 disable_stories=0 disable_adds=0
08-14 02:00:54.946  1349  1847 I DFInstaObserve: !toggles +blocked disable_feed=1 disable_explore=0 disable_reels=0 disable_stories=0 disable_adds=0
08-14 02:00:55.490  1349  1847 I DFInstaObserve: !toggles +blocked disable_feed=1 disable_explore=0 disable_reels=0 disable_stories=0 disable_adds=0
08-14 02:01:03.428  1349  1973 I DFInstaObserve: !toggles +blocked disable_feed=1 disable_explore=0 disable_reels=0 disable_stories=0 disable_adds=0
08-14 02:01:07.578  1349  4923 I DFInstaObserve: !toggles +blocked disable_feed=1 disable_explore=0 disable_reels=0 disable_stories=0 disable_adds=0
08-14 02:01:07.647  1349  4929 I DFInstaObserve: !toggles +blocked disable_feed=1 disable_explore=0 disable_reels=0 disable_stories=0 disable_adds=0
08-14 02:01:07.682  1349  4929 I DFInstaObserve: !toggles +blocked disable_feed=1 disable_explore=0 disable_reels=0 disable_stories=0 disable_adds=0
08-14 02:01:11.392  1349  4494 I DFInstaObserve: !toggles +blocked disable_feed=1 disable_explore=0 disable_reels=0 disable_stories=0 disable_adds=0
08-14 02:01:11.392  1349  4494 I DFInstaObserve: /discover/topical_explore
08-14 02:01:11.475  1349  4973 I DFInstaObserve: !toggles +blocked disable_feed=1 disable_explore=0 disable_reels=0 disable_stories=0 disable_adds=0
08-14 02:01:11.626  1349  4987 I DFInstaObserve: !toggles +blocked disable_feed=1 disable_explore=0 disable_reels=0 disable_stories=0 disable_adds=0
08-14 02:01:11.795  1349  4995 I DFInstaObserve: !toggles +blocked disable_feed=1 disable_explore=0 disable_reels=0 disable_stories=0 disable_adds=0
08-14 02:01:13.584  1349  4979 I DFInstaObserve: !toggles +blocked disable_feed=1 disable_explore=0 disable_reels=0 disable_stories=0 disable_adds=0
08-14 02:01:13.787  1349  4986 I DFInstaObserve: !toggles +blocked disable_feed=1 disable_explore=0 disable_reels=0 disable_stories=0 disable_adds=0
08-14 02:01:13.819  1349  4979 I DFInstaObserve: !toggles +blocked disable_feed=1 disable_explore=0 disable_reels=0 disable_stories=0 disable_adds=0
08-14 02:01:13.872  1349  4986 I DFInstaObserve: !toggles +blocked disable_feed=1 disable_explore=0 disable_reels=0 disable_stories=0 disable_adds=0
08-14 02:01:15.226  1349  4494 I DFInstaObserve: !toggles +blocked disable_feed=1 disable_explore=0 disable_reels=0 disable_stories=0 disable_adds=0
08-14 02:01:15.226  1349  4494 I DFInstaObserve: /discover/topical_explore
08-14 02:01:15.447  1349  5051 I DFInstaObserve: !toggles +blocked disable_feed=1 disable_explore=0 disable_reels=0 disable_stories=0 disable_adds=0
08-14 02:01:15.452  1349  4443 I DFInstaObserve: !toggles +blocked disable_feed=1 disable_explore=0 disable_reels=0 disable_stories=0 disable_adds=0
08-14 02:01:15.557  1349  1847 I DFInstaObserve: !toggles +blocked disable_feed=1 disable_explore=0 disable_reels=0 disable_stories=0 disable_adds=0
08-14 02:01:15.570  1349  4492 I DFInstaObserve: !toggles +blocked disable_feed=1 disable_explore=0 disable_reels=0 disable_stories=0 disable_adds=0
08-14 02:01:15.607  1349  1847 I DFInstaObserve: !toggles +blocked disable_feed=1 disable_explore=0 disable_reels=0 disable_stories=0 disable_adds=0
08-14 02:01:15.647  1349  1847 I DFInstaObserve: !toggles +blocked disable_feed=1 disable_explore=0 disable_reels=0 disable_stories=0 disable_adds=0
08-14 02:01:15.657  1349  5040 I DFInstaObserve: !toggles +blocked disable_feed=1 disable_explore=0 disable_reels=0 disable_stories=0 disable_adds=0
08-14 02:01:15.683  1349  4383 I DFInstaObserve: !toggles +blocked disable_feed=1 disable_explore=0 disable_reels=0 disable_stories=0 disable_adds=0
08-14 02:01:15.715  1349  1847 I DFInstaObserve: !toggles +blocked disable_feed=1 disable_explore=0 disable_reels=0 disable_stories=0 disable_adds=0
08-14 02:01:15.778  1349  1847 I DFInstaObserve: !toggles +blocked disable_feed=1 disable_explore=0 disable_reels=0 disable_stories=0 disable_adds=0
08-14 02:01:15.779  1349  4383 I DFInstaObserve: !toggles +blocked disable_feed=1 disable_explore=0 disable_reels=0 disable_stories=0 disable_adds=0
08-14 02:01:15.851  1349  5040 I DFInstaObserve: !toggles +blocked disable_feed=1 disable_explore=0 disable_reels=0 disable_stories=0 disable_adds=0
08-14 02:01:15.855  1349  1847 I DFInstaObserve: !toggles +blocked disable_feed=1 disable_explore=0 disable_reels=0 disable_stories=0 disable_adds=0
08-14 02:01:15.932  1349  4383 I DFInstaObserve: !toggles +blocked disable_feed=1 disable_explore=0 disable_reels=0 disable_stories=0 disable_adds=0
08-14 02:01:16.011  1349  5040 I DFInstaObserve: !toggles +blocked disable_feed=1 disable_explore=0 disable_reels=0 disable_stories=0 disable_adds=0
08-14 02:01:16.049  1349  4501 I DFInstaObserve: !toggles +blocked disable_feed=1 disable_explore=0 disable_reels=0 disable_stories=0 disable_adds=0
08-14 02:01:16.084  1349  4383 I DFInstaObserve: !toggles +blocked disable_feed=1 disable_explore=0 disable_reels=0 disable_stories=0 disable_adds=0
08-14 02:01:16.129  1349  4501 I DFInstaObserve: !toggles +blocked disable_feed=1 disable_explore=0 disable_reels=0 disable_stories=0 disable_adds=0
08-14 02:01:16.161  1349  5040 I DFInstaObserve: !toggles +blocked disable_feed=1 disable_explore=0 disable_reels=0 disable_stories=0 disable_adds=0
08-14 02:01:16.193  1349  4383 I DFInstaObserve: !toggles +blocked disable_feed=1 disable_explore=0 disable_reels=0 disable_stories=0 disable_adds=0
08-14 02:01:16.228  1349  4501 I DFInstaObserve: !toggles +blocked disable_feed=1 disable_explore=0 disable_reels=0 disable_stories=0 disable_adds=0
08-14 02:01:16.305  1349  5040 I DFInstaObserve: !toggles +blocked disable_feed=1 disable_explore=0 disable_reels=0 disable_stories=0 disable_adds=0
08-14 02:01:16.328  1349  4383 I DFInstaObserve: !toggles +blocked disable_feed=1 disable_explore=0 disable_reels=0 disable_stories=0 disable_adds=0
08-14 02:01:16.831  1349  5041 I DFInstaObserve: !toggles +blocked disable_feed=1 disable_explore=0 disable_reels=0 disable_stories=0 disable_adds=0
08-14 02:01:16.856  1349  5041 I DFInstaObserve: !toggles +blocked disable_feed=1 disable_explore=0 disable_reels=0 disable_stories=0 disable_adds=0
08-14 02:01:17.039  1349  5046 I DFInstaObserve: !toggles +blocked disable_feed=1 disable_explore=0 disable_reels=0 disable_stories=0 disable_adds=0
08-14 02:01:17.107  1349  5046 I DFInstaObserve: !toggles +blocked disable_feed=1 disable_explore=0 disable_reels=0 disable_stories=0 disable_adds=0
08-14 02:01:17.941  1349  5072 I DFInstaObserve: !toggles +blocked disable_feed=1 disable_explore=0 disable_reels=0 disable_stories=0 disable_adds=0
08-14 02:01:17.949  1349  5051 I DFInstaObserve: !toggles +blocked disable_feed=1 disable_explore=0 disable_reels=0 disable_stories=0 disable_adds=0
08-14 02:01:17.983  1349  1847 I DFInstaObserve: !toggles +blocked disable_feed=1 disable_explore=0 disable_reels=0 disable_stories=0 disable_adds=0
08-14 02:01:18.010  1349  4501 I DFInstaObserve: !toggles +blocked disable_feed=1 disable_explore=0 disable_reels=0 disable_stories=0 disable_adds=0
08-14 02:01:18.111  1349  1847 I DFInstaObserve: !toggles +blocked disable_feed=1 disable_explore=0 disable_reels=0 disable_stories=0 disable_adds=0
08-14 02:01:18.123  1349  5081 I DFInstaObserve: !toggles +blocked disable_feed=1 disable_explore=0 disable_reels=0 disable_stories=0 disable_adds=0
08-14 02:01:18.193  1349  4501 I DFInstaObserve: !toggles +blocked disable_feed=1 disable_explore=0 disable_reels=0 disable_stories=0 disable_adds=0
08-14 02:01:18.195  1349  1847 I DFInstaObserve: !toggles +blocked disable_feed=1 disable_explore=0 disable_reels=0 disable_stories=0 disable_adds=0
08-14 02:01:18.288  1349  5087 I DFInstaObserve: !toggles +blocked disable_feed=1 disable_explore=0 disable_reels=0 disable_stories=0 disable_adds=0
08-14 02:01:18.299  1349  5104 I DFInstaObserve: !toggles +blocked disable_feed=1 disable_explore=0 disable_reels=0 disable_stories=0 disable_adds=0
08-14 02:01:18.394  1349  5081 I DFInstaObserve: !toggles +blocked disable_feed=1 disable_explore=0 disable_reels=0 disable_stories=0 disable_adds=0
08-14 02:01:18.503  1349  5070 I DFInstaObserve: !toggles +blocked disable_feed=1 disable_explore=0 disable_reels=0 disable_stories=0 disable_adds=0
08-14 02:01:18.529  1349  1847 I DFInstaObserve: !toggles +blocked disable_feed=1 disable_explore=0 disable_reels=0 disable_stories=0 disable_adds=0
08-14 02:01:18.538  1349  5087 I DFInstaObserve: !toggles +blocked disable_feed=1 disable_explore=0 disable_reels=0 disable_stories=0 disable_adds=0
08-14 02:01:18.574  1349  1847 I DFInstaObserve: !toggles +blocked disable_feed=1 disable_explore=0 disable_reels=0 disable_stories=0 disable_adds=0
08-14 02:01:18.622  1349  5078 I DFInstaObserve: !toggles +blocked disable_feed=1 disable_explore=0 disable_reels=0 disable_stories=0 disable_adds=0
08-14 02:01:18.660  1349  1847 I DFInstaObserve: !toggles +blocked disable_feed=1 disable_explore=0 disable_reels=0 disable_stories=0 disable_adds=0
08-14 02:01:18.695  1349  1847 I DFInstaObserve: !toggles +blocked disable_feed=1 disable_explore=0 disable_reels=0 disable_stories=0 disable_adds=0
08-14 02:01:18.731  1349  5087 I DFInstaObserve: !toggles +blocked disable_feed=1 disable_explore=0 disable_reels=0 disable_stories=0 disable_adds=0
08-14 02:01:18.796  1349  5070 I DFInstaObserve: !toggles +blocked disable_feed=1 disable_explore=0 disable_reels=0 disable_stories=0 disable_adds=0
08-14 02:01:18.828  1349  4383 I DFInstaObserve: !toggles +blocked disable_feed=1 disable_explore=0 disable_reels=0 disable_stories=0 disable_adds=0
08-14 02:01:18.942  1349  5070 I DFInstaObserve: !toggles +blocked disable_feed=1 disable_explore=0 disable_reels=0 disable_stories=0 disable_adds=0
08-14 02:01:18.961  1349  5087 I DFInstaObserve: !toggles +blocked disable_feed=1 disable_explore=0 disable_reels=0 disable_stories=0 disable_adds=0
08-14 02:01:18.997  1349  5070 I DFInstaObserve: !toggles +blocked disable_feed=1 disable_explore=0 disable_reels=0 disable_stories=0 disable_adds=0
08-14 02:01:19.009  1349  1847 I DFInstaObserve: !toggles +blocked disable_feed=1 disable_explore=0 disable_reels=0 disable_stories=0 disable_adds=0
08-14 02:01:19.021  1349  4383 I DFInstaObserve: !toggles +blocked disable_feed=1 disable_explore=0 disable_reels=0 disable_stories=0 disable_adds=0
08-14 02:01:20.241  1349  5094 I DFInstaObserve: !toggles +blocked disable_feed=1 disable_explore=0 disable_reels=0 disable_stories=0 disable_adds=0
08-14 02:01:21.047  1349  5078 I DFInstaObserve: !toggles +blocked disable_feed=1 disable_explore=0 disable_reels=0 disable_stories=0 disable_adds=0
08-14 02:01:21.047  1349  5078 I DFInstaObserve: /discover/topical_explore
08-14 02:01:21.238  1349  5121 I DFInstaObserve: !toggles +blocked disable_feed=1 disable_explore=0 disable_reels=0 disable_stories=0 disable_adds=0
08-14 02:01:21.443  1349  5138 I DFInstaObserve: !toggles +blocked disable_feed=1 disable_explore=0 disable_reels=0 disable_stories=0 disable_adds=0
08-14 02:01:23.434  1349  5120 I DFInstaObserve: !toggles +blocked disable_feed=1 disable_explore=0 disable_reels=0 disable_stories=0 disable_adds=0
08-14 02:01:23.459  1349  5051 I DFInstaObserve: !toggles +blocked disable_feed=1 disable_explore=0 disable_reels=0 disable_stories=0 disable_adds=0
08-14 02:01:23.466  1349  5149 I DFInstaObserve: !toggles +blocked disable_feed=1 disable_explore=0 disable_reels=0 disable_stories=0 disable_adds=0
08-14 02:01:23.526  1349  1847 I DFInstaObserve: !toggles +blocked disable_feed=1 disable_explore=0 disable_reels=0 disable_stories=0 disable_adds=0
08-14 02:01:23.643  1349  5116 I DFInstaObserve: !toggles +blocked disable_feed=1 disable_explore=0 disable_reels=0 disable_stories=0 disable_adds=0
08-14 02:01:23.648  1349  1847 I DFInstaObserve: !toggles +blocked disable_feed=1 disable_explore=0 disable_reels=0 disable_stories=0 disable_adds=0
08-14 02:01:23.691  1349  5115 I DFInstaObserve: !toggles +blocked disable_feed=1 disable_explore=0 disable_reels=0 disable_stories=0 disable_adds=0
08-14 02:01:23.710  1349  1847 I DFInstaObserve: !toggles +blocked disable_feed=1 disable_explore=0 disable_reels=0 disable_stories=0 disable_adds=0
08-14 02:01:23.763  1349  5070 I DFInstaObserve: !toggles +blocked disable_feed=1 disable_explore=0 disable_reels=0 disable_stories=0 disable_adds=0
08-14 02:01:23.789  1349  5137 I DFInstaObserve: !toggles +blocked disable_feed=1 disable_explore=0 disable_reels=0 disable_stories=0 disable_adds=0
08-14 02:01:23.904  1349  5116 I DFInstaObserve: !toggles +blocked disable_feed=1 disable_explore=0 disable_reels=0 disable_stories=0 disable_adds=0
08-14 02:01:23.962  1349  5078 I DFInstaObserve: !toggles +blocked disable_feed=1 disable_explore=0 disable_reels=0 disable_stories=0 disable_adds=0
08-14 02:01:24.063  1349  1847 I DFInstaObserve: !toggles +blocked disable_feed=1 disable_explore=0 disable_reels=0 disable_stories=0 disable_adds=0
08-14 02:01:24.120  1349  1847 I DFInstaObserve: !toggles +blocked disable_feed=1 disable_explore=0 disable_reels=0 disable_stories=0 disable_adds=0
08-14 02:01:24.120  1349  5125 I DFInstaObserve: !toggles +blocked disable_feed=1 disable_explore=0 disable_reels=0 disable_stories=0 disable_adds=0
08-14 02:01:24.165  1349  5116 I DFInstaObserve: !toggles +blocked disable_feed=1 disable_explore=0 disable_reels=0 disable_stories=0 disable_adds=0
08-14 02:01:24.227  1349  5115 I DFInstaObserve: !toggles +blocked disable_feed=1 disable_explore=0 disable_reels=0 disable_stories=0 disable_adds=0
08-14 02:01:24.306  1349  1847 I DFInstaObserve: !toggles +blocked disable_feed=1 disable_explore=0 disable_reels=0 disable_stories=0 disable_adds=0
08-14 02:01:24.358  1349  5078 I DFInstaObserve: !toggles +blocked disable_feed=1 disable_explore=0 disable_reels=0 disable_stories=0 disable_adds=0
08-14 02:01:24.382  1349  1847 I DFInstaObserve: !toggles +blocked disable_feed=1 disable_explore=0 disable_reels=0 disable_stories=0 disable_adds=0
08-14 02:01:24.475  1349  5125 I DFInstaObserve: !toggles +blocked disable_feed=1 disable_explore=0 disable_reels=0 disable_stories=0 disable_adds=0
08-14 02:01:24.554  1349  5116 I DFInstaObserve: !toggles +blocked disable_feed=1 disable_explore=0 disable_reels=0 disable_stories=0 disable_adds=0
08-14 02:01:24.617  1349  5162 I DFInstaObserve: !toggles +blocked disable_feed=1 disable_explore=0 disable_reels=0 disable_stories=0 disable_adds=0
08-14 02:01:24.617  1349  5162 I DFInstaObserve: /discover/topical_explore
08-14 02:01:24.630  1349  5125 I DFInstaObserve: !toggles +blocked disable_feed=1 disable_explore=0 disable_reels=0 disable_stories=0 disable_adds=0
08-14 02:01:24.699  1349  1847 I DFInstaObserve: !toggles +blocked disable_feed=1 disable_explore=0 disable_reels=0 disable_stories=0 disable_adds=0
08-14 02:01:24.747  1349  5157 I DFInstaObserve: !toggles +blocked disable_feed=1 disable_explore=0 disable_reels=0 disable_stories=0 disable_adds=0
08-14 02:01:24.802  1349  5078 I DFInstaObserve: !toggles +blocked disable_feed=1 disable_explore=0 disable_reels=0 disable_stories=0 disable_adds=0
08-14 02:01:24.808  1349  1847 I DFInstaObserve: !toggles +blocked disable_feed=1 disable_explore=0 disable_reels=0 disable_stories=0 disable_adds=0
08-14 02:01:24.943  1349  5176 I DFInstaObserve: !toggles +blocked disable_feed=1 disable_explore=0 disable_reels=0 disable_stories=0 disable_adds=0
08-14 02:01:24.975  1349  5157 I DFInstaObserve: !toggles +blocked disable_feed=1 disable_explore=0 disable_reels=0 disable_stories=0 disable_adds=0
08-14 02:01:25.061  1349  5115 I DFInstaObserve: !toggles +blocked disable_feed=1 disable_explore=0 disable_reels=0 disable_stories=0 disable_adds=0
08-14 02:01:25.519  1349  5191 I DFInstaObserve: !toggles +blocked disable_feed=1 disable_explore=0 disable_reels=0 disable_stories=0 disable_adds=0
08-14 02:01:25.615  1349  1847 I DFInstaObserve: !toggles +blocked disable_feed=1 disable_explore=0 disable_reels=0 disable_stories=0 disable_adds=0
08-14 02:01:25.651  1349  1847 I DFInstaObserve: !toggles +blocked disable_feed=1 disable_explore=0 disable_reels=0 disable_stories=0 disable_adds=0
08-14 02:01:25.746  1349  1847 I DFInstaObserve: !toggles +blocked disable_feed=1 disable_explore=0 disable_reels=0 disable_stories=0 disable_adds=0
08-14 02:01:27.028  1349  5175 I DFInstaObserve: !toggles +blocked disable_feed=1 disable_explore=0 disable_reels=0 disable_stories=0 disable_adds=0
08-14 02:01:27.503  1349  5183 I DFInstaObserve: !toggles +blocked disable_feed=1 disable_explore=0 disable_reels=0 disable_stories=0 disable_adds=0
08-14 02:01:27.946  1349  5051 I DFInstaObserve: !toggles +blocked disable_feed=1 disable_explore=0 disable_reels=0 disable_stories=0 disable_adds=0
08-14 02:01:27.956  1349  5231 I DFInstaObserve: !toggles +blocked disable_feed=1 disable_explore=0 disable_reels=0 disable_stories=0 disable_adds=0
08-14 02:01:28.082  1349  1847 I DFInstaObserve: !toggles +blocked disable_feed=1 disable_explore=0 disable_reels=0 disable_stories=0 disable_adds=0
08-14 02:01:28.086  1349  5222 I DFInstaObserve: !toggles +blocked disable_feed=1 disable_explore=0 disable_reels=0 disable_stories=0 disable_adds=0
08-14 02:01:28.149  1349  5157 I DFInstaObserve: !toggles +blocked disable_feed=1 disable_explore=0 disable_reels=0 disable_stories=0 disable_adds=0
08-14 02:01:28.274  1349  5212 I DFInstaObserve: !toggles +blocked disable_feed=1 disable_explore=0 disable_reels=0 disable_stories=0 disable_adds=0
08-14 02:01:28.314  1349  1973 I DFInstaObserve: !toggles +blocked disable_feed=1 disable_explore=0 disable_reels=0 disable_stories=0 disable_adds=0
08-14 02:01:28.358  1349  5222 I DFInstaObserve: !toggles +blocked disable_feed=1 disable_explore=0 disable_reels=0 disable_stories=0 disable_adds=0
08-14 02:01:28.361  1349  1847 I DFInstaObserve: !toggles +blocked disable_feed=1 disable_explore=0 disable_reels=0 disable_stories=0 disable_adds=0
08-14 02:01:28.397  1349  5157 I DFInstaObserve: !toggles +blocked disable_feed=1 disable_explore=0 disable_reels=0 disable_stories=0 disable_adds=0
08-14 02:01:28.404  1349  1847 I DFInstaObserve: !toggles +blocked disable_feed=1 disable_explore=0 disable_reels=0 disable_stories=0 disable_adds=0
08-14 02:01:28.407  1349  1973 I DFInstaObserve: !toggles +blocked disable_feed=1 disable_explore=0 disable_reels=0 disable_stories=0 disable_adds=0
08-14 02:01:28.443  1349  1847 I DFInstaObserve: !toggles +blocked disable_feed=1 disable_explore=0 disable_reels=0 disable_stories=0 disable_adds=0
08-14 02:01:28.458  1349  5212 I DFInstaObserve: !toggles +blocked disable_feed=1 disable_explore=0 disable_reels=0 disable_stories=0 disable_adds=0
08-14 02:01:28.490  1349  1847 I DFInstaObserve: !toggles +blocked disable_feed=1 disable_explore=0 disable_reels=0 disable_stories=0 disable_adds=0
08-14 02:01:28.510  1349  5222 I DFInstaObserve: !toggles +blocked disable_feed=1 disable_explore=0 disable_reels=0 disable_stories=0 disable_adds=0
08-14 02:01:28.519  1349  1973 I DFInstaObserve: !toggles +blocked disable_feed=1 disable_explore=0 disable_reels=0 disable_stories=0 disable_adds=0
08-14 02:01:28.550  1349  5157 I DFInstaObserve: !toggles +blocked disable_feed=1 disable_explore=0 disable_reels=0 disable_stories=0 disable_adds=0
08-14 02:01:28.625  1349  5212 I DFInstaObserve: !toggles +blocked disable_feed=1 disable_explore=0 disable_reels=0 disable_stories=0 disable_adds=0
08-14 02:01:28.627  1349  1973 I DFInstaObserve: !toggles +blocked disable_feed=1 disable_explore=0 disable_reels=0 disable_stories=0 disable_adds=0
08-14 02:01:28.670  1349  5217 I DFInstaObserve: !toggles +blocked disable_feed=1 disable_explore=0 disable_reels=0 disable_stories=0 disable_adds=0
08-14 02:01:28.711  1349  1847 I DFInstaObserve: !toggles +blocked disable_feed=1 disable_explore=0 disable_reels=0 disable_stories=0 disable_adds=0
08-14 02:01:28.739  1349  5212 I DFInstaObserve: !toggles +blocked disable_feed=1 disable_explore=0 disable_reels=0 disable_stories=0 disable_adds=0
08-14 02:01:28.911  1349  5213 I DFInstaObserve: !toggles +blocked disable_feed=1 disable_explore=0 disable_reels=0 disable_stories=0 disable_adds=0
08-14 02:01:29.025  1349  5222 I DFInstaObserve: !toggles +blocked disable_feed=1 disable_explore=0 disable_reels=0 disable_stories=0 disable_adds=0
08-14 02:01:30.161  1349  5243 I DFInstaObserve: !toggles +blocked disable_feed=1 disable_explore=0 disable_reels=0 disable_stories=0 disable_adds=0
08-14 02:01:30.162  1349  5242 I DFInstaObserve: !toggles +blocked disable_feed=1 disable_explore=0 disable_reels=0 disable_stories=0 disable_adds=0
08-14 02:01:35.873  1349  5217 I DFInstaObserve: !toggles +blocked disable_feed=1 disable_explore=0 disable_reels=0 disable_stories=0 disable_adds=0
08-14 02:01:35.873  1349  5217 I DFInstaObserve: /clips/discover
08-14 02:01:35.873  1349  5217 I DFInstaObserve: /clips/discover/stream/
08-14 02:01:36.274  1349  5051 I DFInstaObserve: !toggles +blocked disable_feed=1 disable_explore=0 disable_reels=0 disable_stories=0 disable_adds=0
08-14 02:01:38.350  1349  5276 I DFInstaObserve: !toggles +blocked disable_feed=1 disable_explore=0 disable_reels=0 disable_stories=0 disable_adds=0
08-14 02:01:38.354  1349  5275 I DFInstaObserve: !toggles +blocked disable_feed=1 disable_explore=0 disable_reels=0 disable_stories=0 disable_adds=0
08-14 02:01:39.695  1349  5051 I DFInstaObserve: !toggles +blocked disable_feed=1 disable_explore=0 disable_reels=0 disable_stories=0 disable_adds=0
08-14 02:01:39.708  1349  5051 I DFInstaObserve: !toggles +blocked disable_feed=1 disable_explore=0 disable_reels=0 disable_stories=0 disable_adds=0
08-14 02:01:39.756  1349  5051 I DFInstaObserve: !toggles +blocked disable_feed=1 disable_explore=0 disable_reels=0 disable_stories=0 disable_adds=0
08-14 02:01:39.849  1349  1847 I DFInstaObserve: !toggles +blocked disable_feed=1 disable_explore=0 disable_reels=0 disable_stories=0 disable_adds=0
08-14 02:01:39.852  1349  5212 I DFInstaObserve: !toggles +blocked disable_feed=1 disable_explore=0 disable_reels=0 disable_stories=0 disable_adds=0
08-14 02:01:39.985  1349  5231 I DFInstaObserve: !toggles +blocked disable_feed=1 disable_explore=0 disable_reels=0 disable_stories=0 disable_adds=0
08-14 02:01:39.990  1349  5231 I DFInstaObserve: !toggles +blocked disable_feed=1 disable_explore=0 disable_reels=0 disable_stories=0 disable_adds=0
08-14 02:01:40.129  1349  5316 I DFInstaObserve: !toggles +blocked disable_feed=1 disable_explore=0 disable_reels=0 disable_stories=0 disable_adds=0
08-14 02:01:40.226  1349  1847 I DFInstaObserve: !toggles +blocked disable_feed=1 disable_explore=0 disable_reels=0 disable_stories=0 disable_adds=0
08-14 02:01:40.266  1349  1847 I DFInstaObserve: !toggles +blocked disable_feed=1 disable_explore=0 disable_reels=0 disable_stories=0 disable_adds=0
08-14 02:01:40.376  1349  1847 I DFInstaObserve: !toggles +blocked disable_feed=1 disable_explore=0 disable_reels=0 disable_stories=0 disable_adds=0
08-14 02:01:40.422  1349  1847 I DFInstaObserve: !toggles +blocked disable_feed=1 disable_explore=0 disable_reels=0 disable_stories=0 disable_adds=0
08-14 02:01:40.582  1349  1847 I DFInstaObserve: !toggles +blocked disable_feed=1 disable_explore=0 disable_reels=0 disable_stories=0 disable_adds=0
08-14 02:01:40.615  1349  1847 I DFInstaObserve: !toggles +blocked disable_feed=1 disable_explore=0 disable_reels=0 disable_stories=0 disable_adds=0
08-14 02:01:40.846  1349  1847 I DFInstaObserve: !toggles +blocked disable_feed=1 disable_explore=0 disable_reels=0 disable_stories=0 disable_adds=0
08-14 02:01:41.663  1349  5298 I DFInstaObserve: !toggles +blocked disable_feed=1 disable_explore=0 disable_reels=0 disable_stories=0 disable_adds=0
08-14 02:01:41.664  1349  5297 I DFInstaObserve: !toggles +blocked disable_feed=1 disable_explore=0 disable_reels=0 disable_stories=0 disable_adds=0
08-14 02:01:42.915  1349  5051 I DFInstaObserve: !toggles +blocked disable_feed=1 disable_explore=0 disable_reels=0 disable_stories=0 disable_adds=0
08-14 02:01:42.957  1349  5051 I DFInstaObserve: !toggles +blocked disable_feed=1 disable_explore=0 disable_reels=0 disable_stories=0 disable_adds=0
08-14 02:01:42.957  1349  5213 I DFInstaObserve: !toggles +blocked disable_feed=1 disable_explore=0 disable_reels=0 disable_stories=0 disable_adds=0
08-14 02:01:45.038  1349  5332 I DFInstaObserve: !toggles +blocked disable_feed=1 disable_explore=0 disable_reels=0 disable_stories=0 disable_adds=0
08-14 02:01:45.040  1349  5331 I DFInstaObserve: !toggles +blocked disable_feed=1 disable_explore=0 disable_reels=0 disable_stories=0 disable_adds=0
08-14 02:01:48.352  1349  5356 I DFInstaObserve: !toggles +blocked disable_feed=1 disable_explore=0 disable_reels=0 disable_stories=0 disable_adds=0
08-14 02:01:48.357  1349  5355 I DFInstaObserve: !toggles +blocked disable_feed=1 disable_explore=0 disable_reels=0 disable_stories=0 disable_adds=0
08-14 02:01:49.132  1349  5316 I DFInstaObserve: !toggles +blocked disable_feed=1 disable_explore=0 disable_reels=0 disable_stories=0 disable_adds=0
08-14 02:01:49.132  1349  5316 I DFInstaObserve: /clips/discover
08-14 02:01:49.132  1349  5316 I DFInstaObserve: /clips/discover/stream/
08-14 02:01:49.587  1349  5231 I DFInstaObserve: !toggles +blocked disable_feed=1 disable_explore=0 disable_reels=0 disable_stories=0 disable_adds=0
08-14 02:01:49.615  1349  5231 I DFInstaObserve: !toggles +blocked disable_feed=1 disable_explore=0 disable_reels=0 disable_stories=0 disable_adds=0
08-14 02:01:51.709  1349  5379 I DFInstaObserve: !toggles +blocked disable_feed=1 disable_explore=0 disable_reels=0 disable_stories=0 disable_adds=0
08-14 02:01:51.711  1349  5378 I DFInstaObserve: !toggles +blocked disable_feed=1 disable_explore=0 disable_reels=0 disable_stories=0 disable_adds=0
