08-14 01:40:25.877 23926 23992 I DFInstaObserve: !toggles +blocked disable_feed=0 disable_explore=0 disable_reels=0 disable_stories=1 disable_adds=0
08-14 01:40:25.877 23926 23992 I DFInstaObserve: /feed/timeline/
08-14 01:40:25.909 23926 23991 I DFInstaObserve: !toggles +blocked disable_feed=0 disable_explore=0 disable_reels=0 disable_stories=1 disable_adds=0
08-14 01:40:25.909 23926 23991 I DFInstaObserve: /feed/reels_tray/
08-14 01:40:25.909 23926 23991 I DFInstaObserve: !blocked /feed/reels_tray/
08-14 01:40:26.200 23926 23926 E IgFunctionalErrorEvent: STORY_NOT_LOADING
08-14 01:40:26.200 23926 23926 E IgFunctionalErrorEvent: java.io.IOException: Blocked by DFInsta setting
08-14 01:40:26.256 23926 24131 I DFInstaObserve: !toggles +blocked disable_feed=0 disable_explore=0 disable_reels=0 disable_stories=1 disable_adds=0
08-14 01:40:26.558 23926 24081 I DFInstaObserve: !toggles +blocked disable_feed=0 disable_explore=0 disable_reels=0 disable_stories=1 disable_adds=0
08-14 01:40:26.745 23926 24131 I DFInstaObserve: !toggles +blocked disable_feed=0 disable_explore=0 disable_reels=0 disable_stories=1 disable_adds=0
08-14 01:40:26.844 23926 24000 I DFInstaObserve: !toggles +blocked disable_feed=0 disable_explore=0 disable_reels=0 disable_stories=1 disable_adds=0
08-14 01:40:26.844 23926 24000 I DFInstaObserve: /discover/topical_explore
08-14 01:40:27.142 23926 23990 I DFInstaObserve: !toggles +blocked disable_feed=0 disable_explore=0 disable_reels=0 disable_stories=1 disable_adds=0
08-14 01:40:27.237 23926 23963 I DFInstaObserve: !toggles +blocked disable_feed=0 disable_explore=0 disable_reels=0 disable_stories=1 disable_adds=0
08-14 01:40:27.246 23926 23963 I DFInstaObserve: !toggles +blocked disable_feed=0 disable_explore=0 disable_reels=0 disable_stories=1 disable_adds=0
08-14 01:40:27.511 23926 23992 I DFInstaObserve: !toggles +blocked disable_feed=0 disable_explore=0 disable_reels=0 disable_stories=1 disable_adds=0
08-14 01:40:27.511 23926 23992 I DFInstaObserve: /feed/timeline/
08-14 01:40:27.534 23926 23991 I DFInstaObserve: !toggles +blocked disable_feed=0 disable_explore=0 disable_reels=0 disable_stories=1 disable_adds=0
08-14 01:40:27.793 23926 24061 I DFInstaObserve: !toggles +blocked disable_feed=0 disable_explore=0 disable_reels=0 disable_stories=1 disable_adds=0
08-14 01:40:28.026 23926 24080 I DFInstaObserve: !toggles +blocked disable_feed=0 disable_explore=0 disable_reels=0 disable_stories=1 disable_adds=0
08-14 01:40:28.080 23926 24097 I DFInstaObserve: !toggles +blocked disable_feed=0 disable_explore=0 disable_reels=0 disable_stories=1 disable_adds=0
08-14 01:40:28.136 23926 24097 I DFInstaObserve: !toggles +blocked disable_feed=0 disable_explore=0 disable_reels=0 disable_stories=1 disable_adds=0
08-14 01:40:28.264 23926 24080 I DFInstaObserve: !toggles +blocked disable_feed=0 disable_explore=0 disable_reels=0 disable_stories=1 disable_adds=0
08-14 01:40:28.347 23926 23964 I DFInstaObserve: !toggles +blocked disable_feed=0 disable_explore=0 disable_reels=0 disable_stories=1 disable_adds=0
08-14 01:40:28.593 23926 24235 I DFInstaObserve: !toggles +blocked disable_feed=0 disable_explore=0 disable_reels=0 disable_stories=1 disable_adds=0
08-14 01:40:28.828 23926 23964 I DFInstaObserve: !toggles +blocked disable_feed=0 disable_explore=0 disable_reels=0 disable_stories=1 disable_adds=0
08-14 01:40:29.069 23926 24241 I DFInstaObserve: !toggles +blocked disable_feed=0 disable_explore=0 disable_reels=0 disable_stories=1 disable_adds=0
08-14 01:40:29.094 23926 24246 I DFInstaObserve: !toggles +blocked disable_feed=0 disable_explore=0 disable_reels=0 disable_stories=1 disable_adds=0
08-14 01:40:30.047 23926 23963 I DFInstaObserve: !toggles +blocked disable_feed=0 disable_explore=0 disable_reels=0 disable_stories=1 disable_adds=0
08-14 01:40:30.053 23926 23963 I DFInstaObserve: !toggles +blocked disable_feed=0 disable_explore=0 disable_reels=0 disable_stories=1 disable_adds=0
08-14 01:40:30.089 23926 23963 I DFInstaObserve: !toggles +blocked disable_feed=0 disable_explore=0 disable_reels=0 disable_stories=1 disable_adds=0
08-14 01:40:30.097 23926 23963 I DFInstaObserve: !toggles +blocked disable_feed=0 disable_explore=0 disable_reels=0 disable_stories=1 disable_adds=0
08-14 01:40:30.135 23926 24097 I DFInstaObserve: !toggles +blocked disable_feed=0 disable_explore=0 disable_reels=0 disable_stories=1 disable_adds=0
08-14 01:40:30.167 23926 24097 I DFInstaObserve: !toggles +blocked disable_feed=0 disable_explore=0 disable_reels=0 disable_stories=1 disable_adds=0
08-14 01:40:30.204 23926 24097 I DFInstaObserve: !toggles +blocked disable_feed=0 disable_explore=0 disable_reels=0 disable_stories=1 disable_adds=0
08-14 01:40:30.344 23926 24239 I DFInstaObserve: !toggles +blocked disable_feed=0 disable_explore=0 disable_reels=0 disable_stories=1 disable_adds=0
08-14 01:40:30.566 23926 24240 I DFInstaObserve: !toggles +blocked disable_feed=0 disable_explore=0 disable_reels=0 disable_stories=1 disable_adds=0
08-14 01:40:30.838 23926 24234 I DFInstaObserve: !toggles +blocked disable_feed=0 disable_explore=0 disable_reels=0 disable_stories=1 disable_adds=0
08-14 01:40:30.959 23926 24097 I DFInstaObserve: !toggles +blocked disable_feed=0 disable_explore=0 disable_reels=0 disable_stories=1 disable_adds=0
08-14 01:40:31.022 23926 24097 I DFInstaObserve: !toggles +blocked disable_feed=0 disable_explore=0 disable_reels=0 disable_stories=1 disable_adds=0
08-14 01:40:31.046 23926 24097 I DFInstaObserve: !toggles +blocked disable_feed=0 disable_explore=0 disable_reels=0 disable_stories=1 disable_adds=0
08-14 01:40:31.083 23926 24239 I DFInstaObserve: !toggles +blocked disable_feed=0 disable_explore=0 disable_reels=0 disable_stories=1 disable_adds=0
08-14 01:40:31.104 23926 24000 I DFInstaObserve: !toggles +blocked disable_feed=0 disable_explore=0 disable_reels=0 disable_stories=1 disable_adds=0
08-14 01:40:31.146 23926 24000 I DFInstaObserve: !toggles +blocked disable_feed=0 disable_explore=0 disable_reels=0 disable_stories=1 disable_adds=0
08-14 01:40:31.225 23926 24234 I DFInstaObserve: !toggles +blocked disable_feed=0 disable_explore=0 disable_reels=0 disable_stories=1 disable_adds=0
08-14 01:40:31.267 23926 24097 I DFInstaObserve: !toggles +blocked disable_feed=0 disable_explore=0 disable_reels=0 disable_stories=1 disable_adds=0
08-14 01:40:31.270 23926 24239 I DFInstaObserve: !toggles +blocked disable_feed=0 disable_explore=0 disable_reels=0 disable_stories=1 disable_adds=0
08-14 01:40:31.299 23926 24000 I DFInstaObserve: !toggles +blocked disable_feed=0 disable_explore=0 disable_reels=0 disable_stories=1 disable_adds=0
08-14 01:40:31.302 23926 24097 I DFInstaObserve: !toggles +blocked disable_feed=0 disable_explore=0 disable_reels=0 disable_stories=1 disable_adds=0
08-14 01:40:31.331 23926 24234 I DFInstaObserve: !toggles +blocked disable_feed=0 disable_explore=0 disable_reels=0 disable_stories=1 disable_adds=0
08-14 01:40:31.398 23926 23992 I DFInstaObserve: !toggles +blocked disable_feed=0 disable_explore=0 disable_reels=0 disable_stories=1 disable_adds=0
08-14 01:40:31.430 23926 24000 I DFInstaObserve: !toggles +blocked disable_feed=0 disable_explore=0 disable_reels=0 disable_stories=1 disable_adds=0
08-14 01:40:31.444 23926 24097 I DFInstaObserve: !toggles +blocked disable_feed=0 disable_explore=0 disable_reels=0 disable_stories=1 disable_adds=0
08-14 01:40:31.479 23926 24097 I DFInstaObserve: !toggles +blocked disable_feed=0 disable_explore=0 disable_reels=0 disable_stories=1 disable_adds=0
08-14 01:40:31.490 23926 24234 I DFInstaObserve: !toggles +blocked disable_feed=0 disable_explore=0 disable_reels=0 disable_stories=1 disable_adds=0
08-14 01:40:31.518 23926 24097 I DFInstaObserve: !toggles +blocked disable_feed=0 disable_explore=0 disable_reels=0 disable_stories=1 disable_adds=0
08-14 01:40:31.544 23926 24239 I DFInstaObserve: !toggles +blocked disable_feed=0 disable_explore=0 disable_reels=0 disable_stories=1 disable_adds=0
08-14 01:40:31.548 23926 24097 I DFInstaObserve: !toggles +blocked disable_feed=0 disable_explore=0 disable_reels=0 disable_stories=1 disable_adds=0
08-14 01:40:31.580 23926 24234 I DFInstaObserve: !toggles +blocked disable_feed=0 disable_explore=0 disable_reels=0 disable_stories=1 disable_adds=0
08-14 01:40:31.640 23926 24234 I DFInstaObserve: !toggles +blocked disable_feed=0 disable_explore=0 disable_reels=0 disable_stories=1 disable_adds=0
08-14 01:40:31.669 23926 23992 I DFInstaObserve: !toggles +blocked disable_feed=0 disable_explore=0 disable_reels=0 disable_stories=1 disable_adds=0
08-14 01:40:31.720 23926 23992 I DFInstaObserve: !toggles +blocked disable_feed=0 disable_explore=0 disable_reels=0 disable_stories=1 disable_adds=0
08-14 01:40:31.774 23926 24097 I DFInstaObserve: !toggles +blocked disable_feed=0 disable_explore=0 disable_reels=0 disable_stories=1 disable_adds=0
08-14 01:40:31.807 23926 24097 I DFInstaObserve: !toggles +blocked disable_feed=0 disable_explore=0 disable_reels=0 disable_stories=1 disable_adds=0
08-14 01:40:31.808 23926 24000 I DFInstaObserve: !toggles +blocked disable_feed=0 disable_explore=0 disable_reels=0 disable_stories=1 disable_adds=0
08-14 01:40:32.167 23926 24097 I DFInstaObserve: !toggles +blocked disable_feed=0 disable_explore=0 disable_reels=0 disable_stories=1 disable_adds=0
08-14 01:40:32.844 23926 24241 I DFInstaObserve: !toggles +blocked disable_feed=0 disable_explore=0 disable_reels=0 disable_stories=1 disable_adds=0
08-14 01:40:32.926 23926 24234 I DFInstaObserve: !toggles +blocked disable_feed=0 disable_explore=0 disable_reels=0 disable_stories=1 disable_adds=0
08-14 01:40:33.522 23926 24131 I DFInstaObserve: !toggles +blocked disable_feed=0 disable_explore=0 disable_reels=0 disable_stories=1 disable_adds=0
08-14 01:40:34.016 23926 24131 I DFInstaObserve: !toggles +blocked disable_feed=0 disable_explore=0 disable_reels=0 disable_stories=1 disable_adds=0
08-14 01:40:43.497 23926 24289 I DFInstaObserve: !toggles +blocked disable_feed=0 disable_explore=0 disable_reels=0 disable_stories=1 disable_adds=0
08-14 01:40:43.497 23926 24289 I DFInstaObserve: /feed/timeline/
08-14 01:40:43.501 23926 24241 I DFInstaObserve: !toggles +blocked disable_feed=0 disable_explore=0 disable_reels=0 disable_stories=1 disable_adds=0
08-14 01:40:43.501 23926 24241 I DFInstaObserve: /feed/reels_tray/
08-14 01:40:43.501 23926 24241 I DFInstaObserve: !blocked /feed/reels_tray/
08-14 01:40:43.510 23926 23926 E IgFunctionalErrorEvent: STORY_NOT_LOADING
08-14 01:40:43.510 23926 23926 E IgFunctionalErrorEvent: java.io.IOException: Blocked by DFInsta setting
08-14 01:40:45.064 23926 24346 I DFInstaObserve: !toggles +blocked disable_feed=0 disable_explore=0 disable_reels=0 disable_stories=1 disable_adds=0
08-14 01:40:45.064 23926 24346 I DFInstaObserve: /feed/timeline/
08-14 01:40:46.950 23926 23962 I DFInstaObserve: !toggles +blocked disable_feed=0 disable_explore=0 disable_reels=0 disable_stories=1 disable_adds=0
08-14 01:40:46.954 23926 23962 I DFInstaObserve: !toggles +blocked disable_feed=0 disable_explore=0 disable_reels=0 disable_stories=1 disable_adds=0
08-14 01:40:47.003 23926 24097 I DFInstaObserve: !toggles +blocked disable_feed=0 disable_explore=0 disable_reels=0 disable_stories=1 disable_adds=0
08-14 01:40:47.224 23926 24239 I DFInstaObserve: !toggles +blocked disable_feed=0 disable_explore=0 disable_reels=0 disable_stories=1 disable_adds=0
08-14 01:40:51.614 23926 24351 I DFInstaObserve: !toggles +blocked disable_feed=0 disable_explore=0 disable_reels=0 disable_stories=1 disable_adds=0
08-14 01:40:51.614 23926 24351 I DFInstaObserve: /feed/timeline/
08-14 01:40:51.614 23926 24289 I DFInstaObserve: !toggles +blocked disable_feed=0 disable_explore=0 disable_reels=0 disable_stories=1 disable_adds=0
08-14 01:40:51.615 23926 24289 I DFInstaObserve: /feed/reels_tray/
08-14 01:40:51.615 23926 24289 I DFInstaObserve: !blocked /feed/reels_tray/
08-14 01:40:51.621 23926 23926 E IgFunctionalErrorEvent: STORY_NOT_LOADING
08-14 01:40:51.622 23926 23926 E IgFunctionalErrorEvent: java.io.IOException: Blocked by DFInsta setting
08-14 01:40:52.965 23926 23963 I DFInstaObserve: !toggles +blocked disable_feed=0 disable_explore=0 disable_reels=0 disable_stories=1 disable_adds=0
08-14 01:40:52.996 23926 23963 I DFInstaObserve: !toggles +blocked disable_feed=0 disable_explore=0 disable_reels=0 disable_stories=1 disable_adds=0
08-14 01:40:53.014 23926 24097 I DFInstaObserve: !toggles +blocked disable_feed=0 disable_explore=0 disable_reels=0 disable_stories=1 disable_adds=0
08-14 01:40:53.299 23926 24368 I DFInstaObserve: !toggles +blocked disable_feed=0 disable_explore=0 disable_reels=0 disable_stories=1 disable_adds=0
08-14 01:40:53.299 23926 24368 I DFInstaObserve: /feed/timeline/
08-14 01:40:55.340 23926 23963 I DFInstaObserve: !toggles +blocked disable_feed=0 disable_explore=0 disable_reels=0 disable_stories=1 disable_adds=0
08-14 01:40:55.345 23926 23963 I DFInstaObserve: !toggles +blocked disable_feed=0 disable_explore=0 disable_reels=0 disable_stories=1 disable_adds=0
08-14 01:40:55.587 23926 24289 I DFInstaObserve: !toggles +blocked disable_feed=0 disable_explore=0 disable_reels=0 disable_stories=1 disable_adds=0
08-14 01:41:03.101 23926 23962 I DFInstaObserve: !toggles +blocked disable_feed=0 disable_explore=0 disable_reels=0 disable_stories=1 disable_adds=0
08-14 01:41:03.242 23926 23962 I DFInstaObserve: !toggles +blocked disable_feed=0 disable_explore=0 disable_reels=0 disable_stories=1 disable_adds=0
08-14 01:41:06.753 23926 23963 I DFInstaObserve: !toggles +blocked disable_feed=0 disable_explore=0 disable_reels=0 disable_stories=1 disable_adds=0
08-14 01:41:07.332 23926 23963 I DFInstaObserve: !toggles +blocked disable_feed=0 disable_explore=0 disable_reels=0 disable_stories=1 disable_adds=0
08-14 01:41:13.153 23926 23963 I DFInstaObserve: !toggles +blocked disable_feed=0 disable_explore=0 disable_reels=0 disable_stories=1 disable_adds=0
08-14 01:41:13.236 23926 23963 I DFInstaObserve: !toggles +blocked disable_feed=0 disable_explore=0 disable_reels=0 disable_stories=1 disable_adds=0
08-14 01:41:16.554 23926 23963 I DFInstaObserve: !toggles +blocked disable_feed=0 disable_explore=0 disable_reels=0 disable_stories=1 disable_adds=0
08-14 01:41:19.629 23926 24289 I DFInstaObserve: !toggles +blocked disable_feed=0 disable_explore=0 disable_reels=0 disable_stories=1 disable_adds=0
08-14 01:41:19.728 23926 24378 I DFInstaObserve: !toggles +blocked disable_feed=0 disable_explore=0 disable_reels=0 disable_stories=1 disable_adds=0
08-14 01:41:19.977 23926 24488 I DFInstaObserve: !toggles +blocked disable_feed=0 disable_explore=0 disable_reels=0 disable_stories=1 disable_adds=0
08-14 01:41:20.346 23926 23963 I DFInstaObserve: !toggles +blocked disable_feed=0 disable_explore=0 disable_reels=0 disable_stories=1 disable_adds=0
08-14 01:41:20.350 23926 23962 I DFInstaObserve: !toggles +blocked disable_feed=0 disable_explore=0 disable_reels=0 disable_stories=1 disable_adds=0
08-14 01:41:20.402 23926 24097 I DFInstaObserve: !toggles +blocked disable_feed=0 disable_explore=0 disable_reels=0 disable_stories=1 disable_adds=0
08-14 01:41:20.411 23926 24380 I DFInstaObserve: !toggles +blocked disable_feed=0 disable_explore=0 disable_reels=0 disable_stories=1 disable_adds=0
08-14 01:41:20.422 23926 24502 I DFInstaObserve: !toggles +blocked disable_feed=0 disable_explore=0 disable_reels=0 disable_stories=1 disable_adds=0
08-14 01:41:20.445 23926 24368 I DFInstaObserve: !toggles +blocked disable_feed=0 disable_explore=0 disable_reels=0 disable_stories=1 disable_adds=0
08-14 01:41:20.482 23926 24378 I DFInstaObserve: !toggles +blocked disable_feed=0 disable_explore=0 disable_reels=0 disable_stories=1 disable_adds=0
08-14 01:41:20.487 23926 24097 I DFInstaObserve: !toggles +blocked disable_feed=0 disable_explore=0 disable_reels=0 disable_stories=1 disable_adds=0
08-14 01:41:20.499 23926 24131 I DFInstaObserve: !toggles +blocked disable_feed=0 disable_explore=0 disable_reels=0 disable_stories=1 disable_adds=0
08-14 01:41:20.531 23926 24097 I DFInstaObserve: !toggles +blocked disable_feed=0 disable_explore=0 disable_reels=0 disable_stories=1 disable_adds=0
08-14 01:41:20.547 23926 24289 I DFInstaObserve: !toggles +blocked disable_feed=0 disable_explore=0 disable_reels=0 disable_stories=1 disable_adds=0
08-14 01:41:20.596 23926 24131 I DFInstaObserve: !toggles +blocked disable_feed=0 disable_explore=0 disable_reels=0 disable_stories=1 disable_adds=0
08-14 01:41:20.615 23926 24350 I DFInstaObserve: !toggles +blocked disable_feed=0 disable_explore=0 disable_reels=0 disable_stories=1 disable_adds=0
08-14 01:41:22.022 23926 24487 I DFInstaObserve: !toggles +blocked disable_feed=0 disable_explore=0 disable_reels=0 disable_stories=1 disable_adds=0
08-14 01:41:22.051 23926 24487 I DFInstaObserve: !toggles +blocked disable_feed=0 disable_explore=0 disable_reels=0 disable_stories=1 disable_adds=0
08-14 01:41:22.059 23926 24488 I DFInstaObserve: !toggles +blocked disable_feed=0 disable_explore=0 disable_reels=0 disable_stories=1 disable_adds=0
08-14 01:41:24.555 23926 24488 I DFInstaObserve: !toggles +blocked disable_feed=0 disable_explore=0 disable_reels=0 disable_stories=1 disable_adds=0
08-14 01:41:27.698 23926 24380 I DFInstaObserve: !toggles +blocked disable_feed=0 disable_explore=0 disable_reels=0 disable_stories=1 disable_adds=0
08-14 01:41:27.698 23926 24380 I DFInstaObserve: /discover/topical_explore
08-14 01:41:28.242 23926 24585 I DFInstaObserve: !toggles +blocked disable_feed=0 disable_explore=0 disable_reels=0 disable_stories=1 disable_adds=0
08-14 01:41:29.498 23926 23963 I DFInstaObserve: !toggles +blocked disable_feed=0 disable_explore=0 disable_reels=0 disable_stories=1 disable_adds=0
08-14 01:41:29.503 23926 23963 I DFInstaObserve: !toggles +blocked disable_feed=0 disable_explore=0 disable_reels=0 disable_stories=1 disable_adds=0
08-14 01:41:29.507 23926 23963 I DFInstaObserve: !toggles +blocked disable_feed=0 disable_explore=0 disable_reels=0 disable_stories=1 disable_adds=0
08-14 01:41:29.640 23926 23963 I DFInstaObserve: !toggles +blocked disable_feed=0 disable_explore=0 disable_reels=0 disable_stories=1 disable_adds=0
08-14 01:41:29.647 23926 23962 I DFInstaObserve: !toggles +blocked disable_feed=0 disable_explore=0 disable_reels=0 disable_stories=1 disable_adds=0
08-14 01:41:29.670 23926 24097 I DFInstaObserve: !toggles +blocked disable_feed=0 disable_explore=0 disable_reels=0 disable_stories=1 disable_adds=0
08-14 01:41:29.699 23926 24573 I DFInstaObserve: !toggles +blocked disable_feed=0 disable_explore=0 disable_reels=0 disable_stories=1 disable_adds=0
08-14 01:41:29.712 23926 24097 I DFInstaObserve: !toggles +blocked disable_feed=0 disable_explore=0 disable_reels=0 disable_stories=1 disable_adds=0
08-14 01:41:29.747 23926 24097 I DFInstaObserve: !toggles +blocked disable_feed=0 disable_explore=0 disable_reels=0 disable_stories=1 disable_adds=0
08-14 01:41:29.789 23926 24590 I DFInstaObserve: !toggles +blocked disable_feed=0 disable_explore=0 disable_reels=0 disable_stories=1 disable_adds=0
08-14 01:41:29.815 23926 24574 I DFInstaObserve: !toggles +blocked disable_feed=0 disable_explore=0 disable_reels=0 disable_stories=1 disable_adds=0
08-14 01:41:29.828 23926 24097 I DFInstaObserve: !toggles +blocked disable_feed=0 disable_explore=0 disable_reels=0 disable_stories=1 disable_adds=0
08-14 01:41:29.852 23926 24590 I DFInstaObserve: !toggles +blocked disable_feed=0 disable_explore=0 disable_reels=0 disable_stories=1 disable_adds=0
08-14 01:41:29.865 23926 24097 I DFInstaObserve: !toggles +blocked disable_feed=0 disable_explore=0 disable_reels=0 disable_stories=1 disable_adds=0
08-14 01:41:29.884 23926 24380 I DFInstaObserve: !toggles +blocked disable_feed=0 disable_explore=0 disable_reels=0 disable_stories=1 disable_adds=0
08-14 01:41:29.955 23926 24591 I DFInstaObserve: !toggles +blocked disable_feed=0 disable_explore=0 disable_reels=0 disable_stories=1 disable_adds=0
08-14 01:41:29.960 23926 24097 I DFInstaObserve: !toggles +blocked disable_feed=0 disable_explore=0 disable_reels=0 disable_stories=1 disable_adds=0
08-14 01:41:29.999 23926 24380 I DFInstaObserve: !toggles +blocked disable_feed=0 disable_explore=0 disable_reels=0 disable_stories=1 disable_adds=0
08-14 01:41:30.025 23926 24590 I DFInstaObserve: !toggles +blocked disable_feed=0 disable_explore=0 disable_reels=0 disable_stories=1 disable_adds=0
08-14 01:41:30.057 23926 24573 I DFInstaObserve: !toggles +blocked disable_feed=0 disable_explore=0 disable_reels=0 disable_stories=1 disable_adds=0
08-14 01:41:30.090 23926 24380 I DFInstaObserve: !toggles +blocked disable_feed=0 disable_explore=0 disable_reels=0 disable_stories=1 disable_adds=0
08-14 01:41:30.120 23926 24590 I DFInstaObserve: !toggles +blocked disable_feed=0 disable_explore=0 disable_reels=0 disable_stories=1 disable_adds=0
08-14 01:41:30.161 23926 24573 I DFInstaObserve: !toggles +blocked disable_feed=0 disable_explore=0 disable_reels=0 disable_stories=1 disable_adds=0
08-14 01:41:30.276 23926 24573 I DFInstaObserve: !toggles +blocked disable_feed=0 disable_explore=0 disable_reels=0 disable_stories=1 disable_adds=0
08-14 01:41:30.333 23926 24584 I DFInstaObserve: !toggles +blocked disable_feed=0 disable_explore=0 disable_reels=0 disable_stories=1 disable_adds=0
08-14 01:41:30.984 23926 24380 I DFInstaObserve: !toggles +blocked disable_feed=0 disable_explore=0 disable_reels=0 disable_stories=1 disable_adds=0
08-14 01:41:30.984 23926 24380 I DFInstaObserve: /discover/topical_explore
08-14 01:41:31.262 23926 24614 I DFInstaObserve: !toggles +blocked disable_feed=0 disable_explore=0 disable_reels=0 disable_stories=1 disable_adds=0
08-14 01:41:31.463 23926 24622 I DFInstaObserve: !toggles +blocked disable_feed=0 disable_explore=0 disable_reels=0 disable_stories=1 disable_adds=0
08-14 01:41:33.451 23926 24613 I DFInstaObserve: !toggles +blocked disable_feed=0 disable_explore=0 disable_reels=0 disable_stories=1 disable_adds=0
08-14 01:41:33.776 23926 24621 I DFInstaObserve: !toggles +blocked disable_feed=0 disable_explore=0 disable_reels=0 disable_stories=1 disable_adds=0
08-14 01:41:34.324 23926 24574 I DFInstaObserve: !toggles +blocked disable_feed=0 disable_explore=0 disable_reels=0 disable_stories=1 disable_adds=0
08-14 01:41:34.324 23926 24574 I DFInstaObserve: /discover/topical_explore
08-14 01:41:34.372 23926 23962 I DFInstaObserve: !toggles +blocked disable_feed=0 disable_explore=0 disable_reels=0 disable_stories=1 disable_adds=0
08-14 01:41:34.385 23926 23962 I DFInstaObserve: !toggles +blocked disable_feed=0 disable_explore=0 disable_reels=0 disable_stories=1 disable_adds=0
08-14 01:41:34.390 23926 23962 I DFInstaObserve: !toggles +blocked disable_feed=0 disable_explore=0 disable_reels=0 disable_stories=1 disable_adds=0
08-14 01:41:34.508 23926 23962 I DFInstaObserve: !toggles +blocked disable_feed=0 disable_explore=0 disable_reels=0 disable_stories=1 disable_adds=0
08-14 01:41:34.526 23926 23962 I DFInstaObserve: !toggles +blocked disable_feed=0 disable_explore=0 disable_reels=0 disable_stories=1 disable_adds=0
08-14 01:41:34.540 23926 23962 I DFInstaObserve: !toggles +blocked disable_feed=0 disable_explore=0 disable_reels=0 disable_stories=1 disable_adds=0
08-14 01:41:34.600 23926 23962 I DFInstaObserve: !toggles +blocked disable_feed=0 disable_explore=0 disable_reels=0 disable_stories=1 disable_adds=0
08-14 01:41:34.618 23926 23962 I DFInstaObserve: !toggles +blocked disable_feed=0 disable_explore=0 disable_reels=0 disable_stories=1 disable_adds=0
08-14 01:41:34.619 23926 24649 I DFInstaObserve: !toggles +blocked disable_feed=0 disable_explore=0 disable_reels=0 disable_stories=1 disable_adds=0
08-14 01:41:34.682 23926 23962 I DFInstaObserve: !toggles +blocked disable_feed=0 disable_explore=0 disable_reels=0 disable_stories=1 disable_adds=0
08-14 01:41:34.684 23926 24652 I DFInstaObserve: !toggles +blocked disable_feed=0 disable_explore=0 disable_reels=0 disable_stories=1 disable_adds=0
08-14 01:41:34.692 23926 24649 I DFInstaObserve: !toggles +blocked disable_feed=0 disable_explore=0 disable_reels=0 disable_stories=1 disable_adds=0
08-14 01:41:34.761 23926 24097 I DFInstaObserve: !toggles +blocked disable_feed=0 disable_explore=0 disable_reels=0 disable_stories=1 disable_adds=0
08-14 01:41:34.838 23926 24659 I DFInstaObserve: !toggles +blocked disable_feed=0 disable_explore=0 disable_reels=0 disable_stories=1 disable_adds=0
08-14 01:41:34.839 23926 24660 I DFInstaObserve: !toggles +blocked disable_feed=0 disable_explore=0 disable_reels=0 disable_stories=1 disable_adds=0
08-14 01:41:34.851 23926 24097 I DFInstaObserve: !toggles +blocked disable_feed=0 disable_explore=0 disable_reels=0 disable_stories=1 disable_adds=0
08-14 01:41:34.916 23926 24097 I DFInstaObserve: !toggles +blocked disable_feed=0 disable_explore=0 disable_reels=0 disable_stories=1 disable_adds=0
08-14 01:41:35.015 23926 24097 I DFInstaObserve: !toggles +blocked disable_feed=0 disable_explore=0 disable_reels=0 disable_stories=1 disable_adds=0
08-14 01:41:35.053 23926 24637 I DFInstaObserve: !toggles +blocked disable_feed=0 disable_explore=0 disable_reels=0 disable_stories=1 disable_adds=0
08-14 01:41:35.082 23926 24640 I DFInstaObserve: !toggles +blocked disable_feed=0 disable_explore=0 disable_reels=0 disable_stories=1 disable_adds=0
08-14 01:41:35.148 23926 24246 I DFInstaObserve: !toggles +blocked disable_feed=0 disable_explore=0 disable_reels=0 disable_stories=1 disable_adds=0
08-14 01:41:35.202 23926 24097 I DFInstaObserve: !toggles +blocked disable_feed=0 disable_explore=0 disable_reels=0 disable_stories=1 disable_adds=0
08-14 01:41:35.213 23926 24644 I DFInstaObserve: !toggles +blocked disable_feed=0 disable_explore=0 disable_reels=0 disable_stories=1 disable_adds=0
08-14 01:41:35.254 23926 24640 I DFInstaObserve: !toggles +blocked disable_feed=0 disable_explore=0 disable_reels=0 disable_stories=1 disable_adds=0
08-14 01:41:35.361 23926 24645 I DFInstaObserve: !toggles +blocked disable_feed=0 disable_explore=0 disable_reels=0 disable_stories=1 disable_adds=0
08-14 01:41:36.787 23926 24652 I DFInstaObserve: !toggles +blocked disable_feed=0 disable_explore=0 disable_reels=0 disable_stories=1 disable_adds=0
08-14 01:41:36.969 23926 24659 I DFInstaObserve: !toggles +blocked disable_feed=0 disable_explore=0 disable_reels=0 disable_stories=1 disable_adds=0
08-14 01:41:37.124 23926 23962 I DFInstaObserve: !toggles +blocked disable_feed=0 disable_explore=0 disable_reels=0 disable_stories=1 disable_adds=0
08-14 01:41:37.130 23926 24709 I DFInstaObserve: !toggles +blocked disable_feed=0 disable_explore=0 disable_reels=0 disable_stories=1 disable_adds=0
08-14 01:41:37.161 23926 24097 I DFInstaObserve: !toggles +blocked disable_feed=0 disable_explore=0 disable_reels=0 disable_stories=1 disable_adds=0
08-14 01:41:37.205 23926 24574 I DFInstaObserve: !toggles +blocked disable_feed=0 disable_explore=0 disable_reels=0 disable_stories=1 disable_adds=0
08-14 01:41:37.253 23926 24573 I DFInstaObserve: !toggles +blocked disable_feed=0 disable_explore=0 disable_reels=0 disable_stories=1 disable_adds=0
08-14 01:41:37.353 23926 24645 I DFInstaObserve: !toggles +blocked disable_feed=0 disable_explore=0 disable_reels=0 disable_stories=1 disable_adds=0
08-14 01:41:37.425 23926 24574 I DFInstaObserve: !toggles +blocked disable_feed=0 disable_explore=0 disable_reels=0 disable_stories=1 disable_adds=0
08-14 01:41:37.440 23926 24097 I DFInstaObserve: !toggles +blocked disable_feed=0 disable_explore=0 disable_reels=0 disable_stories=1 disable_adds=0
08-14 01:41:37.490 23926 24573 I DFInstaObserve: !toggles +blocked disable_feed=0 disable_explore=0 disable_reels=0 disable_stories=1 disable_adds=0
08-14 01:41:37.490 23926 24097 I DFInstaObserve: !toggles +blocked disable_feed=0 disable_explore=0 disable_reels=0 disable_stories=1 disable_adds=0
08-14 01:41:37.539 23926 24574 I DFInstaObserve: !toggles +blocked disable_feed=0 disable_explore=0 disable_reels=0 disable_stories=1 disable_adds=0
08-14 01:41:37.609 23926 24645 I DFInstaObserve: !toggles +blocked disable_feed=0 disable_explore=0 disable_reels=0 disable_stories=1 disable_adds=0
08-14 01:41:37.698 23926 24637 I DFInstaObserve: !toggles +blocked disable_feed=0 disable_explore=0 disable_reels=0 disable_stories=1 disable_adds=0
08-14 01:41:37.755 23926 24721 I DFInstaObserve: !toggles +blocked disable_feed=0 disable_explore=0 disable_reels=0 disable_stories=1 disable_adds=0
08-14 01:41:37.755 23926 24721 I DFInstaObserve: /discover/topical_explore
08-14 01:41:37.758 23926 24097 I DFInstaObserve: !toggles +blocked disable_feed=0 disable_explore=0 disable_reels=0 disable_stories=1 disable_adds=0
08-14 01:41:37.812 23926 24097 I DFInstaObserve: !toggles +blocked disable_feed=0 disable_explore=0 disable_reels=0 disable_stories=1 disable_adds=0
08-14 01:41:37.817 23926 24645 I DFInstaObserve: !toggles +blocked disable_feed=0 disable_explore=0 disable_reels=0 disable_stories=1 disable_adds=0
08-14 01:41:37.860 23926 24720 I DFInstaObserve: !toggles +blocked disable_feed=0 disable_explore=0 disable_reels=0 disable_stories=1 disable_adds=0
08-14 01:41:37.944 23926 24574 I DFInstaObserve: !toggles +blocked disable_feed=0 disable_explore=0 disable_reels=0 disable_stories=1 disable_adds=0
08-14 01:41:37.959 23926 24730 I DFInstaObserve: !toggles +blocked disable_feed=0 disable_explore=0 disable_reels=0 disable_stories=1 disable_adds=0
08-14 01:41:37.974 23926 24726 I DFInstaObserve: !toggles +blocked disable_feed=0 disable_explore=0 disable_reels=0 disable_stories=1 disable_adds=0
08-14 01:41:38.066 23926 24720 I DFInstaObserve: !toggles +blocked disable_feed=0 disable_explore=0 disable_reels=0 disable_stories=1 disable_adds=0
08-14 01:41:38.166 23926 24573 I DFInstaObserve: !toggles +blocked disable_feed=0 disable_explore=0 disable_reels=0 disable_stories=1 disable_adds=0
08-14 01:41:38.326 23926 24637 I DFInstaObserve: !toggles +blocked disable_feed=0 disable_explore=0 disable_reels=0 disable_stories=1 disable_adds=0
08-14 01:41:38.524 23926 24097 I DFInstaObserve: !toggles +blocked disable_feed=0 disable_explore=0 disable_reels=0 disable_stories=1 disable_adds=0
08-14 01:41:38.559 23926 24097 I DFInstaObserve: !toggles +blocked disable_feed=0 disable_explore=0 disable_reels=0 disable_stories=1 disable_adds=0
08-14 01:41:38.644 23926 24097 I DFInstaObserve: !toggles +blocked disable_feed=0 disable_explore=0 disable_reels=0 disable_stories=1 disable_adds=0
08-14 01:41:40.121 23926 24709 I DFInstaObserve: !toggles +blocked disable_feed=0 disable_explore=0 disable_reels=0 disable_stories=1 disable_adds=0
08-14 01:41:40.127 23926 24709 I DFInstaObserve: !toggles +blocked disable_feed=0 disable_explore=0 disable_reels=0 disable_stories=1 disable_adds=0
08-14 01:41:40.131 23926 24729 I DFInstaObserve: !toggles +blocked disable_feed=0 disable_explore=0 disable_reels=0 disable_stories=1 disable_adds=0
08-14 01:41:40.146 23926 24097 I DFInstaObserve: !toggles +blocked disable_feed=0 disable_explore=0 disable_reels=0 disable_stories=1 disable_adds=0
08-14 01:41:40.218 23926 24722 I DFInstaObserve: !toggles +blocked disable_feed=0 disable_explore=0 disable_reels=0 disable_stories=1 disable_adds=0
08-14 01:41:40.283 23926 24721 I DFInstaObserve: !toggles +blocked disable_feed=0 disable_explore=0 disable_reels=0 disable_stories=1 disable_adds=0
08-14 01:41:40.313 23926 24097 I DFInstaObserve: !toggles +blocked disable_feed=0 disable_explore=0 disable_reels=0 disable_stories=1 disable_adds=0
08-14 01:41:40.386 23926 24097 I DFInstaObserve: !toggles +blocked disable_feed=0 disable_explore=0 disable_reels=0 disable_stories=1 disable_adds=0
08-14 01:41:40.414 23926 24721 I DFInstaObserve: !toggles +blocked disable_feed=0 disable_explore=0 disable_reels=0 disable_stories=1 disable_adds=0
08-14 01:41:40.444 23926 24097 I DFInstaObserve: !toggles +blocked disable_feed=0 disable_explore=0 disable_reels=0 disable_stories=1 disable_adds=0
08-14 01:41:40.466 23926 24722 I DFInstaObserve: !toggles +blocked disable_feed=0 disable_explore=0 disable_reels=0 disable_stories=1 disable_adds=0
08-14 01:41:40.541 23926 24722 I DFInstaObserve: !toggles +blocked disable_feed=0 disable_explore=0 disable_reels=0 disable_stories=1 disable_adds=0
08-14 01:41:40.641 23926 24722 I DFInstaObserve: !toggles +blocked disable_feed=0 disable_explore=0 disable_reels=0 disable_stories=1 disable_adds=0
08-14 01:41:40.670 23926 24097 I DFInstaObserve: !toggles +blocked disable_feed=0 disable_explore=0 disable_reels=0 disable_stories=1 disable_adds=0
08-14 01:41:40.683 23926 24722 I DFInstaObserve: !toggles +blocked disable_feed=0 disable_explore=0 disable_reels=0 disable_stories=1 disable_adds=0
08-14 01:41:40.764 23926 24721 I DFInstaObserve: !toggles +blocked disable_feed=0 disable_explore=0 disable_reels=0 disable_stories=1 disable_adds=0
08-14 01:41:40.773 23926 24097 I DFInstaObserve: !toggles +blocked disable_feed=0 disable_explore=0 disable_reels=0 disable_stories=1 disable_adds=0
08-14 01:41:40.805 23926 24726 I DFInstaObserve: !toggles +blocked disable_feed=0 disable_explore=0 disable_reels=0 disable_stories=1 disable_adds=0
08-14 01:41:40.811 23926 24097 I DFInstaObserve: !toggles +blocked disable_feed=0 disable_explore=0 disable_reels=0 disable_stories=1 disable_adds=0
08-14 01:41:40.838 23926 24721 I DFInstaObserve: !toggles +blocked disable_feed=0 disable_explore=0 disable_reels=0 disable_stories=1 disable_adds=0
08-14 01:41:40.867 23926 24637 I DFInstaObserve: !toggles +blocked disable_feed=0 disable_explore=0 disable_reels=0 disable_stories=1 disable_adds=0
08-14 01:41:40.970 23926 24721 I DFInstaObserve: !toggles +blocked disable_feed=0 disable_explore=0 disable_reels=0 disable_stories=1 disable_adds=0
08-14 01:41:40.980 23926 24097 I DFInstaObserve: !toggles +blocked disable_feed=0 disable_explore=0 disable_reels=0 disable_stories=1 disable_adds=0
08-14 01:41:41.014 23926 24721 I DFInstaObserve: !toggles +blocked disable_feed=0 disable_explore=0 disable_reels=0 disable_stories=1 disable_adds=0
08-14 01:41:41.026 23926 24097 I DFInstaObserve: !toggles +blocked disable_feed=0 disable_explore=0 disable_reels=0 disable_stories=1 disable_adds=0
08-14 01:41:41.085 23926 24097 I DFInstaObserve: !toggles +blocked disable_feed=0 disable_explore=0 disable_reels=0 disable_stories=1 disable_adds=0
08-14 01:41:41.087 23926 24726 I DFInstaObserve: !toggles +blocked disable_feed=0 disable_explore=0 disable_reels=0 disable_stories=1 disable_adds=0
08-14 01:41:41.143 23926 24097 I DFInstaObserve: !toggles +blocked disable_feed=0 disable_explore=0 disable_reels=0 disable_stories=1 disable_adds=0
08-14 01:41:41.170 23926 24758 I DFInstaObserve: !toggles +blocked disable_feed=0 disable_explore=0 disable_reels=0 disable_stories=1 disable_adds=0
08-14 01:41:41.215 23926 24645 I DFInstaObserve: !toggles +blocked disable_feed=0 disable_explore=0 disable_reels=0 disable_stories=1 disable_adds=0
08-14 01:41:41.298 23926 24637 I DFInstaObserve: !toggles +blocked disable_feed=0 disable_explore=0 disable_reels=0 disable_stories=1 disable_adds=0
08-14 01:41:41.298 23926 24637 I DFInstaObserve: /discover/topical_explore
08-14 01:41:41.329 23926 24752 I DFInstaObserve: !toggles +blocked disable_feed=0 disable_explore=0 disable_reels=0 disable_stories=1 disable_adds=0
08-14 01:41:41.420 23926 24097 I DFInstaObserve: !toggles +blocked disable_feed=0 disable_explore=0 disable_reels=0 disable_stories=1 disable_adds=0
08-14 01:41:43.651 23926 24769 I DFInstaObserve: !toggles +blocked disable_feed=0 disable_explore=0 disable_reels=0 disable_stories=1 disable_adds=0
08-14 01:41:43.744 23926 24775 I DFInstaObserve: !toggles +blocked disable_feed=0 disable_explore=0 disable_reels=0 disable_stories=1 disable_adds=0
08-14 01:41:43.885 23926 23962 I DFInstaObserve: !toggles +blocked disable_feed=0 disable_explore=0 disable_reels=0 disable_stories=1 disable_adds=0
08-14 01:41:43.892 23926 24709 I DFInstaObserve: !toggles +blocked disable_feed=0 disable_explore=0 disable_reels=0 disable_stories=1 disable_adds=0
08-14 01:41:43.942 23926 24097 I DFInstaObserve: !toggles +blocked disable_feed=0 disable_explore=0 disable_reels=0 disable_stories=1 disable_adds=0
08-14 01:41:44.033 23926 24764 I DFInstaObserve: !toggles +blocked disable_feed=0 disable_explore=0 disable_reels=0 disable_stories=1 disable_adds=0
08-14 01:41:44.137 23926 24764 I DFInstaObserve: !toggles +blocked disable_feed=0 disable_explore=0 disable_reels=0 disable_stories=1 disable_adds=0
08-14 01:41:44.248 23926 24764 I DFInstaObserve: !toggles +blocked disable_feed=0 disable_explore=0 disable_reels=0 disable_stories=1 disable_adds=0
08-14 01:41:44.341 23926 24721 I DFInstaObserve: !toggles +blocked disable_feed=0 disable_explore=0 disable_reels=0 disable_stories=1 disable_adds=0
08-14 01:41:44.407 23926 24763 I DFInstaObserve: !toggles +blocked disable_feed=0 disable_explore=0 disable_reels=0 disable_stories=1 disable_adds=0
08-14 01:41:44.463 23926 24763 I DFInstaObserve: !toggles +blocked disable_feed=0 disable_explore=0 disable_reels=0 disable_stories=1 disable_adds=0
08-14 01:41:44.479 23926 24803 I DFInstaObserve: !toggles +blocked disable_feed=0 disable_explore=0 disable_reels=0 disable_stories=1 disable_adds=0
08-14 01:41:44.551 23926 24809 I DFInstaObserve: !toggles +blocked disable_feed=0 disable_explore=0 disable_reels=0 disable_stories=1 disable_adds=0
08-14 01:41:44.649 23926 24835 I DFInstaObserve: !toggles +blocked disable_feed=0 disable_explore=0 disable_reels=0 disable_stories=1 disable_adds=0
08-14 01:41:44.731 23926 24246 I DFInstaObserve: !toggles +blocked disable_feed=0 disable_explore=0 disable_reels=0 disable_stories=1 disable_adds=0
08-14 01:41:44.739 23926 24246 I DFInstaObserve: !toggles +blocked disable_feed=0 disable_explore=0 disable_reels=0 disable_stories=1 disable_adds=0
08-14 01:41:44.747 23926 24843 I DFInstaObserve: !toggles +blocked disable_feed=0 disable_explore=0 disable_reels=0 disable_stories=1 disable_adds=0
08-14 01:41:44.756 23926 24246 I DFInstaObserve: !toggles +blocked disable_feed=0 disable_explore=0 disable_reels=0 disable_stories=1 disable_adds=0
08-14 01:41:44.797 23926 23962 I DFInstaObserve: !toggles +blocked disable_feed=0 disable_explore=0 disable_reels=0 disable_stories=1 disable_adds=0
08-14 01:41:44.800 23926 24709 I DFInstaObserve: !toggles +blocked disable_feed=0 disable_explore=0 disable_reels=0 disable_stories=1 disable_adds=0
08-14 01:41:44.840 23926 24131 I DFInstaObserve: !toggles +blocked disable_feed=0 disable_explore=0 disable_reels=0 disable_stories=1 disable_adds=0
08-14 01:41:44.902 23926 24838 I DFInstaObserve: !toggles +blocked disable_feed=0 disable_explore=0 disable_reels=0 disable_stories=1 disable_adds=0
08-14 01:41:44.988 23926 24809 I DFInstaObserve: !toggles +blocked disable_feed=0 disable_explore=0 disable_reels=0 disable_stories=1 disable_adds=0
08-14 01:41:45.009 23926 24131 I DFInstaObserve: !toggles +blocked disable_feed=0 disable_explore=0 disable_reels=0 disable_stories=1 disable_adds=0
08-14 01:41:45.024 23926 24836 I DFInstaObserve: !toggles +blocked disable_feed=0 disable_explore=0 disable_reels=0 disable_stories=1 disable_adds=0
08-14 01:41:45.054 23926 24097 I DFInstaObserve: !toggles +blocked disable_feed=0 disable_explore=0 disable_reels=0 disable_stories=1 disable_adds=0
08-14 01:41:45.096 23926 24097 I DFInstaObserve: !toggles +blocked disable_feed=0 disable_explore=0 disable_reels=0 disable_stories=1 disable_adds=0
08-14 01:41:45.139 23926 24131 I DFInstaObserve: !toggles +blocked disable_feed=0 disable_explore=0 disable_reels=0 disable_stories=1 disable_adds=0
08-14 01:41:45.217 23926 24835 I DFInstaObserve: !toggles +blocked disable_feed=0 disable_explore=0 disable_reels=0 disable_stories=1 disable_adds=0
08-14 01:41:45.250 23926 24131 I DFInstaObserve: !toggles +blocked disable_feed=0 disable_explore=0 disable_reels=0 disable_stories=1 disable_adds=0
08-14 01:41:45.253 23926 24637 I DFInstaObserve: !toggles +blocked disable_feed=0 disable_explore=0 disable_reels=0 disable_stories=1 disable_adds=0
08-14 01:41:45.263 23926 24097 I DFInstaObserve: !toggles +blocked disable_feed=0 disable_explore=0 disable_reels=0 disable_stories=1 disable_adds=0
08-14 01:41:45.316 23926 24097 I DFInstaObserve: !toggles +blocked disable_feed=0 disable_explore=0 disable_reels=0 disable_stories=1 disable_adds=0
08-14 01:41:45.337 23926 24637 I DFInstaObserve: !toggles +blocked disable_feed=0 disable_explore=0 disable_reels=0 disable_stories=1 disable_adds=0
08-14 01:41:45.419 23926 24838 I DFInstaObserve: !toggles +blocked disable_feed=0 disable_explore=0 disable_reels=0 disable_stories=1 disable_adds=0
08-14 01:41:45.451 23926 24763 I DFInstaObserve: !toggles +blocked disable_feed=0 disable_explore=0 disable_reels=0 disable_stories=1 disable_adds=0
08-14 01:41:45.500 23926 24838 I DFInstaObserve: !toggles +blocked disable_feed=0 disable_explore=0 disable_reels=0 disable_stories=1 disable_adds=0
08-14 01:41:45.560 23926 24722 I DFInstaObserve: !toggles +blocked disable_feed=0 disable_explore=0 disable_reels=0 disable_stories=1 disable_adds=0
08-14 01:41:45.638 23926 24097 I DFInstaObserve: !toggles +blocked disable_feed=0 disable_explore=0 disable_reels=0 disable_stories=1 disable_adds=0
08-14 01:41:45.688 23926 24097 I DFInstaObserve: !toggles +blocked disable_feed=0 disable_explore=0 disable_reels=0 disable_stories=1 disable_adds=0
08-14 01:41:45.894 23926 24097 I DFInstaObserve: !toggles +blocked disable_feed=0 disable_explore=0 disable_reels=0 disable_stories=1 disable_adds=0
08-14 01:41:45.928 23926 24097 I DFInstaObserve: !toggles +blocked disable_feed=0 disable_explore=0 disable_reels=0 disable_stories=1 disable_adds=0
08-14 01:41:46.216 23926 24097 I DFInstaObserve: !toggles +blocked disable_feed=0 disable_explore=0 disable_reels=0 disable_stories=1 disable_adds=0
08-14 01:41:47.103 23926 24862 I DFInstaObserve: !toggles +blocked disable_feed=0 disable_explore=0 disable_reels=0 disable_stories=1 disable_adds=0
08-14 01:41:47.103 23926 24864 I DFInstaObserve: !toggles +blocked disable_feed=0 disable_explore=0 disable_reels=0 disable_stories=1 disable_adds=0
08-14 01:41:52.440 23926 24721 I DFInstaObserve: !toggles +blocked disable_feed=0 disable_explore=0 disable_reels=0 disable_stories=1 disable_adds=0
08-14 01:41:52.440 23926 24721 I DFInstaObserve: /clips/discover
08-14 01:41:52.440 23926 24721 I DFInstaObserve: /clips/discover/stream/
08-14 01:41:52.854 23926 23962 I DFInstaObserve: !toggles +blocked disable_feed=0 disable_explore=0 disable_reels=0 disable_stories=1 disable_adds=0
08-14 01:41:52.878 23926 24637 I DFInstaObserve: !toggles +blocked disable_feed=0 disable_explore=0 disable_reels=0 disable_stories=1 disable_adds=0
08-14 01:41:52.898 23926 23962 I DFInstaObserve: !toggles +blocked disable_feed=0 disable_explore=0 disable_reels=0 disable_stories=1 disable_adds=0
08-14 01:41:54.949 23926 24912 I DFInstaObserve: !toggles +blocked disable_feed=0 disable_explore=0 disable_reels=0 disable_stories=1 disable_adds=0
08-14 01:41:54.951 23926 24911 I DFInstaObserve: !toggles +blocked disable_feed=0 disable_explore=0 disable_reels=0 disable_stories=1 disable_adds=0
08-14 01:41:56.556 23926 24709 I DFInstaObserve: !toggles +blocked disable_feed=0 disable_explore=0 disable_reels=0 disable_stories=1 disable_adds=0
08-14 01:41:56.570 23926 24709 I DFInstaObserve: !toggles +blocked disable_feed=0 disable_explore=0 disable_reels=0 disable_stories=1 disable_adds=0
08-14 01:41:56.602 23926 24097 I DFInstaObserve: !toggles +blocked disable_feed=0 disable_explore=0 disable_reels=0 disable_stories=1 disable_adds=0
08-14 01:41:56.626 23926 24709 I DFInstaObserve: !toggles +blocked disable_feed=0 disable_explore=0 disable_reels=0 disable_stories=1 disable_adds=0
08-14 01:41:56.631 23926 24763 I DFInstaObserve: !toggles +blocked disable_feed=0 disable_explore=0 disable_reels=0 disable_stories=1 disable_adds=0
08-14 01:41:56.686 23926 24097 I DFInstaObserve: !toggles +blocked disable_feed=0 disable_explore=0 disable_reels=0 disable_stories=1 disable_adds=0
08-14 01:41:56.721 23926 24097 I DFInstaObserve: !toggles +blocked disable_feed=0 disable_explore=0 disable_reels=0 disable_stories=1 disable_adds=0
08-14 01:41:56.764 23926 24097 I DFInstaObserve: !toggles +blocked disable_feed=0 disable_explore=0 disable_reels=0 disable_stories=1 disable_adds=0
08-14 01:41:56.872 23926 24709 I DFInstaObserve: !toggles +blocked disable_feed=0 disable_explore=0 disable_reels=0 disable_stories=1 disable_adds=0
08-14 01:41:56.885 23926 24709 I DFInstaObserve: !toggles +blocked disable_feed=0 disable_explore=0 disable_reels=0 disable_stories=1 disable_adds=0
08-14 01:41:56.937 23926 24097 I DFInstaObserve: !toggles +blocked disable_feed=0 disable_explore=0 disable_reels=0 disable_stories=1 disable_adds=0
08-14 01:41:57.761 23926 24097 I DFInstaObserve: !toggles +blocked disable_feed=0 disable_explore=0 disable_reels=0 disable_stories=1 disable_adds=0
08-14 01:41:57.806 23926 24097 I DFInstaObserve: !toggles +blocked disable_feed=0 disable_explore=0 disable_reels=0 disable_stories=1 disable_adds=0
08-14 01:41:58.222 23926 24097 I DFInstaObserve: !toggles +blocked disable_feed=0 disable_explore=0 disable_reels=0 disable_stories=1 disable_adds=0
08-14 01:41:58.264 23926 24944 I DFInstaObserve: !toggles +blocked disable_feed=0 disable_explore=0 disable_reels=0 disable_stories=1 disable_adds=0
08-14 01:41:58.264 23926 24945 I DFInstaObserve: !toggles +blocked disable_feed=0 disable_explore=0 disable_reels=0 disable_stories=1 disable_adds=0
08-14 01:41:59.486 23926 24709 I DFInstaObserve: !toggles +blocked disable_feed=0 disable_explore=0 disable_reels=0 disable_stories=1 disable_adds=0
08-14 01:42:01.587 23926 24978 I DFInstaObserve: !toggles +blocked disable_feed=0 disable_explore=0 disable_reels=0 disable_stories=1 disable_adds=0
08-14 01:42:01.590 23926 24979 I DFInstaObserve: !toggles +blocked disable_feed=0 disable_explore=0 disable_reels=0 disable_stories=1 disable_adds=0
08-14 01:42:04.913 23926 25008 I DFInstaObserve: !toggles +blocked disable_feed=0 disable_explore=0 disable_reels=0 disable_stories=1 disable_adds=0
08-14 01:42:04.918 23926 25007 I DFInstaObserve: !toggles +blocked disable_feed=0 disable_explore=0 disable_reels=0 disable_stories=1 disable_adds=0
08-14 01:42:05.686 23926 24958 I DFInstaObserve: !toggles +blocked disable_feed=0 disable_explore=0 disable_reels=0 disable_stories=1 disable_adds=0
08-14 01:42:05.686 23926 24958 I DFInstaObserve: /clips/discover
08-14 01:42:05.686 23926 24958 I DFInstaObserve: /clips/discover/stream/
08-14 01:42:06.115 23926 24709 I DFInstaObserve: !toggles +blocked disable_feed=0 disable_explore=0 disable_reels=0 disable_stories=1 disable_adds=0
08-14 01:42:06.164 23926 24709 I DFInstaObserve: !toggles +blocked disable_feed=0 disable_explore=0 disable_reels=0 disable_stories=1 disable_adds=0
08-14 01:42:08.222 23926 25033 I DFInstaObserve: !toggles +blocked disable_feed=0 disable_explore=0 disable_reels=0 disable_stories=1 disable_adds=0
08-14 01:42:08.222 23926 25032 I DFInstaObserve: !toggles +blocked disable_feed=0 disable_explore=0 disable_reels=0 disable_stories=1 disable_adds=0
08-14 01:42:08.973 23926 24959 I DFInstaObserve: !toggles +blocked disable_feed=0 disable_explore=0 disable_reels=0 disable_stories=1 disable_adds=0
08-14 01:42:09.086 23926 24709 I DFInstaObserve: !toggles +blocked disable_feed=0 disable_explore=0 disable_reels=0 disable_stories=1 disable_adds=0
08-14 01:42:09.097 23926 24709 I DFInstaObserve: !toggles +blocked disable_feed=0 disable_explore=0 disable_reels=0 disable_stories=1 disable_adds=0
08-14 01:42:09.119 23926 24097 I DFInstaObserve: !toggles +blocked disable_feed=0 disable_explore=0 disable_reels=0 disable_stories=1 disable_adds=0
08-14 01:42:09.195 23926 24961 I DFInstaObserve: !toggles +blocked disable_feed=0 disable_explore=0 disable_reels=0 disable_stories=1 disable_adds=0
08-14 01:42:09.253 23926 24097 I DFInstaObserve: !toggles +blocked disable_feed=0 disable_explore=0 disable_reels=0 disable_stories=1 disable_adds=0
08-14 01:42:09.287 23926 24097 I DFInstaObserve: !toggles +blocked disable_feed=0 disable_explore=0 disable_reels=0 disable_stories=1 disable_adds=0
08-14 01:42:09.312 23926 24709 I DFInstaObserve: !toggles +blocked disable_feed=0 disable_explore=0 disable_reels=0 disable_stories=1 disable_adds=0
08-14 01:42:09.320 23926 24709 I DFInstaObserve: !toggles +blocked disable_feed=0 disable_explore=0 disable_reels=0 disable_stories=1 disable_adds=0
08-14 01:42:09.379 23926 24131 I DFInstaObserve: !toggles +blocked disable_feed=0 disable_explore=0 disable_reels=0 disable_stories=1 disable_adds=0
08-14 01:42:09.423 23926 24838 I DFInstaObserve: !toggles +blocked disable_feed=0 disable_explore=0 disable_reels=0 disable_stories=1 disable_adds=0
08-14 01:42:09.468 23926 24131 I DFInstaObserve: !toggles +blocked disable_feed=0 disable_explore=0 disable_reels=0 disable_stories=1 disable_adds=0
08-14 01:42:09.548 23926 24097 I DFInstaObserve: !toggles +blocked disable_feed=0 disable_explore=0 disable_reels=0 disable_stories=1 disable_adds=0
08-14 01:42:09.582 23926 24097 I DFInstaObserve: !toggles +blocked disable_feed=0 disable_explore=0 disable_reels=0 disable_stories=1 disable_adds=0
08-14 01:42:09.632 23926 24097 I DFInstaObserve: !toggles +blocked disable_feed=0 disable_explore=0 disable_reels=0 disable_stories=1 disable_adds=0
08-14 01:42:09.668 23926 24097 I DFInstaObserve: !toggles +blocked disable_feed=0 disable_explore=0 disable_reels=0 disable_stories=1 disable_adds=0
08-14 01:42:10.035 23926 24097 I DFInstaObserve: !toggles +blocked disable_feed=0 disable_explore=0 disable_reels=0 disable_stories=1 disable_adds=0
08-14 01:42:14.771 23926 24838 I DFInstaObserve: !toggles +blocked disable_feed=0 disable_explore=0 disable_reels=0 disable_stories=1 disable_adds=0
08-14 01:42:14.771 23926 24838 I DFInstaObserve: /clips/discover
08-14 01:42:14.771 23926 24838 I DFInstaObserve: /clips/discover/stream/
08-14 01:42:17.986 23926 24097 I DFInstaObserve: !toggles +blocked disable_feed=0 disable_explore=0 disable_reels=0 disable_stories=1 disable_adds=0
08-14 01:42:18.522 23926 24097 I DFInstaObserve: !toggles +blocked disable_feed=0 disable_explore=0 disable_reels=0 disable_stories=1 disable_adds=0
08-14 01:42:18.553 23926 24097 I DFInstaObserve: !toggles +blocked disable_feed=0 disable_explore=0 disable_reels=0 disable_stories=1 disable_adds=0
08-14 01:42:18.767 23926 24097 I DFInstaObserve: !toggles +blocked disable_feed=0 disable_explore=0 disable_reels=0 disable_stories=1 disable_adds=0
08-14 01:42:18.795 23926 24097 I DFInstaObserve: !toggles +blocked disable_feed=0 disable_explore=0 disable_reels=0 disable_stories=1 disable_adds=0
08-14 01:42:18.898 23926 24097 I DFInstaObserve: !toggles +blocked disable_feed=0 disable_explore=0 disable_reels=0 disable_stories=1 disable_adds=0
08-14 01:42:18.936 23926 24097 I DFInstaObserve: !toggles +blocked disable_feed=0 disable_explore=0 disable_reels=0 disable_stories=1 disable_adds=0
08-14 01:42:19.006 23926 24097 I DFInstaObserve: !toggles +blocked disable_feed=0 disable_explore=0 disable_reels=0 disable_stories=1 disable_adds=0
08-14 01:42:31.866 23926 24838 I DFInstaObserve: !toggles +blocked disable_feed=0 disable_explore=0 disable_reels=0 disable_stories=1 disable_adds=0
08-14 01:42:31.866 23926 24838 I DFInstaObserve: /feed/timeline/
08-14 01:42:33.648 23926 23962 I DFInstaObserve: !toggles +blocked disable_feed=0 disable_explore=0 disable_reels=0 disable_stories=1 disable_adds=0
08-14 01:42:33.652 23926 23962 I DFInstaObserve: !toggles +blocked disable_feed=0 disable_explore=0 disable_reels=0 disable_stories=1 disable_adds=0
08-14 01:42:33.794 23926 24097 I DFInstaObserve: !toggles +blocked disable_feed=0 disable_explore=0 disable_reels=0 disable_stories=1 disable_adds=0
08-14 01:42:33.830 23926 24097 I DFInstaObserve: !toggles +blocked disable_feed=0 disable_explore=0 disable_reels=0 disable_stories=1 disable_adds=0
08-14 01:42:33.864 23926 24097 I DFInstaObserve: !toggles +blocked disable_feed=0 disable_explore=0 disable_reels=0 disable_stories=1 disable_adds=0
08-14 01:42:33.943 23926 25129 I DFInstaObserve: !toggles +blocked disable_feed=0 disable_explore=0 disable_reels=0 disable_stories=1 disable_adds=0
08-14 01:42:34.241 23926 25132 I DFInstaObserve: !toggles +blocked disable_feed=0 disable_explore=0 disable_reels=0 disable_stories=1 disable_adds=0
08-14 01:42:35.139 23926 24709 I DFInstaObserve: !toggles +blocked disable_feed=0 disable_explore=0 disable_reels=0 disable_stories=1 disable_adds=0
08-14 01:42:35.388 23926 23962 I DFInstaObserve: !toggles +blocked disable_feed=0 disable_explore=0 disable_reels=0 disable_stories=1 disable_adds=0
08-14 01:42:35.459 23926 23962 I DFInstaObserve: !toggles +blocked disable_feed=0 disable_explore=0 disable_reels=0 disable_stories=1 disable_adds=0
08-14 01:42:38.652 23926 24709 I DFInstaObserve: !toggles +blocked disable_feed=0 disable_explore=0 disable_reels=0 disable_stories=1 disable_adds=0
08-14 01:42:38.706 23926 24709 I DFInstaObserve: !toggles +blocked disable_feed=0 disable_explore=0 disable_reels=0 disable_stories=1 disable_adds=0
08-14 01:42:42.033 23926 24709 I DFInstaObserve: !toggles +blocked disable_feed=0 disable_explore=0 disable_reels=0 disable_stories=1 disable_adds=0
08-14 01:42:45.479 23926 24131 I DFInstaObserve: !toggles +blocked disable_feed=0 disable_explore=0 disable_reels=0 disable_stories=1 disable_adds=0
08-14 01:42:49.654 23926 25190 I DFInstaObserve: !toggles +blocked disable_feed=0 disable_explore=0 disable_reels=0 disable_stories=1 disable_adds=0
08-14 01:42:49.665 23926 25190 I DFInstaObserve: !toggles +blocked disable_feed=0 disable_explore=0 disable_reels=0 disable_stories=1 disable_adds=0
08-14 01:42:53.455 23926 25241 I DFInstaObserve: !toggles +blocked disable_feed=0 disable_explore=0 disable_reels=0 disable_stories=1 disable_adds=0
08-14 01:42:53.614 23926 24838 I DFInstaObserve: !toggles +blocked disable_feed=0 disable_explore=0 disable_reels=0 disable_stories=1 disable_adds=0
08-14 01:42:53.614 23926 24838 I DFInstaObserve: /discover/topical_explore
08-14 01:42:53.796 23926 25261 I DFInstaObserve: !toggles +blocked disable_feed=0 disable_explore=0 disable_reels=0 disable_stories=1 disable_adds=0
08-14 01:42:55.629 23926 25240 I DFInstaObserve: !toggles +blocked disable_feed=0 disable_explore=0 disable_reels=0 disable_stories=1 disable_adds=0
08-14 01:42:55.757 23926 25253 I DFInstaObserve: !toggles +blocked disable_feed=0 disable_explore=0 disable_reels=0 disable_stories=1 disable_adds=0
08-14 01:42:55.787 23926 25253 I DFInstaObserve: !toggles +blocked disable_feed=0 disable_explore=0 disable_reels=0 disable_stories=1 disable_adds=0
08-14 01:42:56.695 23926 24709 I DFInstaObserve: !toggles +blocked disable_feed=0 disable_explore=0 disable_reels=0 disable_stories=1 disable_adds=0
08-14 01:42:56.706 23926 25278 I DFInstaObserve: !toggles +blocked disable_feed=0 disable_explore=0 disable_reels=0 disable_stories=1 disable_adds=0
08-14 01:42:56.770 23926 25128 I DFInstaObserve: !toggles +blocked disable_feed=0 disable_explore=0 disable_reels=0 disable_stories=1 disable_adds=0
08-14 01:42:56.794 23926 24097 I DFInstaObserve: !toggles +blocked disable_feed=0 disable_explore=0 disable_reels=0 disable_stories=1 disable_adds=0
08-14 01:42:56.830 23926 25280 I DFInstaObserve: !toggles +blocked disable_feed=0 disable_explore=0 disable_reels=0 disable_stories=1 disable_adds=0
08-14 01:42:56.878 23926 24838 I DFInstaObserve: !toggles +blocked disable_feed=0 disable_explore=0 disable_reels=0 disable_stories=1 disable_adds=0
08-14 01:42:56.966 23926 25280 I DFInstaObserve: !toggles +blocked disable_feed=0 disable_explore=0 disable_reels=0 disable_stories=1 disable_adds=0
08-14 01:42:57.208 23926 25307 I DFInstaObserve: !toggles +blocked disable_feed=0 disable_explore=0 disable_reels=0 disable_stories=1 disable_adds=0
08-14 01:42:57.211 23926 25129 I DFInstaObserve: !toggles +blocked disable_feed=0 disable_explore=0 disable_reels=0 disable_stories=1 disable_adds=0
08-14 01:42:57.273 23926 24838 I DFInstaObserve: !toggles +blocked disable_feed=0 disable_explore=0 disable_reels=0 disable_stories=1 disable_adds=0
08-14 01:42:57.316 23926 25288 I DFInstaObserve: !toggles +blocked disable_feed=0 disable_explore=0 disable_reels=0 disable_stories=1 disable_adds=0
08-14 01:42:57.316 23926 25288 I DFInstaObserve: /discover/topical_explore
08-14 01:42:57.357 23926 25289 I DFInstaObserve: !toggles +blocked disable_feed=0 disable_explore=0 disable_reels=0 disable_stories=1 disable_adds=0
08-14 01:42:57.410 23926 25317 I DFInstaObserve: !toggles +blocked disable_feed=0 disable_explore=0 disable_reels=0 disable_stories=1 disable_adds=0
08-14 01:42:57.510 23926 25129 I DFInstaObserve: !toggles +blocked disable_feed=0 disable_explore=0 disable_reels=0 disable_stories=1 disable_adds=0
08-14 01:42:57.549 23926 24097 I DFInstaObserve: !toggles +blocked disable_feed=0 disable_explore=0 disable_reels=0 disable_stories=1 disable_adds=0
08-14 01:42:57.604 23926 25289 I DFInstaObserve: !toggles +blocked disable_feed=0 disable_explore=0 disable_reels=0 disable_stories=1 disable_adds=0
08-14 01:42:57.653 23926 24097 I DFInstaObserve: !toggles +blocked disable_feed=0 disable_explore=0 disable_reels=0 disable_stories=1 disable_adds=0
08-14 01:42:57.703 23926 25132 I DFInstaObserve: !toggles +blocked disable_feed=0 disable_explore=0 disable_reels=0 disable_stories=1 disable_adds=0
08-14 01:42:57.740 23926 24838 I DFInstaObserve: !toggles +blocked disable_feed=0 disable_explore=0 disable_reels=0 disable_stories=1 disable_adds=0
08-14 01:42:57.809 23926 24097 I DFInstaObserve: !toggles +blocked disable_feed=0 disable_explore=0 disable_reels=0 disable_stories=1 disable_adds=0
08-14 01:42:57.827 23926 24838 I DFInstaObserve: !toggles +blocked disable_feed=0 disable_explore=0 disable_reels=0 disable_stories=1 disable_adds=0
08-14 01:42:57.846 23926 24097 I DFInstaObserve: !toggles +blocked disable_feed=0 disable_explore=0 disable_reels=0 disable_stories=1 disable_adds=0
08-14 01:42:57.862 23926 25129 I DFInstaObserve: !toggles +blocked disable_feed=0 disable_explore=0 disable_reels=0 disable_stories=1 disable_adds=0
08-14 01:42:57.915 23926 24838 I DFInstaObserve: !toggles +blocked disable_feed=0 disable_explore=0 disable_reels=0 disable_stories=1 disable_adds=0
08-14 01:42:57.924 23926 24097 I DFInstaObserve: !toggles +blocked disable_feed=0 disable_explore=0 disable_reels=0 disable_stories=1 disable_adds=0
08-14 01:42:57.998 23926 25132 I DFInstaObserve: !toggles +blocked disable_feed=0 disable_explore=0 disable_reels=0 disable_stories=1 disable_adds=0
08-14 01:42:58.056 23926 25129 I DFInstaObserve: !toggles +blocked disable_feed=0 disable_explore=0 disable_reels=0 disable_stories=1 disable_adds=0
08-14 01:42:59.098 23926 25291 I DFInstaObserve: !toggles +blocked disable_feed=0 disable_explore=0 disable_reels=0 disable_stories=1 disable_adds=0
08-14 01:42:59.306 23926 25306 I DFInstaObserve: !toggles +blocked disable_feed=0 disable_explore=0 disable_reels=0 disable_stories=1 disable_adds=0
08-14 01:42:59.381 23926 25291 I DFInstaObserve: !toggles +blocked disable_feed=0 disable_explore=0 disable_reels=0 disable_stories=1 disable_adds=0
08-14 01:42:59.694 23926 24709 I DFInstaObserve: !toggles +blocked disable_feed=0 disable_explore=0 disable_reels=0 disable_stories=1 disable_adds=0
08-14 01:42:59.699 23926 25327 I DFInstaObserve: !toggles +blocked disable_feed=0 disable_explore=0 disable_reels=0 disable_stories=1 disable_adds=0
08-14 01:42:59.738 23926 24097 I DFInstaObserve: !toggles +blocked disable_feed=0 disable_explore=0 disable_reels=0 disable_stories=1 disable_adds=0
08-14 01:42:59.755 23926 25132 I DFInstaObserve: !toggles +blocked disable_feed=0 disable_explore=0 disable_reels=0 disable_stories=1 disable_adds=0
08-14 01:42:59.773 23926 24838 I DFInstaObserve: !toggles +blocked disable_feed=0 disable_explore=0 disable_reels=0 disable_stories=1 disable_adds=0
08-14 01:42:59.835 23926 24097 I DFInstaObserve: !toggles +blocked disable_feed=0 disable_explore=0 disable_reels=0 disable_stories=1 disable_adds=0
08-14 01:42:59.876 23926 25129 I DFInstaObserve: !toggles +blocked disable_feed=0 disable_explore=0 disable_reels=0 disable_stories=1 disable_adds=0
08-14 01:42:59.965 23926 25129 I DFInstaObserve: !toggles +blocked disable_feed=0 disable_explore=0 disable_reels=0 disable_stories=1 disable_adds=0
08-14 01:43:00.028 23926 25338 I DFInstaObserve: !toggles +blocked disable_feed=0 disable_explore=0 disable_reels=0 disable_stories=1 disable_adds=0
08-14 01:43:00.067 23926 24097 I DFInstaObserve: !toggles +blocked disable_feed=0 disable_explore=0 disable_reels=0 disable_stories=1 disable_adds=0
08-14 01:43:00.115 23926 24097 I DFInstaObserve: !toggles +blocked disable_feed=0 disable_explore=0 disable_reels=0 disable_stories=1 disable_adds=0
08-14 01:43:00.127 23926 24838 I DFInstaObserve: !toggles +blocked disable_feed=0 disable_explore=0 disable_reels=0 disable_stories=1 disable_adds=0
08-14 01:43:00.154 23926 25129 I DFInstaObserve: !toggles +blocked disable_feed=0 disable_explore=0 disable_reels=0 disable_stories=1 disable_adds=0
08-14 01:43:00.216 23926 24097 I DFInstaObserve: !toggles +blocked disable_feed=0 disable_explore=0 disable_reels=0 disable_stories=1 disable_adds=0
08-14 01:43:00.282 23926 25132 I DFInstaObserve: !toggles +blocked disable_feed=0 disable_explore=0 disable_reels=0 disable_stories=1 disable_adds=0
08-14 01:43:00.306 23926 24097 I DFInstaObserve: !toggles +blocked disable_feed=0 disable_explore=0 disable_reels=0 disable_stories=1 disable_adds=0
08-14 01:43:00.343 23926 25351 I DFInstaObserve: !toggles +blocked disable_feed=0 disable_explore=0 disable_reels=0 disable_stories=1 disable_adds=0
08-14 01:43:00.372 23926 24838 I DFInstaObserve: !toggles +blocked disable_feed=0 disable_explore=0 disable_reels=0 disable_stories=1 disable_adds=0
08-14 01:43:00.424 23926 24838 I DFInstaObserve: !toggles +blocked disable_feed=0 disable_explore=0 disable_reels=0 disable_stories=1 disable_adds=0
08-14 01:43:00.444 23926 24097 I DFInstaObserve: !toggles +blocked disable_feed=0 disable_explore=0 disable_reels=0 disable_stories=1 disable_adds=0
08-14 01:43:00.463 23926 25359 I DFInstaObserve: !toggles +blocked disable_feed=0 disable_explore=0 disable_reels=0 disable_stories=1 disable_adds=0
08-14 01:43:00.494 23926 25289 I DFInstaObserve: !toggles +blocked disable_feed=0 disable_explore=0 disable_reels=0 disable_stories=1 disable_adds=0
08-14 01:43:00.526 23926 25336 I DFInstaObserve: !toggles +blocked disable_feed=0 disable_explore=0 disable_reels=0 disable_stories=1 disable_adds=0
08-14 01:43:00.529 23926 24097 I DFInstaObserve: !toggles +blocked disable_feed=0 disable_explore=0 disable_reels=0 disable_stories=1 disable_adds=0
08-14 01:43:00.563 23926 25339 I DFInstaObserve: !toggles +blocked disable_feed=0 disable_explore=0 disable_reels=0 disable_stories=1 disable_adds=0
08-14 01:43:00.584 23926 24097 I DFInstaObserve: !toggles +blocked disable_feed=0 disable_explore=0 disable_reels=0 disable_stories=1 disable_adds=0
08-14 01:43:00.618 23926 25288 I DFInstaObserve: !toggles +blocked disable_feed=0 disable_explore=0 disable_reels=0 disable_stories=1 disable_adds=0
08-14 01:43:00.699 23926 25336 I DFInstaObserve: !toggles +blocked disable_feed=0 disable_explore=0 disable_reels=0 disable_stories=1 disable_adds=0
08-14 01:43:02.307 23926 25343 I DFInstaObserve: !toggles +blocked disable_feed=0 disable_explore=0 disable_reels=0 disable_stories=1 disable_adds=0
08-14 01:43:02.404 23926 25350 I DFInstaObserve: !toggles +blocked disable_feed=0 disable_explore=0 disable_reels=0 disable_stories=1 disable_adds=0
08-14 01:43:03.255 23926 25336 I DFInstaObserve: !toggles +blocked disable_feed=0 disable_explore=0 disable_reels=0 disable_stories=1 disable_adds=0
08-14 01:43:03.255 23926 25336 I DFInstaObserve: /discover/topical_explore
08-14 01:43:05.648 23926 25391 I DFInstaObserve: !toggles +blocked disable_feed=0 disable_explore=0 disable_reels=0 disable_stories=1 disable_adds=0
08-14 01:43:05.686 23926 24709 I DFInstaObserve: !toggles +blocked disable_feed=0 disable_explore=0 disable_reels=0 disable_stories=1 disable_adds=0
08-14 01:43:05.692 23926 24709 I DFInstaObserve: !toggles +blocked disable_feed=0 disable_explore=0 disable_reels=0 disable_stories=1 disable_adds=0
08-14 01:43:05.713 23926 24097 I DFInstaObserve: !toggles +blocked disable_feed=0 disable_explore=0 disable_reels=0 disable_stories=1 disable_adds=0
08-14 01:43:05.745 23926 25339 I DFInstaObserve: !toggles +blocked disable_feed=0 disable_explore=0 disable_reels=0 disable_stories=1 disable_adds=0
08-14 01:43:05.821 23926 25336 I DFInstaObserve: !toggles +blocked disable_feed=0 disable_explore=0 disable_reels=0 disable_stories=1 disable_adds=0
08-14 01:43:05.918 23926 24097 I DFInstaObserve: !toggles +blocked disable_feed=0 disable_explore=0 disable_reels=0 disable_stories=1 disable_adds=0
08-14 01:43:05.945 23926 25339 I DFInstaObserve: !toggles +blocked disable_feed=0 disable_explore=0 disable_reels=0 disable_stories=1 disable_adds=0
08-14 01:43:05.960 23926 24097 I DFInstaObserve: !toggles +blocked disable_feed=0 disable_explore=0 disable_reels=0 disable_stories=1 disable_adds=0
08-14 01:43:05.992 23926 25336 I DFInstaObserve: !toggles +blocked disable_feed=0 disable_explore=0 disable_reels=0 disable_stories=1 disable_adds=0
08-14 01:43:06.005 23926 24097 I DFInstaObserve: !toggles +blocked disable_feed=0 disable_explore=0 disable_reels=0 disable_stories=1 disable_adds=0
08-14 01:43:06.026 23926 25289 I DFInstaObserve: !toggles +blocked disable_feed=0 disable_explore=0 disable_reels=0 disable_stories=1 disable_adds=0
08-14 01:43:06.046 23926 24097 I DFInstaObserve: !toggles +blocked disable_feed=0 disable_explore=0 disable_reels=0 disable_stories=1 disable_adds=0
08-14 01:43:06.049 23926 25339 I DFInstaObserve: !toggles +blocked disable_feed=0 disable_explore=0 disable_reels=0 disable_stories=1 disable_adds=0
08-14 01:43:06.109 23926 25288 I DFInstaObserve: !toggles +blocked disable_feed=0 disable_explore=0 disable_reels=0 disable_stories=1 disable_adds=0
08-14 01:43:06.139 23926 25336 I DFInstaObserve: !toggles +blocked disable_feed=0 disable_explore=0 disable_reels=0 disable_stories=1 disable_adds=0
08-14 01:43:06.228 23926 25288 I DFInstaObserve: !toggles +blocked disable_feed=0 disable_explore=0 disable_reels=0 disable_stories=1 disable_adds=0
08-14 01:43:06.306 23926 25289 I DFInstaObserve: !toggles +blocked disable_feed=0 disable_explore=0 disable_reels=0 disable_stories=1 disable_adds=0
08-14 01:43:06.362 23926 24097 I DFInstaObserve: !toggles +blocked disable_feed=0 disable_explore=0 disable_reels=0 disable_stories=1 disable_adds=0
08-14 01:43:06.372 23926 25336 I DFInstaObserve: !toggles +blocked disable_feed=0 disable_explore=0 disable_reels=0 disable_stories=1 disable_adds=0
08-14 01:43:06.426 23926 24097 I DFInstaObserve: !toggles +blocked disable_feed=0 disable_explore=0 disable_reels=0 disable_stories=1 disable_adds=0
08-14 01:43:06.456 23926 25288 I DFInstaObserve: !toggles +blocked disable_feed=0 disable_explore=0 disable_reels=0 disable_stories=1 disable_adds=0
08-14 01:43:06.520 23926 25336 I DFInstaObserve: !toggles +blocked disable_feed=0 disable_explore=0 disable_reels=0 disable_stories=1 disable_adds=0
08-14 01:43:06.585 23926 25289 I DFInstaObserve: !toggles +blocked disable_feed=0 disable_explore=0 disable_reels=0 disable_stories=1 disable_adds=0
08-14 01:43:06.603 23926 24097 I DFInstaObserve: !toggles +blocked disable_feed=0 disable_explore=0 disable_reels=0 disable_stories=1 disable_adds=0
08-14 01:43:06.649 23926 24097 I DFInstaObserve: !toggles +blocked disable_feed=0 disable_explore=0 disable_reels=0 disable_stories=1 disable_adds=0
08-14 01:43:06.669 23926 25289 I DFInstaObserve: !toggles +blocked disable_feed=0 disable_explore=0 disable_reels=0 disable_stories=1 disable_adds=0
08-14 01:43:06.743 23926 25132 I DFInstaObserve: !toggles +blocked disable_feed=0 disable_explore=0 disable_reels=0 disable_stories=1 disable_adds=0
08-14 01:43:06.774 23926 25289 I DFInstaObserve: !toggles +blocked disable_feed=0 disable_explore=0 disable_reels=0 disable_stories=1 disable_adds=0
08-14 01:43:06.774 23926 25289 I DFInstaObserve: /discover/topical_explore
08-14 01:43:06.866 23926 24097 I DFInstaObserve: !toggles +blocked disable_feed=0 disable_explore=0 disable_reels=0 disable_stories=1 disable_adds=0
08-14 01:43:09.132 23926 25433 I DFInstaObserve: !toggles +blocked disable_feed=0 disable_explore=0 disable_reels=0 disable_stories=1 disable_adds=0
08-14 01:43:09.584 23926 25327 I DFInstaObserve: !toggles +blocked disable_feed=0 disable_explore=0 disable_reels=0 disable_stories=1 disable_adds=0
08-14 01:43:09.587 23926 24709 I DFInstaObserve: !toggles +blocked disable_feed=0 disable_explore=0 disable_reels=0 disable_stories=1 disable_adds=0
08-14 01:43:09.609 23926 24097 I DFInstaObserve: !toggles +blocked disable_feed=0 disable_explore=0 disable_reels=0 disable_stories=1 disable_adds=0
08-14 01:43:09.638 23926 25132 I DFInstaObserve: !toggles +blocked disable_feed=0 disable_explore=0 disable_reels=0 disable_stories=1 disable_adds=0
08-14 01:43:09.663 23926 24097 I DFInstaObserve: !toggles +blocked disable_feed=0 disable_explore=0 disable_reels=0 disable_stories=1 disable_adds=0
08-14 01:43:09.673 23926 25289 I DFInstaObserve: !toggles +blocked disable_feed=0 disable_explore=0 disable_reels=0 disable_stories=1 disable_adds=0
08-14 01:43:09.709 23926 24097 I DFInstaObserve: !toggles +blocked disable_feed=0 disable_explore=0 disable_reels=0 disable_stories=1 disable_adds=0
08-14 01:43:09.740 23926 25417 I DFInstaObserve: !toggles +blocked disable_feed=0 disable_explore=0 disable_reels=0 disable_stories=1 disable_adds=0
08-14 01:43:09.823 23926 25289 I DFInstaObserve: !toggles +blocked disable_feed=0 disable_explore=0 disable_reels=0 disable_stories=1 disable_adds=0
08-14 01:43:09.926 23926 25288 I DFInstaObserve: !toggles +blocked disable_feed=0 disable_explore=0 disable_reels=0 disable_stories=1 disable_adds=0
08-14 01:43:09.983 23926 25463 I DFInstaObserve: !toggles +blocked disable_feed=0 disable_explore=0 disable_reels=0 disable_stories=1 disable_adds=0
08-14 01:43:10.034 23926 25470 I DFInstaObserve: !toggles +blocked disable_feed=0 disable_explore=0 disable_reels=0 disable_stories=1 disable_adds=0
08-14 01:43:10.078 23926 25465 I DFInstaObserve: !toggles +blocked disable_feed=0 disable_explore=0 disable_reels=0 disable_stories=1 disable_adds=0
08-14 01:43:10.124 23926 24097 I DFInstaObserve: !toggles +blocked disable_feed=0 disable_explore=0 disable_reels=0 disable_stories=1 disable_adds=0
08-14 01:43:10.135 23926 25462 I DFInstaObserve: !toggles +blocked disable_feed=0 disable_explore=0 disable_reels=0 disable_stories=1 disable_adds=0
08-14 01:43:10.220 23926 24097 I DFInstaObserve: !toggles +blocked disable_feed=0 disable_explore=0 disable_reels=0 disable_stories=1 disable_adds=0
08-14 01:43:10.230 23926 25457 I DFInstaObserve: !toggles +blocked disable_feed=0 disable_explore=0 disable_reels=0 disable_stories=1 disable_adds=0
08-14 01:43:10.270 23926 24131 I DFInstaObserve: !toggles +blocked disable_feed=0 disable_explore=0 disable_reels=0 disable_stories=1 disable_adds=0
08-14 01:43:10.272 23926 25413 I DFInstaObserve: !toggles +blocked disable_feed=0 disable_explore=0 disable_reels=0 disable_stories=1 disable_adds=0
08-14 01:43:10.304 23926 25462 I DFInstaObserve: !toggles +blocked disable_feed=0 disable_explore=0 disable_reels=0 disable_stories=1 disable_adds=0
08-14 01:43:10.361 23926 25465 I DFInstaObserve: !toggles +blocked disable_feed=0 disable_explore=0 disable_reels=0 disable_stories=1 disable_adds=0
08-14 01:43:10.386 23926 24131 I DFInstaObserve: !toggles +blocked disable_feed=0 disable_explore=0 disable_reels=0 disable_stories=1 disable_adds=0
08-14 01:43:10.498 23926 24131 I DFInstaObserve: !toggles +blocked disable_feed=0 disable_explore=0 disable_reels=0 disable_stories=1 disable_adds=0
08-14 01:43:10.501 23926 25288 I DFInstaObserve: !toggles +blocked disable_feed=0 disable_explore=0 disable_reels=0 disable_stories=1 disable_adds=0
08-14 01:43:10.537 23926 25413 I DFInstaObserve: !toggles +blocked disable_feed=0 disable_explore=0 disable_reels=0 disable_stories=1 disable_adds=0
08-14 01:43:10.585 23926 25288 I DFInstaObserve: !toggles +blocked disable_feed=0 disable_explore=0 disable_reels=0 disable_stories=1 disable_adds=0
08-14 01:43:10.590 23926 24131 I DFInstaObserve: !toggles +blocked disable_feed=0 disable_explore=0 disable_reels=0 disable_stories=1 disable_adds=0
08-14 01:43:10.876 23926 24097 I DFInstaObserve: !toggles +blocked disable_feed=0 disable_explore=0 disable_reels=0 disable_stories=1 disable_adds=0
08-14 01:43:12.141 23926 25482 I DFInstaObserve: !toggles +blocked disable_feed=0 disable_explore=0 disable_reels=0 disable_stories=1 disable_adds=0
08-14 01:43:12.142 23926 25481 I DFInstaObserve: !toggles +blocked disable_feed=0 disable_explore=0 disable_reels=0 disable_stories=1 disable_adds=0
08-14 01:43:18.316 23926 24709 I DFInstaObserve: !toggles +blocked disable_feed=0 disable_explore=0 disable_reels=0 disable_stories=1 disable_adds=0
08-14 01:43:18.363 23926 24709 I DFInstaObserve: !toggles +blocked disable_feed=0 disable_explore=0 disable_reels=0 disable_stories=1 disable_adds=0
08-14 01:43:20.387 23926 25520 I DFInstaObserve: !toggles +blocked disable_feed=0 disable_explore=0 disable_reels=0 disable_stories=1 disable_adds=0
08-14 01:43:20.387 23926 25523 I DFInstaObserve: !toggles +blocked disable_feed=0 disable_explore=0 disable_reels=0 disable_stories=1 disable_adds=0
08-14 01:43:21.644 23926 25457 I DFInstaObserve: !toggles +blocked disable_feed=0 disable_explore=0 disable_reels=0 disable_stories=1 disable_adds=0
08-14 01:43:23.711 23926 25556 I DFInstaObserve: !toggles +blocked disable_feed=0 disable_explore=0 disable_reels=0 disable_stories=1 disable_adds=0
08-14 01:43:23.713 23926 25555 I DFInstaObserve: !toggles +blocked disable_feed=0 disable_explore=0 disable_reels=0 disable_stories=1 disable_adds=0
08-14 01:43:24.506 23926 25462 I DFInstaObserve: !toggles +blocked disable_feed=0 disable_explore=0 disable_reels=0 disable_stories=1 disable_adds=0
08-14 01:43:24.506 23926 25462 I DFInstaObserve: /clips/discover
08-14 01:43:24.506 23926 25462 I DFInstaObserve: /clips/discover/stream/
08-14 01:43:24.939 23926 25327 I DFInstaObserve: !toggles +blocked disable_feed=0 disable_explore=0 disable_reels=0 disable_stories=1 disable_adds=0
08-14 01:43:24.983 23926 24709 I DFInstaObserve: !toggles +blocked disable_feed=0 disable_explore=0 disable_reels=0 disable_stories=1 disable_adds=0
08-14 01:43:27.063 23926 25587 I DFInstaObserve: !toggles +blocked disable_feed=0 disable_explore=0 disable_reels=0 disable_stories=1 disable_adds=0
08-14 01:43:27.070 23926 25586 I DFInstaObserve: !toggles +blocked disable_feed=0 disable_explore=0 disable_reels=0 disable_stories=1 disable_adds=0
08-14 01:43:28.372 23926 25327 I DFInstaObserve: !toggles +blocked disable_feed=0 disable_explore=0 disable_reels=0 disable_stories=1 disable_adds=0
08-14 01:43:28.390 23926 25327 I DFInstaObserve: !toggles +blocked disable_feed=0 disable_explore=0 disable_reels=0 disable_stories=1 disable_adds=0
08-14 01:43:28.465 23926 24246 I DFInstaObserve: !toggles +blocked disable_feed=0 disable_explore=0 disable_reels=0 disable_stories=1 disable_adds=0
08-14 01:43:28.470 23926 24097 I DFInstaObserve: !toggles +blocked disable_feed=0 disable_explore=0 disable_reels=0 disable_stories=1 disable_adds=0
08-14 01:43:28.610 23926 24709 I DFInstaObserve: !toggles +blocked disable_feed=0 disable_explore=0 disable_reels=0 disable_stories=1 disable_adds=0
08-14 01:43:28.615 23926 24709 I DFInstaObserve: !toggles +blocked disable_feed=0 disable_explore=0 disable_reels=0 disable_stories=1 disable_adds=0
08-14 01:43:28.726 23926 25288 I DFInstaObserve: !toggles +blocked disable_feed=0 disable_explore=0 disable_reels=0 disable_stories=1 disable_adds=0
08-14 01:43:28.791 23926 24097 I DFInstaObserve: !toggles +blocked disable_feed=0 disable_explore=0 disable_reels=0 disable_stories=1 disable_adds=0
08-14 01:43:28.823 23926 24097 I DFInstaObserve: !toggles +blocked disable_feed=0 disable_explore=0 disable_reels=0 disable_stories=1 disable_adds=0
08-14 01:43:28.925 23926 24097 I DFInstaObserve: !toggles +blocked disable_feed=0 disable_explore=0 disable_reels=0 disable_stories=1 disable_adds=0
08-14 01:43:28.948 23926 24097 I DFInstaObserve: !toggles +blocked disable_feed=0 disable_explore=0 disable_reels=0 disable_stories=1 disable_adds=0
08-14 01:43:29.209 23926 24097 I DFInstaObserve: !toggles +blocked disable_feed=0 disable_explore=0 disable_reels=0 disable_stories=1 disable_adds=0
08-14 01:43:29.241 23926 24097 I DFInstaObserve: !toggles +blocked disable_feed=0 disable_explore=0 disable_reels=0 disable_stories=1 disable_adds=0
08-14 01:43:29.398 23926 24097 I DFInstaObserve: !toggles +blocked disable_feed=0 disable_explore=0 disable_reels=0 disable_stories=1 disable_adds=0
08-14 01:43:30.385 23926 25614 I DFInstaObserve: !toggles +blocked disable_feed=0 disable_explore=0 disable_reels=0 disable_stories=1 disable_adds=0
08-14 01:43:30.387 23926 25615 I DFInstaObserve: !toggles +blocked disable_feed=0 disable_explore=0 disable_reels=0 disable_stories=1 disable_adds=0
08-14 01:43:31.586 23926 24709 I DFInstaObserve: !toggles +blocked disable_feed=0 disable_explore=0 disable_reels=0 disable_stories=1 disable_adds=0
08-14 01:43:33.710 23926 25645 I DFInstaObserve: !toggles +blocked disable_feed=0 disable_explore=0 disable_reels=0 disable_stories=1 disable_adds=0
08-14 01:43:33.711 23926 25644 I DFInstaObserve: !toggles +blocked disable_feed=0 disable_explore=0 disable_reels=0 disable_stories=1 disable_adds=0
08-14 01:43:34.460 23926 25288 I DFInstaObserve: !toggles +blocked disable_feed=0 disable_explore=0 disable_reels=0 disable_stories=1 disable_adds=0
08-14 01:43:34.823 23926 24131 I DFInstaObserve: !toggles +blocked disable_feed=0 disable_explore=0 disable_reels=0 disable_stories=1 disable_adds=0
08-14 01:43:34.896 23926 24131 I DFInstaObserve: !toggles +blocked disable_feed=0 disable_explore=0 disable_reels=0 disable_stories=1 disable_adds=0
08-14 01:43:57.412 23926 25666 I DFInstaObserve: !toggles +blocked disable_feed=0 disable_explore=0 disable_reels=0 disable_stories=1 disable_adds=0
08-14 01:43:57.412 23926 25666 I DFInstaObserve: /feed/timeline/
08-14 01:43:59.564 23926 25327 I DFInstaObserve: !toggles +blocked disable_feed=0 disable_explore=0 disable_reels=0 disable_stories=1 disable_adds=0
08-14 01:43:59.568 23926 25327 I DFInstaObserve: !toggles +blocked disable_feed=0 disable_explore=0 disable_reels=0 disable_stories=1 disable_adds=0
08-14 01:43:59.803 23926 25413 I DFInstaObserve: !toggles +blocked disable_feed=0 disable_explore=0 disable_reels=0 disable_stories=1 disable_adds=0
08-14 01:43:59.816 23926 24097 I DFInstaObserve: !toggles +blocked disable_feed=0 disable_explore=0 disable_reels=0 disable_stories=1 disable_adds=0
08-14 01:44:00.010 23926 25462 I DFInstaObserve: !toggles +blocked disable_feed=0 disable_explore=0 disable_reels=0 disable_stories=1 disable_adds=0
08-14 01:44:00.238 23926 25413 I DFInstaObserve: !toggles +blocked disable_feed=0 disable_explore=0 disable_reels=0 disable_stories=1 disable_adds=0
08-14 01:44:00.606 23926 24709 I DFInstaObserve: !toggles +blocked disable_feed=0 disable_explore=0 disable_reels=0 disable_stories=1 disable_adds=0
08-14 01:44:00.843 23926 24709 I DFInstaObserve: !toggles +blocked disable_feed=0 disable_explore=0 disable_reels=0 disable_stories=1 disable_adds=0
08-14 01:44:04.214 23926 25327 I DFInstaObserve: !toggles +blocked disable_feed=0 disable_explore=0 disable_reels=0 disable_stories=1 disable_adds=0
08-14 01:44:04.939 23926 25327 I DFInstaObserve: !toggles +blocked disable_feed=0 disable_explore=0 disable_reels=0 disable_stories=1 disable_adds=0
08-14 01:44:07.752 23926 25327 I DFInstaObserve: !toggles +blocked disable_feed=0 disable_explore=0 disable_reels=0 disable_stories=1 disable_adds=0
08-14 01:44:10.913 23926 24131 I DFInstaObserve: !toggles +blocked disable_feed=0 disable_explore=0 disable_reels=0 disable_stories=1 disable_adds=0
08-14 01:44:12.613 23926 25744 I DFInstaObserve: !toggles +blocked disable_feed=0 disable_explore=0 disable_reels=0 disable_stories=1 disable_adds=0
08-14 01:44:12.630 23926 25744 I DFInstaObserve: !toggles +blocked disable_feed=0 disable_explore=0 disable_reels=0 disable_stories=1 disable_adds=0
08-14 01:44:15.118 23926 25744 I DFInstaObserve: !toggles +blocked disable_feed=0 disable_explore=0 disable_reels=0 disable_stories=1 disable_adds=0
08-14 01:44:19.030 23926 25666 I DFInstaObserve: !toggles +blocked disable_feed=0 disable_explore=0 disable_reels=0 disable_stories=1 disable_adds=0
08-14 01:44:19.030 23926 25666 I DFInstaObserve: /discover/topical_explore
08-14 01:44:21.182 23926 25792 I DFInstaObserve: !toggles +blocked disable_feed=0 disable_explore=0 disable_reels=0 disable_stories=1 disable_adds=0
08-14 01:44:21.224 23926 25792 I DFInstaObserve: !toggles +blocked disable_feed=0 disable_explore=0 disable_reels=0 disable_stories=1 disable_adds=0
08-14 01:44:21.690 23926 25799 I DFInstaObserve: !toggles +blocked disable_feed=0 disable_explore=0 disable_reels=0 disable_stories=1 disable_adds=0
08-14 01:44:22.272 23926 25327 I DFInstaObserve: !toggles +blocked disable_feed=0 disable_explore=0 disable_reels=0 disable_stories=1 disable_adds=0
08-14 01:44:22.278 23926 25327 I DFInstaObserve: !toggles +blocked disable_feed=0 disable_explore=0 disable_reels=0 disable_stories=1 disable_adds=0
08-14 01:44:22.303 23926 24097 I DFInstaObserve: !toggles +blocked disable_feed=0 disable_explore=0 disable_reels=0 disable_stories=1 disable_adds=0
08-14 01:44:22.410 23926 25462 I DFInstaObserve: !toggles +blocked disable_feed=0 disable_explore=0 disable_reels=0 disable_stories=1 disable_adds=0
08-14 01:44:22.422 23926 25826 I DFInstaObserve: !toggles +blocked disable_feed=0 disable_explore=0 disable_reels=0 disable_stories=1 disable_adds=0
08-14 01:44:22.535 23926 25666 I DFInstaObserve: !toggles +blocked disable_feed=0 disable_explore=0 disable_reels=0 disable_stories=1 disable_adds=0
08-14 01:44:22.574 23926 25836 I DFInstaObserve: !toggles +blocked disable_feed=0 disable_explore=0 disable_reels=0 disable_stories=1 disable_adds=0
08-14 01:44:22.604 23926 24097 I DFInstaObserve: !toggles +blocked disable_feed=0 disable_explore=0 disable_reels=0 disable_stories=1 disable_adds=0
08-14 01:44:22.626 23926 25830 I DFInstaObserve: !toggles +blocked disable_feed=0 disable_explore=0 disable_reels=0 disable_stories=1 disable_adds=0
08-14 01:44:22.649 23926 25462 I DFInstaObserve: !toggles +blocked disable_feed=0 disable_explore=0 disable_reels=0 disable_stories=1 disable_adds=0
08-14 01:44:22.649 23926 25462 I DFInstaObserve: /discover/topical_explore
08-14 01:44:22.665 23926 24097 I DFInstaObserve: !toggles +blocked disable_feed=0 disable_explore=0 disable_reels=0 disable_stories=1 disable_adds=0
08-14 01:44:22.771 23926 25831 I DFInstaObserve: !toggles +blocked disable_feed=0 disable_explore=0 disable_reels=0 disable_stories=1 disable_adds=0
08-14 01:44:22.868 23926 25868 I DFInstaObserve: !toggles +blocked disable_feed=0 disable_explore=0 disable_reels=0 disable_stories=1 disable_adds=0
08-14 01:44:22.875 23926 25830 I DFInstaObserve: !toggles +blocked disable_feed=0 disable_explore=0 disable_reels=0 disable_stories=1 disable_adds=0
08-14 01:44:22.910 23926 25869 I DFInstaObserve: !toggles +blocked disable_feed=0 disable_explore=0 disable_reels=0 disable_stories=1 disable_adds=0
08-14 01:44:23.015 23926 25628 I DFInstaObserve: !toggles +blocked disable_feed=0 disable_explore=0 disable_reels=0 disable_stories=1 disable_adds=0
08-14 01:44:23.090 23926 25869 I DFInstaObserve: !toggles +blocked disable_feed=0 disable_explore=0 disable_reels=0 disable_stories=1 disable_adds=0
08-14 01:44:23.172 23926 25830 I DFInstaObserve: !toggles +blocked disable_feed=0 disable_explore=0 disable_reels=0 disable_stories=1 disable_adds=0
08-14 01:44:23.235 23926 24097 I DFInstaObserve: !toggles +blocked disable_feed=0 disable_explore=0 disable_reels=0 disable_stories=1 disable_adds=0
08-14 01:44:23.255 23926 25830 I DFInstaObserve: !toggles +blocked disable_feed=0 disable_explore=0 disable_reels=0 disable_stories=1 disable_adds=0
08-14 01:44:23.276 23926 24097 I DFInstaObserve: !toggles +blocked disable_feed=0 disable_explore=0 disable_reels=0 disable_stories=1 disable_adds=0
08-14 01:44:23.298 23926 25628 I DFInstaObserve: !toggles +blocked disable_feed=0 disable_explore=0 disable_reels=0 disable_stories=1 disable_adds=0
08-14 01:44:23.333 23926 25869 I DFInstaObserve: !toggles +blocked disable_feed=0 disable_explore=0 disable_reels=0 disable_stories=1 disable_adds=0
08-14 01:44:23.338 23926 24097 I DFInstaObserve: !toggles +blocked disable_feed=0 disable_explore=0 disable_reels=0 disable_stories=1 disable_adds=0
08-14 01:44:23.362 23926 25288 I DFInstaObserve: !toggles +blocked disable_feed=0 disable_explore=0 disable_reels=0 disable_stories=1 disable_adds=0
08-14 01:44:23.398 23926 25628 I DFInstaObserve: !toggles +blocked disable_feed=0 disable_explore=0 disable_reels=0 disable_stories=1 disable_adds=0
08-14 01:44:23.465 23926 25869 I DFInstaObserve: !toggles +blocked disable_feed=0 disable_explore=0 disable_reels=0 disable_stories=1 disable_adds=0
08-14 01:44:23.493 23926 25288 I DFInstaObserve: !toggles +blocked disable_feed=0 disable_explore=0 disable_reels=0 disable_stories=1 disable_adds=0
08-14 01:44:24.511 23926 25825 I DFInstaObserve: !toggles +blocked disable_feed=0 disable_explore=0 disable_reels=0 disable_stories=1 disable_adds=0
08-14 01:44:24.785 23926 25842 I DFInstaObserve: !toggles +blocked disable_feed=0 disable_explore=0 disable_reels=0 disable_stories=1 disable_adds=0
08-14 01:44:25.919 23926 25462 I DFInstaObserve: !toggles +blocked disable_feed=0 disable_explore=0 disable_reels=0 disable_stories=1 disable_adds=0
08-14 01:44:25.919 23926 25462 I DFInstaObserve: /discover/topical_explore
08-14 01:44:26.279 23926 25901 I DFInstaObserve: !toggles +blocked disable_feed=0 disable_explore=0 disable_reels=0 disable_stories=1 disable_adds=0
08-14 01:44:26.284 23926 25327 I DFInstaObserve: !toggles +blocked disable_feed=0 disable_explore=0 disable_reels=0 disable_stories=1 disable_adds=0
08-14 01:44:26.345 23926 24097 I DFInstaObserve: !toggles +blocked disable_feed=0 disable_explore=0 disable_reels=0 disable_stories=1 disable_adds=0
08-14 01:44:26.458 23926 25869 I DFInstaObserve: !toggles +blocked disable_feed=0 disable_explore=0 disable_reels=0 disable_stories=1 disable_adds=0
08-14 01:44:26.493 23926 25893 I DFInstaObserve: !toggles +blocked disable_feed=0 disable_explore=0 disable_reels=0 disable_stories=1 disable_adds=0
08-14 01:44:26.575 23926 24097 I DFInstaObserve: !toggles +blocked disable_feed=0 disable_explore=0 disable_reels=0 disable_stories=1 disable_adds=0
08-14 01:44:26.600 23926 25893 I DFInstaObserve: !toggles +blocked disable_feed=0 disable_explore=0 disable_reels=0 disable_stories=1 disable_adds=0
08-14 01:44:26.620 23926 24097 I DFInstaObserve: !toggles +blocked disable_feed=0 disable_explore=0 disable_reels=0 disable_stories=1 disable_adds=0
08-14 01:44:26.639 23926 25871 I DFInstaObserve: !toggles +blocked disable_feed=0 disable_explore=0 disable_reels=0 disable_stories=1 disable_adds=0
08-14 01:44:26.679 23926 25894 I DFInstaObserve: !toggles +blocked disable_feed=0 disable_explore=0 disable_reels=0 disable_stories=1 disable_adds=0
08-14 01:44:26.713 23926 25869 I DFInstaObserve: !toggles +blocked disable_feed=0 disable_explore=0 disable_reels=0 disable_stories=1 disable_adds=0
08-14 01:44:26.764 23926 25871 I DFInstaObserve: !toggles +blocked disable_feed=0 disable_explore=0 disable_reels=0 disable_stories=1 disable_adds=0
08-14 01:44:26.787 23926 24097 I DFInstaObserve: !toggles +blocked disable_feed=0 disable_explore=0 disable_reels=0 disable_stories=1 disable_adds=0
08-14 01:44:26.795 23926 25894 I DFInstaObserve: !toggles +blocked disable_feed=0 disable_explore=0 disable_reels=0 disable_stories=1 disable_adds=0
08-14 01:44:26.838 23926 24097 I DFInstaObserve: !toggles +blocked disable_feed=0 disable_explore=0 disable_reels=0 disable_stories=1 disable_adds=0
08-14 01:44:26.871 23926 25893 I DFInstaObserve: !toggles +blocked disable_feed=0 disable_explore=0 disable_reels=0 disable_stories=1 disable_adds=0
08-14 01:44:26.936 23926 24097 I DFInstaObserve: !toggles +blocked disable_feed=0 disable_explore=0 disable_reels=0 disable_stories=1 disable_adds=0
08-14 01:44:26.942 23926 25869 I DFInstaObserve: !toggles +blocked disable_feed=0 disable_explore=0 disable_reels=0 disable_stories=1 disable_adds=0
08-14 01:44:26.982 23926 24097 I DFInstaObserve: !toggles +blocked disable_feed=0 disable_explore=0 disable_reels=0 disable_stories=1 disable_adds=0
08-14 01:44:27.003 23926 25871 I DFInstaObserve: !toggles +blocked disable_feed=0 disable_explore=0 disable_reels=0 disable_stories=1 disable_adds=0
08-14 01:44:27.040 23926 25869 I DFInstaObserve: !toggles +blocked disable_feed=0 disable_explore=0 disable_reels=0 disable_stories=1 disable_adds=0
08-14 01:44:27.126 23926 25894 I DFInstaObserve: !toggles +blocked disable_feed=0 disable_explore=0 disable_reels=0 disable_stories=1 disable_adds=0
08-14 01:44:27.148 23926 24097 I DFInstaObserve: !toggles +blocked disable_feed=0 disable_explore=0 disable_reels=0 disable_stories=1 disable_adds=0
08-14 01:44:27.183 23926 25871 I DFInstaObserve: !toggles +blocked disable_feed=0 disable_explore=0 disable_reels=0 disable_stories=1 disable_adds=0
08-14 01:44:27.184 23926 24097 I DFInstaObserve: !toggles +blocked disable_feed=0 disable_explore=0 disable_reels=0 disable_stories=1 disable_adds=0
08-14 01:44:27.228 23926 25869 I DFInstaObserve: !toggles +blocked disable_feed=0 disable_explore=0 disable_reels=0 disable_stories=1 disable_adds=0
08-14 01:44:27.299 23926 24097 I DFInstaObserve: !toggles +blocked disable_feed=0 disable_explore=0 disable_reels=0 disable_stories=1 disable_adds=0
08-14 01:44:27.303 23926 25893 I DFInstaObserve: !toggles +blocked disable_feed=0 disable_explore=0 disable_reels=0 disable_stories=1 disable_adds=0
08-14 01:44:27.643 23926 25866 I DFInstaObserve: !toggles +blocked disable_feed=0 disable_explore=0 disable_reels=0 disable_stories=1 disable_adds=0
08-14 01:44:27.923 23926 25896 I DFInstaObserve: !toggles +blocked disable_feed=0 disable_explore=0 disable_reels=0 disable_stories=1 disable_adds=0
08-14 01:44:27.960 23926 25896 I DFInstaObserve: !toggles +blocked disable_feed=0 disable_explore=0 disable_reels=0 disable_stories=1 disable_adds=0
08-14 01:44:28.263 23926 25327 I DFInstaObserve: !toggles +blocked disable_feed=0 disable_explore=0 disable_reels=0 disable_stories=1 disable_adds=0
08-14 01:44:28.267 23926 25908 I DFInstaObserve: !toggles +blocked disable_feed=0 disable_explore=0 disable_reels=0 disable_stories=1 disable_adds=0
08-14 01:44:28.328 23926 24097 I DFInstaObserve: !toggles +blocked disable_feed=0 disable_explore=0 disable_reels=0 disable_stories=1 disable_adds=0
08-14 01:44:28.378 23926 25869 I DFInstaObserve: !toggles +blocked disable_feed=0 disable_explore=0 disable_reels=0 disable_stories=1 disable_adds=0
08-14 01:44:28.423 23926 25462 I DFInstaObserve: !toggles +blocked disable_feed=0 disable_explore=0 disable_reels=0 disable_stories=1 disable_adds=0
08-14 01:44:28.497 23926 25871 I DFInstaObserve: !toggles +blocked disable_feed=0 disable_explore=0 disable_reels=0 disable_stories=1 disable_adds=0
08-14 01:44:28.506 23926 24097 I DFInstaObserve: !toggles +blocked disable_feed=0 disable_explore=0 disable_reels=0 disable_stories=1 disable_adds=0
08-14 01:44:28.570 23926 24097 I DFInstaObserve: !toggles +blocked disable_feed=0 disable_explore=0 disable_reels=0 disable_stories=1 disable_adds=0
08-14 01:44:28.578 23926 25869 I DFInstaObserve: !toggles +blocked disable_feed=0 disable_explore=0 disable_reels=0 disable_stories=1 disable_adds=0
08-14 01:44:28.622 23926 25462 I DFInstaObserve: !toggles +blocked disable_feed=0 disable_explore=0 disable_reels=0 disable_stories=1 disable_adds=0
08-14 01:44:28.650 23926 24097 I DFInstaObserve: !toggles +blocked disable_feed=0 disable_explore=0 disable_reels=0 disable_stories=1 disable_adds=0
08-14 01:44:28.701 23926 25915 I DFInstaObserve: !toggles +blocked disable_feed=0 disable_explore=0 disable_reels=0 disable_stories=1 disable_adds=0
08-14 01:44:28.724 23926 24097 I DFInstaObserve: !toggles +blocked disable_feed=0 disable_explore=0 disable_reels=0 disable_stories=1 disable_adds=0
08-14 01:44:28.747 23926 25916 I DFInstaObserve: !toggles +blocked disable_feed=0 disable_explore=0 disable_reels=0 disable_stories=1 disable_adds=0
08-14 01:44:28.806 23926 25915 I DFInstaObserve: !toggles +blocked disable_feed=0 disable_explore=0 disable_reels=0 disable_stories=1 disable_adds=0
08-14 01:44:28.857 23926 25462 I DFInstaObserve: !toggles +blocked disable_feed=0 disable_explore=0 disable_reels=0 disable_stories=1 disable_adds=0
08-14 01:44:28.895 23926 25915 I DFInstaObserve: !toggles +blocked disable_feed=0 disable_explore=0 disable_reels=0 disable_stories=1 disable_adds=0
08-14 01:44:28.979 23926 25917 I DFInstaObserve: !toggles +blocked disable_feed=0 disable_explore=0 disable_reels=0 disable_stories=1 disable_adds=0
08-14 01:44:29.026 23926 25915 I DFInstaObserve: !toggles +blocked disable_feed=0 disable_explore=0 disable_reels=0 disable_stories=1 disable_adds=0
08-14 01:44:29.094 23926 25893 I DFInstaObserve: !toggles +blocked disable_feed=0 disable_explore=0 disable_reels=0 disable_stories=1 disable_adds=0
08-14 01:44:29.148 23926 25915 I DFInstaObserve: !toggles +blocked disable_feed=0 disable_explore=0 disable_reels=0 disable_stories=1 disable_adds=0
08-14 01:44:29.166 23926 24097 I DFInstaObserve: !toggles +blocked disable_feed=0 disable_explore=0 disable_reels=0 disable_stories=1 disable_adds=0
08-14 01:44:29.200 23926 25893 I DFInstaObserve: !toggles +blocked disable_feed=0 disable_explore=0 disable_reels=0 disable_stories=1 disable_adds=0
08-14 01:44:29.286 23926 25917 I DFInstaObserve: !toggles +blocked disable_feed=0 disable_explore=0 disable_reels=0 disable_stories=1 disable_adds=0
08-14 01:44:29.329 23926 24097 I DFInstaObserve: !toggles +blocked disable_feed=0 disable_explore=0 disable_reels=0 disable_stories=1 disable_adds=0
08-14 01:44:29.370 23926 24097 I DFInstaObserve: !toggles +blocked disable_feed=0 disable_explore=0 disable_reels=0 disable_stories=1 disable_adds=0
08-14 01:44:29.410 23926 24097 I DFInstaObserve: !toggles +blocked disable_feed=0 disable_explore=0 disable_reels=0 disable_stories=1 disable_adds=0
08-14 01:44:29.457 23926 24097 I DFInstaObserve: !toggles +blocked disable_feed=0 disable_explore=0 disable_reels=0 disable_stories=1 disable_adds=0
08-14 01:44:29.497 23926 24097 I DFInstaObserve: !toggles +blocked disable_feed=0 disable_explore=0 disable_reels=0 disable_stories=1 disable_adds=0
08-14 01:44:29.614 23926 25937 I DFInstaObserve: !toggles +blocked disable_feed=0 disable_explore=0 disable_reels=0 disable_stories=1 disable_adds=0
08-14 01:44:29.962 23926 24097 I DFInstaObserve: !toggles +blocked disable_feed=0 disable_explore=0 disable_reels=0 disable_stories=1 disable_adds=0
08-14 01:44:31.145 23926 25922 I DFInstaObserve: !toggles +blocked disable_feed=0 disable_explore=0 disable_reels=0 disable_stories=1 disable_adds=0
08-14 01:44:31.586 23926 25928 I DFInstaObserve: !toggles +blocked disable_feed=0 disable_explore=0 disable_reels=0 disable_stories=1 disable_adds=0
08-14 01:44:32.150 23926 25893 I DFInstaObserve: !toggles +blocked disable_feed=0 disable_explore=0 disable_reels=0 disable_stories=1 disable_adds=0
08-14 01:44:32.150 23926 25893 I DFInstaObserve: /discover/topical_explore
08-14 01:44:32.695 23926 25974 I DFInstaObserve: !toggles +blocked disable_feed=0 disable_explore=0 disable_reels=0 disable_stories=1 disable_adds=0
08-14 01:44:34.492 23926 25953 I DFInstaObserve: !toggles +blocked disable_feed=0 disable_explore=0 disable_reels=0 disable_stories=1 disable_adds=0
08-14 01:44:34.646 23926 25964 I DFInstaObserve: !toggles +blocked disable_feed=0 disable_explore=0 disable_reels=0 disable_stories=1 disable_adds=0
08-14 01:44:35.042 23926 25964 I DFInstaObserve: !toggles +blocked disable_feed=0 disable_explore=0 disable_reels=0 disable_stories=1 disable_adds=0
08-14 01:44:35.272 23926 25327 I DFInstaObserve: !toggles +blocked disable_feed=0 disable_explore=0 disable_reels=0 disable_stories=1 disable_adds=0
08-14 01:44:35.279 23926 26022 I DFInstaObserve: !toggles +blocked disable_feed=0 disable_explore=0 disable_reels=0 disable_stories=1 disable_adds=0
08-14 01:44:35.352 23926 24097 I DFInstaObserve: !toggles +blocked disable_feed=0 disable_explore=0 disable_reels=0 disable_stories=1 disable_adds=0
08-14 01:44:35.411 23926 25871 I DFInstaObserve: !toggles +blocked disable_feed=0 disable_explore=0 disable_reels=0 disable_stories=1 disable_adds=0
08-14 01:44:35.474 23926 24097 I DFInstaObserve: !toggles +blocked disable_feed=0 disable_explore=0 disable_reels=0 disable_stories=1 disable_adds=0
08-14 01:44:35.482 23926 25462 I DFInstaObserve: !toggles +blocked disable_feed=0 disable_explore=0 disable_reels=0 disable_stories=1 disable_adds=0
08-14 01:44:35.550 23926 26047 I DFInstaObserve: !toggles +blocked disable_feed=0 disable_explore=0 disable_reels=0 disable_stories=1 disable_adds=0
08-14 01:44:35.574 23926 24097 I DFInstaObserve: !toggles +blocked disable_feed=0 disable_explore=0 disable_reels=0 disable_stories=1 disable_adds=0
08-14 01:44:35.630 23926 26047 I DFInstaObserve: !toggles +blocked disable_feed=0 disable_explore=0 disable_reels=0 disable_stories=1 disable_adds=0
08-14 01:44:35.712 23926 24131 I DFInstaObserve: !toggles +blocked disable_feed=0 disable_explore=0 disable_reels=0 disable_stories=1 disable_adds=0
08-14 01:44:35.725 23926 26045 I DFInstaObserve: !toggles +blocked disable_feed=0 disable_explore=0 disable_reels=0 disable_stories=1 disable_adds=0
08-14 01:44:35.792 23926 25950 I DFInstaObserve: !toggles +blocked disable_feed=0 disable_explore=0 disable_reels=0 disable_stories=1 disable_adds=0
08-14 01:44:35.833 23926 24131 I DFInstaObserve: !toggles +blocked disable_feed=0 disable_explore=0 disable_reels=0 disable_stories=1 disable_adds=0
08-14 01:44:35.870 23926 26036 I DFInstaObserve: !toggles +blocked disable_feed=0 disable_explore=0 disable_reels=0 disable_stories=1 disable_adds=0
08-14 01:44:35.903 23926 24097 I DFInstaObserve: !toggles +blocked disable_feed=0 disable_explore=0 disable_reels=0 disable_stories=1 disable_adds=0
08-14 01:44:35.931 23926 24131 I DFInstaObserve: !toggles +blocked disable_feed=0 disable_explore=0 disable_reels=0 disable_stories=1 disable_adds=0
08-14 01:44:35.945 23926 24097 I DFInstaObserve: !toggles +blocked disable_feed=0 disable_explore=0 disable_reels=0 disable_stories=1 disable_adds=0
08-14 01:44:35.963 23926 26047 I DFInstaObserve: !toggles +blocked disable_feed=0 disable_explore=0 disable_reels=0 disable_stories=1 disable_adds=0
08-14 01:44:35.996 23926 25462 I DFInstaObserve: !toggles +blocked disable_feed=0 disable_explore=0 disable_reels=0 disable_stories=1 disable_adds=0
08-14 01:44:36.053 23926 24131 I DFInstaObserve: !toggles +blocked disable_feed=0 disable_explore=0 disable_reels=0 disable_stories=1 disable_adds=0
08-14 01:44:36.073 23926 24097 I DFInstaObserve: !toggles +blocked disable_feed=0 disable_explore=0 disable_reels=0 disable_stories=1 disable_adds=0
08-14 01:44:36.086 23926 25950 I DFInstaObserve: !toggles +blocked disable_feed=0 disable_explore=0 disable_reels=0 disable_stories=1 disable_adds=0
08-14 01:44:36.117 23926 24097 I DFInstaObserve: !toggles +blocked disable_feed=0 disable_explore=0 disable_reels=0 disable_stories=1 disable_adds=0
08-14 01:44:36.125 23926 26047 I DFInstaObserve: !toggles +blocked disable_feed=0 disable_explore=0 disable_reels=0 disable_stories=1 disable_adds=0
08-14 01:44:36.158 23926 26036 I DFInstaObserve: !toggles +blocked disable_feed=0 disable_explore=0 disable_reels=0 disable_stories=1 disable_adds=0
08-14 01:44:36.266 23926 25462 I DFInstaObserve: !toggles +blocked disable_feed=0 disable_explore=0 disable_reels=0 disable_stories=1 disable_adds=0
08-14 01:44:36.385 23926 25462 I DFInstaObserve: !toggles +blocked disable_feed=0 disable_explore=0 disable_reels=0 disable_stories=1 disable_adds=0
08-14 01:44:36.466 23926 25950 I DFInstaObserve: !toggles +blocked disable_feed=0 disable_explore=0 disable_reels=0 disable_stories=1 disable_adds=0
08-14 01:44:36.807 23926 24097 I DFInstaObserve: !toggles +blocked disable_feed=0 disable_explore=0 disable_reels=0 disable_stories=1 disable_adds=0
08-14 01:44:36.846 23926 24097 I DFInstaObserve: !toggles +blocked disable_feed=0 disable_explore=0 disable_reels=0 disable_stories=1 disable_adds=0
08-14 01:44:36.953 23926 24097 I DFInstaObserve: !toggles +blocked disable_feed=0 disable_explore=0 disable_reels=0 disable_stories=1 disable_adds=0
08-14 01:44:37.622 23926 26040 I DFInstaObserve: !toggles +blocked disable_feed=0 disable_explore=0 disable_reels=0 disable_stories=1 disable_adds=0
08-14 01:44:37.626 23926 26044 I DFInstaObserve: !toggles +blocked disable_feed=0 disable_explore=0 disable_reels=0 disable_stories=1 disable_adds=0
08-14 01:44:43.308 23926 26045 I DFInstaObserve: !toggles +blocked disable_feed=0 disable_explore=0 disable_reels=0 disable_stories=1 disable_adds=0
08-14 01:44:43.308 23926 26045 I DFInstaObserve: /clips/discover
08-14 01:44:43.308 23926 26045 I DFInstaObserve: /clips/discover/stream/
08-14 01:44:43.726 23926 25327 I DFInstaObserve: !toggles +blocked disable_feed=0 disable_explore=0 disable_reels=0 disable_stories=1 disable_adds=0
08-14 01:44:43.770 23926 25327 I DFInstaObserve: !toggles +blocked disable_feed=0 disable_explore=0 disable_reels=0 disable_stories=1 disable_adds=0
08-14 01:44:45.859 23926 26086 I DFInstaObserve: !toggles +blocked disable_feed=0 disable_explore=0 disable_reels=0 disable_stories=1 disable_adds=0
08-14 01:44:45.865 23926 26085 I DFInstaObserve: !toggles +blocked disable_feed=0 disable_explore=0 disable_reels=0 disable_stories=1 disable_adds=0
08-14 01:44:47.086 23926 25327 I DFInstaObserve: !toggles +blocked disable_feed=0 disable_explore=0 disable_reels=0 disable_stories=1 disable_adds=0
08-14 01:44:47.099 23926 25327 I DFInstaObserve: !toggles +blocked disable_feed=0 disable_explore=0 disable_reels=0 disable_stories=1 disable_adds=0
08-14 01:44:47.198 23926 26022 I DFInstaObserve: !toggles +blocked disable_feed=0 disable_explore=0 disable_reels=0 disable_stories=1 disable_adds=0
08-14 01:44:47.199 23926 24097 I DFInstaObserve: !toggles +blocked disable_feed=0 disable_explore=0 disable_reels=0 disable_stories=1 disable_adds=0
08-14 01:44:47.234 23926 26036 I DFInstaObserve: !toggles +blocked disable_feed=0 disable_explore=0 disable_reels=0 disable_stories=1 disable_adds=0
08-14 01:44:47.461 23926 25327 I DFInstaObserve: !toggles +blocked disable_feed=0 disable_explore=0 disable_reels=0 disable_stories=1 disable_adds=0
08-14 01:44:47.471 23926 25327 I DFInstaObserve: !toggles +blocked disable_feed=0 disable_explore=0 disable_reels=0 disable_stories=1 disable_adds=0
08-14 01:44:47.519 23926 24097 I DFInstaObserve: !toggles +blocked disable_feed=0 disable_explore=0 disable_reels=0 disable_stories=1 disable_adds=0
08-14 01:44:47.546 23926 26125 I DFInstaObserve: !toggles +blocked disable_feed=0 disable_explore=0 disable_reels=0 disable_stories=1 disable_adds=0
08-14 01:44:47.568 23926 24097 I DFInstaObserve: !toggles +blocked disable_feed=0 disable_explore=0 disable_reels=0 disable_stories=1 disable_adds=0
08-14 01:44:47.667 23926 24097 I DFInstaObserve: !toggles +blocked disable_feed=0 disable_explore=0 disable_reels=0 disable_stories=1 disable_adds=0
08-14 01:44:47.696 23926 24097 I DFInstaObserve: !toggles +blocked disable_feed=0 disable_explore=0 disable_reels=0 disable_stories=1 disable_adds=0
08-14 01:44:47.765 23926 24097 I DFInstaObserve: !toggles +blocked disable_feed=0 disable_explore=0 disable_reels=0 disable_stories=1 disable_adds=0
08-14 01:44:47.795 23926 24097 I DFInstaObserve: !toggles +blocked disable_feed=0 disable_explore=0 disable_reels=0 disable_stories=1 disable_adds=0
08-14 01:44:47.899 23926 24097 I DFInstaObserve: !toggles +blocked disable_feed=0 disable_explore=0 disable_reels=0 disable_stories=1 disable_adds=0
08-14 01:44:49.135 23926 26112 I DFInstaObserve: !toggles +blocked disable_feed=0 disable_explore=0 disable_reels=0 disable_stories=1 disable_adds=0
08-14 01:44:49.136 23926 26111 I DFInstaObserve: !toggles +blocked disable_feed=0 disable_explore=0 disable_reels=0 disable_stories=1 disable_adds=0
08-14 01:44:50.367 23926 26022 I DFInstaObserve: !toggles +blocked disable_feed=0 disable_explore=0 disable_reels=0 disable_stories=1 disable_adds=0
08-14 01:44:50.406 23926 26125 I DFInstaObserve: !toggles +blocked disable_feed=0 disable_explore=0 disable_reels=0 disable_stories=1 disable_adds=0
08-14 01:44:52.497 23926 26138 I DFInstaObserve: !toggles +blocked disable_feed=0 disable_explore=0 disable_reels=0 disable_stories=1 disable_adds=0
08-14 01:44:52.497 23926 26137 I DFInstaObserve: !toggles +blocked disable_feed=0 disable_explore=0 disable_reels=0 disable_stories=1 disable_adds=0
08-14 01:44:55.812 23926 26162 I DFInstaObserve: !toggles +blocked disable_feed=0 disable_explore=0 disable_reels=0 disable_stories=1 disable_adds=0
08-14 01:44:55.813 23926 26161 I DFInstaObserve: !toggles +blocked disable_feed=0 disable_explore=0 disable_reels=0 disable_stories=1 disable_adds=0
08-14 01:44:56.611 23926 26045 I DFInstaObserve: !toggles +blocked disable_feed=0 disable_explore=0 disable_reels=0 disable_stories=1 disable_adds=0
08-14 01:44:56.611 23926 26045 I DFInstaObserve: /clips/discover
08-14 01:44:56.611 23926 26045 I DFInstaObserve: /clips/discover/stream/
08-14 01:44:57.012 23926 26022 I DFInstaObserve: !toggles +blocked disable_feed=0 disable_explore=0 disable_reels=0 disable_stories=1 disable_adds=0
08-14 01:44:59.143 23926 26189 I DFInstaObserve: !toggles +blocked disable_feed=0 disable_explore=0 disable_reels=0 disable_stories=1 disable_adds=0
08-14 01:44:59.147 23926 26188 I DFInstaObserve: !toggles +blocked disable_feed=0 disable_explore=0 disable_reels=0 disable_stories=1 disable_adds=0
