08-14 01:01:19.734 32630 32710 I DFInstaObserve: !toggles +blocked disable_feed=0 disable_explore=0 disable_reels=0 disable_stories=0 disable_adds=0
08-14 01:01:19.734 32630 32710 I DFInstaObserve: /feed/timeline/
08-14 01:01:19.739 32630   457 I DFInstaObserve: !toggles +blocked disable_feed=0 disable_explore=0 disable_reels=0 disable_stories=0 disable_adds=0
08-14 01:01:19.739 32630   457 I DFInstaObserve: /feed/reels_tray/
08-14 01:01:19.900 32630   490 I DFInstaObserve: !toggles +blocked disable_feed=0 disable_explore=0 disable_reels=0 disable_stories=0 disable_adds=0
08-14 01:01:20.196 32630   539 I DFInstaObserve: !toggles +blocked disable_feed=0 disable_explore=0 disable_reels=0 disable_stories=0 disable_adds=0
08-14 01:01:20.419 32630 32686 I DFInstaObserve: !toggles +blocked disable_feed=0 disable_explore=0 disable_reels=0 disable_stories=0 disable_adds=0
08-14 01:01:20.593 32630   539 I DFInstaObserve: !toggles +blocked disable_feed=0 disable_explore=0 disable_reels=0 disable_stories=0 disable_adds=0
08-14 01:01:20.903 32630 32700 I DFInstaObserve: !toggles +blocked disable_feed=0 disable_explore=0 disable_reels=0 disable_stories=0 disable_adds=0
08-14 01:01:20.903 32630 32700 I DFInstaObserve: /discover/topical_explore
08-14 01:01:21.200 32630 32682 I DFInstaObserve: !toggles +blocked disable_feed=0 disable_explore=0 disable_reels=0 disable_stories=0 disable_adds=0
08-14 01:01:21.205 32630 32682 I DFInstaObserve: !toggles +blocked disable_feed=0 disable_explore=0 disable_reels=0 disable_stories=0 disable_adds=0
08-14 01:01:21.205 32630 32681 I DFInstaObserve: !toggles +blocked disable_feed=0 disable_explore=0 disable_reels=0 disable_stories=0 disable_adds=0
08-14 01:01:21.208 32630 32709 I DFInstaObserve: !toggles +blocked disable_feed=0 disable_explore=0 disable_reels=0 disable_stories=0 disable_adds=0
08-14 01:01:21.356 32630 32709 I DFInstaObserve: !toggles +blocked disable_feed=0 disable_explore=0 disable_reels=0 disable_stories=0 disable_adds=0
08-14 01:01:21.356 32630 32709 I DFInstaObserve: /feed/timeline/
08-14 01:01:22.130 32630 32722 I DFInstaObserve: !toggles +blocked disable_feed=0 disable_explore=0 disable_reels=0 disable_stories=0 disable_adds=0
08-14 01:01:22.211 32630 32683 I DFInstaObserve: !toggles +blocked disable_feed=0 disable_explore=0 disable_reels=0 disable_stories=0 disable_adds=0
08-14 01:01:22.420 32630   703 I DFInstaObserve: !toggles +blocked disable_feed=0 disable_explore=0 disable_reels=0 disable_stories=0 disable_adds=0
08-14 01:01:22.554 32630 32683 I DFInstaObserve: !toggles +blocked disable_feed=0 disable_explore=0 disable_reels=0 disable_stories=0 disable_adds=0
08-14 01:01:22.932 32630   708 I DFInstaObserve: !toggles +blocked disable_feed=0 disable_explore=0 disable_reels=0 disable_stories=0 disable_adds=0
08-14 01:01:22.954 32630   713 I DFInstaObserve: !toggles +blocked disable_feed=0 disable_explore=0 disable_reels=0 disable_stories=0 disable_adds=0
08-14 01:01:23.395 32630   714 I DFInstaObserve: !toggles +blocked disable_feed=0 disable_explore=0 disable_reels=0 disable_stories=0 disable_adds=0
08-14 01:01:23.400 32630   714 I DFInstaObserve: !toggles +blocked disable_feed=0 disable_explore=0 disable_reels=0 disable_stories=0 disable_adds=0
08-14 01:01:23.450 32630   490 I DFInstaObserve: !toggles +blocked disable_feed=0 disable_explore=0 disable_reels=0 disable_stories=0 disable_adds=0
08-14 01:01:23.457 32630   705 I DFInstaObserve: !toggles +blocked disable_feed=0 disable_explore=0 disable_reels=0 disable_stories=0 disable_adds=0
08-14 01:01:23.581 32630   490 I DFInstaObserve: !toggles +blocked disable_feed=0 disable_explore=0 disable_reels=0 disable_stories=0 disable_adds=0
08-14 01:01:23.616 32630   490 I DFInstaObserve: !toggles +blocked disable_feed=0 disable_explore=0 disable_reels=0 disable_stories=0 disable_adds=0
08-14 01:01:23.682 32630   708 I DFInstaObserve: !toggles +blocked disable_feed=0 disable_explore=0 disable_reels=0 disable_stories=0 disable_adds=0
08-14 01:01:23.810 32630 32709 I DFInstaObserve: !toggles +blocked disable_feed=0 disable_explore=0 disable_reels=0 disable_stories=0 disable_adds=0
08-14 01:01:24.036 32630 32682 I DFInstaObserve: !toggles +blocked disable_feed=0 disable_explore=0 disable_reels=0 disable_stories=0 disable_adds=0
08-14 01:01:24.113 32630   490 I DFInstaObserve: !toggles +blocked disable_feed=0 disable_explore=0 disable_reels=0 disable_stories=0 disable_adds=0
08-14 01:01:24.202 32630   685 I DFInstaObserve: !toggles +blocked disable_feed=0 disable_explore=0 disable_reels=0 disable_stories=0 disable_adds=0
08-14 01:01:24.223 32630   705 I DFInstaObserve: !toggles +blocked disable_feed=0 disable_explore=0 disable_reels=0 disable_stories=0 disable_adds=0
08-14 01:01:24.262 32630   705 I DFInstaObserve: !toggles +blocked disable_feed=0 disable_explore=0 disable_reels=0 disable_stories=0 disable_adds=0
08-14 01:01:24.280 32630   490 I DFInstaObserve: !toggles +blocked disable_feed=0 disable_explore=0 disable_reels=0 disable_stories=0 disable_adds=0
08-14 01:01:24.312 32630   490 I DFInstaObserve: !toggles +blocked disable_feed=0 disable_explore=0 disable_reels=0 disable_stories=0 disable_adds=0
08-14 01:01:24.322 32630 32709 I DFInstaObserve: !toggles +blocked disable_feed=0 disable_explore=0 disable_reels=0 disable_stories=0 disable_adds=0
08-14 01:01:24.342 32630 32700 I DFInstaObserve: !toggles +blocked disable_feed=0 disable_explore=0 disable_reels=0 disable_stories=0 disable_adds=0
08-14 01:01:24.489 32630 32709 I DFInstaObserve: !toggles +blocked disable_feed=0 disable_explore=0 disable_reels=0 disable_stories=0 disable_adds=0
08-14 01:01:24.507 32630   685 I DFInstaObserve: !toggles +blocked disable_feed=0 disable_explore=0 disable_reels=0 disable_stories=0 disable_adds=0
08-14 01:01:24.531 32630   490 I DFInstaObserve: !toggles +blocked disable_feed=0 disable_explore=0 disable_reels=0 disable_stories=0 disable_adds=0
08-14 01:01:24.568 32630   490 I DFInstaObserve: !toggles +blocked disable_feed=0 disable_explore=0 disable_reels=0 disable_stories=0 disable_adds=0
08-14 01:01:24.575 32630   685 I DFInstaObserve: !toggles +blocked disable_feed=0 disable_explore=0 disable_reels=0 disable_stories=0 disable_adds=0
08-14 01:01:24.605 32630   490 I DFInstaObserve: !toggles +blocked disable_feed=0 disable_explore=0 disable_reels=0 disable_stories=0 disable_adds=0
08-14 01:01:24.612 32630   705 I DFInstaObserve: !toggles +blocked disable_feed=0 disable_explore=0 disable_reels=0 disable_stories=0 disable_adds=0
08-14 01:01:24.640 32630   490 I DFInstaObserve: !toggles +blocked disable_feed=0 disable_explore=0 disable_reels=0 disable_stories=0 disable_adds=0
08-14 01:01:24.652 32630 32700 I DFInstaObserve: !toggles +blocked disable_feed=0 disable_explore=0 disable_reels=0 disable_stories=0 disable_adds=0
08-14 01:01:24.672 32630   685 I DFInstaObserve: !toggles +blocked disable_feed=0 disable_explore=0 disable_reels=0 disable_stories=0 disable_adds=0
08-14 01:01:24.696 32630 32709 I DFInstaObserve: !toggles +blocked disable_feed=0 disable_explore=0 disable_reels=0 disable_stories=0 disable_adds=0
08-14 01:01:24.727 32630   685 I DFInstaObserve: !toggles +blocked disable_feed=0 disable_explore=0 disable_reels=0 disable_stories=0 disable_adds=0
08-14 01:01:24.750 32630   670 I DFInstaObserve: !toggles +blocked disable_feed=0 disable_explore=0 disable_reels=0 disable_stories=0 disable_adds=0
08-14 01:01:24.956 32630   490 I DFInstaObserve: !toggles +blocked disable_feed=0 disable_explore=0 disable_reels=0 disable_stories=0 disable_adds=0
08-14 01:01:24.988 32630   490 I DFInstaObserve: !toggles +blocked disable_feed=0 disable_explore=0 disable_reels=0 disable_stories=0 disable_adds=0
08-14 01:01:25.054 32630   490 I DFInstaObserve: !toggles +blocked disable_feed=0 disable_explore=0 disable_reels=0 disable_stories=0 disable_adds=0
08-14 01:01:25.084 32630   490 I DFInstaObserve: !toggles +blocked disable_feed=0 disable_explore=0 disable_reels=0 disable_stories=0 disable_adds=0
08-14 01:01:25.185 32630   490 I DFInstaObserve: !toggles +blocked disable_feed=0 disable_explore=0 disable_reels=0 disable_stories=0 disable_adds=0
08-14 01:01:26.019 32630   670 I DFInstaObserve: !toggles +blocked disable_feed=0 disable_explore=0 disable_reels=0 disable_stories=0 disable_adds=0
08-14 01:01:26.023 32630   685 I DFInstaObserve: !toggles +blocked disable_feed=0 disable_explore=0 disable_reels=0 disable_stories=0 disable_adds=0
08-14 01:01:26.157 32630   685 I DFInstaObserve: !toggles +blocked disable_feed=0 disable_explore=0 disable_reels=0 disable_stories=0 disable_adds=0
08-14 01:01:26.242 32630   705 I DFInstaObserve: !toggles +blocked disable_feed=0 disable_explore=0 disable_reels=0 disable_stories=0 disable_adds=0
08-14 01:01:26.707 32630   539 I DFInstaObserve: !toggles +blocked disable_feed=0 disable_explore=0 disable_reels=0 disable_stories=0 disable_adds=0
08-14 01:01:27.197 32630   539 I DFInstaObserve: !toggles +blocked disable_feed=0 disable_explore=0 disable_reels=0 disable_stories=0 disable_adds=0
08-14 01:01:37.348 32630 32700 I DFInstaObserve: !toggles +blocked disable_feed=0 disable_explore=0 disable_reels=0 disable_stories=0 disable_adds=0
08-14 01:01:37.348 32630 32700 I DFInstaObserve: /feed/timeline/
08-14 01:01:37.352 32630 32709 I DFInstaObserve: !toggles +blocked disable_feed=0 disable_explore=0 disable_reels=0 disable_stories=0 disable_adds=0
08-14 01:01:37.352 32630 32709 I DFInstaObserve: /feed/reels_tray/
08-14 01:01:38.268 32630 32682 I DFInstaObserve: !toggles +blocked disable_feed=0 disable_explore=0 disable_reels=0 disable_stories=0 disable_adds=0
08-14 01:01:38.941 32630 32682 I DFInstaObserve: !toggles +blocked disable_feed=0 disable_explore=0 disable_reels=0 disable_stories=0 disable_adds=0
08-14 01:01:38.947 32630 32682 I DFInstaObserve: !toggles +blocked disable_feed=0 disable_explore=0 disable_reels=0 disable_stories=0 disable_adds=0
08-14 01:01:38.992 32630   713 I DFInstaObserve: !toggles +blocked disable_feed=0 disable_explore=0 disable_reels=0 disable_stories=0 disable_adds=0
08-14 01:01:39.268 32630   685 I DFInstaObserve: !toggles +blocked disable_feed=0 disable_explore=0 disable_reels=0 disable_stories=0 disable_adds=0
08-14 01:01:39.268 32630   685 I DFInstaObserve: /feed/timeline/
08-14 01:01:41.091 32630 32682 I DFInstaObserve: !toggles +blocked disable_feed=0 disable_explore=0 disable_reels=0 disable_stories=0 disable_adds=0
08-14 01:01:41.095 32630 32682 I DFInstaObserve: !toggles +blocked disable_feed=0 disable_explore=0 disable_reels=0 disable_stories=0 disable_adds=0
08-14 01:01:41.146 32630   490 I DFInstaObserve: !toggles +blocked disable_feed=0 disable_explore=0 disable_reels=0 disable_stories=0 disable_adds=0
08-14 01:01:41.158 32630   945 I DFInstaObserve: !toggles +blocked disable_feed=0 disable_explore=0 disable_reels=0 disable_stories=0 disable_adds=0
08-14 01:01:41.202 32630   490 I DFInstaObserve: !toggles +blocked disable_feed=0 disable_explore=0 disable_reels=0 disable_stories=0 disable_adds=0
08-14 01:01:41.295 32630   490 I DFInstaObserve: !toggles +blocked disable_feed=0 disable_explore=0 disable_reels=0 disable_stories=0 disable_adds=0
08-14 01:01:41.391 32630   957 I DFInstaObserve: !toggles +blocked disable_feed=0 disable_explore=0 disable_reels=0 disable_stories=0 disable_adds=0
08-14 01:01:45.475 32630   685 I DFInstaObserve: !toggles +blocked disable_feed=0 disable_explore=0 disable_reels=0 disable_stories=0 disable_adds=0
08-14 01:01:45.475 32630   685 I DFInstaObserve: /feed/reels_tray/
08-14 01:01:45.476 32630   945 I DFInstaObserve: !toggles +blocked disable_feed=0 disable_explore=0 disable_reels=0 disable_stories=0 disable_adds=0
08-14 01:01:45.476 32630   945 I DFInstaObserve: /feed/timeline/
08-14 01:01:46.455 32630 32682 I DFInstaObserve: !toggles +blocked disable_feed=0 disable_explore=0 disable_reels=0 disable_stories=0 disable_adds=0
08-14 01:01:47.110 32630   714 I DFInstaObserve: !toggles +blocked disable_feed=0 disable_explore=0 disable_reels=0 disable_stories=0 disable_adds=0
08-14 01:01:47.146 32630 32682 I DFInstaObserve: !toggles +blocked disable_feed=0 disable_explore=0 disable_reels=0 disable_stories=0 disable_adds=0
08-14 01:01:47.228 32630   977 I DFInstaObserve: !toggles +blocked disable_feed=0 disable_explore=0 disable_reels=0 disable_stories=0 disable_adds=0
08-14 01:01:47.229 32630   977 I DFInstaObserve: /feed/timeline/
08-14 01:01:47.321 32630   990 I DFInstaObserve: !toggles +blocked disable_feed=0 disable_explore=0 disable_reels=0 disable_stories=0 disable_adds=0
08-14 01:01:47.333 32630   705 I DFInstaObserve: !toggles +blocked disable_feed=0 disable_explore=0 disable_reels=0 disable_stories=0 disable_adds=0
08-14 01:01:48.637 32630   985 I DFInstaObserve: !toggles +blocked disable_feed=0 disable_explore=0 disable_reels=0 disable_stories=0 disable_adds=0
08-14 01:01:50.337 32630 32682 I DFInstaObserve: !toggles +blocked disable_feed=0 disable_explore=0 disable_reels=0 disable_stories=0 disable_adds=0
08-14 01:01:50.344 32630 32682 I DFInstaObserve: !toggles +blocked disable_feed=0 disable_explore=0 disable_reels=0 disable_stories=0 disable_adds=0
08-14 01:01:50.415 32630   490 I DFInstaObserve: !toggles +blocked disable_feed=0 disable_explore=0 disable_reels=0 disable_stories=0 disable_adds=0
08-14 01:01:57.102 32630   714 I DFInstaObserve: !toggles +blocked disable_feed=0 disable_explore=0 disable_reels=0 disable_stories=0 disable_adds=0
08-14 01:01:59.404 32630  1019 I DFInstaObserve: !toggles +blocked disable_feed=0 disable_explore=0 disable_reels=0 disable_stories=0 disable_adds=0
08-14 01:01:59.485 32630  1019 I DFInstaObserve: !toggles +blocked disable_feed=0 disable_explore=0 disable_reels=0 disable_stories=0 disable_adds=0
08-14 01:02:00.265 32630 32682 I DFInstaObserve: !toggles +blocked disable_feed=0 disable_explore=0 disable_reels=0 disable_stories=0 disable_adds=0
08-14 01:02:00.432 32630 32682 I DFInstaObserve: !toggles +blocked disable_feed=0 disable_explore=0 disable_reels=0 disable_stories=0 disable_adds=0
08-14 01:02:00.579 32630   714 I DFInstaObserve: !toggles +blocked disable_feed=0 disable_explore=0 disable_reels=0 disable_stories=0 disable_adds=0
08-14 01:02:03.591 32630   714 I DFInstaObserve: !toggles +blocked disable_feed=0 disable_explore=0 disable_reels=0 disable_stories=0 disable_adds=0
08-14 01:02:03.766 32630   714 I DFInstaObserve: !toggles +blocked disable_feed=0 disable_explore=0 disable_reels=0 disable_stories=0 disable_adds=0
08-14 01:02:07.089 32630 32682 I DFInstaObserve: !toggles +blocked disable_feed=0 disable_explore=0 disable_reels=0 disable_stories=0 disable_adds=0
08-14 01:02:10.336 32630   705 I DFInstaObserve: !toggles +blocked disable_feed=0 disable_explore=0 disable_reels=0 disable_stories=0 disable_adds=0
08-14 01:02:10.336 32630   705 I DFInstaObserve: /feed/timeline/
08-14 01:02:12.235 32630   714 I DFInstaObserve: !toggles +blocked disable_feed=0 disable_explore=0 disable_reels=0 disable_stories=0 disable_adds=0
08-14 01:02:12.239 32630   714 I DFInstaObserve: !toggles +blocked disable_feed=0 disable_explore=0 disable_reels=0 disable_stories=0 disable_adds=0
08-14 01:02:12.360 32630   490 I DFInstaObserve: !toggles +blocked disable_feed=0 disable_explore=0 disable_reels=0 disable_stories=0 disable_adds=0
08-14 01:02:12.419 32630   490 I DFInstaObserve: !toggles +blocked disable_feed=0 disable_explore=0 disable_reels=0 disable_stories=0 disable_adds=0
08-14 01:02:12.477 32630   490 I DFInstaObserve: !toggles +blocked disable_feed=0 disable_explore=0 disable_reels=0 disable_stories=0 disable_adds=0
08-14 01:02:12.480 32630  1090 I DFInstaObserve: !toggles +blocked disable_feed=0 disable_explore=0 disable_reels=0 disable_stories=0 disable_adds=0
08-14 01:02:12.522 32630   490 I DFInstaObserve: !toggles +blocked disable_feed=0 disable_explore=0 disable_reels=0 disable_stories=0 disable_adds=0
08-14 01:02:12.662 32630   997 I DFInstaObserve: !toggles +blocked disable_feed=0 disable_explore=0 disable_reels=0 disable_stories=0 disable_adds=0
08-14 01:02:12.852 32630   977 I DFInstaObserve: !toggles +blocked disable_feed=0 disable_explore=0 disable_reels=0 disable_stories=0 disable_adds=0
08-14 01:02:12.955 32630  1090 I DFInstaObserve: !toggles +blocked disable_feed=0 disable_explore=0 disable_reels=0 disable_stories=0 disable_adds=0
08-14 01:02:13.036 32630   998 I DFInstaObserve: !toggles +blocked disable_feed=0 disable_explore=0 disable_reels=0 disable_stories=0 disable_adds=0
08-14 01:02:13.170 32630   977 I DFInstaObserve: !toggles +blocked disable_feed=0 disable_explore=0 disable_reels=0 disable_stories=0 disable_adds=0
08-14 01:02:13.493 32630   977 I DFInstaObserve: !toggles +blocked disable_feed=0 disable_explore=0 disable_reels=0 disable_stories=0 disable_adds=0
08-14 01:02:13.587 32630   977 I DFInstaObserve: !toggles +blocked disable_feed=0 disable_explore=0 disable_reels=0 disable_stories=0 disable_adds=0
08-14 01:02:14.165 32630 32682 I DFInstaObserve: !toggles +blocked disable_feed=0 disable_explore=0 disable_reels=0 disable_stories=0 disable_adds=0
08-14 01:02:14.170 32630   714 I DFInstaObserve: !toggles +blocked disable_feed=0 disable_explore=0 disable_reels=0 disable_stories=0 disable_adds=0
08-14 01:02:14.214 32630   490 I DFInstaObserve: !toggles +blocked disable_feed=0 disable_explore=0 disable_reels=0 disable_stories=0 disable_adds=0
08-14 01:02:14.230 32630   705 I DFInstaObserve: !toggles +blocked disable_feed=0 disable_explore=0 disable_reels=0 disable_stories=0 disable_adds=0
08-14 01:02:14.231 32630  1118 I DFInstaObserve: !toggles +blocked disable_feed=0 disable_explore=0 disable_reels=0 disable_stories=0 disable_adds=0
08-14 01:02:14.267 32630   997 I DFInstaObserve: !toggles +blocked disable_feed=0 disable_explore=0 disable_reels=0 disable_stories=0 disable_adds=0
08-14 01:02:14.270 32630   490 I DFInstaObserve: !toggles +blocked disable_feed=0 disable_explore=0 disable_reels=0 disable_stories=0 disable_adds=0
08-14 01:02:14.309 32630   705 I DFInstaObserve: !toggles +blocked disable_feed=0 disable_explore=0 disable_reels=0 disable_stories=0 disable_adds=0
08-14 01:02:14.329 32630   539 I DFInstaObserve: !toggles +blocked disable_feed=0 disable_explore=0 disable_reels=0 disable_stories=0 disable_adds=0
08-14 01:02:14.410 32630   539 I DFInstaObserve: !toggles +blocked disable_feed=0 disable_explore=0 disable_reels=0 disable_stories=0 disable_adds=0
08-14 01:02:15.871 32630  1105 I DFInstaObserve: !toggles +blocked disable_feed=0 disable_explore=0 disable_reels=0 disable_stories=0 disable_adds=0
08-14 01:02:15.886 32630  1108 I DFInstaObserve: !toggles +blocked disable_feed=0 disable_explore=0 disable_reels=0 disable_stories=0 disable_adds=0
08-14 01:02:15.900 32630  1105 I DFInstaObserve: !toggles +blocked disable_feed=0 disable_explore=0 disable_reels=0 disable_stories=0 disable_adds=0
08-14 01:02:18.364 32630  1105 I DFInstaObserve: !toggles +blocked disable_feed=0 disable_explore=0 disable_reels=0 disable_stories=0 disable_adds=0
08-14 01:02:18.383 32630  1108 I DFInstaObserve: !toggles +blocked disable_feed=0 disable_explore=0 disable_reels=0 disable_stories=0 disable_adds=0
08-14 01:02:21.552 32630  1090 I DFInstaObserve: !toggles +blocked disable_feed=0 disable_explore=0 disable_reels=0 disable_stories=0 disable_adds=0
08-14 01:02:21.552 32630  1090 I DFInstaObserve: /discover/topical_explore
08-14 01:02:21.870 32630  1151 I DFInstaObserve: !toggles +blocked disable_feed=0 disable_explore=0 disable_reels=0 disable_stories=0 disable_adds=0
08-14 01:02:23.337 32630   714 I DFInstaObserve: !toggles +blocked disable_feed=0 disable_explore=0 disable_reels=0 disable_stories=0 disable_adds=0
08-14 01:02:23.343 32630   714 I DFInstaObserve: !toggles +blocked disable_feed=0 disable_explore=0 disable_reels=0 disable_stories=0 disable_adds=0
08-14 01:02:23.532 32630   714 I DFInstaObserve: !toggles +blocked disable_feed=0 disable_explore=0 disable_reels=0 disable_stories=0 disable_adds=0
08-14 01:02:23.535 32630 32682 I DFInstaObserve: !toggles +blocked disable_feed=0 disable_explore=0 disable_reels=0 disable_stories=0 disable_adds=0
08-14 01:02:23.555 32630   490 I DFInstaObserve: !toggles +blocked disable_feed=0 disable_explore=0 disable_reels=0 disable_stories=0 disable_adds=0
08-14 01:02:23.584 32630   977 I DFInstaObserve: !toggles +blocked disable_feed=0 disable_explore=0 disable_reels=0 disable_stories=0 disable_adds=0
08-14 01:02:23.631 32630  1144 I DFInstaObserve: !toggles +blocked disable_feed=0 disable_explore=0 disable_reels=0 disable_stories=0 disable_adds=0
08-14 01:02:23.661 32630   705 I DFInstaObserve: !toggles +blocked disable_feed=0 disable_explore=0 disable_reels=0 disable_stories=0 disable_adds=0
08-14 01:02:23.711 32630   705 I DFInstaObserve: !toggles +blocked disable_feed=0 disable_explore=0 disable_reels=0 disable_stories=0 disable_adds=0
08-14 01:02:23.715 32630   490 I DFInstaObserve: !toggles +blocked disable_feed=0 disable_explore=0 disable_reels=0 disable_stories=0 disable_adds=0
08-14 01:02:23.739 32630   977 I DFInstaObserve: !toggles +blocked disable_feed=0 disable_explore=0 disable_reels=0 disable_stories=0 disable_adds=0
08-14 01:02:23.759 32630   490 I DFInstaObserve: !toggles +blocked disable_feed=0 disable_explore=0 disable_reels=0 disable_stories=0 disable_adds=0
08-14 01:02:23.829 32630   977 I DFInstaObserve: !toggles +blocked disable_feed=0 disable_explore=0 disable_reels=0 disable_stories=0 disable_adds=0
08-14 01:02:23.899 32630  1090 I DFInstaObserve: !toggles +blocked disable_feed=0 disable_explore=0 disable_reels=0 disable_stories=0 disable_adds=0
08-14 01:02:23.923 32630   705 I DFInstaObserve: !toggles +blocked disable_feed=0 disable_explore=0 disable_reels=0 disable_stories=0 disable_adds=0
08-14 01:02:23.962 32630  1090 I DFInstaObserve: !toggles +blocked disable_feed=0 disable_explore=0 disable_reels=0 disable_stories=0 disable_adds=0
08-14 01:02:23.996 32630   977 I DFInstaObserve: !toggles +blocked disable_feed=0 disable_explore=0 disable_reels=0 disable_stories=0 disable_adds=0
08-14 01:02:24.027 32630   705 I DFInstaObserve: !toggles +blocked disable_feed=0 disable_explore=0 disable_reels=0 disable_stories=0 disable_adds=0
08-14 01:02:24.078 32630  1150 I DFInstaObserve: !toggles +blocked disable_feed=0 disable_explore=0 disable_reels=0 disable_stories=0 disable_adds=0
08-14 01:02:24.340 32630   490 I DFInstaObserve: !toggles +blocked disable_feed=0 disable_explore=0 disable_reels=0 disable_stories=0 disable_adds=0
08-14 01:02:24.378 32630   490 I DFInstaObserve: !toggles +blocked disable_feed=0 disable_explore=0 disable_reels=0 disable_stories=0 disable_adds=0
08-14 01:02:24.425 32630   490 I DFInstaObserve: !toggles +blocked disable_feed=0 disable_explore=0 disable_reels=0 disable_stories=0 disable_adds=0
08-14 01:02:24.861 32630  1144 I DFInstaObserve: !toggles +blocked disable_feed=0 disable_explore=0 disable_reels=0 disable_stories=0 disable_adds=0
08-14 01:02:24.861 32630  1144 I DFInstaObserve: /discover/topical_explore
08-14 01:02:27.311 32630  1173 I DFInstaObserve: !toggles +blocked disable_feed=0 disable_explore=0 disable_reels=0 disable_stories=0 disable_adds=0
08-14 01:02:27.759 32630  1180 I DFInstaObserve: !toggles +blocked disable_feed=0 disable_explore=0 disable_reels=0 disable_stories=0 disable_adds=0
08-14 01:02:28.105 32630   714 I DFInstaObserve: !toggles +blocked disable_feed=0 disable_explore=0 disable_reels=0 disable_stories=0 disable_adds=0
08-14 01:02:28.110 32630 32682 I DFInstaObserve: !toggles +blocked disable_feed=0 disable_explore=0 disable_reels=0 disable_stories=0 disable_adds=0
08-14 01:02:28.156 32630   490 I DFInstaObserve: !toggles +blocked disable_feed=0 disable_explore=0 disable_reels=0 disable_stories=0 disable_adds=0
08-14 01:02:28.188 32630  1144 I DFInstaObserve: !toggles +blocked disable_feed=0 disable_explore=0 disable_reels=0 disable_stories=0 disable_adds=0
08-14 01:02:28.188 32630  1144 I DFInstaObserve: /discover/topical_explore
08-14 01:02:28.261 32630   977 I DFInstaObserve: !toggles +blocked disable_feed=0 disable_explore=0 disable_reels=0 disable_stories=0 disable_adds=0
08-14 01:02:28.334 32630  1177 I DFInstaObserve: !toggles +blocked disable_feed=0 disable_explore=0 disable_reels=0 disable_stories=0 disable_adds=0
08-14 01:02:28.382 32630  1198 I DFInstaObserve: !toggles +blocked disable_feed=0 disable_explore=0 disable_reels=0 disable_stories=0 disable_adds=0
08-14 01:02:28.428 32630   490 I DFInstaObserve: !toggles +blocked disable_feed=0 disable_explore=0 disable_reels=0 disable_stories=0 disable_adds=0
08-14 01:02:28.458 32630   713 I DFInstaObserve: !toggles +blocked disable_feed=0 disable_explore=0 disable_reels=0 disable_stories=0 disable_adds=0
08-14 01:02:28.461 32630  1196 I DFInstaObserve: !toggles +blocked disable_feed=0 disable_explore=0 disable_reels=0 disable_stories=0 disable_adds=0
08-14 01:02:28.494 32630  1177 I DFInstaObserve: !toggles +blocked disable_feed=0 disable_explore=0 disable_reels=0 disable_stories=0 disable_adds=0
08-14 01:02:28.499 32630   490 I DFInstaObserve: !toggles +blocked disable_feed=0 disable_explore=0 disable_reels=0 disable_stories=0 disable_adds=0
08-14 01:02:28.604 32630  1209 I DFInstaObserve: !toggles +blocked disable_feed=0 disable_explore=0 disable_reels=0 disable_stories=0 disable_adds=0
08-14 01:02:28.605 32630  1208 I DFInstaObserve: !toggles +blocked disable_feed=0 disable_explore=0 disable_reels=0 disable_stories=0 disable_adds=0
08-14 01:02:28.632 32630   713 I DFInstaObserve: !toggles +blocked disable_feed=0 disable_explore=0 disable_reels=0 disable_stories=0 disable_adds=0
08-14 01:02:28.646 32630  1177 I DFInstaObserve: !toggles +blocked disable_feed=0 disable_explore=0 disable_reels=0 disable_stories=0 disable_adds=0
08-14 01:02:28.683 32630  1198 I DFInstaObserve: !toggles +blocked disable_feed=0 disable_explore=0 disable_reels=0 disable_stories=0 disable_adds=0
08-14 01:02:28.791 32630  1218 I DFInstaObserve: !toggles +blocked disable_feed=0 disable_explore=0 disable_reels=0 disable_stories=0 disable_adds=0
08-14 01:02:28.792 32630  1198 I DFInstaObserve: !toggles +blocked disable_feed=0 disable_explore=0 disable_reels=0 disable_stories=0 disable_adds=0
08-14 01:02:28.792 32630  1217 I DFInstaObserve: !toggles +blocked disable_feed=0 disable_explore=0 disable_reels=0 disable_stories=0 disable_adds=0
08-14 01:02:28.847 32630  1198 I DFInstaObserve: !toggles +blocked disable_feed=0 disable_explore=0 disable_reels=0 disable_stories=0 disable_adds=0
08-14 01:02:28.994 32630  1220 I DFInstaObserve: !toggles +blocked disable_feed=0 disable_explore=0 disable_reels=0 disable_stories=0 disable_adds=0
08-14 01:02:29.122 32630   490 I DFInstaObserve: !toggles +blocked disable_feed=0 disable_explore=0 disable_reels=0 disable_stories=0 disable_adds=0
08-14 01:02:29.192 32630   490 I DFInstaObserve: !toggles +blocked disable_feed=0 disable_explore=0 disable_reels=0 disable_stories=0 disable_adds=0
08-14 01:02:30.574 32630  1201 I DFInstaObserve: !toggles +blocked disable_feed=0 disable_explore=0 disable_reels=0 disable_stories=0 disable_adds=0
08-14 01:02:30.599 32630  1201 I DFInstaObserve: !toggles +blocked disable_feed=0 disable_explore=0 disable_reels=0 disable_stories=0 disable_adds=0
08-14 01:02:30.715 32630 32682 I DFInstaObserve: !toggles +blocked disable_feed=0 disable_explore=0 disable_reels=0 disable_stories=0 disable_adds=0
08-14 01:02:30.719 32630 32682 I DFInstaObserve: !toggles +blocked disable_feed=0 disable_explore=0 disable_reels=0 disable_stories=0 disable_adds=0
08-14 01:02:30.748 32630   490 I DFInstaObserve: !toggles +blocked disable_feed=0 disable_explore=0 disable_reels=0 disable_stories=0 disable_adds=0
08-14 01:02:30.754 32630  1208 I DFInstaObserve: !toggles +blocked disable_feed=0 disable_explore=0 disable_reels=0 disable_stories=0 disable_adds=0
08-14 01:02:30.775 32630  1144 I DFInstaObserve: !toggles +blocked disable_feed=0 disable_explore=0 disable_reels=0 disable_stories=0 disable_adds=0
08-14 01:02:30.818 32630   705 I DFInstaObserve: !toggles +blocked disable_feed=0 disable_explore=0 disable_reels=0 disable_stories=0 disable_adds=0
08-14 01:02:30.890 32630   705 I DFInstaObserve: !toggles +blocked disable_feed=0 disable_explore=0 disable_reels=0 disable_stories=0 disable_adds=0
08-14 01:02:30.956 32630   705 I DFInstaObserve: !toggles +blocked disable_feed=0 disable_explore=0 disable_reels=0 disable_stories=0 disable_adds=0
08-14 01:02:31.008 32630   705 I DFInstaObserve: !toggles +blocked disable_feed=0 disable_explore=0 disable_reels=0 disable_stories=0 disable_adds=0
08-14 01:02:31.033 32630   490 I DFInstaObserve: !toggles +blocked disable_feed=0 disable_explore=0 disable_reels=0 disable_stories=0 disable_adds=0
08-14 01:02:31.073 32630  1090 I DFInstaObserve: !toggles +blocked disable_feed=0 disable_explore=0 disable_reels=0 disable_stories=0 disable_adds=0
08-14 01:02:31.092 32630   490 I DFInstaObserve: !toggles +blocked disable_feed=0 disable_explore=0 disable_reels=0 disable_stories=0 disable_adds=0
08-14 01:02:31.139 32630  1196 I DFInstaObserve: !toggles +blocked disable_feed=0 disable_explore=0 disable_reels=0 disable_stories=0 disable_adds=0
08-14 01:02:31.202 32630   705 I DFInstaObserve: !toggles +blocked disable_feed=0 disable_explore=0 disable_reels=0 disable_stories=0 disable_adds=0
08-14 01:02:31.219 32630   490 I DFInstaObserve: !toggles +blocked disable_feed=0 disable_explore=0 disable_reels=0 disable_stories=0 disable_adds=0
08-14 01:02:31.232 32630  1144 I DFInstaObserve: !toggles +blocked disable_feed=0 disable_explore=0 disable_reels=0 disable_stories=0 disable_adds=0
08-14 01:02:31.261 32630   490 I DFInstaObserve: !toggles +blocked disable_feed=0 disable_explore=0 disable_reels=0 disable_stories=0 disable_adds=0
08-14 01:02:31.265 32630  1090 I DFInstaObserve: !toggles +blocked disable_feed=0 disable_explore=0 disable_reels=0 disable_stories=0 disable_adds=0
08-14 01:02:31.306 32630   705 I DFInstaObserve: !toggles +blocked disable_feed=0 disable_explore=0 disable_reels=0 disable_stories=0 disable_adds=0
08-14 01:02:31.331 32630  1196 I DFInstaObserve: !toggles +blocked disable_feed=0 disable_explore=0 disable_reels=0 disable_stories=0 disable_adds=0
08-14 01:02:31.397 32630   490 I DFInstaObserve: !toggles +blocked disable_feed=0 disable_explore=0 disable_reels=0 disable_stories=0 disable_adds=0
08-14 01:02:31.615 32630  1090 I DFInstaObserve: !toggles +blocked disable_feed=0 disable_explore=0 disable_reels=0 disable_stories=0 disable_adds=0
08-14 01:02:31.615 32630  1090 I DFInstaObserve: /discover/topical_explore
08-14 01:02:32.001 32630  1249 I DFInstaObserve: !toggles +blocked disable_feed=0 disable_explore=0 disable_reels=0 disable_stories=0 disable_adds=0
08-14 01:02:32.433 32630  1259 I DFInstaObserve: !toggles +blocked disable_feed=0 disable_explore=0 disable_reels=0 disable_stories=0 disable_adds=0
08-14 01:02:33.987 32630  1239 I DFInstaObserve: !toggles +blocked disable_feed=0 disable_explore=0 disable_reels=0 disable_stories=0 disable_adds=0
08-14 01:02:34.412 32630  1248 I DFInstaObserve: !toggles +blocked disable_feed=0 disable_explore=0 disable_reels=0 disable_stories=0 disable_adds=0
08-14 01:02:35.006 32630  1274 I DFInstaObserve: !toggles +blocked disable_feed=0 disable_explore=0 disable_reels=0 disable_stories=0 disable_adds=0
08-14 01:02:35.013 32630 32682 I DFInstaObserve: !toggles +blocked disable_feed=0 disable_explore=0 disable_reels=0 disable_stories=0 disable_adds=0
08-14 01:02:35.085 32630   705 I DFInstaObserve: !toggles +blocked disable_feed=0 disable_explore=0 disable_reels=0 disable_stories=0 disable_adds=0
08-14 01:02:35.085 32630   705 I DFInstaObserve: /discover/topical_explore
08-14 01:02:35.095 32630   490 I DFInstaObserve: !toggles +blocked disable_feed=0 disable_explore=0 disable_reels=0 disable_stories=0 disable_adds=0
08-14 01:02:35.111 32630  1177 I DFInstaObserve: !toggles +blocked disable_feed=0 disable_explore=0 disable_reels=0 disable_stories=0 disable_adds=0
08-14 01:02:35.134 32630  1090 I DFInstaObserve: !toggles +blocked disable_feed=0 disable_explore=0 disable_reels=0 disable_stories=0 disable_adds=0
08-14 01:02:35.228 32630  1287 I DFInstaObserve: !toggles +blocked disable_feed=0 disable_explore=0 disable_reels=0 disable_stories=0 disable_adds=0
08-14 01:02:35.269 32630   490 I DFInstaObserve: !toggles +blocked disable_feed=0 disable_explore=0 disable_reels=0 disable_stories=0 disable_adds=0
08-14 01:02:35.313 32630  1279 I DFInstaObserve: !toggles +blocked disable_feed=0 disable_explore=0 disable_reels=0 disable_stories=0 disable_adds=0
08-14 01:02:35.333 32630   490 I DFInstaObserve: !toggles +blocked disable_feed=0 disable_explore=0 disable_reels=0 disable_stories=0 disable_adds=0
08-14 01:02:35.362 32630  1144 I DFInstaObserve: !toggles +blocked disable_feed=0 disable_explore=0 disable_reels=0 disable_stories=0 disable_adds=0
08-14 01:02:35.392 32630   490 I DFInstaObserve: !toggles +blocked disable_feed=0 disable_explore=0 disable_reels=0 disable_stories=0 disable_adds=0
08-14 01:02:35.398 32630  1279 I DFInstaObserve: !toggles +blocked disable_feed=0 disable_explore=0 disable_reels=0 disable_stories=0 disable_adds=0
08-14 01:02:35.455 32630   490 I DFInstaObserve: !toggles +blocked disable_feed=0 disable_explore=0 disable_reels=0 disable_stories=0 disable_adds=0
08-14 01:02:35.460 32630  1287 I DFInstaObserve: !toggles +blocked disable_feed=0 disable_explore=0 disable_reels=0 disable_stories=0 disable_adds=0
08-14 01:02:35.535 32630  1144 I DFInstaObserve: !toggles +blocked disable_feed=0 disable_explore=0 disable_reels=0 disable_stories=0 disable_adds=0
08-14 01:02:35.563 32630  1279 I DFInstaObserve: !toggles +blocked disable_feed=0 disable_explore=0 disable_reels=0 disable_stories=0 disable_adds=0
08-14 01:02:35.566 32630  1330 I DFInstaObserve: !toggles +blocked disable_feed=0 disable_explore=0 disable_reels=0 disable_stories=0 disable_adds=0
08-14 01:02:35.696 32630  1144 I DFInstaObserve: !toggles +blocked disable_feed=0 disable_explore=0 disable_reels=0 disable_stories=0 disable_adds=0
08-14 01:02:35.707 32630   490 I DFInstaObserve: !toggles +blocked disable_feed=0 disable_explore=0 disable_reels=0 disable_stories=0 disable_adds=0
08-14 01:02:35.749 32630   490 I DFInstaObserve: !toggles +blocked disable_feed=0 disable_explore=0 disable_reels=0 disable_stories=0 disable_adds=0
08-14 01:02:35.767 32630  1279 I DFInstaObserve: !toggles +blocked disable_feed=0 disable_explore=0 disable_reels=0 disable_stories=0 disable_adds=0
08-14 01:02:35.798 32630  1144 I DFInstaObserve: !toggles +blocked disable_feed=0 disable_explore=0 disable_reels=0 disable_stories=0 disable_adds=0
08-14 01:02:35.843 32630   490 I DFInstaObserve: !toggles +blocked disable_feed=0 disable_explore=0 disable_reels=0 disable_stories=0 disable_adds=0
08-14 01:02:37.295 32630  1258 I DFInstaObserve: !toggles +blocked disable_feed=0 disable_explore=0 disable_reels=0 disable_stories=0 disable_adds=0
08-14 01:02:37.480 32630 32682 I DFInstaObserve: !toggles +blocked disable_feed=0 disable_explore=0 disable_reels=0 disable_stories=0 disable_adds=0
08-14 01:02:37.484 32630  1337 I DFInstaObserve: !toggles +blocked disable_feed=0 disable_explore=0 disable_reels=0 disable_stories=0 disable_adds=0
08-14 01:02:37.515 32630   490 I DFInstaObserve: !toggles +blocked disable_feed=0 disable_explore=0 disable_reels=0 disable_stories=0 disable_adds=0
08-14 01:02:37.540 32630  1295 I DFInstaObserve: !toggles +blocked disable_feed=0 disable_explore=0 disable_reels=0 disable_stories=0 disable_adds=0
08-14 01:02:37.570 32630  1279 I DFInstaObserve: !toggles +blocked disable_feed=0 disable_explore=0 disable_reels=0 disable_stories=0 disable_adds=0
08-14 01:02:37.610 32630  1144 I DFInstaObserve: !toggles +blocked disable_feed=0 disable_explore=0 disable_reels=0 disable_stories=0 disable_adds=0
08-14 01:02:37.646 32630   490 I DFInstaObserve: !toggles +blocked disable_feed=0 disable_explore=0 disable_reels=0 disable_stories=0 disable_adds=0
08-14 01:02:37.698 32630   490 I DFInstaObserve: !toggles +blocked disable_feed=0 disable_explore=0 disable_reels=0 disable_stories=0 disable_adds=0
08-14 01:02:37.700 32630  1279 I DFInstaObserve: !toggles +blocked disable_feed=0 disable_explore=0 disable_reels=0 disable_stories=0 disable_adds=0
08-14 01:02:37.742 32630   705 I DFInstaObserve: !toggles +blocked disable_feed=0 disable_explore=0 disable_reels=0 disable_stories=0 disable_adds=0
08-14 01:02:37.785 32630  1090 I DFInstaObserve: !toggles +blocked disable_feed=0 disable_explore=0 disable_reels=0 disable_stories=0 disable_adds=0
08-14 01:02:37.830 32630   705 I DFInstaObserve: !toggles +blocked disable_feed=0 disable_explore=0 disable_reels=0 disable_stories=0 disable_adds=0
08-14 01:02:37.884 32630   705 I DFInstaObserve: !toggles +blocked disable_feed=0 disable_explore=0 disable_reels=0 disable_stories=0 disable_adds=0
08-14 01:02:37.900 32630   490 I DFInstaObserve: !toggles +blocked disable_feed=0 disable_explore=0 disable_reels=0 disable_stories=0 disable_adds=0
08-14 01:02:37.919 32630  1144 I DFInstaObserve: !toggles +blocked disable_feed=0 disable_explore=0 disable_reels=0 disable_stories=0 disable_adds=0
08-14 01:02:37.947 32630   490 I DFInstaObserve: !toggles +blocked disable_feed=0 disable_explore=0 disable_reels=0 disable_stories=0 disable_adds=0
08-14 01:02:37.967 32630  1090 I DFInstaObserve: !toggles +blocked disable_feed=0 disable_explore=0 disable_reels=0 disable_stories=0 disable_adds=0
08-14 01:02:38.016 32630  1279 I DFInstaObserve: !toggles +blocked disable_feed=0 disable_explore=0 disable_reels=0 disable_stories=0 disable_adds=0
08-14 01:02:38.038 32630  1090 I DFInstaObserve: !toggles +blocked disable_feed=0 disable_explore=0 disable_reels=0 disable_stories=0 disable_adds=0
08-14 01:02:38.048 32630   490 I DFInstaObserve: !toggles +blocked disable_feed=0 disable_explore=0 disable_reels=0 disable_stories=0 disable_adds=0
08-14 01:02:38.075 32630   705 I DFInstaObserve: !toggles +blocked disable_feed=0 disable_explore=0 disable_reels=0 disable_stories=0 disable_adds=0
08-14 01:02:38.088 32630   490 I DFInstaObserve: !toggles +blocked disable_feed=0 disable_explore=0 disable_reels=0 disable_stories=0 disable_adds=0
08-14 01:02:38.100 32630  1144 I DFInstaObserve: !toggles +blocked disable_feed=0 disable_explore=0 disable_reels=0 disable_stories=0 disable_adds=0
08-14 01:02:38.147 32630   705 I DFInstaObserve: !toggles +blocked disable_feed=0 disable_explore=0 disable_reels=0 disable_stories=0 disable_adds=0
08-14 01:02:38.190 32630   490 I DFInstaObserve: !toggles +blocked disable_feed=0 disable_explore=0 disable_reels=0 disable_stories=0 disable_adds=0
08-14 01:02:38.231 32630  1287 I DFInstaObserve: !toggles +blocked disable_feed=0 disable_explore=0 disable_reels=0 disable_stories=0 disable_adds=0
08-14 01:02:38.260 32630  1144 I DFInstaObserve: !toggles +blocked disable_feed=0 disable_explore=0 disable_reels=0 disable_stories=0 disable_adds=0
08-14 01:02:38.281 32630  1359 I DFInstaObserve: !toggles +blocked disable_feed=0 disable_explore=0 disable_reels=0 disable_stories=0 disable_adds=0
08-14 01:02:38.423 32630 32682 I DFInstaObserve: !toggles +blocked disable_feed=0 disable_explore=0 disable_reels=0 disable_stories=0 disable_adds=0
08-14 01:02:38.429 32630 32682 I DFInstaObserve: !toggles +blocked disable_feed=0 disable_explore=0 disable_reels=0 disable_stories=0 disable_adds=0
08-14 01:02:38.487 32630   713 I DFInstaObserve: !toggles +blocked disable_feed=0 disable_explore=0 disable_reels=0 disable_stories=0 disable_adds=0
08-14 01:02:38.497 32630  1337 I DFInstaObserve: !toggles +blocked disable_feed=0 disable_explore=0 disable_reels=0 disable_stories=0 disable_adds=0
08-14 01:02:38.526 32630 32682 I DFInstaObserve: !toggles +blocked disable_feed=0 disable_explore=0 disable_reels=0 disable_stories=0 disable_adds=0
08-14 01:02:38.526 32630  1337 I DFInstaObserve: !toggles +blocked disable_feed=0 disable_explore=0 disable_reels=0 disable_stories=0 disable_adds=0
08-14 01:02:38.571 32630  1424 I DFInstaObserve: !toggles +blocked disable_feed=0 disable_explore=0 disable_reels=0 disable_stories=0 disable_adds=0
08-14 01:02:38.603 32630  1337 I DFInstaObserve: !toggles +blocked disable_feed=0 disable_explore=0 disable_reels=0 disable_stories=0 disable_adds=0
08-14 01:02:38.618 32630   539 I DFInstaObserve: !toggles +blocked disable_feed=0 disable_explore=0 disable_reels=0 disable_stories=0 disable_adds=0
08-14 01:02:38.674 32630  1412 I DFInstaObserve: !toggles +blocked disable_feed=0 disable_explore=0 disable_reels=0 disable_stories=0 disable_adds=0
08-14 01:02:38.707 32630   539 I DFInstaObserve: !toggles +blocked disable_feed=0 disable_explore=0 disable_reels=0 disable_stories=0 disable_adds=0
08-14 01:02:38.779 32630  1422 I DFInstaObserve: !toggles +blocked disable_feed=0 disable_explore=0 disable_reels=0 disable_stories=0 disable_adds=0
08-14 01:02:38.802 32630   539 I DFInstaObserve: !toggles +blocked disable_feed=0 disable_explore=0 disable_reels=0 disable_stories=0 disable_adds=0
08-14 01:02:38.875 32630   539 I DFInstaObserve: !toggles +blocked disable_feed=0 disable_explore=0 disable_reels=0 disable_stories=0 disable_adds=0
08-14 01:02:40.749 32630  1439 I DFInstaObserve: !toggles +blocked disable_feed=0 disable_explore=0 disable_reels=0 disable_stories=0 disable_adds=0
08-14 01:02:40.750 32630  1436 I DFInstaObserve: !toggles +blocked disable_feed=0 disable_explore=0 disable_reels=0 disable_stories=0 disable_adds=0
08-14 01:02:40.812 32630  1436 I DFInstaObserve: !toggles +blocked disable_feed=0 disable_explore=0 disable_reels=0 disable_stories=0 disable_adds=0
08-14 01:02:43.212 32630  1439 I DFInstaObserve: !toggles +blocked disable_feed=0 disable_explore=0 disable_reels=0 disable_stories=0 disable_adds=0
08-14 01:02:43.213 32630  1436 I DFInstaObserve: !toggles +blocked disable_feed=0 disable_explore=0 disable_reels=0 disable_stories=0 disable_adds=0
08-14 01:02:46.264 32630  1375 I DFInstaObserve: !toggles +blocked disable_feed=0 disable_explore=0 disable_reels=0 disable_stories=0 disable_adds=0
08-14 01:02:46.264 32630  1375 I DFInstaObserve: /clips/discover
08-14 01:02:46.264 32630  1375 I DFInstaObserve: /clips/discover/stream/
08-14 01:02:46.683 32630  1337 I DFInstaObserve: !toggles +blocked disable_feed=0 disable_explore=0 disable_reels=0 disable_stories=0 disable_adds=0
08-14 01:02:46.710 32630  1422 I DFInstaObserve: !toggles +blocked disable_feed=0 disable_explore=0 disable_reels=0 disable_stories=0 disable_adds=0
08-14 01:02:48.788 32630  1665 I DFInstaObserve: !toggles +blocked disable_feed=0 disable_explore=0 disable_reels=0 disable_stories=0 disable_adds=0
08-14 01:02:48.790 32630  1660 I DFInstaObserve: !toggles +blocked disable_feed=0 disable_explore=0 disable_reels=0 disable_stories=0 disable_adds=0
08-14 01:02:50.557 32630 32682 I DFInstaObserve: !toggles +blocked disable_feed=0 disable_explore=0 disable_reels=0 disable_stories=0 disable_adds=0
08-14 01:02:50.567 32630 32682 I DFInstaObserve: !toggles +blocked disable_feed=0 disable_explore=0 disable_reels=0 disable_stories=0 disable_adds=0
08-14 01:02:50.619 32630   490 I DFInstaObserve: !toggles +blocked disable_feed=0 disable_explore=0 disable_reels=0 disable_stories=0 disable_adds=0
08-14 01:02:50.630 32630   713 I DFInstaObserve: !toggles +blocked disable_feed=0 disable_explore=0 disable_reels=0 disable_stories=0 disable_adds=0
08-14 01:02:50.750 32630   490 I DFInstaObserve: !toggles +blocked disable_feed=0 disable_explore=0 disable_reels=0 disable_stories=0 disable_adds=0
08-14 01:02:50.794 32630   490 I DFInstaObserve: !toggles +blocked disable_feed=0 disable_explore=0 disable_reels=0 disable_stories=0 disable_adds=0
08-14 01:02:50.836 32630 32682 I DFInstaObserve: !toggles +blocked disable_feed=0 disable_explore=0 disable_reels=0 disable_stories=0 disable_adds=0
08-14 01:02:50.846 32630 32682 I DFInstaObserve: !toggles +blocked disable_feed=0 disable_explore=0 disable_reels=0 disable_stories=0 disable_adds=0
08-14 01:02:50.950 32630  1766 I DFInstaObserve: !toggles +blocked disable_feed=0 disable_explore=0 disable_reels=0 disable_stories=0 disable_adds=0
08-14 01:02:51.079 32630   490 I DFInstaObserve: !toggles +blocked disable_feed=0 disable_explore=0 disable_reels=0 disable_stories=0 disable_adds=0
08-14 01:02:51.220 32630   490 I DFInstaObserve: !toggles +blocked disable_feed=0 disable_explore=0 disable_reels=0 disable_stories=0 disable_adds=0
08-14 01:02:51.262 32630   490 I DFInstaObserve: !toggles +blocked disable_feed=0 disable_explore=0 disable_reels=0 disable_stories=0 disable_adds=0
08-14 01:02:51.321 32630   490 I DFInstaObserve: !toggles +blocked disable_feed=0 disable_explore=0 disable_reels=0 disable_stories=0 disable_adds=0
08-14 01:02:51.869 32630   490 I DFInstaObserve: !toggles +blocked disable_feed=0 disable_explore=0 disable_reels=0 disable_stories=0 disable_adds=0
08-14 01:02:52.119 32630  1750 I DFInstaObserve: !toggles +blocked disable_feed=0 disable_explore=0 disable_reels=0 disable_stories=0 disable_adds=0
08-14 01:02:52.124 32630  1751 I DFInstaObserve: !toggles +blocked disable_feed=0 disable_explore=0 disable_reels=0 disable_stories=0 disable_adds=0
08-14 01:02:53.320 32630  1337 I DFInstaObserve: !toggles +blocked disable_feed=0 disable_explore=0 disable_reels=0 disable_stories=0 disable_adds=0
08-14 01:02:53.324 32630 32682 I DFInstaObserve: !toggles +blocked disable_feed=0 disable_explore=0 disable_reels=0 disable_stories=0 disable_adds=0
08-14 01:02:53.360 32630  1337 I DFInstaObserve: !toggles +blocked disable_feed=0 disable_explore=0 disable_reels=0 disable_stories=0 disable_adds=0
08-14 01:02:55.433 32630  1801 I DFInstaObserve: !toggles +blocked disable_feed=0 disable_explore=0 disable_reels=0 disable_stories=0 disable_adds=0
08-14 01:02:55.435 32630  1800 I DFInstaObserve: !toggles +blocked disable_feed=0 disable_explore=0 disable_reels=0 disable_stories=0 disable_adds=0
08-14 01:02:56.702 32630  1337 I DFInstaObserve: !toggles +blocked disable_feed=0 disable_explore=0 disable_reels=0 disable_stories=0 disable_adds=0
08-14 01:02:58.753 32630  1845 I DFInstaObserve: !toggles +blocked disable_feed=0 disable_explore=0 disable_reels=0 disable_stories=0 disable_adds=0
08-14 01:02:58.754 32630  1844 I DFInstaObserve: !toggles +blocked disable_feed=0 disable_explore=0 disable_reels=0 disable_stories=0 disable_adds=0
08-14 01:02:59.572 32630  1375 I DFInstaObserve: !toggles +blocked disable_feed=0 disable_explore=0 disable_reels=0 disable_stories=0 disable_adds=0
08-14 01:02:59.572 32630  1375 I DFInstaObserve: /clips/discover
08-14 01:02:59.572 32630  1375 I DFInstaObserve: /clips/discover/stream/
08-14 01:02:59.967 32630 32682 I DFInstaObserve: !toggles +blocked disable_feed=0 disable_explore=0 disable_reels=0 disable_stories=0 disable_adds=0
08-14 01:03:02.076 32630  1954 I DFInstaObserve: !toggles +blocked disable_feed=0 disable_explore=0 disable_reels=0 disable_stories=0 disable_adds=0
08-14 01:03:02.076 32630  1953 I DFInstaObserve: !toggles +blocked disable_feed=0 disable_explore=0 disable_reels=0 disable_stories=0 disable_adds=0
08-14 01:03:02.824 32630  1406 I DFInstaObserve: !toggles +blocked disable_feed=0 disable_explore=0 disable_reels=0 disable_stories=0 disable_adds=0
08-14 01:03:03.172 32630   539 I DFInstaObserve: !toggles +blocked disable_feed=0 disable_explore=0 disable_reels=0 disable_stories=0 disable_adds=0
08-14 01:03:03.203 32630 32682 I DFInstaObserve: !toggles +blocked disable_feed=0 disable_explore=0 disable_reels=0 disable_stories=0 disable_adds=0
08-14 01:03:03.232 32630   490 I DFInstaObserve: !toggles +blocked disable_feed=0 disable_explore=0 disable_reels=0 disable_stories=0 disable_adds=0
08-14 01:03:03.252 32630   539 I DFInstaObserve: !toggles +blocked disable_feed=0 disable_explore=0 disable_reels=0 disable_stories=0 disable_adds=0
08-14 01:03:03.300 32630   490 I DFInstaObserve: !toggles +blocked disable_feed=0 disable_explore=0 disable_reels=0 disable_stories=0 disable_adds=0
08-14 01:03:03.671 32630 32682 I DFInstaObserve: !toggles +blocked disable_feed=0 disable_explore=0 disable_reels=0 disable_stories=0 disable_adds=0
08-14 01:03:03.697 32630   490 I DFInstaObserve: !toggles +blocked disable_feed=0 disable_explore=0 disable_reels=0 disable_stories=0 disable_adds=0
08-14 01:03:03.756 32630   490 I DFInstaObserve: !toggles +blocked disable_feed=0 disable_explore=0 disable_reels=0 disable_stories=0 disable_adds=0
08-14 01:03:08.512 32630  1987 I DFInstaObserve: !toggles +blocked disable_feed=0 disable_explore=0 disable_reels=0 disable_stories=0 disable_adds=0
08-14 01:03:08.512 32630  1987 I DFInstaObserve: /clips/discover
08-14 01:03:08.512 32630  1987 I DFInstaObserve: /clips/discover/stream/
08-14 01:03:12.121 32630   490 I DFInstaObserve: !toggles +blocked disable_feed=0 disable_explore=0 disable_reels=0 disable_stories=0 disable_adds=0
08-14 01:03:12.313 32630   490 I DFInstaObserve: !toggles +blocked disable_feed=0 disable_explore=0 disable_reels=0 disable_stories=0 disable_adds=0
08-14 01:03:12.343 32630   490 I DFInstaObserve: !toggles +blocked disable_feed=0 disable_explore=0 disable_reels=0 disable_stories=0 disable_adds=0
08-14 01:03:12.922 32630   490 I DFInstaObserve: !toggles +blocked disable_feed=0 disable_explore=0 disable_reels=0 disable_stories=0 disable_adds=0
08-14 01:03:25.879 32630 32682 I DFInstaObserve: !toggles +blocked disable_feed=0 disable_explore=0 disable_reels=0 disable_stories=0 disable_adds=0
08-14 01:03:29.138 32630  2299 I DFInstaObserve: !toggles +blocked disable_feed=0 disable_explore=0 disable_reels=0 disable_stories=0 disable_adds=0
08-14 01:03:30.034 32630  1337 I DFInstaObserve: !toggles +blocked disable_feed=0 disable_explore=0 disable_reels=0 disable_stories=0 disable_adds=0
08-14 01:03:32.841 32630  1337 I DFInstaObserve: !toggles +blocked disable_feed=0 disable_explore=0 disable_reels=0 disable_stories=0 disable_adds=0
08-14 01:03:35.966 32630  1766 I DFInstaObserve: !toggles +blocked disable_feed=0 disable_explore=0 disable_reels=0 disable_stories=0 disable_adds=0
08-14 01:03:35.966 32630  1766 I DFInstaObserve: /feed/timeline/
08-14 01:03:37.987 32630  1337 I DFInstaObserve: !toggles +blocked disable_feed=0 disable_explore=0 disable_reels=0 disable_stories=0 disable_adds=0
08-14 01:03:37.990 32630  1337 I DFInstaObserve: !toggles +blocked disable_feed=0 disable_explore=0 disable_reels=0 disable_stories=0 disable_adds=0
08-14 01:03:39.278 32630   539 I DFInstaObserve: !toggles +blocked disable_feed=0 disable_explore=0 disable_reels=0 disable_stories=0 disable_adds=0
08-14 01:03:43.567 32630  2567 I DFInstaObserve: !toggles +blocked disable_feed=0 disable_explore=0 disable_reels=0 disable_stories=0 disable_adds=0
08-14 01:03:43.595 32630  2570 I DFInstaObserve: !toggles +blocked disable_feed=0 disable_explore=0 disable_reels=0 disable_stories=0 disable_adds=0
08-14 01:03:43.597 32630  2567 I DFInstaObserve: !toggles +blocked disable_feed=0 disable_explore=0 disable_reels=0 disable_stories=0 disable_adds=0
08-14 01:03:43.630 32630  2570 I DFInstaObserve: !toggles +blocked disable_feed=0 disable_explore=0 disable_reels=0 disable_stories=0 disable_adds=0
08-14 01:03:47.407 32630  1406 I DFInstaObserve: !toggles +blocked disable_feed=0 disable_explore=0 disable_reels=0 disable_stories=0 disable_adds=0
08-14 01:03:47.407 32630  1406 I DFInstaObserve: /discover/topical_explore
08-14 01:03:47.499 32630  2653 I DFInstaObserve: !toggles +blocked disable_feed=0 disable_explore=0 disable_reels=0 disable_stories=0 disable_adds=0
08-14 01:03:49.584 32630  2651 I DFInstaObserve: !toggles +blocked disable_feed=0 disable_explore=0 disable_reels=0 disable_stories=0 disable_adds=0
08-14 01:03:52.556 32630  1337 I DFInstaObserve: !toggles +blocked disable_feed=0 disable_explore=0 disable_reels=0 disable_stories=0 disable_adds=0
08-14 01:03:52.560 32630  2736 I DFInstaObserve: !toggles +blocked disable_feed=0 disable_explore=0 disable_reels=0 disable_stories=0 disable_adds=0
08-14 01:03:52.579 32630   490 I DFInstaObserve: !toggles +blocked disable_feed=0 disable_explore=0 disable_reels=0 disable_stories=0 disable_adds=0
08-14 01:03:52.636 32630  2696 I DFInstaObserve: !toggles +blocked disable_feed=0 disable_explore=0 disable_reels=0 disable_stories=0 disable_adds=0
08-14 01:03:52.705 32630  2649 I DFInstaObserve: !toggles +blocked disable_feed=0 disable_explore=0 disable_reels=0 disable_stories=0 disable_adds=0
08-14 01:03:52.731 32630  1766 I DFInstaObserve: !toggles +blocked disable_feed=0 disable_explore=0 disable_reels=0 disable_stories=0 disable_adds=0
08-14 01:03:52.920 32630  2717 I DFInstaObserve: !toggles +blocked disable_feed=0 disable_explore=0 disable_reels=0 disable_stories=0 disable_adds=0
08-14 01:03:53.011 32630  2724 I DFInstaObserve: !toggles +blocked disable_feed=0 disable_explore=0 disable_reels=0 disable_stories=0 disable_adds=0
08-14 01:03:53.441 32630  2649 I DFInstaObserve: !toggles +blocked disable_feed=0 disable_explore=0 disable_reels=0 disable_stories=0 disable_adds=0
08-14 01:03:53.488 32630  2739 I DFInstaObserve: !toggles +blocked disable_feed=0 disable_explore=0 disable_reels=0 disable_stories=0 disable_adds=0
08-14 01:03:53.703 32630  1406 I DFInstaObserve: !toggles +blocked disable_feed=0 disable_explore=0 disable_reels=0 disable_stories=0 disable_adds=0
08-14 01:03:53.703 32630  1406 I DFInstaObserve: /discover/topical_explore
08-14 01:03:53.756 32630  2649 I DFInstaObserve: !toggles +blocked disable_feed=0 disable_explore=0 disable_reels=0 disable_stories=0 disable_adds=0
08-14 01:03:53.803 32630  1766 I DFInstaObserve: !toggles +blocked disable_feed=0 disable_explore=0 disable_reels=0 disable_stories=0 disable_adds=0
08-14 01:03:53.925 32630  1766 I DFInstaObserve: !toggles +blocked disable_feed=0 disable_explore=0 disable_reels=0 disable_stories=0 disable_adds=0
08-14 01:03:53.961 32630  2775 I DFInstaObserve: !toggles +blocked disable_feed=0 disable_explore=0 disable_reels=0 disable_stories=0 disable_adds=0
08-14 01:03:54.006 32630  2801 I DFInstaObserve: !toggles +blocked disable_feed=0 disable_explore=0 disable_reels=0 disable_stories=0 disable_adds=0
08-14 01:03:54.148 32630  2775 I DFInstaObserve: !toggles +blocked disable_feed=0 disable_explore=0 disable_reels=0 disable_stories=0 disable_adds=0
08-14 01:03:54.232 32630  2808 I DFInstaObserve: !toggles +blocked disable_feed=0 disable_explore=0 disable_reels=0 disable_stories=0 disable_adds=0
08-14 01:03:54.273 32630  1766 I DFInstaObserve: !toggles +blocked disable_feed=0 disable_explore=0 disable_reels=0 disable_stories=0 disable_adds=0
08-14 01:03:54.309 32630  2696 I DFInstaObserve: !toggles +blocked disable_feed=0 disable_explore=0 disable_reels=0 disable_stories=0 disable_adds=0
08-14 01:03:54.420 32630   490 I DFInstaObserve: !toggles +blocked disable_feed=0 disable_explore=0 disable_reels=0 disable_stories=0 disable_adds=0
08-14 01:03:54.462 32630  2841 I DFInstaObserve: !toggles +blocked disable_feed=0 disable_explore=0 disable_reels=0 disable_stories=0 disable_adds=0
08-14 01:03:54.462 32630  2844 I DFInstaObserve: !toggles +blocked disable_feed=0 disable_explore=0 disable_reels=0 disable_stories=0 disable_adds=0
08-14 01:03:54.489 32630   490 I DFInstaObserve: !toggles +blocked disable_feed=0 disable_explore=0 disable_reels=0 disable_stories=0 disable_adds=0
08-14 01:03:54.571 32630   490 I DFInstaObserve: !toggles +blocked disable_feed=0 disable_explore=0 disable_reels=0 disable_stories=0 disable_adds=0
08-14 01:03:54.645 32630   490 I DFInstaObserve: !toggles +blocked disable_feed=0 disable_explore=0 disable_reels=0 disable_stories=0 disable_adds=0
08-14 01:03:54.708 32630  2853 I DFInstaObserve: !toggles +blocked disable_feed=0 disable_explore=0 disable_reels=0 disable_stories=0 disable_adds=0
08-14 01:03:54.712 32630   490 I DFInstaObserve: !toggles +blocked disable_feed=0 disable_explore=0 disable_reels=0 disable_stories=0 disable_adds=0
08-14 01:03:56.057 32630  1337 I DFInstaObserve: !toggles +blocked disable_feed=0 disable_explore=0 disable_reels=0 disable_stories=0 disable_adds=0
08-14 01:03:56.060 32630  2858 I DFInstaObserve: !toggles +blocked disable_feed=0 disable_explore=0 disable_reels=0 disable_stories=0 disable_adds=0
08-14 01:03:56.095 32630   490 I DFInstaObserve: !toggles +blocked disable_feed=0 disable_explore=0 disable_reels=0 disable_stories=0 disable_adds=0
08-14 01:03:56.129 32630  2649 I DFInstaObserve: !toggles +blocked disable_feed=0 disable_explore=0 disable_reels=0 disable_stories=0 disable_adds=0
08-14 01:03:56.173 32630   490 I DFInstaObserve: !toggles +blocked disable_feed=0 disable_explore=0 disable_reels=0 disable_stories=0 disable_adds=0
08-14 01:03:56.202 32630  2838 I DFInstaObserve: !toggles +blocked disable_feed=0 disable_explore=0 disable_reels=0 disable_stories=0 disable_adds=0
08-14 01:03:56.215 32630   490 I DFInstaObserve: !toggles +blocked disable_feed=0 disable_explore=0 disable_reels=0 disable_stories=0 disable_adds=0
08-14 01:03:56.267 32630  2775 I DFInstaObserve: !toggles +blocked disable_feed=0 disable_explore=0 disable_reels=0 disable_stories=0 disable_adds=0
08-14 01:03:56.304 32630   490 I DFInstaObserve: !toggles +blocked disable_feed=0 disable_explore=0 disable_reels=0 disable_stories=0 disable_adds=0
08-14 01:03:56.304 32630  2649 I DFInstaObserve: !toggles +blocked disable_feed=0 disable_explore=0 disable_reels=0 disable_stories=0 disable_adds=0
08-14 01:03:56.334 32630  2838 I DFInstaObserve: !toggles +blocked disable_feed=0 disable_explore=0 disable_reels=0 disable_stories=0 disable_adds=0
08-14 01:03:56.346 32630   490 I DFInstaObserve: !toggles +blocked disable_feed=0 disable_explore=0 disable_reels=0 disable_stories=0 disable_adds=0
08-14 01:03:56.368 32630  2836 I DFInstaObserve: !toggles +blocked disable_feed=0 disable_explore=0 disable_reels=0 disable_stories=0 disable_adds=0
08-14 01:03:56.419 32630  2836 I DFInstaObserve: !toggles +blocked disable_feed=0 disable_explore=0 disable_reels=0 disable_stories=0 disable_adds=0
08-14 01:03:56.427 32630  2808 I DFInstaObserve: !toggles +blocked disable_feed=0 disable_explore=0 disable_reels=0 disable_stories=0 disable_adds=0
08-14 01:03:56.431 32630   490 I DFInstaObserve: !toggles +blocked disable_feed=0 disable_explore=0 disable_reels=0 disable_stories=0 disable_adds=0
08-14 01:03:56.481 32630   490 I DFInstaObserve: !toggles +blocked disable_feed=0 disable_explore=0 disable_reels=0 disable_stories=0 disable_adds=0
08-14 01:03:56.517 32630  2838 I DFInstaObserve: !toggles +blocked disable_feed=0 disable_explore=0 disable_reels=0 disable_stories=0 disable_adds=0
08-14 01:03:56.547 32630  2649 I DFInstaObserve: !toggles +blocked disable_feed=0 disable_explore=0 disable_reels=0 disable_stories=0 disable_adds=0
08-14 01:03:56.547 32630   490 I DFInstaObserve: !toggles +blocked disable_feed=0 disable_explore=0 disable_reels=0 disable_stories=0 disable_adds=0
08-14 01:03:56.617 32630  2836 I DFInstaObserve: !toggles +blocked disable_feed=0 disable_explore=0 disable_reels=0 disable_stories=0 disable_adds=0
08-14 01:03:56.645 32630  1406 I DFInstaObserve: !toggles +blocked disable_feed=0 disable_explore=0 disable_reels=0 disable_stories=0 disable_adds=0
08-14 01:03:56.681 32630  2841 I DFInstaObserve: !toggles +blocked disable_feed=0 disable_explore=0 disable_reels=0 disable_stories=0 disable_adds=0
08-14 01:03:56.705 32630  2649 I DFInstaObserve: !toggles +blocked disable_feed=0 disable_explore=0 disable_reels=0 disable_stories=0 disable_adds=0
08-14 01:03:56.756 32630  2838 I DFInstaObserve: !toggles +blocked disable_feed=0 disable_explore=0 disable_reels=0 disable_stories=0 disable_adds=0
08-14 01:03:56.821 32630  2649 I DFInstaObserve: !toggles +blocked disable_feed=0 disable_explore=0 disable_reels=0 disable_stories=0 disable_adds=0
08-14 01:03:57.106 32630  2838 I DFInstaObserve: !toggles +blocked disable_feed=0 disable_explore=0 disable_reels=0 disable_stories=0 disable_adds=0
08-14 01:03:57.106 32630  2838 I DFInstaObserve: /discover/topical_explore
08-14 01:03:59.563 32630  2951 I DFInstaObserve: !toggles +blocked disable_feed=0 disable_explore=0 disable_reels=0 disable_stories=0 disable_adds=0
08-14 01:03:59.568 32630  2893 I DFInstaObserve: !toggles +blocked disable_feed=0 disable_explore=0 disable_reels=0 disable_stories=0 disable_adds=0
08-14 01:03:59.568 32630  1337 I DFInstaObserve: !toggles +blocked disable_feed=0 disable_explore=0 disable_reels=0 disable_stories=0 disable_adds=0
08-14 01:03:59.607 32630   490 I DFInstaObserve: !toggles +blocked disable_feed=0 disable_explore=0 disable_reels=0 disable_stories=0 disable_adds=0
08-14 01:03:59.705 32630  2883 I DFInstaObserve: !toggles +blocked disable_feed=0 disable_explore=0 disable_reels=0 disable_stories=0 disable_adds=0
08-14 01:03:59.784 32630  2649 I DFInstaObserve: !toggles +blocked disable_feed=0 disable_explore=0 disable_reels=0 disable_stories=0 disable_adds=0
08-14 01:03:59.806 32630  2899 I DFInstaObserve: !toggles +blocked disable_feed=0 disable_explore=0 disable_reels=0 disable_stories=0 disable_adds=0
08-14 01:03:59.818 32630  2775 I DFInstaObserve: !toggles +blocked disable_feed=0 disable_explore=0 disable_reels=0 disable_stories=0 disable_adds=0
08-14 01:03:59.943 32630  2883 I DFInstaObserve: !toggles +blocked disable_feed=0 disable_explore=0 disable_reels=0 disable_stories=0 disable_adds=0
08-14 01:04:00.026 32630  2836 I DFInstaObserve: !toggles +blocked disable_feed=0 disable_explore=0 disable_reels=0 disable_stories=0 disable_adds=0
08-14 01:04:00.096 32630  2649 I DFInstaObserve: !toggles +blocked disable_feed=0 disable_explore=0 disable_reels=0 disable_stories=0 disable_adds=0
08-14 01:04:00.160 32630  2883 I DFInstaObserve: !toggles +blocked disable_feed=0 disable_explore=0 disable_reels=0 disable_stories=0 disable_adds=0
08-14 01:04:00.192 32630  2836 I DFInstaObserve: !toggles +blocked disable_feed=0 disable_explore=0 disable_reels=0 disable_stories=0 disable_adds=0
08-14 01:04:00.220 32630   490 I DFInstaObserve: !toggles +blocked disable_feed=0 disable_explore=0 disable_reels=0 disable_stories=0 disable_adds=0
08-14 01:04:00.257 32630  2649 I DFInstaObserve: !toggles +blocked disable_feed=0 disable_explore=0 disable_reels=0 disable_stories=0 disable_adds=0
08-14 01:04:00.275 32630   490 I DFInstaObserve: !toggles +blocked disable_feed=0 disable_explore=0 disable_reels=0 disable_stories=0 disable_adds=0
08-14 01:04:00.340 32630  2775 I DFInstaObserve: !toggles +blocked disable_feed=0 disable_explore=0 disable_reels=0 disable_stories=0 disable_adds=0
08-14 01:04:00.344 32630   490 I DFInstaObserve: !toggles +blocked disable_feed=0 disable_explore=0 disable_reels=0 disable_stories=0 disable_adds=0
08-14 01:04:00.372 32630  2649 I DFInstaObserve: !toggles +blocked disable_feed=0 disable_explore=0 disable_reels=0 disable_stories=0 disable_adds=0
08-14 01:04:00.388 32630   490 I DFInstaObserve: !toggles +blocked disable_feed=0 disable_explore=0 disable_reels=0 disable_stories=0 disable_adds=0
08-14 01:04:00.404 32630  2883 I DFInstaObserve: !toggles +blocked disable_feed=0 disable_explore=0 disable_reels=0 disable_stories=0 disable_adds=0
08-14 01:04:00.454 32630  2775 I DFInstaObserve: !toggles +blocked disable_feed=0 disable_explore=0 disable_reels=0 disable_stories=0 disable_adds=0
08-14 01:04:00.474 32630  2836 I DFInstaObserve: !toggles +blocked disable_feed=0 disable_explore=0 disable_reels=0 disable_stories=0 disable_adds=0
08-14 01:04:00.517 32630  2775 I DFInstaObserve: !toggles +blocked disable_feed=0 disable_explore=0 disable_reels=0 disable_stories=0 disable_adds=0
08-14 01:04:00.570 32630  2992 I DFInstaObserve: !toggles +blocked disable_feed=0 disable_explore=0 disable_reels=0 disable_stories=0 disable_adds=0
08-14 01:04:00.570 32630  2992 I DFInstaObserve: /discover/topical_explore
08-14 01:04:00.596 32630  2775 I DFInstaObserve: !toggles +blocked disable_feed=0 disable_explore=0 disable_reels=0 disable_stories=0 disable_adds=0
08-14 01:04:00.663 32630   490 I DFInstaObserve: !toggles +blocked disable_feed=0 disable_explore=0 disable_reels=0 disable_stories=0 disable_adds=0
08-14 01:04:00.712 32630   490 I DFInstaObserve: !toggles +blocked disable_feed=0 disable_explore=0 disable_reels=0 disable_stories=0 disable_adds=0
08-14 01:04:00.736 32630  3008 I DFInstaObserve: !toggles +blocked disable_feed=0 disable_explore=0 disable_reels=0 disable_stories=0 disable_adds=0
08-14 01:04:00.796 32630   490 I DFInstaObserve: !toggles +blocked disable_feed=0 disable_explore=0 disable_reels=0 disable_stories=0 disable_adds=0
08-14 01:04:00.839 32630   490 I DFInstaObserve: !toggles +blocked disable_feed=0 disable_explore=0 disable_reels=0 disable_stories=0 disable_adds=0
08-14 01:04:00.881 32630   490 I DFInstaObserve: !toggles +blocked disable_feed=0 disable_explore=0 disable_reels=0 disable_stories=0 disable_adds=0
08-14 01:04:03.015 32630  3020 I DFInstaObserve: !toggles +blocked disable_feed=0 disable_explore=0 disable_reels=0 disable_stories=0 disable_adds=0
08-14 01:04:03.064 32630  1337 I DFInstaObserve: !toggles +blocked disable_feed=0 disable_explore=0 disable_reels=0 disable_stories=0 disable_adds=0
08-14 01:04:03.069 32630  3046 I DFInstaObserve: !toggles +blocked disable_feed=0 disable_explore=0 disable_reels=0 disable_stories=0 disable_adds=0
08-14 01:04:03.096 32630   490 I DFInstaObserve: !toggles +blocked disable_feed=0 disable_explore=0 disable_reels=0 disable_stories=0 disable_adds=0
08-14 01:04:03.152 32630  3037 I DFInstaObserve: !toggles +blocked disable_feed=0 disable_explore=0 disable_reels=0 disable_stories=0 disable_adds=0
08-14 01:04:03.188 32630  2649 I DFInstaObserve: !toggles +blocked disable_feed=0 disable_explore=0 disable_reels=0 disable_stories=0 disable_adds=0
08-14 01:04:03.199 32630  3037 I DFInstaObserve: !toggles +blocked disable_feed=0 disable_explore=0 disable_reels=0 disable_stories=0 disable_adds=0
08-14 01:04:03.224 32630  2992 I DFInstaObserve: !toggles +blocked disable_feed=0 disable_explore=0 disable_reels=0 disable_stories=0 disable_adds=0
08-14 01:04:03.281 32630  2992 I DFInstaObserve: !toggles +blocked disable_feed=0 disable_explore=0 disable_reels=0 disable_stories=0 disable_adds=0
08-14 01:04:03.303 32630  3020 I DFInstaObserve: !toggles +blocked disable_feed=0 disable_explore=0 disable_reels=0 disable_stories=0 disable_adds=0
08-14 01:04:03.327 32630  2775 I DFInstaObserve: !toggles +blocked disable_feed=0 disable_explore=0 disable_reels=0 disable_stories=0 disable_adds=0
08-14 01:04:03.402 32630  2992 I DFInstaObserve: !toggles +blocked disable_feed=0 disable_explore=0 disable_reels=0 disable_stories=0 disable_adds=0
08-14 01:04:03.424 32630  2649 I DFInstaObserve: !toggles +blocked disable_feed=0 disable_explore=0 disable_reels=0 disable_stories=0 disable_adds=0
08-14 01:04:03.500 32630   490 I DFInstaObserve: !toggles +blocked disable_feed=0 disable_explore=0 disable_reels=0 disable_stories=0 disable_adds=0
08-14 01:04:03.513 32630  2992 I DFInstaObserve: !toggles +blocked disable_feed=0 disable_explore=0 disable_reels=0 disable_stories=0 disable_adds=0
08-14 01:04:03.551 32630   490 I DFInstaObserve: !toggles +blocked disable_feed=0 disable_explore=0 disable_reels=0 disable_stories=0 disable_adds=0
08-14 01:04:03.590 32630  2991 I DFInstaObserve: !toggles +blocked disable_feed=0 disable_explore=0 disable_reels=0 disable_stories=0 disable_adds=0
08-14 01:04:03.664 32630  2836 I DFInstaObserve: !toggles +blocked disable_feed=0 disable_explore=0 disable_reels=0 disable_stories=0 disable_adds=0
08-14 01:04:03.685 32630   490 I DFInstaObserve: !toggles +blocked disable_feed=0 disable_explore=0 disable_reels=0 disable_stories=0 disable_adds=0
08-14 01:04:03.721 32630  2649 I DFInstaObserve: !toggles +blocked disable_feed=0 disable_explore=0 disable_reels=0 disable_stories=0 disable_adds=0
08-14 01:04:03.744 32630   490 I DFInstaObserve: !toggles +blocked disable_feed=0 disable_explore=0 disable_reels=0 disable_stories=0 disable_adds=0
08-14 01:04:03.758 32630  2649 I DFInstaObserve: !toggles +blocked disable_feed=0 disable_explore=0 disable_reels=0 disable_stories=0 disable_adds=0
08-14 01:04:03.856 32630  2991 I DFInstaObserve: !toggles +blocked disable_feed=0 disable_explore=0 disable_reels=0 disable_stories=0 disable_adds=0
08-14 01:04:03.881 32630   490 I DFInstaObserve: !toggles +blocked disable_feed=0 disable_explore=0 disable_reels=0 disable_stories=0 disable_adds=0
08-14 01:04:03.906 32630  3076 I DFInstaObserve: !toggles +blocked disable_feed=0 disable_explore=0 disable_reels=0 disable_stories=0 disable_adds=0
08-14 01:04:03.941 32630   490 I DFInstaObserve: !toggles +blocked disable_feed=0 disable_explore=0 disable_reels=0 disable_stories=0 disable_adds=0
08-14 01:04:03.969 32630  3077 I DFInstaObserve: !toggles +blocked disable_feed=0 disable_explore=0 disable_reels=0 disable_stories=0 disable_adds=0
08-14 01:04:03.977 32630   539 I DFInstaObserve: !toggles +blocked disable_feed=0 disable_explore=0 disable_reels=0 disable_stories=0 disable_adds=0
08-14 01:04:04.068 32630  3070 I DFInstaObserve: !toggles +blocked disable_feed=0 disable_explore=0 disable_reels=0 disable_stories=0 disable_adds=0
08-14 01:04:04.096 32630   539 I DFInstaObserve: !toggles +blocked disable_feed=0 disable_explore=0 disable_reels=0 disable_stories=0 disable_adds=0
08-14 01:04:04.180 32630   490 I DFInstaObserve: !toggles +blocked disable_feed=0 disable_explore=0 disable_reels=0 disable_stories=0 disable_adds=0
08-14 01:04:04.190 32630   539 I DFInstaObserve: !toggles +blocked disable_feed=0 disable_explore=0 disable_reels=0 disable_stories=0 disable_adds=0
08-14 01:04:04.224 32630   490 I DFInstaObserve: !toggles +blocked disable_feed=0 disable_explore=0 disable_reels=0 disable_stories=0 disable_adds=0
08-14 01:04:04.268 32630   539 I DFInstaObserve: !toggles +blocked disable_feed=0 disable_explore=0 disable_reels=0 disable_stories=0 disable_adds=0
08-14 01:04:04.412 32630   490 I DFInstaObserve: !toggles +blocked disable_feed=0 disable_explore=0 disable_reels=0 disable_stories=0 disable_adds=0
08-14 01:04:06.110 32630  3093 I DFInstaObserve: !toggles +blocked disable_feed=0 disable_explore=0 disable_reels=0 disable_stories=0 disable_adds=0
08-14 01:04:06.115 32630  3090 I DFInstaObserve: !toggles +blocked disable_feed=0 disable_explore=0 disable_reels=0 disable_stories=0 disable_adds=0
08-14 01:04:08.563 32630  3093 I DFInstaObserve: !toggles +blocked disable_feed=0 disable_explore=0 disable_reels=0 disable_stories=0 disable_adds=0
08-14 01:04:08.563 32630  3090 I DFInstaObserve: !toggles +blocked disable_feed=0 disable_explore=0 disable_reels=0 disable_stories=0 disable_adds=0
08-14 01:04:12.223 32630  1337 I DFInstaObserve: !toggles +blocked disable_feed=0 disable_explore=0 disable_reels=0 disable_stories=0 disable_adds=0
08-14 01:04:14.343 32630  3174 I DFInstaObserve: !toggles +blocked disable_feed=0 disable_explore=0 disable_reels=0 disable_stories=0 disable_adds=0
08-14 01:04:14.343 32630  3175 I DFInstaObserve: !toggles +blocked disable_feed=0 disable_explore=0 disable_reels=0 disable_stories=0 disable_adds=0
08-14 01:04:15.589 32630  2649 I DFInstaObserve: !toggles +blocked disable_feed=0 disable_explore=0 disable_reels=0 disable_stories=0 disable_adds=0
08-14 01:04:17.663 32630  3222 I DFInstaObserve: !toggles +blocked disable_feed=0 disable_explore=0 disable_reels=0 disable_stories=0 disable_adds=0
08-14 01:04:17.663 32630  3221 I DFInstaObserve: !toggles +blocked disable_feed=0 disable_explore=0 disable_reels=0 disable_stories=0 disable_adds=0
08-14 01:04:18.435 32630  2836 I DFInstaObserve: !toggles +blocked disable_feed=0 disable_explore=0 disable_reels=0 disable_stories=0 disable_adds=0
08-14 01:04:18.435 32630  2836 I DFInstaObserve: /clips/discover
08-14 01:04:18.435 32630  2836 I DFInstaObserve: /clips/discover/stream/
08-14 01:04:18.853 32630  3046 I DFInstaObserve: !toggles +blocked disable_feed=0 disable_explore=0 disable_reels=0 disable_stories=0 disable_adds=0
08-14 01:04:18.891 32630  3046 I DFInstaObserve: !toggles +blocked disable_feed=0 disable_explore=0 disable_reels=0 disable_stories=0 disable_adds=0
08-14 01:04:20.987 32630  3255 I DFInstaObserve: !toggles +blocked disable_feed=0 disable_explore=0 disable_reels=0 disable_stories=0 disable_adds=0
08-14 01:04:20.987 32630  3254 I DFInstaObserve: !toggles +blocked disable_feed=0 disable_explore=0 disable_reels=0 disable_stories=0 disable_adds=0
08-14 01:04:22.631 32630  3046 I DFInstaObserve: !toggles +blocked disable_feed=0 disable_explore=0 disable_reels=0 disable_stories=0 disable_adds=0
08-14 01:04:22.638 32630  3046 I DFInstaObserve: !toggles +blocked disable_feed=0 disable_explore=0 disable_reels=0 disable_stories=0 disable_adds=0
08-14 01:04:22.715 32630   713 I DFInstaObserve: !toggles +blocked disable_feed=0 disable_explore=0 disable_reels=0 disable_stories=0 disable_adds=0
08-14 01:04:22.722 32630   490 I DFInstaObserve: !toggles +blocked disable_feed=0 disable_explore=0 disable_reels=0 disable_stories=0 disable_adds=0
08-14 01:04:22.841 32630   490 I DFInstaObserve: !toggles +blocked disable_feed=0 disable_explore=0 disable_reels=0 disable_stories=0 disable_adds=0
08-14 01:04:22.880 32630   490 I DFInstaObserve: !toggles +blocked disable_feed=0 disable_explore=0 disable_reels=0 disable_stories=0 disable_adds=0
08-14 01:04:22.943 32630  1337 I DFInstaObserve: !toggles +blocked disable_feed=0 disable_explore=0 disable_reels=0 disable_stories=0 disable_adds=0
08-14 01:04:22.977 32630  1337 I DFInstaObserve: !toggles +blocked disable_feed=0 disable_explore=0 disable_reels=0 disable_stories=0 disable_adds=0
08-14 01:04:23.029 32630   490 I DFInstaObserve: !toggles +blocked disable_feed=0 disable_explore=0 disable_reels=0 disable_stories=0 disable_adds=0
08-14 01:04:23.075 32630   490 I DFInstaObserve: !toggles +blocked disable_feed=0 disable_explore=0 disable_reels=0 disable_stories=0 disable_adds=0
08-14 01:04:23.175 32630   490 I DFInstaObserve: !toggles +blocked disable_feed=0 disable_explore=0 disable_reels=0 disable_stories=0 disable_adds=0
08-14 01:04:23.237 32630   490 I DFInstaObserve: !toggles +blocked disable_feed=0 disable_explore=0 disable_reels=0 disable_stories=0 disable_adds=0
08-14 01:04:23.452 32630   490 I DFInstaObserve: !toggles +blocked disable_feed=0 disable_explore=0 disable_reels=0 disable_stories=0 disable_adds=0
08-14 01:04:24.269 32630  3316 I DFInstaObserve: !toggles +blocked disable_feed=0 disable_explore=0 disable_reels=0 disable_stories=0 disable_adds=0
08-14 01:04:24.270 32630  3318 I DFInstaObserve: !toggles +blocked disable_feed=0 disable_explore=0 disable_reels=0 disable_stories=0 disable_adds=0
08-14 01:04:25.500 32630  1337 I DFInstaObserve: !toggles +blocked disable_feed=0 disable_explore=0 disable_reels=0 disable_stories=0 disable_adds=0
08-14 01:04:27.627 32630  3492 I DFInstaObserve: !toggles +blocked disable_feed=0 disable_explore=0 disable_reels=0 disable_stories=0 disable_adds=0
08-14 01:04:27.630 32630  3489 I DFInstaObserve: !toggles +blocked disable_feed=0 disable_explore=0 disable_reels=0 disable_stories=0 disable_adds=0
08-14 01:04:28.354 32630  3371 I DFInstaObserve: !toggles +blocked disable_feed=0 disable_explore=0 disable_reels=0 disable_stories=0 disable_adds=0
08-14 01:04:28.548 32630   539 I DFInstaObserve: !toggles +blocked disable_feed=0 disable_explore=0 disable_reels=0 disable_stories=0 disable_adds=0
08-14 01:04:28.640 32630   539 I DFInstaObserve: !toggles +blocked disable_feed=0 disable_explore=0 disable_reels=0 disable_stories=0 disable_adds=0
08-14 01:04:36.444 32630  1337 I DFInstaObserve: !toggles +blocked disable_feed=0 disable_explore=0 disable_reels=0 disable_stories=0 disable_adds=0
08-14 01:04:42.045 32630  3371 I DFInstaObserve: !toggles +blocked disable_feed=0 disable_explore=0 disable_reels=0 disable_stories=0 disable_adds=0
08-14 01:04:42.045 32630  3371 I DFInstaObserve: /clips/discover
08-14 01:04:42.045 32630  3371 I DFInstaObserve: /clips/discover/stream/
08-14 01:04:45.099 32630   490 I DFInstaObserve: !toggles +blocked disable_feed=0 disable_explore=0 disable_reels=0 disable_stories=0 disable_adds=0
08-14 01:04:45.687 32630   490 I DFInstaObserve: !toggles +blocked disable_feed=0 disable_explore=0 disable_reels=0 disable_stories=0 disable_adds=0
08-14 01:04:45.724 32630   490 I DFInstaObserve: !toggles +blocked disable_feed=0 disable_explore=0 disable_reels=0 disable_stories=0 disable_adds=0
08-14 01:04:45.898 32630   490 I DFInstaObserve: !toggles +blocked disable_feed=0 disable_explore=0 disable_reels=0 disable_stories=0 disable_adds=0
08-14 01:04:45.942 32630   490 I DFInstaObserve: !toggles +blocked disable_feed=0 disable_explore=0 disable_reels=0 disable_stories=0 disable_adds=0
08-14 01:04:46.211 32630   490 I DFInstaObserve: !toggles +blocked disable_feed=0 disable_explore=0 disable_reels=0 disable_stories=0 disable_adds=0
08-14 01:04:46.247 32630   490 I DFInstaObserve: !toggles +blocked disable_feed=0 disable_explore=0 disable_reels=0 disable_stories=0 disable_adds=0
08-14 01:04:46.521 32630   490 I DFInstaObserve: !toggles +blocked disable_feed=0 disable_explore=0 disable_reels=0 disable_stories=0 disable_adds=0
08-14 01:04:48.615 32630  3046 I DFInstaObserve: !toggles +blocked disable_feed=0 disable_explore=0 disable_reels=0 disable_stories=0 disable_adds=0
08-14 01:04:51.614 32630  1337 I DFInstaObserve: !toggles +blocked disable_feed=0 disable_explore=0 disable_reels=0 disable_stories=0 disable_adds=0
08-14 01:04:52.216 32630  1337 I DFInstaObserve: !toggles +blocked disable_feed=0 disable_explore=0 disable_reels=0 disable_stories=0 disable_adds=0
08-14 01:05:01.204 32630  3371 I DFInstaObserve: !toggles +blocked disable_feed=0 disable_explore=0 disable_reels=0 disable_stories=0 disable_adds=0
08-14 01:05:01.204 32630  3371 I DFInstaObserve: /feed/timeline/
08-14 01:05:03.240 32630  1337 I DFInstaObserve: !toggles +blocked disable_feed=0 disable_explore=0 disable_reels=0 disable_stories=0 disable_adds=0
08-14 01:05:03.244 32630  1337 I DFInstaObserve: !toggles +blocked disable_feed=0 disable_explore=0 disable_reels=0 disable_stories=0 disable_adds=0
08-14 01:05:03.457 32630  3657 I DFInstaObserve: !toggles +blocked disable_feed=0 disable_explore=0 disable_reels=0 disable_stories=0 disable_adds=0
08-14 01:05:03.459 32630   490 I DFInstaObserve: !toggles +blocked disable_feed=0 disable_explore=0 disable_reels=0 disable_stories=0 disable_adds=0
08-14 01:05:03.506 32630   490 I DFInstaObserve: !toggles +blocked disable_feed=0 disable_explore=0 disable_reels=0 disable_stories=0 disable_adds=0
08-14 01:05:03.749 32630  3371 I DFInstaObserve: !toggles +blocked disable_feed=0 disable_explore=0 disable_reels=0 disable_stories=0 disable_adds=0
08-14 01:05:03.979 32630  3657 I DFInstaObserve: !toggles +blocked disable_feed=0 disable_explore=0 disable_reels=0 disable_stories=0 disable_adds=0
08-14 01:05:04.665 32630   539 I DFInstaObserve: !toggles +blocked disable_feed=0 disable_explore=0 disable_reels=0 disable_stories=0 disable_adds=0
08-14 01:05:06.555 32630  3680 I DFInstaObserve: !toggles +blocked disable_feed=0 disable_explore=0 disable_reels=0 disable_stories=0 disable_adds=0
08-14 01:05:09.046 32630  3680 I DFInstaObserve: !toggles +blocked disable_feed=0 disable_explore=0 disable_reels=0 disable_stories=0 disable_adds=0
08-14 01:05:12.867 32630  3070 I DFInstaObserve: !toggles +blocked disable_feed=0 disable_explore=0 disable_reels=0 disable_stories=0 disable_adds=0
08-14 01:05:12.867 32630  3070 I DFInstaObserve: /discover/topical_explore
08-14 01:05:15.027 32630  3757 I DFInstaObserve: !toggles +blocked disable_feed=0 disable_explore=0 disable_reels=0 disable_stories=0 disable_adds=0
08-14 01:05:15.221 32630  3771 I DFInstaObserve: !toggles +blocked disable_feed=0 disable_explore=0 disable_reels=0 disable_stories=0 disable_adds=0
08-14 01:05:16.654 32630  3046 I DFInstaObserve: !toggles +blocked disable_feed=0 disable_explore=0 disable_reels=0 disable_stories=0 disable_adds=0
08-14 01:05:16.658 32630  3916 I DFInstaObserve: !toggles +blocked disable_feed=0 disable_explore=0 disable_reels=0 disable_stories=0 disable_adds=0
08-14 01:05:16.660 32630  3910 I DFInstaObserve: !toggles +blocked disable_feed=0 disable_explore=0 disable_reels=0 disable_stories=0 disable_adds=0
08-14 01:05:16.666 32630  3371 I DFInstaObserve: !toggles +blocked disable_feed=0 disable_explore=0 disable_reels=0 disable_stories=0 disable_adds=0
08-14 01:05:16.667 32630  3371 I DFInstaObserve: /discover/topical_explore
08-14 01:05:16.736 32630   490 I DFInstaObserve: !toggles +blocked disable_feed=0 disable_explore=0 disable_reels=0 disable_stories=0 disable_adds=0
08-14 01:05:16.736 32630  3764 I DFInstaObserve: !toggles +blocked disable_feed=0 disable_explore=0 disable_reels=0 disable_stories=0 disable_adds=0
08-14 01:05:16.793 32630  3657 I DFInstaObserve: !toggles +blocked disable_feed=0 disable_explore=0 disable_reels=0 disable_stories=0 disable_adds=0
08-14 01:05:16.825 32630  3921 I DFInstaObserve: !toggles +blocked disable_feed=0 disable_explore=0 disable_reels=0 disable_stories=0 disable_adds=0
08-14 01:05:16.842 32630   490 I DFInstaObserve: !toggles +blocked disable_feed=0 disable_explore=0 disable_reels=0 disable_stories=0 disable_adds=0
08-14 01:05:16.856 32630  3764 I DFInstaObserve: !toggles +blocked disable_feed=0 disable_explore=0 disable_reels=0 disable_stories=0 disable_adds=0
08-14 01:05:16.902 32630   490 I DFInstaObserve: !toggles +blocked disable_feed=0 disable_explore=0 disable_reels=0 disable_stories=0 disable_adds=0
08-14 01:05:16.928 32630  3920 I DFInstaObserve: !toggles +blocked disable_feed=0 disable_explore=0 disable_reels=0 disable_stories=0 disable_adds=0
08-14 01:05:16.967 32630  3921 I DFInstaObserve: !toggles +blocked disable_feed=0 disable_explore=0 disable_reels=0 disable_stories=0 disable_adds=0
08-14 01:05:16.999 32630  3764 I DFInstaObserve: !toggles +blocked disable_feed=0 disable_explore=0 disable_reels=0 disable_stories=0 disable_adds=0
08-14 01:05:17.075 32630  3921 I DFInstaObserve: !toggles +blocked disable_feed=0 disable_explore=0 disable_reels=0 disable_stories=0 disable_adds=0
08-14 01:05:17.097 32630   490 I DFInstaObserve: !toggles +blocked disable_feed=0 disable_explore=0 disable_reels=0 disable_stories=0 disable_adds=0
08-14 01:05:17.173 32630  3764 I DFInstaObserve: !toggles +blocked disable_feed=0 disable_explore=0 disable_reels=0 disable_stories=0 disable_adds=0
08-14 01:05:17.200 32630   490 I DFInstaObserve: !toggles +blocked disable_feed=0 disable_explore=0 disable_reels=0 disable_stories=0 disable_adds=0
08-14 01:05:17.214 32630  3920 I DFInstaObserve: !toggles +blocked disable_feed=0 disable_explore=0 disable_reels=0 disable_stories=0 disable_adds=0
08-14 01:05:17.272 32630  3657 I DFInstaObserve: !toggles +blocked disable_feed=0 disable_explore=0 disable_reels=0 disable_stories=0 disable_adds=0
08-14 01:05:17.295 32630  3657 I DFInstaObserve: !toggles +blocked disable_feed=0 disable_explore=0 disable_reels=0 disable_stories=0 disable_adds=0
08-14 01:05:17.406 32630   490 I DFInstaObserve: !toggles +blocked disable_feed=0 disable_explore=0 disable_reels=0 disable_stories=0 disable_adds=0
08-14 01:05:18.251 32630  3897 I DFInstaObserve: !toggles +blocked disable_feed=0 disable_explore=0 disable_reels=0 disable_stories=0 disable_adds=0
08-14 01:05:18.291 32630  3897 I DFInstaObserve: !toggles +blocked disable_feed=0 disable_explore=0 disable_reels=0 disable_stories=0 disable_adds=0
08-14 01:05:19.136 32630  3910 I DFInstaObserve: !toggles +blocked disable_feed=0 disable_explore=0 disable_reels=0 disable_stories=0 disable_adds=0
08-14 01:05:19.141 32630  3925 I DFInstaObserve: !toggles +blocked disable_feed=0 disable_explore=0 disable_reels=0 disable_stories=0 disable_adds=0
08-14 01:05:19.168 32630   490 I DFInstaObserve: !toggles +blocked disable_feed=0 disable_explore=0 disable_reels=0 disable_stories=0 disable_adds=0
08-14 01:05:19.200 32630  3657 I DFInstaObserve: !toggles +blocked disable_feed=0 disable_explore=0 disable_reels=0 disable_stories=0 disable_adds=0
08-14 01:05:19.229 32630  3764 I DFInstaObserve: !toggles +blocked disable_feed=0 disable_explore=0 disable_reels=0 disable_stories=0 disable_adds=0
08-14 01:05:19.287 32630  3764 I DFInstaObserve: !toggles +blocked disable_feed=0 disable_explore=0 disable_reels=0 disable_stories=0 disable_adds=0
08-14 01:05:19.328 32630  3371 I DFInstaObserve: !toggles +blocked disable_feed=0 disable_explore=0 disable_reels=0 disable_stories=0 disable_adds=0
08-14 01:05:19.345 32630   490 I DFInstaObserve: !toggles +blocked disable_feed=0 disable_explore=0 disable_reels=0 disable_stories=0 disable_adds=0
08-14 01:05:19.385 32630   490 I DFInstaObserve: !toggles +blocked disable_feed=0 disable_explore=0 disable_reels=0 disable_stories=0 disable_adds=0
08-14 01:05:19.388 32630  3921 I DFInstaObserve: !toggles +blocked disable_feed=0 disable_explore=0 disable_reels=0 disable_stories=0 disable_adds=0
08-14 01:05:19.474 32630  3764 I DFInstaObserve: !toggles +blocked disable_feed=0 disable_explore=0 disable_reels=0 disable_stories=0 disable_adds=0
08-14 01:05:19.532 32630  3943 I DFInstaObserve: !toggles +blocked disable_feed=0 disable_explore=0 disable_reels=0 disable_stories=0 disable_adds=0
08-14 01:05:19.573 32630  3955 I DFInstaObserve: !toggles +blocked disable_feed=0 disable_explore=0 disable_reels=0 disable_stories=0 disable_adds=0
08-14 01:05:19.668 32630  3371 I DFInstaObserve: !toggles +blocked disable_feed=0 disable_explore=0 disable_reels=0 disable_stories=0 disable_adds=0
08-14 01:05:19.712 32630  3938 I DFInstaObserve: !toggles +blocked disable_feed=0 disable_explore=0 disable_reels=0 disable_stories=0 disable_adds=0
08-14 01:05:19.738 32630  3966 I DFInstaObserve: !toggles +blocked disable_feed=0 disable_explore=0 disable_reels=0 disable_stories=0 disable_adds=0
08-14 01:05:19.753 32630  3944 I DFInstaObserve: !toggles +blocked disable_feed=0 disable_explore=0 disable_reels=0 disable_stories=0 disable_adds=0
08-14 01:05:19.792 32630  3944 I DFInstaObserve: !toggles +blocked disable_feed=0 disable_explore=0 disable_reels=0 disable_stories=0 disable_adds=0
08-14 01:05:19.843 32630   490 I DFInstaObserve: !toggles +blocked disable_feed=0 disable_explore=0 disable_reels=0 disable_stories=0 disable_adds=0
08-14 01:05:19.852 32630  3975 I DFInstaObserve: !toggles +blocked disable_feed=0 disable_explore=0 disable_reels=0 disable_stories=0 disable_adds=0
08-14 01:05:19.863 32630  3944 I DFInstaObserve: !toggles +blocked disable_feed=0 disable_explore=0 disable_reels=0 disable_stories=0 disable_adds=0
08-14 01:05:20.000 32630   490 I DFInstaObserve: !toggles +blocked disable_feed=0 disable_explore=0 disable_reels=0 disable_stories=0 disable_adds=0
08-14 01:05:20.014 32630  3944 I DFInstaObserve: !toggles +blocked disable_feed=0 disable_explore=0 disable_reels=0 disable_stories=0 disable_adds=0
08-14 01:05:20.119 32630   490 I DFInstaObserve: !toggles +blocked disable_feed=0 disable_explore=0 disable_reels=0 disable_stories=0 disable_adds=0
08-14 01:05:21.809 32630  3963 I DFInstaObserve: !toggles +blocked disable_feed=0 disable_explore=0 disable_reels=0 disable_stories=0 disable_adds=0
08-14 01:05:22.527 32630  3921 I DFInstaObserve: !toggles +blocked disable_feed=0 disable_explore=0 disable_reels=0 disable_stories=0 disable_adds=0
08-14 01:05:22.527 32630  3921 I DFInstaObserve: /discover/topical_explore
08-14 01:05:22.694 32630  3994 I DFInstaObserve: !toggles +blocked disable_feed=0 disable_explore=0 disable_reels=0 disable_stories=0 disable_adds=0
08-14 01:05:23.244 32630  4014 I DFInstaObserve: !toggles +blocked disable_feed=0 disable_explore=0 disable_reels=0 disable_stories=0 disable_adds=0
08-14 01:05:24.904 32630  3993 I DFInstaObserve: !toggles +blocked disable_feed=0 disable_explore=0 disable_reels=0 disable_stories=0 disable_adds=0
08-14 01:05:25.149 32630  3910 I DFInstaObserve: !toggles +blocked disable_feed=0 disable_explore=0 disable_reels=0 disable_stories=0 disable_adds=0
08-14 01:05:25.156 32630  4025 I DFInstaObserve: !toggles +blocked disable_feed=0 disable_explore=0 disable_reels=0 disable_stories=0 disable_adds=0
08-14 01:05:25.200 32630   490 I DFInstaObserve: !toggles +blocked disable_feed=0 disable_explore=0 disable_reels=0 disable_stories=0 disable_adds=0
08-14 01:05:25.244 32630  4004 I DFInstaObserve: !toggles +blocked disable_feed=0 disable_explore=0 disable_reels=0 disable_stories=0 disable_adds=0
08-14 01:05:25.262 32630  3999 I DFInstaObserve: !toggles +blocked disable_feed=0 disable_explore=0 disable_reels=0 disable_stories=0 disable_adds=0
08-14 01:05:25.302 32630  4001 I DFInstaObserve: !toggles +blocked disable_feed=0 disable_explore=0 disable_reels=0 disable_stories=0 disable_adds=0
08-14 01:05:25.307 32630   490 I DFInstaObserve: !toggles +blocked disable_feed=0 disable_explore=0 disable_reels=0 disable_stories=0 disable_adds=0
08-14 01:05:25.344 32630  4001 I DFInstaObserve: !toggles +blocked disable_feed=0 disable_explore=0 disable_reels=0 disable_stories=0 disable_adds=0
08-14 01:05:25.377 32630   490 I DFInstaObserve: !toggles +blocked disable_feed=0 disable_explore=0 disable_reels=0 disable_stories=0 disable_adds=0
08-14 01:05:25.379 32630  3944 I DFInstaObserve: !toggles +blocked disable_feed=0 disable_explore=0 disable_reels=0 disable_stories=0 disable_adds=0
08-14 01:05:25.463 32630  4001 I DFInstaObserve: !toggles +blocked disable_feed=0 disable_explore=0 disable_reels=0 disable_stories=0 disable_adds=0
08-14 01:05:25.486 32630  3921 I DFInstaObserve: !toggles +blocked disable_feed=0 disable_explore=0 disable_reels=0 disable_stories=0 disable_adds=0
08-14 01:05:25.585 32630  4001 I DFInstaObserve: !toggles +blocked disable_feed=0 disable_explore=0 disable_reels=0 disable_stories=0 disable_adds=0
08-14 01:05:25.643 32630  4000 I DFInstaObserve: !toggles +blocked disable_feed=0 disable_explore=0 disable_reels=0 disable_stories=0 disable_adds=0
08-14 01:05:25.679 32630  3921 I DFInstaObserve: !toggles +blocked disable_feed=0 disable_explore=0 disable_reels=0 disable_stories=0 disable_adds=0
08-14 01:05:25.757 32630  4000 I DFInstaObserve: !toggles +blocked disable_feed=0 disable_explore=0 disable_reels=0 disable_stories=0 disable_adds=0
08-14 01:05:25.843 32630  4001 I DFInstaObserve: !toggles +blocked disable_feed=0 disable_explore=0 disable_reels=0 disable_stories=0 disable_adds=0
08-14 01:05:25.855 32630   490 I DFInstaObserve: !toggles +blocked disable_feed=0 disable_explore=0 disable_reels=0 disable_stories=0 disable_adds=0
08-14 01:05:25.900 32630   490 I DFInstaObserve: !toggles +blocked disable_feed=0 disable_explore=0 disable_reels=0 disable_stories=0 disable_adds=0
08-14 01:05:25.942 32630  3921 I DFInstaObserve: !toggles +blocked disable_feed=0 disable_explore=0 disable_reels=0 disable_stories=0 disable_adds=0
08-14 01:05:25.980 32630  3944 I DFInstaObserve: !toggles +blocked disable_feed=0 disable_explore=0 disable_reels=0 disable_stories=0 disable_adds=0
08-14 01:05:26.027 32630  4037 I DFInstaObserve: !toggles +blocked disable_feed=0 disable_explore=0 disable_reels=0 disable_stories=0 disable_adds=0
08-14 01:05:26.027 32630  4037 I DFInstaObserve: /discover/topical_explore
08-14 01:05:26.062 32630  4001 I DFInstaObserve: !toggles +blocked disable_feed=0 disable_explore=0 disable_reels=0 disable_stories=0 disable_adds=0
08-14 01:05:26.090 32630  4035 I DFInstaObserve: !toggles +blocked disable_feed=0 disable_explore=0 disable_reels=0 disable_stories=0 disable_adds=0
08-14 01:05:26.142 32630   490 I DFInstaObserve: !toggles +blocked disable_feed=0 disable_explore=0 disable_reels=0 disable_stories=0 disable_adds=0
08-14 01:05:26.175 32630  4036 I DFInstaObserve: !toggles +blocked disable_feed=0 disable_explore=0 disable_reels=0 disable_stories=0 disable_adds=0
08-14 01:05:26.178 32630   490 I DFInstaObserve: !toggles +blocked disable_feed=0 disable_explore=0 disable_reels=0 disable_stories=0 disable_adds=0
08-14 01:05:26.258 32630  4051 I DFInstaObserve: !toggles +blocked disable_feed=0 disable_explore=0 disable_reels=0 disable_stories=0 disable_adds=0
08-14 01:05:26.279 32630   490 I DFInstaObserve: !toggles +blocked disable_feed=0 disable_explore=0 disable_reels=0 disable_stories=0 disable_adds=0
08-14 01:05:26.331 32630   490 I DFInstaObserve: !toggles +blocked disable_feed=0 disable_explore=0 disable_reels=0 disable_stories=0 disable_adds=0
08-14 01:05:26.462 32630  4063 I DFInstaObserve: !toggles +blocked disable_feed=0 disable_explore=0 disable_reels=0 disable_stories=0 disable_adds=0
08-14 01:05:26.507 32630   490 I DFInstaObserve: !toggles +blocked disable_feed=0 disable_explore=0 disable_reels=0 disable_stories=0 disable_adds=0
08-14 01:05:28.435 32630  4050 I DFInstaObserve: !toggles +blocked disable_feed=0 disable_explore=0 disable_reels=0 disable_stories=0 disable_adds=0
08-14 01:05:28.897 32630  4062 I DFInstaObserve: !toggles +blocked disable_feed=0 disable_explore=0 disable_reels=0 disable_stories=0 disable_adds=0
08-14 01:05:29.154 32630  4025 I DFInstaObserve: !toggles +blocked disable_feed=0 disable_explore=0 disable_reels=0 disable_stories=0 disable_adds=0
08-14 01:05:29.165 32630  4025 I DFInstaObserve: !toggles +blocked disable_feed=0 disable_explore=0 disable_reels=0 disable_stories=0 disable_adds=0
08-14 01:05:29.225 32630   490 I DFInstaObserve: !toggles +blocked disable_feed=0 disable_explore=0 disable_reels=0 disable_stories=0 disable_adds=0
08-14 01:05:29.271 32630  3921 I DFInstaObserve: !toggles +blocked disable_feed=0 disable_explore=0 disable_reels=0 disable_stories=0 disable_adds=0
08-14 01:05:29.289 32630  4000 I DFInstaObserve: !toggles +blocked disable_feed=0 disable_explore=0 disable_reels=0 disable_stories=0 disable_adds=0
08-14 01:05:29.381 32630   539 I DFInstaObserve: !toggles +blocked disable_feed=0 disable_explore=0 disable_reels=0 disable_stories=0 disable_adds=0
08-14 01:05:29.413 32630  4105 I DFInstaObserve: !toggles +blocked disable_feed=0 disable_explore=0 disable_reels=0 disable_stories=0 disable_adds=0
08-14 01:05:29.486 32630  4025 I DFInstaObserve: !toggles +blocked disable_feed=0 disable_explore=0 disable_reels=0 disable_stories=0 disable_adds=0
08-14 01:05:29.514 32630   539 I DFInstaObserve: !toggles +blocked disable_feed=0 disable_explore=0 disable_reels=0 disable_stories=0 disable_adds=0
08-14 01:05:29.517 32630   490 I DFInstaObserve: !toggles +blocked disable_feed=0 disable_explore=0 disable_reels=0 disable_stories=0 disable_adds=0
08-14 01:05:29.540 32630  4101 I DFInstaObserve: !toggles +blocked disable_feed=0 disable_explore=0 disable_reels=0 disable_stories=0 disable_adds=0
08-14 01:05:29.577 32630  4037 I DFInstaObserve: !toggles +blocked disable_feed=0 disable_explore=0 disable_reels=0 disable_stories=0 disable_adds=0
08-14 01:05:29.578 32630   490 I DFInstaObserve: !toggles +blocked disable_feed=0 disable_explore=0 disable_reels=0 disable_stories=0 disable_adds=0
08-14 01:05:29.610 32630   539 I DFInstaObserve: !toggles +blocked disable_feed=0 disable_explore=0 disable_reels=0 disable_stories=0 disable_adds=0
08-14 01:05:29.637 32630  4105 I DFInstaObserve: !toggles +blocked disable_feed=0 disable_explore=0 disable_reels=0 disable_stories=0 disable_adds=0
08-14 01:05:29.714 32630  4095 I DFInstaObserve: !toggles +blocked disable_feed=0 disable_explore=0 disable_reels=0 disable_stories=0 disable_adds=0
08-14 01:05:29.761 32630  4106 I DFInstaObserve: !toggles +blocked disable_feed=0 disable_explore=0 disable_reels=0 disable_stories=0 disable_adds=0
08-14 01:05:29.836 32630   490 I DFInstaObserve: !toggles +blocked disable_feed=0 disable_explore=0 disable_reels=0 disable_stories=0 disable_adds=0
08-14 01:05:29.865 32630   539 I DFInstaObserve: !toggles +blocked disable_feed=0 disable_explore=0 disable_reels=0 disable_stories=0 disable_adds=0
08-14 01:05:29.884 32630   490 I DFInstaObserve: !toggles +blocked disable_feed=0 disable_explore=0 disable_reels=0 disable_stories=0 disable_adds=0
08-14 01:05:29.904 32630  4095 I DFInstaObserve: !toggles +blocked disable_feed=0 disable_explore=0 disable_reels=0 disable_stories=0 disable_adds=0
08-14 01:05:29.955 32630  4105 I DFInstaObserve: !toggles +blocked disable_feed=0 disable_explore=0 disable_reels=0 disable_stories=0 disable_adds=0
08-14 01:05:30.027 32630  4095 I DFInstaObserve: !toggles +blocked disable_feed=0 disable_explore=0 disable_reels=0 disable_stories=0 disable_adds=0
08-14 01:05:30.106 32630   490 I DFInstaObserve: !toggles +blocked disable_feed=0 disable_explore=0 disable_reels=0 disable_stories=0 disable_adds=0
08-14 01:05:30.106 32630  4101 I DFInstaObserve: !toggles +blocked disable_feed=0 disable_explore=0 disable_reels=0 disable_stories=0 disable_adds=0
08-14 01:05:30.138 32630  4105 I DFInstaObserve: !toggles +blocked disable_feed=0 disable_explore=0 disable_reels=0 disable_stories=0 disable_adds=0
08-14 01:05:30.144 32630   490 I DFInstaObserve: !toggles +blocked disable_feed=0 disable_explore=0 disable_reels=0 disable_stories=0 disable_adds=0
08-14 01:05:30.167 32630  4101 I DFInstaObserve: !toggles +blocked disable_feed=0 disable_explore=0 disable_reels=0 disable_stories=0 disable_adds=0
08-14 01:05:30.205 32630  4095 I DFInstaObserve: !toggles +blocked disable_feed=0 disable_explore=0 disable_reels=0 disable_stories=0 disable_adds=0
08-14 01:05:30.271 32630  4106 I DFInstaObserve: !toggles +blocked disable_feed=0 disable_explore=0 disable_reels=0 disable_stories=0 disable_adds=0
08-14 01:05:30.458 32630   490 I DFInstaObserve: !toggles +blocked disable_feed=0 disable_explore=0 disable_reels=0 disable_stories=0 disable_adds=0
08-14 01:05:30.493 32630   490 I DFInstaObserve: !toggles +blocked disable_feed=0 disable_explore=0 disable_reels=0 disable_stories=0 disable_adds=0
08-14 01:05:30.598 32630   490 I DFInstaObserve: !toggles +blocked disable_feed=0 disable_explore=0 disable_reels=0 disable_stories=0 disable_adds=0
08-14 01:05:30.632 32630   490 I DFInstaObserve: !toggles +blocked disable_feed=0 disable_explore=0 disable_reels=0 disable_stories=0 disable_adds=0
08-14 01:05:30.712 32630   490 I DFInstaObserve: !toggles +blocked disable_feed=0 disable_explore=0 disable_reels=0 disable_stories=0 disable_adds=0
08-14 01:05:31.597 32630  4124 I DFInstaObserve: !toggles +blocked disable_feed=0 disable_explore=0 disable_reels=0 disable_stories=0 disable_adds=0
08-14 01:05:31.601 32630  4120 I DFInstaObserve: !toggles +blocked disable_feed=0 disable_explore=0 disable_reels=0 disable_stories=0 disable_adds=0
08-14 01:05:34.060 32630  4124 I DFInstaObserve: !toggles +blocked disable_feed=0 disable_explore=0 disable_reels=0 disable_stories=0 disable_adds=0
08-14 01:05:34.060 32630  4120 I DFInstaObserve: !toggles +blocked disable_feed=0 disable_explore=0 disable_reels=0 disable_stories=0 disable_adds=0
08-14 01:05:37.314 32630  4106 I DFInstaObserve: !toggles +blocked disable_feed=0 disable_explore=0 disable_reels=0 disable_stories=0 disable_adds=0
08-14 01:05:37.314 32630  4106 I DFInstaObserve: /clips/discover
08-14 01:05:37.314 32630  4106 I DFInstaObserve: /clips/discover/stream/
08-14 01:05:37.714 32630  4079 I DFInstaObserve: !toggles +blocked disable_feed=0 disable_explore=0 disable_reels=0 disable_stories=0 disable_adds=0
08-14 01:05:39.833 32630  4238 I DFInstaObserve: !toggles +blocked disable_feed=0 disable_explore=0 disable_reels=0 disable_stories=0 disable_adds=0
08-14 01:05:39.834 32630  4237 I DFInstaObserve: !toggles +blocked disable_feed=0 disable_explore=0 disable_reels=0 disable_stories=0 disable_adds=0
08-14 01:05:40.846 32630  4025 I DFInstaObserve: !toggles +blocked disable_feed=0 disable_explore=0 disable_reels=0 disable_stories=0 disable_adds=0
08-14 01:05:40.855 32630  4025 I DFInstaObserve: !toggles +blocked disable_feed=0 disable_explore=0 disable_reels=0 disable_stories=0 disable_adds=0
08-14 01:05:40.865 32630  4025 I DFInstaObserve: !toggles +blocked disable_feed=0 disable_explore=0 disable_reels=0 disable_stories=0 disable_adds=0
08-14 01:05:40.871 32630  4025 I DFInstaObserve: !toggles +blocked disable_feed=0 disable_explore=0 disable_reels=0 disable_stories=0 disable_adds=0
08-14 01:05:40.959 32630   490 I DFInstaObserve: !toggles +blocked disable_feed=0 disable_explore=0 disable_reels=0 disable_stories=0 disable_adds=0
08-14 01:05:41.020 32630   490 I DFInstaObserve: !toggles +blocked disable_feed=0 disable_explore=0 disable_reels=0 disable_stories=0 disable_adds=0
08-14 01:05:41.075 32630   490 I DFInstaObserve: !toggles +blocked disable_feed=0 disable_explore=0 disable_reels=0 disable_stories=0 disable_adds=0
08-14 01:05:41.084 32630  4025 I DFInstaObserve: !toggles +blocked disable_feed=0 disable_explore=0 disable_reels=0 disable_stories=0 disable_adds=0
08-14 01:05:41.087 32630  4025 I DFInstaObserve: !toggles +blocked disable_feed=0 disable_explore=0 disable_reels=0 disable_stories=0 disable_adds=0
08-14 01:05:41.178 32630   490 I DFInstaObserve: !toggles +blocked disable_feed=0 disable_explore=0 disable_reels=0 disable_stories=0 disable_adds=0
08-14 01:05:41.265 32630   490 I DFInstaObserve: !toggles +blocked disable_feed=0 disable_explore=0 disable_reels=0 disable_stories=0 disable_adds=0
08-14 01:05:41.315 32630   490 I DFInstaObserve: !toggles +blocked disable_feed=0 disable_explore=0 disable_reels=0 disable_stories=0 disable_adds=0
08-14 01:05:41.357 32630   490 I DFInstaObserve: !toggles +blocked disable_feed=0 disable_explore=0 disable_reels=0 disable_stories=0 disable_adds=0
08-14 01:05:41.408 32630   490 I DFInstaObserve: !toggles +blocked disable_feed=0 disable_explore=0 disable_reels=0 disable_stories=0 disable_adds=0
08-14 01:05:43.192 32630  4279 I DFInstaObserve: !toggles +blocked disable_feed=0 disable_explore=0 disable_reels=0 disable_stories=0 disable_adds=0
08-14 01:05:43.193 32630  4278 I DFInstaObserve: !toggles +blocked disable_feed=0 disable_explore=0 disable_reels=0 disable_stories=0 disable_adds=0
08-14 01:05:44.406 32630  4025 I DFInstaObserve: !toggles +blocked disable_feed=0 disable_explore=0 disable_reels=0 disable_stories=0 disable_adds=0
08-14 01:05:44.442 32630  4106 I DFInstaObserve: !toggles +blocked disable_feed=0 disable_explore=0 disable_reels=0 disable_stories=0 disable_adds=0
08-14 01:05:46.521 32630  4327 I DFInstaObserve: !toggles +blocked disable_feed=0 disable_explore=0 disable_reels=0 disable_stories=0 disable_adds=0
08-14 01:05:46.522 32630  4324 I DFInstaObserve: !toggles +blocked disable_feed=0 disable_explore=0 disable_reels=0 disable_stories=0 disable_adds=0
08-14 01:05:49.840 32630  4356 I DFInstaObserve: !toggles +blocked disable_feed=0 disable_explore=0 disable_reels=0 disable_stories=0 disable_adds=0
08-14 01:05:49.852 32630  4357 I DFInstaObserve: !toggles +blocked disable_feed=0 disable_explore=0 disable_reels=0 disable_stories=0 disable_adds=0
08-14 01:05:50.634 32630  4291 I DFInstaObserve: !toggles +blocked disable_feed=0 disable_explore=0 disable_reels=0 disable_stories=0 disable_adds=0
08-14 01:05:50.634 32630  4291 I DFInstaObserve: /clips/discover
08-14 01:05:50.634 32630  4291 I DFInstaObserve: /clips/discover/stream/
08-14 01:05:51.069 32630  4025 I DFInstaObserve: !toggles +blocked disable_feed=0 disable_explore=0 disable_reels=0 disable_stories=0 disable_adds=0
08-14 01:05:51.090 32630  4025 I DFInstaObserve: !toggles +blocked disable_feed=0 disable_explore=0 disable_reels=0 disable_stories=0 disable_adds=0
08-14 01:05:53.154 32630  4383 I DFInstaObserve: !toggles +blocked disable_feed=0 disable_explore=0 disable_reels=0 disable_stories=0 disable_adds=0
08-14 01:05:53.160 32630  4382 I DFInstaObserve: !toggles +blocked disable_feed=0 disable_explore=0 disable_reels=0 disable_stories=0 disable_adds=0
