08-15 17:06:28.281 26688 26846 I DFInstaObserve: !toggles +blocked disable_feed=0 disable_explore=0 disable_reels=0 disable_stories=0 disable_adds=0
08-15 17:06:28.281 26688 26846 I DFInstaObserve: /feed/timeline/
08-15 17:06:28.281 26688 26819 I DFInstaObserve: !toggles +blocked disable_feed=0 disable_explore=0 disable_reels=0 disable_stories=0 disable_adds=0
08-15 17:06:28.281 26688 26819 I DFInstaObserve: /feed/reels_tray/
08-15 17:06:28.658 26688 26896 I DFInstaObserve: !toggles +blocked disable_feed=0 disable_explore=0 disable_reels=0 disable_stories=0 disable_adds=0
08-15 17:06:29.134 26688 26896 I DFInstaObserve: !toggles +blocked disable_feed=0 disable_explore=0 disable_reels=0 disable_stories=0 disable_adds=0
08-15 17:06:29.148 26688 26760 I DFInstaObserve: !toggles +blocked disable_feed=0 disable_explore=0 disable_reels=0 disable_stories=0 disable_adds=0
08-15 17:06:30.458 26688 26726 I DFInstaObserve: !toggles +blocked disable_feed=0 disable_explore=0 disable_reels=0 disable_stories=0 disable_adds=0
08-15 17:06:30.468 26688 26726 I DFInstaObserve: !toggles +blocked disable_feed=0 disable_explore=0 disable_reels=0 disable_stories=0 disable_adds=0
08-15 17:06:30.735 26688 26846 I DFInstaObserve: !toggles +blocked disable_feed=0 disable_explore=0 disable_reels=0 disable_stories=0 disable_adds=0
08-15 17:06:30.735 26688 26846 I DFInstaObserve: /feed/timeline/
08-15 17:06:30.741 26688 26819 I DFInstaObserve: !toggles +blocked disable_feed=0 disable_explore=0 disable_reels=0 disable_stories=0 disable_adds=0
08-15 17:06:30.947 26688 26759 I DFInstaObserve: !toggles +blocked disable_feed=0 disable_explore=0 disable_reels=0 disable_stories=0 disable_adds=0
08-15 17:06:31.032 26688 26872 I DFInstaObserve: !toggles +blocked disable_feed=0 disable_explore=0 disable_reels=0 disable_stories=0 disable_adds=0
08-15 17:06:31.096 26688 26872 I DFInstaObserve: !toggles +blocked disable_feed=0 disable_explore=0 disable_reels=0 disable_stories=0 disable_adds=0
08-15 17:06:31.154 26688 26819 I DFInstaObserve: !toggles +blocked disable_feed=0 disable_explore=0 disable_reels=0 disable_stories=0 disable_adds=0
08-15 17:06:31.690 26688 26986 I DFInstaObserve: !toggles +blocked disable_feed=0 disable_explore=0 disable_reels=0 disable_stories=0 disable_adds=0
08-15 17:06:33.659 26688 26896 I DFInstaObserve: !toggles +blocked disable_feed=0 disable_explore=0 disable_reels=0 disable_stories=0 disable_adds=0
08-15 17:06:33.991 26688 27052 I DFInstaObserve: !toggles +blocked disable_feed=0 disable_explore=0 disable_reels=0 disable_stories=0 disable_adds=0
08-15 17:06:33.996 26688 27052 I DFInstaObserve: !toggles +blocked disable_feed=0 disable_explore=0 disable_reels=0 disable_stories=0 disable_adds=0
08-15 17:06:34.084 26688 26776 I DFInstaObserve: !toggles +blocked disable_feed=0 disable_explore=0 disable_reels=0 disable_stories=0 disable_adds=0
08-15 17:06:34.187 26688 26986 I DFInstaObserve: !toggles +blocked disable_feed=0 disable_explore=0 disable_reels=0 disable_stories=0 disable_adds=0
08-15 17:06:34.200 26688 26872 I DFInstaObserve: !toggles +blocked disable_feed=0 disable_explore=0 disable_reels=0 disable_stories=0 disable_adds=0
08-15 17:06:34.236 26688 26872 I DFInstaObserve: !toggles +blocked disable_feed=0 disable_explore=0 disable_reels=0 disable_stories=0 disable_adds=0
08-15 17:06:34.277 26688 26872 I DFInstaObserve: !toggles +blocked disable_feed=0 disable_explore=0 disable_reels=0 disable_stories=0 disable_adds=0
08-15 17:06:34.325 26688 26872 I DFInstaObserve: !toggles +blocked disable_feed=0 disable_explore=0 disable_reels=0 disable_stories=0 disable_adds=0
08-15 17:06:34.374 26688 26872 I DFInstaObserve: !toggles +blocked disable_feed=0 disable_explore=0 disable_reels=0 disable_stories=0 disable_adds=0
08-15 17:06:34.398 26688 27068 I DFInstaObserve: !toggles +blocked disable_feed=0 disable_explore=0 disable_reels=0 disable_stories=0 disable_adds=0
08-15 17:06:34.472 26688 26872 I DFInstaObserve: !toggles +blocked disable_feed=0 disable_explore=0 disable_reels=0 disable_stories=0 disable_adds=0
08-15 17:06:34.520 26688 26872 I DFInstaObserve: !toggles +blocked disable_feed=0 disable_explore=0 disable_reels=0 disable_stories=0 disable_adds=0
08-15 17:06:34.548 26688 27083 I DFInstaObserve: !toggles +blocked disable_feed=0 disable_explore=0 disable_reels=0 disable_stories=0 disable_adds=0
08-15 17:06:34.566 26688 26872 I DFInstaObserve: !toggles +blocked disable_feed=0 disable_explore=0 disable_reels=0 disable_stories=0 disable_adds=0
08-15 17:06:34.584 26688 26749 I DFInstaObserve: !toggles +blocked disable_feed=0 disable_explore=0 disable_reels=0 disable_stories=0 disable_adds=0
08-15 17:06:34.626 26688 26872 I DFInstaObserve: !toggles +blocked disable_feed=0 disable_explore=0 disable_reels=0 disable_stories=0 disable_adds=0
08-15 17:06:34.750 26688 26872 I DFInstaObserve: !toggles +blocked disable_feed=0 disable_explore=0 disable_reels=0 disable_stories=0 disable_adds=0
08-15 17:06:34.766 26688 26731 I DFInstaObserve: !toggles +blocked disable_feed=0 disable_explore=0 disable_reels=0 disable_stories=0 disable_adds=0
08-15 17:06:34.766 26688 26731 I DFInstaObserve: /discover/topical_explore
08-15 17:06:34.785 26688 26872 I DFInstaObserve: !toggles +blocked disable_feed=0 disable_explore=0 disable_reels=0 disable_stories=0 disable_adds=0
08-15 17:06:34.850 26688 26872 I DFInstaObserve: !toggles +blocked disable_feed=0 disable_explore=0 disable_reels=0 disable_stories=0 disable_adds=0
08-15 17:06:34.875 26688 27073 I DFInstaObserve: !toggles +blocked disable_feed=0 disable_explore=0 disable_reels=0 disable_stories=0 disable_adds=0
08-15 17:06:34.983 26688 26872 I DFInstaObserve: !toggles +blocked disable_feed=0 disable_explore=0 disable_reels=0 disable_stories=0 disable_adds=0
08-15 17:06:35.074 26688 26872 I DFInstaObserve: !toggles +blocked disable_feed=0 disable_explore=0 disable_reels=0 disable_stories=0 disable_adds=0
08-15 17:06:35.118 26688 26872 I DFInstaObserve: !toggles +blocked disable_feed=0 disable_explore=0 disable_reels=0 disable_stories=0 disable_adds=0
08-15 17:06:35.154 26688 27104 I DFInstaObserve: !toggles +blocked disable_feed=0 disable_explore=0 disable_reels=0 disable_stories=0 disable_adds=0
08-15 17:06:35.161 26688 26872 I DFInstaObserve: !toggles +blocked disable_feed=0 disable_explore=0 disable_reels=0 disable_stories=0 disable_adds=0
08-15 17:06:35.249 26688 27102 I DFInstaObserve: !toggles +blocked disable_feed=0 disable_explore=0 disable_reels=0 disable_stories=0 disable_adds=0
08-15 17:06:35.510 26688 27103 I DFInstaObserve: !toggles +blocked disable_feed=0 disable_explore=0 disable_reels=0 disable_stories=0 disable_adds=0
08-15 17:06:35.616 26688 27092 I DFInstaObserve: !toggles +blocked disable_feed=0 disable_explore=0 disable_reels=0 disable_stories=0 disable_adds=0
08-15 17:06:35.625 26688 27024 I DFInstaObserve: !toggles +blocked disable_feed=0 disable_explore=0 disable_reels=0 disable_stories=0 disable_adds=0
08-15 17:06:35.986 26688 27078 I DFInstaObserve: !toggles +blocked disable_feed=0 disable_explore=0 disable_reels=0 disable_stories=0 disable_adds=0
08-15 17:06:36.034 26688 27073 I DFInstaObserve: !toggles +blocked disable_feed=0 disable_explore=0 disable_reels=0 disable_stories=0 disable_adds=0
08-15 17:06:36.097 26688 27128 I DFInstaObserve: !toggles +blocked disable_feed=0 disable_explore=0 disable_reels=0 disable_stories=0 disable_adds=0
08-15 17:06:36.100 26688 27024 I DFInstaObserve: !toggles +blocked disable_feed=0 disable_explore=0 disable_reels=0 disable_stories=0 disable_adds=0
08-15 17:06:36.252 26688 27135 I DFInstaObserve: !toggles +blocked disable_feed=0 disable_explore=0 disable_reels=0 disable_stories=0 disable_adds=0
08-15 17:06:36.482 26688 26749 I DFInstaObserve: !toggles +blocked disable_feed=0 disable_explore=0 disable_reels=0 disable_stories=0 disable_adds=0
08-15 17:06:36.497 26688 27140 I DFInstaObserve: !toggles +blocked disable_feed=0 disable_explore=0 disable_reels=0 disable_stories=0 disable_adds=0
08-15 17:06:38.689 26688 26986 I DFInstaObserve: !toggles +blocked disable_feed=0 disable_explore=0 disable_reels=0 disable_stories=0 disable_adds=0
08-15 17:06:39.427 26688 27141 I DFInstaObserve: !toggles +blocked disable_feed=0 disable_explore=0 disable_reels=0 disable_stories=0 disable_adds=0
08-15 17:06:39.435 26688 27141 I DFInstaObserve: !toggles +blocked disable_feed=0 disable_explore=0 disable_reels=0 disable_stories=0 disable_adds=0
08-15 17:06:39.572 26688 26731 I DFInstaObserve: !toggles +blocked disable_feed=0 disable_explore=0 disable_reels=0 disable_stories=0 disable_adds=0
08-15 17:06:39.614 26688 27169 I DFInstaObserve: !toggles +blocked disable_feed=0 disable_explore=0 disable_reels=0 disable_stories=0 disable_adds=0
08-15 17:06:39.686 26688 27101 I DFInstaObserve: !toggles +blocked disable_feed=0 disable_explore=0 disable_reels=0 disable_stories=0 disable_adds=0
08-15 17:06:39.806 26688 26776 I DFInstaObserve: !toggles +blocked disable_feed=0 disable_explore=0 disable_reels=0 disable_stories=0 disable_adds=0
08-15 17:06:39.851 26688 26731 I DFInstaObserve: !toggles +blocked disable_feed=0 disable_explore=0 disable_reels=0 disable_stories=0 disable_adds=0
08-15 17:06:39.872 26688 26872 I DFInstaObserve: !toggles +blocked disable_feed=0 disable_explore=0 disable_reels=0 disable_stories=0 disable_adds=0
08-15 17:06:39.896 26688 27101 I DFInstaObserve: !toggles +blocked disable_feed=0 disable_explore=0 disable_reels=0 disable_stories=0 disable_adds=0
08-15 17:06:39.939 26688 27172 I DFInstaObserve: !toggles +blocked disable_feed=0 disable_explore=0 disable_reels=0 disable_stories=0 disable_adds=0
08-15 17:06:40.082 26688 27169 I DFInstaObserve: !toggles +blocked disable_feed=0 disable_explore=0 disable_reels=0 disable_stories=0 disable_adds=0
08-15 17:06:40.123 26688 26872 I DFInstaObserve: !toggles +blocked disable_feed=0 disable_explore=0 disable_reels=0 disable_stories=0 disable_adds=0
08-15 17:06:40.126 26688 27170 I DFInstaObserve: !toggles +blocked disable_feed=0 disable_explore=0 disable_reels=0 disable_stories=0 disable_adds=0
08-15 17:06:40.173 26688 26776 I DFInstaObserve: !toggles +blocked disable_feed=0 disable_explore=0 disable_reels=0 disable_stories=0 disable_adds=0
08-15 17:06:40.174 26688 26872 I DFInstaObserve: !toggles +blocked disable_feed=0 disable_explore=0 disable_reels=0 disable_stories=0 disable_adds=0
08-15 17:06:40.211 26688 27171 I DFInstaObserve: !toggles +blocked disable_feed=0 disable_explore=0 disable_reels=0 disable_stories=0 disable_adds=0
08-15 17:06:40.228 26688 26872 I DFInstaObserve: !toggles +blocked disable_feed=0 disable_explore=0 disable_reels=0 disable_stories=0 disable_adds=0
08-15 17:06:40.261 26688 27169 I DFInstaObserve: !toggles +blocked disable_feed=0 disable_explore=0 disable_reels=0 disable_stories=0 disable_adds=0
08-15 17:06:40.268 26688 26872 I DFInstaObserve: !toggles +blocked disable_feed=0 disable_explore=0 disable_reels=0 disable_stories=0 disable_adds=0
08-15 17:06:40.329 26688 27171 I DFInstaObserve: !toggles +blocked disable_feed=0 disable_explore=0 disable_reels=0 disable_stories=0 disable_adds=0
08-15 17:06:40.366 26688 27172 I DFInstaObserve: !toggles +blocked disable_feed=0 disable_explore=0 disable_reels=0 disable_stories=0 disable_adds=0
08-15 17:06:40.462 26688 27170 I DFInstaObserve: !toggles +blocked disable_feed=0 disable_explore=0 disable_reels=0 disable_stories=0 disable_adds=0
08-15 17:06:40.472 26688 26872 I DFInstaObserve: !toggles +blocked disable_feed=0 disable_explore=0 disable_reels=0 disable_stories=0 disable_adds=0
08-15 17:06:40.572 26688 27168 I DFInstaObserve: !toggles +blocked disable_feed=0 disable_explore=0 disable_reels=0 disable_stories=0 disable_adds=0
08-15 17:06:40.581 26688 27101 I DFInstaObserve: !toggles +blocked disable_feed=0 disable_explore=0 disable_reels=0 disable_stories=0 disable_adds=0
08-15 17:06:40.649 26688 26872 I DFInstaObserve: !toggles +blocked disable_feed=0 disable_explore=0 disable_reels=0 disable_stories=0 disable_adds=0
08-15 17:06:40.722 26688 26872 I DFInstaObserve: !toggles +blocked disable_feed=0 disable_explore=0 disable_reels=0 disable_stories=0 disable_adds=0
08-15 17:06:40.777 26688 26872 I DFInstaObserve: !toggles +blocked disable_feed=0 disable_explore=0 disable_reels=0 disable_stories=0 disable_adds=0
08-15 17:06:40.851 26688 26872 I DFInstaObserve: !toggles +blocked disable_feed=0 disable_explore=0 disable_reels=0 disable_stories=0 disable_adds=0
08-15 17:06:40.882 26688 27127 I DFInstaObserve: !toggles +blocked disable_feed=0 disable_explore=0 disable_reels=0 disable_stories=0 disable_adds=0
08-15 17:06:40.908 26688 26872 I DFInstaObserve: !toggles +blocked disable_feed=0 disable_explore=0 disable_reels=0 disable_stories=0 disable_adds=0
08-15 17:06:40.990 26688 26872 I DFInstaObserve: !toggles +blocked disable_feed=0 disable_explore=0 disable_reels=0 disable_stories=0 disable_adds=0
08-15 17:06:41.081 26688 27127 I DFInstaObserve: !toggles +blocked disable_feed=0 disable_explore=0 disable_reels=0 disable_stories=0 disable_adds=0
08-15 17:06:41.475 26688 26896 I DFInstaObserve: !toggles +blocked disable_feed=0 disable_explore=0 disable_reels=0 disable_stories=0 disable_adds=0
08-15 17:06:41.963 26688 26896 I DFInstaObserve: !toggles +blocked disable_feed=0 disable_explore=0 disable_reels=0 disable_stories=0 disable_adds=0
08-15 17:06:43.683 26688 26986 I DFInstaObserve: !toggles +blocked disable_feed=0 disable_explore=0 disable_reels=0 disable_stories=0 disable_adds=0
08-15 17:06:45.813 26688 27170 I DFInstaObserve: !toggles +blocked disable_feed=0 disable_explore=0 disable_reels=0 disable_stories=0 disable_adds=0
08-15 17:06:45.813 26688 27170 I DFInstaObserve: /feed/timeline/
08-15 17:06:45.817 26688 27223 I DFInstaObserve: !toggles +blocked disable_feed=0 disable_explore=0 disable_reels=0 disable_stories=0 disable_adds=0
08-15 17:06:45.817 26688 27223 I DFInstaObserve: /feed/reels_tray/
08-15 17:06:47.766 26688 27141 I DFInstaObserve: !toggles +blocked disable_feed=0 disable_explore=0 disable_reels=0 disable_stories=0 disable_adds=0
08-15 17:06:47.856 26688 26872 I DFInstaObserve: !toggles +blocked disable_feed=0 disable_explore=0 disable_reels=0 disable_stories=0 disable_adds=0
08-15 17:06:48.096 26688 27170 I DFInstaObserve: !toggles +blocked disable_feed=0 disable_explore=0 disable_reels=0 disable_stories=0 disable_adds=0
08-15 17:06:48.096 26688 27170 I DFInstaObserve: /feed/timeline/
08-15 17:06:49.211 26688 27246 I DFInstaObserve: !toggles +blocked disable_feed=0 disable_explore=0 disable_reels=0 disable_stories=0 disable_adds=0
08-15 17:06:49.239 26688 27246 I DFInstaObserve: !toggles +blocked disable_feed=0 disable_explore=0 disable_reels=0 disable_stories=0 disable_adds=0
08-15 17:06:51.033 26688 26896 I DFInstaObserve: !toggles +blocked disable_feed=0 disable_explore=0 disable_reels=0 disable_stories=0 disable_adds=0
08-15 17:06:51.167 26688 27052 I DFInstaObserve: !toggles +blocked disable_feed=0 disable_explore=0 disable_reels=0 disable_stories=0 disable_adds=0
08-15 17:06:51.180 26688 27052 I DFInstaObserve: !toggles +blocked disable_feed=0 disable_explore=0 disable_reels=0 disable_stories=0 disable_adds=0
08-15 17:06:51.414 26688 26872 I DFInstaObserve: !toggles +blocked disable_feed=0 disable_explore=0 disable_reels=0 disable_stories=0 disable_adds=0
08-15 17:06:51.471 26688 26872 I DFInstaObserve: !toggles +blocked disable_feed=0 disable_explore=0 disable_reels=0 disable_stories=0 disable_adds=0
08-15 17:06:51.531 26688 27170 I DFInstaObserve: !toggles +blocked disable_feed=0 disable_explore=0 disable_reels=0 disable_stories=0 disable_adds=0
08-15 17:06:51.562 26688 26872 I DFInstaObserve: !toggles +blocked disable_feed=0 disable_explore=0 disable_reels=0 disable_stories=0 disable_adds=0
08-15 17:06:51.600 26688 26872 I DFInstaObserve: !toggles +blocked disable_feed=0 disable_explore=0 disable_reels=0 disable_stories=0 disable_adds=0
08-15 17:06:51.629 26688 27241 I DFInstaObserve: !toggles +blocked disable_feed=0 disable_explore=0 disable_reels=0 disable_stories=0 disable_adds=0
08-15 17:06:51.645 26688 26872 I DFInstaObserve: !toggles +blocked disable_feed=0 disable_explore=0 disable_reels=0 disable_stories=0 disable_adds=0
08-15 17:06:51.696 26688 26872 I DFInstaObserve: !toggles +blocked disable_feed=0 disable_explore=0 disable_reels=0 disable_stories=0 disable_adds=0
08-15 17:06:51.703 26688 27246 I DFInstaObserve: !toggles +blocked disable_feed=0 disable_explore=0 disable_reels=0 disable_stories=0 disable_adds=0
08-15 17:06:51.752 26688 26872 I DFInstaObserve: !toggles +blocked disable_feed=0 disable_explore=0 disable_reels=0 disable_stories=0 disable_adds=0
08-15 17:06:51.878 26688 27256 I DFInstaObserve: !toggles +blocked disable_feed=0 disable_explore=0 disable_reels=0 disable_stories=0 disable_adds=0
08-15 17:06:51.949 26688 26872 I DFInstaObserve: !toggles +blocked disable_feed=0 disable_explore=0 disable_reels=0 disable_stories=0 disable_adds=0
08-15 17:06:51.979 26688 27232 I DFInstaObserve: !toggles +blocked disable_feed=0 disable_explore=0 disable_reels=0 disable_stories=0 disable_adds=0
08-15 17:06:52.025 26688 27170 I DFInstaObserve: !toggles +blocked disable_feed=0 disable_explore=0 disable_reels=0 disable_stories=0 disable_adds=0
08-15 17:06:52.317 26688 27240 I DFInstaObserve: !toggles +blocked disable_feed=0 disable_explore=0 disable_reels=0 disable_stories=0 disable_adds=0
08-15 17:06:52.609 26688 27232 I DFInstaObserve: !toggles +blocked disable_feed=0 disable_explore=0 disable_reels=0 disable_stories=0 disable_adds=0
08-15 17:06:53.934 26688 27221 I DFInstaObserve: !toggles +blocked disable_feed=0 disable_explore=0 disable_reels=0 disable_stories=0 disable_adds=0
08-15 17:06:53.934 26688 27221 I DFInstaObserve: /feed/timeline/
08-15 17:06:53.935 26688 27273 I DFInstaObserve: !toggles +blocked disable_feed=0 disable_explore=0 disable_reels=0 disable_stories=0 disable_adds=0
08-15 17:06:53.935 26688 27273 I DFInstaObserve: /feed/reels_tray/
08-15 17:06:55.099 26688 27141 I DFInstaObserve: !toggles +blocked disable_feed=0 disable_explore=0 disable_reels=0 disable_stories=0 disable_adds=0
08-15 17:06:55.715 26688 27141 I DFInstaObserve: !toggles +blocked disable_feed=0 disable_explore=0 disable_reels=0 disable_stories=0 disable_adds=0
08-15 17:06:55.782 26688 26872 I DFInstaObserve: !toggles +blocked disable_feed=0 disable_explore=0 disable_reels=0 disable_stories=0 disable_adds=0
08-15 17:06:55.831 26688 26872 I DFInstaObserve: !toggles +blocked disable_feed=0 disable_explore=0 disable_reels=0 disable_stories=0 disable_adds=0
08-15 17:06:56.040 26688 27221 I DFInstaObserve: !toggles +blocked disable_feed=0 disable_explore=0 disable_reels=0 disable_stories=0 disable_adds=0
08-15 17:06:56.040 26688 27221 I DFInstaObserve: /feed/timeline/
08-15 17:06:57.326 26688 27285 I DFInstaObserve: !toggles +blocked disable_feed=0 disable_explore=0 disable_reels=0 disable_stories=0 disable_adds=0
08-15 17:06:57.355 26688 27285 I DFInstaObserve: !toggles +blocked disable_feed=0 disable_explore=0 disable_reels=0 disable_stories=0 disable_adds=0
08-15 17:06:59.019 26688 27141 I DFInstaObserve: !toggles +blocked disable_feed=0 disable_explore=0 disable_reels=0 disable_stories=0 disable_adds=0
08-15 17:06:59.025 26688 27141 I DFInstaObserve: !toggles +blocked disable_feed=0 disable_explore=0 disable_reels=0 disable_stories=0 disable_adds=0
08-15 17:06:59.209 26688 26872 I DFInstaObserve: !toggles +blocked disable_feed=0 disable_explore=0 disable_reels=0 disable_stories=0 disable_adds=0
08-15 17:06:59.231 26688 26896 I DFInstaObserve: !toggles +blocked disable_feed=0 disable_explore=0 disable_reels=0 disable_stories=0 disable_adds=0
08-15 17:06:59.279 26688 26872 I DFInstaObserve: !toggles +blocked disable_feed=0 disable_explore=0 disable_reels=0 disable_stories=0 disable_adds=0
08-15 17:06:59.319 26688 26872 I DFInstaObserve: !toggles +blocked disable_feed=0 disable_explore=0 disable_reels=0 disable_stories=0 disable_adds=0
08-15 17:06:59.372 26688 27296 I DFInstaObserve: !toggles +blocked disable_feed=0 disable_explore=0 disable_reels=0 disable_stories=0 disable_adds=0
08-15 17:06:59.496 26688 26872 I DFInstaObserve: !toggles +blocked disable_feed=0 disable_explore=0 disable_reels=0 disable_stories=0 disable_adds=0
08-15 17:06:59.689 26688 27255 I DFInstaObserve: !toggles +blocked disable_feed=0 disable_explore=0 disable_reels=0 disable_stories=0 disable_adds=0
08-15 17:06:59.729 26688 27272 I DFInstaObserve: !toggles +blocked disable_feed=0 disable_explore=0 disable_reels=0 disable_stories=0 disable_adds=0
08-15 17:06:59.822 26688 27285 I DFInstaObserve: !toggles +blocked disable_feed=0 disable_explore=0 disable_reels=0 disable_stories=0 disable_adds=0
08-15 17:07:04.328 26688 27285 I DFInstaObserve: !toggles +blocked disable_feed=0 disable_explore=0 disable_reels=0 disable_stories=0 disable_adds=0
08-15 17:07:05.792 26688 27345 I DFInstaObserve: !toggles +blocked disable_feed=0 disable_explore=0 disable_reels=0 disable_stories=0 disable_adds=0
08-15 17:07:08.374 26688 27344 I DFInstaObserve: !toggles +blocked disable_feed=0 disable_explore=0 disable_reels=0 disable_stories=0 disable_adds=0
08-15 17:07:08.456 26688 27344 I DFInstaObserve: !toggles +blocked disable_feed=0 disable_explore=0 disable_reels=0 disable_stories=0 disable_adds=0
08-15 17:07:08.716 26688 27369 I DFInstaObserve: !toggles +blocked disable_feed=0 disable_explore=0 disable_reels=0 disable_stories=0 disable_adds=0
08-15 17:07:09.000 26688 27052 I DFInstaObserve: !toggles +blocked disable_feed=0 disable_explore=0 disable_reels=0 disable_stories=0 disable_adds=0
08-15 17:07:09.698 26688 27052 I DFInstaObserve: !toggles +blocked disable_feed=0 disable_explore=0 disable_reels=0 disable_stories=0 disable_adds=0
08-15 17:07:11.241 26688 27368 I DFInstaObserve: !toggles +blocked disable_feed=0 disable_explore=0 disable_reels=0 disable_stories=0 disable_adds=0
08-15 17:07:11.287 26688 27368 I DFInstaObserve: !toggles +blocked disable_feed=0 disable_explore=0 disable_reels=0 disable_stories=0 disable_adds=0
08-15 17:07:12.519 26688 27141 I DFInstaObserve: !toggles +blocked disable_feed=0 disable_explore=0 disable_reels=0 disable_stories=0 disable_adds=0
08-15 17:07:13.034 26688 27141 I DFInstaObserve: !toggles +blocked disable_feed=0 disable_explore=0 disable_reels=0 disable_stories=0 disable_adds=0
08-15 17:07:15.992 26688 27446 I DFInstaObserve: !toggles +blocked disable_feed=0 disable_explore=0 disable_reels=0 disable_stories=0 disable_adds=0
08-15 17:07:16.351 26688 27141 I DFInstaObserve: !toggles +blocked disable_feed=0 disable_explore=0 disable_reels=0 disable_stories=0 disable_adds=0
08-15 17:07:17.947 26688 27438 I DFInstaObserve: !toggles +blocked disable_feed=0 disable_explore=0 disable_reels=0 disable_stories=0 disable_adds=0
08-15 17:07:17.977 26688 27438 I DFInstaObserve: !toggles +blocked disable_feed=0 disable_explore=0 disable_reels=0 disable_stories=0 disable_adds=0
08-15 17:07:19.299 26688 27141 I DFInstaObserve: !toggles +blocked disable_feed=0 disable_explore=0 disable_reels=0 disable_stories=0 disable_adds=0
08-15 17:07:19.681 26688 27141 I DFInstaObserve: !toggles +blocked disable_feed=0 disable_explore=0 disable_reels=0 disable_stories=0 disable_adds=0
08-15 17:07:21.060 26688 27445 I DFInstaObserve: !toggles +blocked disable_feed=0 disable_explore=0 disable_reels=0 disable_stories=0 disable_adds=0
08-15 17:07:22.005 26688 27426 I DFInstaObserve: !toggles +blocked disable_feed=0 disable_explore=0 disable_reels=0 disable_stories=0 disable_adds=0
08-15 17:07:22.146 26688 27456 I DFInstaObserve: !toggles +blocked disable_feed=0 disable_explore=0 disable_reels=0 disable_stories=0 disable_adds=0
08-15 17:07:22.424 26688 27500 I DFInstaObserve: !toggles +blocked disable_feed=0 disable_explore=0 disable_reels=0 disable_stories=0 disable_adds=0
08-15 17:07:22.842 26688 27141 I DFInstaObserve: !toggles +blocked disable_feed=0 disable_explore=0 disable_reels=0 disable_stories=0 disable_adds=0
08-15 17:07:22.848 26688 27052 I DFInstaObserve: !toggles +blocked disable_feed=0 disable_explore=0 disable_reels=0 disable_stories=0 disable_adds=0
08-15 17:07:22.905 26688 26872 I DFInstaObserve: !toggles +blocked disable_feed=0 disable_explore=0 disable_reels=0 disable_stories=0 disable_adds=0
08-15 17:07:22.962 26688 26872 I DFInstaObserve: !toggles +blocked disable_feed=0 disable_explore=0 disable_reels=0 disable_stories=0 disable_adds=0
08-15 17:07:23.007 26688 27478 I DFInstaObserve: !toggles +blocked disable_feed=0 disable_explore=0 disable_reels=0 disable_stories=0 disable_adds=0
08-15 17:07:23.060 26688 27426 I DFInstaObserve: !toggles +blocked disable_feed=0 disable_explore=0 disable_reels=0 disable_stories=0 disable_adds=0
08-15 17:07:23.075 26688 26896 I DFInstaObserve: !toggles +blocked disable_feed=0 disable_explore=0 disable_reels=0 disable_stories=0 disable_adds=0
08-15 17:07:23.111 26688 27454 I DFInstaObserve: !toggles +blocked disable_feed=0 disable_explore=0 disable_reels=0 disable_stories=0 disable_adds=0
08-15 17:07:23.195 26688 26872 I DFInstaObserve: !toggles +blocked disable_feed=0 disable_explore=0 disable_reels=0 disable_stories=0 disable_adds=0
08-15 17:07:23.203 26688 26896 I DFInstaObserve: !toggles +blocked disable_feed=0 disable_explore=0 disable_reels=0 disable_stories=0 disable_adds=0
08-15 17:07:23.258 26688 27478 I DFInstaObserve: !toggles +blocked disable_feed=0 disable_explore=0 disable_reels=0 disable_stories=0 disable_adds=0
08-15 17:07:23.359 26688 27385 I DFInstaObserve: !toggles +blocked disable_feed=0 disable_explore=0 disable_reels=0 disable_stories=0 disable_adds=0
08-15 17:07:24.466 26688 27496 I DFInstaObserve: !toggles +blocked disable_feed=0 disable_explore=0 disable_reels=0 disable_stories=0 disable_adds=0
08-15 17:07:24.512 26688 27500 I DFInstaObserve: !toggles +blocked disable_feed=0 disable_explore=0 disable_reels=0 disable_stories=0 disable_adds=0
08-15 17:07:24.514 26688 27496 I DFInstaObserve: !toggles +blocked disable_feed=0 disable_explore=0 disable_reels=0 disable_stories=0 disable_adds=0
08-15 17:07:26.976 26688 27496 I DFInstaObserve: !toggles +blocked disable_feed=0 disable_explore=0 disable_reels=0 disable_stories=0 disable_adds=0
08-15 17:07:26.999 26688 27500 I DFInstaObserve: !toggles +blocked disable_feed=0 disable_explore=0 disable_reels=0 disable_stories=0 disable_adds=0
08-15 17:07:30.079 26688 27474 I DFInstaObserve: !toggles +blocked disable_feed=0 disable_explore=0 disable_reels=0 disable_stories=0 disable_adds=0
08-15 17:07:30.079 26688 27474 I DFInstaObserve: /discover/topical_explore
08-15 17:07:30.377 26688 27592 I DFInstaObserve: !toggles +blocked disable_feed=0 disable_explore=0 disable_reels=0 disable_stories=0 disable_adds=0
08-15 17:07:32.477 26688 27591 I DFInstaObserve: !toggles +blocked disable_feed=0 disable_explore=0 disable_reels=0 disable_stories=0 disable_adds=0
08-15 17:07:32.598 26688 27598 I DFInstaObserve: !toggles +blocked disable_feed=0 disable_explore=0 disable_reels=0 disable_stories=0 disable_adds=0
08-15 17:07:32.873 26688 27141 I DFInstaObserve: !toggles +blocked disable_feed=0 disable_explore=0 disable_reels=0 disable_stories=0 disable_adds=0
08-15 17:07:32.881 26688 27141 I DFInstaObserve: !toggles +blocked disable_feed=0 disable_explore=0 disable_reels=0 disable_stories=0 disable_adds=0
08-15 17:07:32.888 26688 27141 I DFInstaObserve: !toggles +blocked disable_feed=0 disable_explore=0 disable_reels=0 disable_stories=0 disable_adds=0
08-15 17:07:33.370 26688 27141 I DFInstaObserve: !toggles +blocked disable_feed=0 disable_explore=0 disable_reels=0 disable_stories=0 disable_adds=0
08-15 17:07:33.377 26688 27052 I DFInstaObserve: !toggles +blocked disable_feed=0 disable_explore=0 disable_reels=0 disable_stories=0 disable_adds=0
08-15 17:07:33.395 26688 27511 I DFInstaObserve: !toggles +blocked disable_feed=0 disable_explore=0 disable_reels=0 disable_stories=0 disable_adds=0
08-15 17:07:33.395 26688 27511 I DFInstaObserve: /discover/topical_explore
08-15 17:07:33.436 26688 27140 I DFInstaObserve: !toggles +blocked disable_feed=0 disable_explore=0 disable_reels=0 disable_stories=0 disable_adds=0
08-15 17:07:33.445 26688 26872 I DFInstaObserve: !toggles +blocked disable_feed=0 disable_explore=0 disable_reels=0 disable_stories=0 disable_adds=0
08-15 17:07:33.463 26688 27617 I DFInstaObserve: !toggles +blocked disable_feed=0 disable_explore=0 disable_reels=0 disable_stories=0 disable_adds=0
08-15 17:07:33.525 26688 27474 I DFInstaObserve: !toggles +blocked disable_feed=0 disable_explore=0 disable_reels=0 disable_stories=0 disable_adds=0
08-15 17:07:33.537 26688 27140 I DFInstaObserve: !toggles +blocked disable_feed=0 disable_explore=0 disable_reels=0 disable_stories=0 disable_adds=0
08-15 17:07:33.588 26688 26872 I DFInstaObserve: !toggles +blocked disable_feed=0 disable_explore=0 disable_reels=0 disable_stories=0 disable_adds=0
08-15 17:07:33.650 26688 27140 I DFInstaObserve: !toggles +blocked disable_feed=0 disable_explore=0 disable_reels=0 disable_stories=0 disable_adds=0
08-15 17:07:33.661 26688 27605 I DFInstaObserve: !toggles +blocked disable_feed=0 disable_explore=0 disable_reels=0 disable_stories=0 disable_adds=0
08-15 17:07:33.665 26688 26872 I DFInstaObserve: !toggles +blocked disable_feed=0 disable_explore=0 disable_reels=0 disable_stories=0 disable_adds=0
08-15 17:07:33.671 26688 27140 I DFInstaObserve: !toggles +blocked disable_feed=0 disable_explore=0 disable_reels=0 disable_stories=0 disable_adds=0
08-15 17:07:33.708 26688 27454 I DFInstaObserve: !toggles +blocked disable_feed=0 disable_explore=0 disable_reels=0 disable_stories=0 disable_adds=0
08-15 17:07:33.743 26688 27639 I DFInstaObserve: !toggles +blocked disable_feed=0 disable_explore=0 disable_reels=0 disable_stories=0 disable_adds=0
08-15 17:07:33.784 26688 27140 I DFInstaObserve: !toggles +blocked disable_feed=0 disable_explore=0 disable_reels=0 disable_stories=0 disable_adds=0
08-15 17:07:33.788 26688 27140 I DFInstaObserve: !toggles +blocked disable_feed=0 disable_explore=0 disable_reels=0 disable_stories=0 disable_adds=0
08-15 17:07:33.876 26688 27456 I DFInstaObserve: !toggles +blocked disable_feed=0 disable_explore=0 disable_reels=0 disable_stories=0 disable_adds=0
08-15 17:07:34.038 26688 27603 I DFInstaObserve: !toggles +blocked disable_feed=0 disable_explore=0 disable_reels=0 disable_stories=0 disable_adds=0
08-15 17:07:34.072 26688 27140 I DFInstaObserve: !toggles +blocked disable_feed=0 disable_explore=0 disable_reels=0 disable_stories=0 disable_adds=0
08-15 17:07:34.079 26688 27650 I DFInstaObserve: !toggles +blocked disable_feed=0 disable_explore=0 disable_reels=0 disable_stories=0 disable_adds=0
08-15 17:07:34.087 26688 27651 I DFInstaObserve: !toggles +blocked disable_feed=0 disable_explore=0 disable_reels=0 disable_stories=0 disable_adds=0
08-15 17:07:35.412 26688 27650 I DFInstaObserve: !toggles +blocked disable_feed=0 disable_explore=0 disable_reels=0 disable_stories=0 disable_adds=0
08-15 17:07:35.535 26688 26872 I DFInstaObserve: !toggles +blocked disable_feed=0 disable_explore=0 disable_reels=0 disable_stories=0 disable_adds=0
08-15 17:07:35.569 26688 27639 I DFInstaObserve: !toggles +blocked disable_feed=0 disable_explore=0 disable_reels=0 disable_stories=0 disable_adds=0
08-15 17:07:35.620 26688 26872 I DFInstaObserve: !toggles +blocked disable_feed=0 disable_explore=0 disable_reels=0 disable_stories=0 disable_adds=0
08-15 17:07:35.669 26688 27639 I DFInstaObserve: !toggles +blocked disable_feed=0 disable_explore=0 disable_reels=0 disable_stories=0 disable_adds=0
08-15 17:07:36.437 26688 27662 I DFInstaObserve: !toggles +blocked disable_feed=0 disable_explore=0 disable_reels=0 disable_stories=0 disable_adds=0
08-15 17:07:36.445 26688 27052 I DFInstaObserve: !toggles +blocked disable_feed=0 disable_explore=0 disable_reels=0 disable_stories=0 disable_adds=0
08-15 17:07:36.488 26688 26872 I DFInstaObserve: !toggles +blocked disable_feed=0 disable_explore=0 disable_reels=0 disable_stories=0 disable_adds=0
08-15 17:07:36.568 26688 26872 I DFInstaObserve: !toggles +blocked disable_feed=0 disable_explore=0 disable_reels=0 disable_stories=0 disable_adds=0
08-15 17:07:36.585 26688 27571 I DFInstaObserve: !toggles +blocked disable_feed=0 disable_explore=0 disable_reels=0 disable_stories=0 disable_adds=0
08-15 17:07:36.649 26688 27608 I DFInstaObserve: !toggles +blocked disable_feed=0 disable_explore=0 disable_reels=0 disable_stories=0 disable_adds=0
08-15 17:07:36.722 26688 26872 I DFInstaObserve: !toggles +blocked disable_feed=0 disable_explore=0 disable_reels=0 disable_stories=0 disable_adds=0
08-15 17:07:36.737 26688 27571 I DFInstaObserve: !toggles +blocked disable_feed=0 disable_explore=0 disable_reels=0 disable_stories=0 disable_adds=0
08-15 17:07:36.737 26688 27571 I DFInstaObserve: /discover/topical_explore
08-15 17:07:36.767 26688 27608 I DFInstaObserve: !toggles +blocked disable_feed=0 disable_explore=0 disable_reels=0 disable_stories=0 disable_adds=0
08-15 17:07:36.837 26688 26872 I DFInstaObserve: !toggles +blocked disable_feed=0 disable_explore=0 disable_reels=0 disable_stories=0 disable_adds=0
08-15 17:07:36.842 26688 27659 I DFInstaObserve: !toggles +blocked disable_feed=0 disable_explore=0 disable_reels=0 disable_stories=0 disable_adds=0
08-15 17:07:36.938 26688 27454 I DFInstaObserve: !toggles +blocked disable_feed=0 disable_explore=0 disable_reels=0 disable_stories=0 disable_adds=0
08-15 17:07:36.939 26688 26872 I DFInstaObserve: !toggles +blocked disable_feed=0 disable_explore=0 disable_reels=0 disable_stories=0 disable_adds=0
08-15 17:07:36.998 26688 27605 I DFInstaObserve: !toggles +blocked disable_feed=0 disable_explore=0 disable_reels=0 disable_stories=0 disable_adds=0
08-15 17:07:37.007 26688 26872 I DFInstaObserve: !toggles +blocked disable_feed=0 disable_explore=0 disable_reels=0 disable_stories=0 disable_adds=0
08-15 17:07:37.049 26688 27617 I DFInstaObserve: !toggles +blocked disable_feed=0 disable_explore=0 disable_reels=0 disable_stories=0 disable_adds=0
08-15 17:07:37.178 26688 27140 I DFInstaObserve: !toggles +blocked disable_feed=0 disable_explore=0 disable_reels=0 disable_stories=0 disable_adds=0
08-15 17:07:37.192 26688 27606 I DFInstaObserve: !toggles +blocked disable_feed=0 disable_explore=0 disable_reels=0 disable_stories=0 disable_adds=0
08-15 17:07:37.256 26688 27608 I DFInstaObserve: !toggles +blocked disable_feed=0 disable_explore=0 disable_reels=0 disable_stories=0 disable_adds=0
08-15 17:07:37.283 26688 27454 I DFInstaObserve: !toggles +blocked disable_feed=0 disable_explore=0 disable_reels=0 disable_stories=0 disable_adds=0
08-15 17:07:37.316 26688 27608 I DFInstaObserve: !toggles +blocked disable_feed=0 disable_explore=0 disable_reels=0 disable_stories=0 disable_adds=0
08-15 17:07:37.359 26688 27608 I DFInstaObserve: !toggles +blocked disable_feed=0 disable_explore=0 disable_reels=0 disable_stories=0 disable_adds=0
08-15 17:07:37.413 26688 27603 I DFInstaObserve: !toggles +blocked disable_feed=0 disable_explore=0 disable_reels=0 disable_stories=0 disable_adds=0
08-15 17:07:39.130 26688 27673 I DFInstaObserve: !toggles +blocked disable_feed=0 disable_explore=0 disable_reels=0 disable_stories=0 disable_adds=0
08-15 17:07:39.170 26688 27673 I DFInstaObserve: !toggles +blocked disable_feed=0 disable_explore=0 disable_reels=0 disable_stories=0 disable_adds=0
08-15 17:07:39.346 26688 27679 I DFInstaObserve: !toggles +blocked disable_feed=0 disable_explore=0 disable_reels=0 disable_stories=0 disable_adds=0
08-15 17:07:39.872 26688 27052 I DFInstaObserve: !toggles +blocked disable_feed=0 disable_explore=0 disable_reels=0 disable_stories=0 disable_adds=0
08-15 17:07:39.876 26688 27662 I DFInstaObserve: !toggles +blocked disable_feed=0 disable_explore=0 disable_reels=0 disable_stories=0 disable_adds=0
08-15 17:07:39.914 26688 26872 I DFInstaObserve: !toggles +blocked disable_feed=0 disable_explore=0 disable_reels=0 disable_stories=0 disable_adds=0
08-15 17:07:39.968 26688 27608 I DFInstaObserve: !toggles +blocked disable_feed=0 disable_explore=0 disable_reels=0 disable_stories=0 disable_adds=0
08-15 17:07:40.012 26688 26872 I DFInstaObserve: !toggles +blocked disable_feed=0 disable_explore=0 disable_reels=0 disable_stories=0 disable_adds=0
08-15 17:07:40.023 26688 27690 I DFInstaObserve: !toggles +blocked disable_feed=0 disable_explore=0 disable_reels=0 disable_stories=0 disable_adds=0
08-15 17:07:40.067 26688 26872 I DFInstaObserve: !toggles +blocked disable_feed=0 disable_explore=0 disable_reels=0 disable_stories=0 disable_adds=0
08-15 17:07:40.125 26688 27608 I DFInstaObserve: !toggles +blocked disable_feed=0 disable_explore=0 disable_reels=0 disable_stories=0 disable_adds=0
08-15 17:07:40.125 26688 27608 I DFInstaObserve: /discover/topical_explore
08-15 17:07:40.150 26688 27606 I DFInstaObserve: !toggles +blocked disable_feed=0 disable_explore=0 disable_reels=0 disable_stories=0 disable_adds=0
08-15 17:07:40.248 26688 27704 I DFInstaObserve: !toggles +blocked disable_feed=0 disable_explore=0 disable_reels=0 disable_stories=0 disable_adds=0
08-15 17:07:40.258 26688 26872 I DFInstaObserve: !toggles +blocked disable_feed=0 disable_explore=0 disable_reels=0 disable_stories=0 disable_adds=0
08-15 17:07:40.320 26688 26872 I DFInstaObserve: !toggles +blocked disable_feed=0 disable_explore=0 disable_reels=0 disable_stories=0 disable_adds=0
08-15 17:07:40.366 26688 27617 I DFInstaObserve: !toggles +blocked disable_feed=0 disable_explore=0 disable_reels=0 disable_stories=0 disable_adds=0
08-15 17:07:40.404 26688 27693 I DFInstaObserve: !toggles +blocked disable_feed=0 disable_explore=0 disable_reels=0 disable_stories=0 disable_adds=0
08-15 17:07:40.464 26688 27617 I DFInstaObserve: !toggles +blocked disable_feed=0 disable_explore=0 disable_reels=0 disable_stories=0 disable_adds=0
08-15 17:07:40.513 26688 27692 I DFInstaObserve: !toggles +blocked disable_feed=0 disable_explore=0 disable_reels=0 disable_stories=0 disable_adds=0
08-15 17:07:40.592 26688 27617 I DFInstaObserve: !toggles +blocked disable_feed=0 disable_explore=0 disable_reels=0 disable_stories=0 disable_adds=0
08-15 17:07:40.607 26688 26872 I DFInstaObserve: !toggles +blocked disable_feed=0 disable_explore=0 disable_reels=0 disable_stories=0 disable_adds=0
08-15 17:07:40.614 26688 27720 I DFInstaObserve: !toggles +blocked disable_feed=0 disable_explore=0 disable_reels=0 disable_stories=0 disable_adds=0
08-15 17:07:40.693 26688 26872 I DFInstaObserve: !toggles +blocked disable_feed=0 disable_explore=0 disable_reels=0 disable_stories=0 disable_adds=0
08-15 17:07:40.737 26688 27693 I DFInstaObserve: !toggles +blocked disable_feed=0 disable_explore=0 disable_reels=0 disable_stories=0 disable_adds=0
08-15 17:07:40.782 26688 27706 I DFInstaObserve: !toggles +blocked disable_feed=0 disable_explore=0 disable_reels=0 disable_stories=0 disable_adds=0
08-15 17:07:40.824 26688 27692 I DFInstaObserve: !toggles +blocked disable_feed=0 disable_explore=0 disable_reels=0 disable_stories=0 disable_adds=0
08-15 17:07:40.962 26688 27706 I DFInstaObserve: !toggles +blocked disable_feed=0 disable_explore=0 disable_reels=0 disable_stories=0 disable_adds=0
08-15 17:07:40.995 26688 26872 I DFInstaObserve: !toggles +blocked disable_feed=0 disable_explore=0 disable_reels=0 disable_stories=0 disable_adds=0
08-15 17:07:41.017 26688 27693 I DFInstaObserve: !toggles +blocked disable_feed=0 disable_explore=0 disable_reels=0 disable_stories=0 disable_adds=0
08-15 17:07:41.075 26688 26872 I DFInstaObserve: !toggles +blocked disable_feed=0 disable_explore=0 disable_reels=0 disable_stories=0 disable_adds=0
08-15 17:07:41.144 26688 27692 I DFInstaObserve: !toggles +blocked disable_feed=0 disable_explore=0 disable_reels=0 disable_stories=0 disable_adds=0
08-15 17:07:41.183 26688 27456 I DFInstaObserve: !toggles +blocked disable_feed=0 disable_explore=0 disable_reels=0 disable_stories=0 disable_adds=0
08-15 17:07:41.214 26688 26872 I DFInstaObserve: !toggles +blocked disable_feed=0 disable_explore=0 disable_reels=0 disable_stories=0 disable_adds=0
08-15 17:07:42.585 26688 27712 I DFInstaObserve: !toggles +blocked disable_feed=0 disable_explore=0 disable_reels=0 disable_stories=0 disable_adds=0
08-15 17:07:42.939 26688 27719 I DFInstaObserve: !toggles +blocked disable_feed=0 disable_explore=0 disable_reels=0 disable_stories=0 disable_adds=0
08-15 17:07:44.212 26688 27052 I DFInstaObserve: !toggles +blocked disable_feed=0 disable_explore=0 disable_reels=0 disable_stories=0 disable_adds=0
08-15 17:07:44.217 26688 27052 I DFInstaObserve: !toggles +blocked disable_feed=0 disable_explore=0 disable_reels=0 disable_stories=0 disable_adds=0
08-15 17:07:44.222 26688 27052 I DFInstaObserve: !toggles +blocked disable_feed=0 disable_explore=0 disable_reels=0 disable_stories=0 disable_adds=0
08-15 17:07:44.434 26688 27761 I DFInstaObserve: !toggles +blocked disable_feed=0 disable_explore=0 disable_reels=0 disable_stories=0 disable_adds=0
08-15 17:07:44.438 26688 27052 I DFInstaObserve: !toggles +blocked disable_feed=0 disable_explore=0 disable_reels=0 disable_stories=0 disable_adds=0
08-15 17:07:44.461 26688 26872 I DFInstaObserve: !toggles +blocked disable_feed=0 disable_explore=0 disable_reels=0 disable_stories=0 disable_adds=0
08-15 17:07:44.510 26688 26872 I DFInstaObserve: !toggles +blocked disable_feed=0 disable_explore=0 disable_reels=0 disable_stories=0 disable_adds=0
08-15 17:07:44.531 26688 27511 I DFInstaObserve: !toggles +blocked disable_feed=0 disable_explore=0 disable_reels=0 disable_stories=0 disable_adds=0
08-15 17:07:44.548 26688 26872 I DFInstaObserve: !toggles +blocked disable_feed=0 disable_explore=0 disable_reels=0 disable_stories=0 disable_adds=0
08-15 17:07:44.566 26688 27704 I DFInstaObserve: !toggles +blocked disable_feed=0 disable_explore=0 disable_reels=0 disable_stories=0 disable_adds=0
08-15 17:07:44.591 26688 27731 I DFInstaObserve: !toggles +blocked disable_feed=0 disable_explore=0 disable_reels=0 disable_stories=0 disable_adds=0
08-15 17:07:44.610 26688 26872 I DFInstaObserve: !toggles +blocked disable_feed=0 disable_explore=0 disable_reels=0 disable_stories=0 disable_adds=0
08-15 17:07:44.646 26688 27731 I DFInstaObserve: !toggles +blocked disable_feed=0 disable_explore=0 disable_reels=0 disable_stories=0 disable_adds=0
08-15 17:07:44.647 26688 26872 I DFInstaObserve: !toggles +blocked disable_feed=0 disable_explore=0 disable_reels=0 disable_stories=0 disable_adds=0
08-15 17:07:44.680 26688 27511 I DFInstaObserve: !toggles +blocked disable_feed=0 disable_explore=0 disable_reels=0 disable_stories=0 disable_adds=0
08-15 17:07:44.699 26688 26872 I DFInstaObserve: !toggles +blocked disable_feed=0 disable_explore=0 disable_reels=0 disable_stories=0 disable_adds=0
08-15 17:07:44.726 26688 26872 I DFInstaObserve: !toggles +blocked disable_feed=0 disable_explore=0 disable_reels=0 disable_stories=0 disable_adds=0
08-15 17:07:44.774 26688 26872 I DFInstaObserve: !toggles +blocked disable_feed=0 disable_explore=0 disable_reels=0 disable_stories=0 disable_adds=0
08-15 17:07:44.803 26688 27704 I DFInstaObserve: !toggles +blocked disable_feed=0 disable_explore=0 disable_reels=0 disable_stories=0 disable_adds=0
08-15 17:07:44.904 26688 27766 I DFInstaObserve: !toggles +blocked disable_feed=0 disable_explore=0 disable_reels=0 disable_stories=0 disable_adds=0
08-15 17:07:44.944 26688 27511 I DFInstaObserve: !toggles +blocked disable_feed=0 disable_explore=0 disable_reels=0 disable_stories=0 disable_adds=0
08-15 17:07:45.004 26688 27766 I DFInstaObserve: !toggles +blocked disable_feed=0 disable_explore=0 disable_reels=0 disable_stories=0 disable_adds=0
08-15 17:07:45.053 26688 27571 I DFInstaObserve: !toggles +blocked disable_feed=0 disable_explore=0 disable_reels=0 disable_stories=0 disable_adds=0
08-15 17:07:45.122 26688 27511 I DFInstaObserve: !toggles +blocked disable_feed=0 disable_explore=0 disable_reels=0 disable_stories=0 disable_adds=0
08-15 17:07:45.213 26688 27704 I DFInstaObserve: !toggles +blocked disable_feed=0 disable_explore=0 disable_reels=0 disable_stories=0 disable_adds=0
08-15 17:07:45.323 26688 27571 I DFInstaObserve: !toggles +blocked disable_feed=0 disable_explore=0 disable_reels=0 disable_stories=0 disable_adds=0
08-15 17:07:46.155 26688 27755 I DFInstaObserve: !toggles +blocked disable_feed=0 disable_explore=0 disable_reels=0 disable_stories=0 disable_adds=0
08-15 17:07:46.232 26688 27755 I DFInstaObserve: !toggles +blocked disable_feed=0 disable_explore=0 disable_reels=0 disable_stories=0 disable_adds=0
08-15 17:07:46.851 26688 27511 I DFInstaObserve: !toggles +blocked disable_feed=0 disable_explore=0 disable_reels=0 disable_stories=0 disable_adds=0
08-15 17:07:47.012 26688 27052 I DFInstaObserve: !toggles +blocked disable_feed=0 disable_explore=0 disable_reels=0 disable_stories=0 disable_adds=0
08-15 17:07:47.021 26688 27052 I DFInstaObserve: !toggles +blocked disable_feed=0 disable_explore=0 disable_reels=0 disable_stories=0 disable_adds=0
08-15 17:07:47.098 26688 27140 I DFInstaObserve: !toggles +blocked disable_feed=0 disable_explore=0 disable_reels=0 disable_stories=0 disable_adds=0
08-15 17:07:47.114 26688 27791 I DFInstaObserve: !toggles +blocked disable_feed=0 disable_explore=0 disable_reels=0 disable_stories=0 disable_adds=0
08-15 17:07:47.319 26688 27140 I DFInstaObserve: !toggles +blocked disable_feed=0 disable_explore=0 disable_reels=0 disable_stories=0 disable_adds=0
08-15 17:07:47.364 26688 26896 I DFInstaObserve: !toggles +blocked disable_feed=0 disable_explore=0 disable_reels=0 disable_stories=0 disable_adds=0
08-15 17:07:47.494 26688 26896 I DFInstaObserve: !toggles +blocked disable_feed=0 disable_explore=0 disable_reels=0 disable_stories=0 disable_adds=0
08-15 17:07:47.612 26688 26896 I DFInstaObserve: !toggles +blocked disable_feed=0 disable_explore=0 disable_reels=0 disable_stories=0 disable_adds=0
08-15 17:07:47.708 26688 26896 I DFInstaObserve: !toggles +blocked disable_feed=0 disable_explore=0 disable_reels=0 disable_stories=0 disable_adds=0
08-15 17:07:47.812 26688 26896 I DFInstaObserve: !toggles +blocked disable_feed=0 disable_explore=0 disable_reels=0 disable_stories=0 disable_adds=0
08-15 17:07:49.445 26688 27800 I DFInstaObserve: !toggles +blocked disable_feed=0 disable_explore=0 disable_reels=0 disable_stories=0 disable_adds=0
08-15 17:07:49.447 26688 27799 I DFInstaObserve: !toggles +blocked disable_feed=0 disable_explore=0 disable_reels=0 disable_stories=0 disable_adds=0
08-15 17:07:51.912 26688 27800 I DFInstaObserve: !toggles +blocked disable_feed=0 disable_explore=0 disable_reels=0 disable_stories=0 disable_adds=0
08-15 17:07:51.913 26688 27799 I DFInstaObserve: !toggles +blocked disable_feed=0 disable_explore=0 disable_reels=0 disable_stories=0 disable_adds=0
08-15 17:07:54.849 26688 27766 I DFInstaObserve: !toggles +blocked disable_feed=0 disable_explore=0 disable_reels=0 disable_stories=0 disable_adds=0
08-15 17:07:54.849 26688 27766 I DFInstaObserve: /clips/discover
08-15 17:07:54.849 26688 27766 I DFInstaObserve: /clips/discover/stream/
08-15 17:07:55.252 26688 27761 I DFInstaObserve: !toggles +blocked disable_feed=0 disable_explore=0 disable_reels=0 disable_stories=0 disable_adds=0
08-15 17:07:55.301 26688 27824 I DFInstaObserve: !toggles +blocked disable_feed=0 disable_explore=0 disable_reels=0 disable_stories=0 disable_adds=0
08-15 17:07:57.371 26688 27836 I DFInstaObserve: !toggles +blocked disable_feed=0 disable_explore=0 disable_reels=0 disable_stories=0 disable_adds=0
08-15 17:07:57.375 26688 27835 I DFInstaObserve: !toggles +blocked disable_feed=0 disable_explore=0 disable_reels=0 disable_stories=0 disable_adds=0
08-15 17:07:58.747 26688 27761 I DFInstaObserve: !toggles +blocked disable_feed=0 disable_explore=0 disable_reels=0 disable_stories=0 disable_adds=0
08-15 17:07:58.761 26688 27761 I DFInstaObserve: !toggles +blocked disable_feed=0 disable_explore=0 disable_reels=0 disable_stories=0 disable_adds=0
08-15 17:07:58.825 26688 26872 I DFInstaObserve: !toggles +blocked disable_feed=0 disable_explore=0 disable_reels=0 disable_stories=0 disable_adds=0
08-15 17:07:58.837 26688 27761 I DFInstaObserve: !toggles +blocked disable_feed=0 disable_explore=0 disable_reels=0 disable_stories=0 disable_adds=0
08-15 17:07:58.892 26688 27706 I DFInstaObserve: !toggles +blocked disable_feed=0 disable_explore=0 disable_reels=0 disable_stories=0 disable_adds=0
08-15 17:07:59.503 26688 26872 I DFInstaObserve: !toggles +blocked disable_feed=0 disable_explore=0 disable_reels=0 disable_stories=0 disable_adds=0
08-15 17:07:59.540 26688 26872 I DFInstaObserve: !toggles +blocked disable_feed=0 disable_explore=0 disable_reels=0 disable_stories=0 disable_adds=0
08-15 17:07:59.614 26688 26872 I DFInstaObserve: !toggles +blocked disable_feed=0 disable_explore=0 disable_reels=0 disable_stories=0 disable_adds=0
08-15 17:08:00.073 26688 27761 I DFInstaObserve: !toggles +blocked disable_feed=0 disable_explore=0 disable_reels=0 disable_stories=0 disable_adds=0
08-15 17:08:00.085 26688 27761 I DFInstaObserve: !toggles +blocked disable_feed=0 disable_explore=0 disable_reels=0 disable_stories=0 disable_adds=0
08-15 17:08:00.156 26688 27766 I DFInstaObserve: !toggles +blocked disable_feed=0 disable_explore=0 disable_reels=0 disable_stories=0 disable_adds=0
08-15 17:08:00.278 26688 27790 I DFInstaObserve: !toggles +blocked disable_feed=0 disable_explore=0 disable_reels=0 disable_stories=0 disable_adds=0
08-15 17:08:00.286 26688 26872 I DFInstaObserve: !toggles +blocked disable_feed=0 disable_explore=0 disable_reels=0 disable_stories=0 disable_adds=0
08-15 17:08:00.391 26688 27849 I DFInstaObserve: !toggles +blocked disable_feed=0 disable_explore=0 disable_reels=0 disable_stories=0 disable_adds=0
08-15 17:08:00.491 26688 27706 I DFInstaObserve: !toggles +blocked disable_feed=0 disable_explore=0 disable_reels=0 disable_stories=0 disable_adds=0
08-15 17:08:00.587 26688 26872 I DFInstaObserve: !toggles +blocked disable_feed=0 disable_explore=0 disable_reels=0 disable_stories=0 disable_adds=0
08-15 17:08:00.607 26688 27849 I DFInstaObserve: !toggles +blocked disable_feed=0 disable_explore=0 disable_reels=0 disable_stories=0 disable_adds=0
08-15 17:08:00.627 26688 26872 I DFInstaObserve: !toggles +blocked disable_feed=0 disable_explore=0 disable_reels=0 disable_stories=0 disable_adds=0
08-15 17:08:00.687 26688 27878 I DFInstaObserve: !toggles +blocked disable_feed=0 disable_explore=0 disable_reels=0 disable_stories=0 disable_adds=0
08-15 17:08:00.694 26688 27879 I DFInstaObserve: !toggles +blocked disable_feed=0 disable_explore=0 disable_reels=0 disable_stories=0 disable_adds=0
08-15 17:08:00.736 26688 27813 I DFInstaObserve: !toggles +blocked disable_feed=0 disable_explore=0 disable_reels=0 disable_stories=0 disable_adds=0
08-15 17:08:00.799 26688 27901 I DFInstaObserve: !toggles +blocked disable_feed=0 disable_explore=0 disable_reels=0 disable_stories=0 disable_adds=0
08-15 17:08:00.864 26688 27824 I DFInstaObserve: !toggles +blocked disable_feed=0 disable_explore=0 disable_reels=0 disable_stories=0 disable_adds=0
08-15 17:08:00.875 26688 26872 I DFInstaObserve: !toggles +blocked disable_feed=0 disable_explore=0 disable_reels=0 disable_stories=0 disable_adds=0
08-15 17:08:00.910 26688 26872 I DFInstaObserve: !toggles +blocked disable_feed=0 disable_explore=0 disable_reels=0 disable_stories=0 disable_adds=0
08-15 17:08:00.974 26688 27764 I DFInstaObserve: !toggles +blocked disable_feed=0 disable_explore=0 disable_reels=0 disable_stories=0 disable_adds=0
08-15 17:08:01.077 26688 27813 I DFInstaObserve: !toggles +blocked disable_feed=0 disable_explore=0 disable_reels=0 disable_stories=0 disable_adds=0
08-15 17:08:01.432 26688 26872 I DFInstaObserve: !toggles +blocked disable_feed=0 disable_explore=0 disable_reels=0 disable_stories=0 disable_adds=0
08-15 17:08:01.473 26688 26872 I DFInstaObserve: !toggles +blocked disable_feed=0 disable_explore=0 disable_reels=0 disable_stories=0 disable_adds=0
08-15 17:08:01.949 26688 27052 I DFInstaObserve: !toggles +blocked disable_feed=0 disable_explore=0 disable_reels=0 disable_stories=0 disable_adds=0
08-15 17:08:01.993 26688 27052 I DFInstaObserve: !toggles +blocked disable_feed=0 disable_explore=0 disable_reels=0 disable_stories=0 disable_adds=0
08-15 17:08:02.050 26688 26872 I DFInstaObserve: !toggles +blocked disable_feed=0 disable_explore=0 disable_reels=0 disable_stories=0 disable_adds=0
08-15 17:08:02.092 26688 26872 I DFInstaObserve: !toggles +blocked disable_feed=0 disable_explore=0 disable_reels=0 disable_stories=0 disable_adds=0
08-15 17:08:02.385 26688 26872 I DFInstaObserve: !toggles +blocked disable_feed=0 disable_explore=0 disable_reels=0 disable_stories=0 disable_adds=0
08-15 17:08:02.430 26688 26872 I DFInstaObserve: !toggles +blocked disable_feed=0 disable_explore=0 disable_reels=0 disable_stories=0 disable_adds=0
08-15 17:08:03.108 26688 26872 I DFInstaObserve: !toggles +blocked disable_feed=0 disable_explore=0 disable_reels=0 disable_stories=0 disable_adds=0
08-15 17:08:03.144 26688 26872 I DFInstaObserve: !toggles +blocked disable_feed=0 disable_explore=0 disable_reels=0 disable_stories=0 disable_adds=0
08-15 17:08:03.672 26688 26872 I DFInstaObserve: !toggles +blocked disable_feed=0 disable_explore=0 disable_reels=0 disable_stories=0 disable_adds=0
08-15 17:08:03.710 26688 26872 I DFInstaObserve: !toggles +blocked disable_feed=0 disable_explore=0 disable_reels=0 disable_stories=0 disable_adds=0
08-15 17:08:03.979 26688 26872 I DFInstaObserve: !toggles +blocked disable_feed=0 disable_explore=0 disable_reels=0 disable_stories=0 disable_adds=0
08-15 17:08:04.016 26688 26872 I DFInstaObserve: !toggles +blocked disable_feed=0 disable_explore=0 disable_reels=0 disable_stories=0 disable_adds=0
08-15 17:08:04.050 26688 27921 I DFInstaObserve: !toggles +blocked disable_feed=0 disable_explore=0 disable_reels=0 disable_stories=0 disable_adds=0
08-15 17:08:04.051 26688 27922 I DFInstaObserve: !toggles +blocked disable_feed=0 disable_explore=0 disable_reels=0 disable_stories=0 disable_adds=0
08-15 17:08:04.591 26688 26872 I DFInstaObserve: !toggles +blocked disable_feed=0 disable_explore=0 disable_reels=0 disable_stories=0 disable_adds=0
08-15 17:08:04.649 26688 26872 I DFInstaObserve: !toggles +blocked disable_feed=0 disable_explore=0 disable_reels=0 disable_stories=0 disable_adds=0
08-15 17:08:05.055 26688 26872 I DFInstaObserve: !toggles +blocked disable_feed=0 disable_explore=0 disable_reels=0 disable_stories=0 disable_adds=0
08-15 17:08:05.105 26688 26872 I DFInstaObserve: !toggles +blocked disable_feed=0 disable_explore=0 disable_reels=0 disable_stories=0 disable_adds=0
08-15 17:08:05.160 26688 26872 I DFInstaObserve: !toggles +blocked disable_feed=0 disable_explore=0 disable_reels=0 disable_stories=0 disable_adds=0
08-15 17:08:05.332 26688 27761 I DFInstaObserve: !toggles +blocked disable_feed=0 disable_explore=0 disable_reels=0 disable_stories=0 disable_adds=0
08-15 17:08:07.410 26688 27956 I DFInstaObserve: !toggles +blocked disable_feed=0 disable_explore=0 disable_reels=0 disable_stories=0 disable_adds=0
08-15 17:08:07.413 26688 27955 I DFInstaObserve: !toggles +blocked disable_feed=0 disable_explore=0 disable_reels=0 disable_stories=0 disable_adds=0
08-15 17:08:08.650 26688 27052 I DFInstaObserve: !toggles +blocked disable_feed=0 disable_explore=0 disable_reels=0 disable_stories=0 disable_adds=0
08-15 17:08:08.693 26688 27052 I DFInstaObserve: !toggles +blocked disable_feed=0 disable_explore=0 disable_reels=0 disable_stories=0 disable_adds=0
08-15 17:08:10.765 26688 27993 I DFInstaObserve: !toggles +blocked disable_feed=0 disable_explore=0 disable_reels=0 disable_stories=0 disable_adds=0
08-15 17:08:10.774 26688 27992 I DFInstaObserve: !toggles +blocked disable_feed=0 disable_explore=0 disable_reels=0 disable_stories=0 disable_adds=0
08-15 17:08:11.534 26688 27938 I DFInstaObserve: !toggles +blocked disable_feed=0 disable_explore=0 disable_reels=0 disable_stories=0 disable_adds=0
08-15 17:08:11.982 26688 26896 I DFInstaObserve: !toggles +blocked disable_feed=0 disable_explore=0 disable_reels=0 disable_stories=0 disable_adds=0
08-15 17:08:12.072 26688 26896 I DFInstaObserve: !toggles +blocked disable_feed=0 disable_explore=0 disable_reels=0 disable_stories=0 disable_adds=0
08-15 17:08:12.160 26688 26896 I DFInstaObserve: !toggles +blocked disable_feed=0 disable_explore=0 disable_reels=0 disable_stories=0 disable_adds=0
08-15 17:08:16.236 26688 28031 I DFInstaObserve: !toggles +blocked disable_feed=0 disable_explore=0 disable_reels=0 disable_stories=0 disable_adds=0
08-15 17:08:17.125 26688 27943 I DFInstaObserve: !toggles +blocked disable_feed=0 disable_explore=0 disable_reels=0 disable_stories=0 disable_adds=0
08-15 17:08:17.125 26688 27943 I DFInstaObserve: /clips/discover
08-15 17:08:17.125 26688 27943 I DFInstaObserve: /clips/discover/stream/
08-15 17:08:20.144 26688 26872 I DFInstaObserve: !toggles +blocked disable_feed=0 disable_explore=0 disable_reels=0 disable_stories=0 disable_adds=0
08-15 17:08:20.378 26688 26872 I DFInstaObserve: !toggles +blocked disable_feed=0 disable_explore=0 disable_reels=0 disable_stories=0 disable_adds=0
08-15 17:08:20.966 26688 26872 I DFInstaObserve: !toggles +blocked disable_feed=0 disable_explore=0 disable_reels=0 disable_stories=0 disable_adds=0
08-15 17:08:21.035 26688 26872 I DFInstaObserve: !toggles +blocked disable_feed=0 disable_explore=0 disable_reels=0 disable_stories=0 disable_adds=0
08-15 17:08:21.078 26688 26872 I DFInstaObserve: !toggles +blocked disable_feed=0 disable_explore=0 disable_reels=0 disable_stories=0 disable_adds=0
08-15 17:08:21.240 26688 26872 I DFInstaObserve: !toggles +blocked disable_feed=0 disable_explore=0 disable_reels=0 disable_stories=0 disable_adds=0
08-15 17:08:21.278 26688 26872 I DFInstaObserve: !toggles +blocked disable_feed=0 disable_explore=0 disable_reels=0 disable_stories=0 disable_adds=0
08-15 17:08:21.667 26688 26872 I DFInstaObserve: !toggles +blocked disable_feed=0 disable_explore=0 disable_reels=0 disable_stories=0 disable_adds=0
08-15 17:08:24.730 26688 28075 I DFInstaObserve: !toggles +blocked disable_feed=0 disable_explore=0 disable_reels=0 disable_stories=0 disable_adds=0
08-15 17:08:29.230 26688 28075 I DFInstaObserve: !toggles +blocked disable_feed=0 disable_explore=0 disable_reels=0 disable_stories=0 disable_adds=0
08-15 17:08:34.644 26688 27761 I DFInstaObserve: !toggles +blocked disable_feed=0 disable_explore=0 disable_reels=0 disable_stories=0 disable_adds=0
08-15 17:08:37.950 26688 28159 I DFInstaObserve: !toggles +blocked disable_feed=0 disable_explore=0 disable_reels=0 disable_stories=0 disable_adds=0
08-15 17:08:38.746 26688 27761 I DFInstaObserve: !toggles +blocked disable_feed=0 disable_explore=0 disable_reels=0 disable_stories=0 disable_adds=0
08-15 17:08:44.628 26688 27761 I DFInstaObserve: !toggles +blocked disable_feed=0 disable_explore=0 disable_reels=0 disable_stories=0 disable_adds=0
08-15 17:08:46.545 26688 28158 I DFInstaObserve: !toggles +blocked disable_feed=0 disable_explore=0 disable_reels=0 disable_stories=0 disable_adds=0
08-15 17:08:48.085 26688 26896 I DFInstaObserve: !toggles +blocked disable_feed=0 disable_explore=0 disable_reels=0 disable_stories=0 disable_adds=0
08-15 17:08:48.209 26688 26896 I DFInstaObserve: !toggles +blocked disable_feed=0 disable_explore=0 disable_reels=0 disable_stories=0 disable_adds=0
08-15 17:08:52.299 26688 28221 I DFInstaObserve: !toggles +blocked disable_feed=0 disable_explore=0 disable_reels=0 disable_stories=0 disable_adds=0
08-15 17:08:55.757 26688 28102 I DFInstaObserve: !toggles +blocked disable_feed=0 disable_explore=0 disable_reels=0 disable_stories=0 disable_adds=0
08-15 17:08:55.757 26688 28102 I DFInstaObserve: /discover/topical_explore
08-15 17:08:58.455 26688 28278 I DFInstaObserve: !toggles +blocked disable_feed=0 disable_explore=0 disable_reels=0 disable_stories=0 disable_adds=0
08-15 17:08:59.087 26688 28190 I DFInstaObserve: !toggles +blocked disable_feed=0 disable_explore=0 disable_reels=0 disable_stories=0 disable_adds=0
08-15 17:08:59.087 26688 28190 I DFInstaObserve: /discover/topical_explore
08-15 17:08:59.147 26688 27761 I DFInstaObserve: !toggles +blocked disable_feed=0 disable_explore=0 disable_reels=0 disable_stories=0 disable_adds=0
08-15 17:08:59.154 26688 27761 I DFInstaObserve: !toggles +blocked disable_feed=0 disable_explore=0 disable_reels=0 disable_stories=0 disable_adds=0
08-15 17:08:59.162 26688 27761 I DFInstaObserve: !toggles +blocked disable_feed=0 disable_explore=0 disable_reels=0 disable_stories=0 disable_adds=0
08-15 17:08:59.256 26688 27761 I DFInstaObserve: !toggles +blocked disable_feed=0 disable_explore=0 disable_reels=0 disable_stories=0 disable_adds=0
08-15 17:08:59.262 26688 27761 I DFInstaObserve: !toggles +blocked disable_feed=0 disable_explore=0 disable_reels=0 disable_stories=0 disable_adds=0
08-15 17:08:59.268 26688 27761 I DFInstaObserve: !toggles +blocked disable_feed=0 disable_explore=0 disable_reels=0 disable_stories=0 disable_adds=0
08-15 17:08:59.369 26688 27761 I DFInstaObserve: !toggles +blocked disable_feed=0 disable_explore=0 disable_reels=0 disable_stories=0 disable_adds=0
08-15 17:08:59.376 26688 27761 I DFInstaObserve: !toggles +blocked disable_feed=0 disable_explore=0 disable_reels=0 disable_stories=0 disable_adds=0
08-15 17:08:59.383 26688 27761 I DFInstaObserve: !toggles +blocked disable_feed=0 disable_explore=0 disable_reels=0 disable_stories=0 disable_adds=0
08-15 17:08:59.474 26688 27761 I DFInstaObserve: !toggles +blocked disable_feed=0 disable_explore=0 disable_reels=0 disable_stories=0 disable_adds=0
08-15 17:08:59.479 26688 28301 I DFInstaObserve: !toggles +blocked disable_feed=0 disable_explore=0 disable_reels=0 disable_stories=0 disable_adds=0
08-15 17:08:59.519 26688 27140 I DFInstaObserve: !toggles +blocked disable_feed=0 disable_explore=0 disable_reels=0 disable_stories=0 disable_adds=0
08-15 17:08:59.535 26688 26872 I DFInstaObserve: !toggles +blocked disable_feed=0 disable_explore=0 disable_reels=0 disable_stories=0 disable_adds=0
08-15 17:08:59.660 26688 28244 I DFInstaObserve: !toggles +blocked disable_feed=0 disable_explore=0 disable_reels=0 disable_stories=0 disable_adds=0
08-15 17:08:59.668 26688 26872 I DFInstaObserve: !toggles +blocked disable_feed=0 disable_explore=0 disable_reels=0 disable_stories=0 disable_adds=0
08-15 17:08:59.714 26688 26872 I DFInstaObserve: !toggles +blocked disable_feed=0 disable_explore=0 disable_reels=0 disable_stories=0 disable_adds=0
08-15 17:08:59.782 26688 28234 I DFInstaObserve: !toggles +blocked disable_feed=0 disable_explore=0 disable_reels=0 disable_stories=0 disable_adds=0
08-15 17:08:59.835 26688 26872 I DFInstaObserve: !toggles +blocked disable_feed=0 disable_explore=0 disable_reels=0 disable_stories=0 disable_adds=0
08-15 17:08:59.917 26688 28323 I DFInstaObserve: !toggles +blocked disable_feed=0 disable_explore=0 disable_reels=0 disable_stories=0 disable_adds=0
08-15 17:09:00.007 26688 26872 I DFInstaObserve: !toggles +blocked disable_feed=0 disable_explore=0 disable_reels=0 disable_stories=0 disable_adds=0
08-15 17:09:00.053 26688 28169 I DFInstaObserve: !toggles +blocked disable_feed=0 disable_explore=0 disable_reels=0 disable_stories=0 disable_adds=0
08-15 17:09:00.121 26688 28188 I DFInstaObserve: !toggles +blocked disable_feed=0 disable_explore=0 disable_reels=0 disable_stories=0 disable_adds=0
08-15 17:09:00.174 26688 28313 I DFInstaObserve: !toggles +blocked disable_feed=0 disable_explore=0 disable_reels=0 disable_stories=0 disable_adds=0
08-15 17:09:00.208 26688 28188 I DFInstaObserve: !toggles +blocked disable_feed=0 disable_explore=0 disable_reels=0 disable_stories=0 disable_adds=0
08-15 17:09:00.298 26688 26872 I DFInstaObserve: !toggles +blocked disable_feed=0 disable_explore=0 disable_reels=0 disable_stories=0 disable_adds=0
08-15 17:09:01.476 26688 27761 I DFInstaObserve: !toggles +blocked disable_feed=0 disable_explore=0 disable_reels=0 disable_stories=0 disable_adds=0
08-15 17:09:01.479 26688 28328 I DFInstaObserve: !toggles +blocked disable_feed=0 disable_explore=0 disable_reels=0 disable_stories=0 disable_adds=0
08-15 17:09:01.515 26688 26872 I DFInstaObserve: !toggles +blocked disable_feed=0 disable_explore=0 disable_reels=0 disable_stories=0 disable_adds=0
08-15 17:09:01.540 26688 28169 I DFInstaObserve: !toggles +blocked disable_feed=0 disable_explore=0 disable_reels=0 disable_stories=0 disable_adds=0
08-15 17:09:01.572 26688 26872 I DFInstaObserve: !toggles +blocked disable_feed=0 disable_explore=0 disable_reels=0 disable_stories=0 disable_adds=0
08-15 17:09:01.609 26688 28194 I DFInstaObserve: !toggles +blocked disable_feed=0 disable_explore=0 disable_reels=0 disable_stories=0 disable_adds=0
08-15 17:09:01.613 26688 26872 I DFInstaObserve: !toggles +blocked disable_feed=0 disable_explore=0 disable_reels=0 disable_stories=0 disable_adds=0
08-15 17:09:01.653 26688 28307 I DFInstaObserve: !toggles +blocked disable_feed=0 disable_explore=0 disable_reels=0 disable_stories=0 disable_adds=0
08-15 17:09:01.750 26688 28169 I DFInstaObserve: !toggles +blocked disable_feed=0 disable_explore=0 disable_reels=0 disable_stories=0 disable_adds=0
08-15 17:09:01.780 26688 26872 I DFInstaObserve: !toggles +blocked disable_feed=0 disable_explore=0 disable_reels=0 disable_stories=0 disable_adds=0
08-15 17:09:01.788 26688 28309 I DFInstaObserve: !toggles +blocked disable_feed=0 disable_explore=0 disable_reels=0 disable_stories=0 disable_adds=0
08-15 17:09:01.820 26688 26872 I DFInstaObserve: !toggles +blocked disable_feed=0 disable_explore=0 disable_reels=0 disable_stories=0 disable_adds=0
08-15 17:09:01.823 26688 28315 I DFInstaObserve: !toggles +blocked disable_feed=0 disable_explore=0 disable_reels=0 disable_stories=0 disable_adds=0
08-15 17:09:01.862 26688 28315 I DFInstaObserve: !toggles +blocked disable_feed=0 disable_explore=0 disable_reels=0 disable_stories=0 disable_adds=0
08-15 17:09:01.875 26688 28309 I DFInstaObserve: !toggles +blocked disable_feed=0 disable_explore=0 disable_reels=0 disable_stories=0 disable_adds=0
08-15 17:09:01.904 26688 28332 I DFInstaObserve: !toggles +blocked disable_feed=0 disable_explore=0 disable_reels=0 disable_stories=0 disable_adds=0
08-15 17:09:01.916 26688 26872 I DFInstaObserve: !toggles +blocked disable_feed=0 disable_explore=0 disable_reels=0 disable_stories=0 disable_adds=0
08-15 17:09:01.963 26688 28312 I DFInstaObserve: !toggles +blocked disable_feed=0 disable_explore=0 disable_reels=0 disable_stories=0 disable_adds=0
08-15 17:09:02.078 26688 28194 I DFInstaObserve: !toggles +blocked disable_feed=0 disable_explore=0 disable_reels=0 disable_stories=0 disable_adds=0
08-15 17:09:02.178 26688 28309 I DFInstaObserve: !toggles +blocked disable_feed=0 disable_explore=0 disable_reels=0 disable_stories=0 disable_adds=0
08-15 17:09:02.293 26688 28308 I DFInstaObserve: !toggles +blocked disable_feed=0 disable_explore=0 disable_reels=0 disable_stories=0 disable_adds=0
08-15 17:09:02.331 26688 28194 I DFInstaObserve: !toggles +blocked disable_feed=0 disable_explore=0 disable_reels=0 disable_stories=0 disable_adds=0
08-15 17:09:02.365 26688 28310 I DFInstaObserve: !toggles +blocked disable_feed=0 disable_explore=0 disable_reels=0 disable_stories=0 disable_adds=0
08-15 17:09:02.405 26688 28308 I DFInstaObserve: !toggles +blocked disable_feed=0 disable_explore=0 disable_reels=0 disable_stories=0 disable_adds=0
08-15 17:09:02.417 26688 28194 I DFInstaObserve: !toggles +blocked disable_feed=0 disable_explore=0 disable_reels=0 disable_stories=0 disable_adds=0
08-15 17:09:02.417 26688 28194 I DFInstaObserve: /discover/topical_explore
08-15 17:09:02.448 26688 28305 I DFInstaObserve: !toggles +blocked disable_feed=0 disable_explore=0 disable_reels=0 disable_stories=0 disable_adds=0
08-15 17:09:02.487 26688 28331 I DFInstaObserve: !toggles +blocked disable_feed=0 disable_explore=0 disable_reels=0 disable_stories=0 disable_adds=0
08-15 17:09:04.952 26688 28344 I DFInstaObserve: !toggles +blocked disable_feed=0 disable_explore=0 disable_reels=0 disable_stories=0 disable_adds=0
08-15 17:09:04.980 26688 27761 I DFInstaObserve: !toggles +blocked disable_feed=0 disable_explore=0 disable_reels=0 disable_stories=0 disable_adds=0
08-15 17:09:04.986 26688 28361 I DFInstaObserve: !toggles +blocked disable_feed=0 disable_explore=0 disable_reels=0 disable_stories=0 disable_adds=0
08-15 17:09:05.019 26688 26872 I DFInstaObserve: !toggles +blocked disable_feed=0 disable_explore=0 disable_reels=0 disable_stories=0 disable_adds=0
08-15 17:09:05.094 26688 28357 I DFInstaObserve: !toggles +blocked disable_feed=0 disable_explore=0 disable_reels=0 disable_stories=0 disable_adds=0
08-15 17:09:05.133 26688 28308 I DFInstaObserve: !toggles +blocked disable_feed=0 disable_explore=0 disable_reels=0 disable_stories=0 disable_adds=0
08-15 17:09:05.303 26688 28362 I DFInstaObserve: !toggles +blocked disable_feed=0 disable_explore=0 disable_reels=0 disable_stories=0 disable_adds=0
08-15 17:09:05.381 26688 28364 I DFInstaObserve: !toggles +blocked disable_feed=0 disable_explore=0 disable_reels=0 disable_stories=0 disable_adds=0
08-15 17:09:05.441 26688 28363 I DFInstaObserve: !toggles +blocked disable_feed=0 disable_explore=0 disable_reels=0 disable_stories=0 disable_adds=0
08-15 17:09:05.483 26688 28362 I DFInstaObserve: !toggles +blocked disable_feed=0 disable_explore=0 disable_reels=0 disable_stories=0 disable_adds=0
08-15 17:09:05.563 26688 28362 I DFInstaObserve: !toggles +blocked disable_feed=0 disable_explore=0 disable_reels=0 disable_stories=0 disable_adds=0
08-15 17:09:05.607 26688 28364 I DFInstaObserve: !toggles +blocked disable_feed=0 disable_explore=0 disable_reels=0 disable_stories=0 disable_adds=0
08-15 17:09:05.668 26688 28364 I DFInstaObserve: !toggles +blocked disable_feed=0 disable_explore=0 disable_reels=0 disable_stories=0 disable_adds=0
08-15 17:09:05.698 26688 26872 I DFInstaObserve: !toggles +blocked disable_feed=0 disable_explore=0 disable_reels=0 disable_stories=0 disable_adds=0
08-15 17:09:05.751 26688 26872 I DFInstaObserve: !toggles +blocked disable_feed=0 disable_explore=0 disable_reels=0 disable_stories=0 disable_adds=0
08-15 17:09:05.773 26688 28305 I DFInstaObserve: !toggles +blocked disable_feed=0 disable_explore=0 disable_reels=0 disable_stories=0 disable_adds=0
08-15 17:09:05.802 26688 26872 I DFInstaObserve: !toggles +blocked disable_feed=0 disable_explore=0 disable_reels=0 disable_stories=0 disable_adds=0
08-15 17:09:05.836 26688 28363 I DFInstaObserve: !toggles +blocked disable_feed=0 disable_explore=0 disable_reels=0 disable_stories=0 disable_adds=0
08-15 17:09:05.850 26688 26872 I DFInstaObserve: !toggles +blocked disable_feed=0 disable_explore=0 disable_reels=0 disable_stories=0 disable_adds=0
08-15 17:09:05.893 26688 28313 I DFInstaObserve: !toggles +blocked disable_feed=0 disable_explore=0 disable_reels=0 disable_stories=0 disable_adds=0
08-15 17:09:05.893 26688 28313 I DFInstaObserve: /discover/topical_explore
08-15 17:09:05.896 26688 28362 I DFInstaObserve: !toggles +blocked disable_feed=0 disable_explore=0 disable_reels=0 disable_stories=0 disable_adds=0
08-15 17:09:05.950 26688 28308 I DFInstaObserve: !toggles +blocked disable_feed=0 disable_explore=0 disable_reels=0 disable_stories=0 disable_adds=0
08-15 17:09:06.032 26688 28364 I DFInstaObserve: !toggles +blocked disable_feed=0 disable_explore=0 disable_reels=0 disable_stories=0 disable_adds=0
08-15 17:09:06.043 26688 28308 I DFInstaObserve: !toggles +blocked disable_feed=0 disable_explore=0 disable_reels=0 disable_stories=0 disable_adds=0
08-15 17:09:06.060 26688 26872 I DFInstaObserve: !toggles +blocked disable_feed=0 disable_explore=0 disable_reels=0 disable_stories=0 disable_adds=0
08-15 17:09:06.109 26688 28364 I DFInstaObserve: !toggles +blocked disable_feed=0 disable_explore=0 disable_reels=0 disable_stories=0 disable_adds=0
08-15 17:09:06.210 26688 28383 I DFInstaObserve: !toggles +blocked disable_feed=0 disable_explore=0 disable_reels=0 disable_stories=0 disable_adds=0
08-15 17:09:08.515 26688 28382 I DFInstaObserve: !toggles +blocked disable_feed=0 disable_explore=0 disable_reels=0 disable_stories=0 disable_adds=0
08-15 17:09:08.982 26688 28361 I DFInstaObserve: !toggles +blocked disable_feed=0 disable_explore=0 disable_reels=0 disable_stories=0 disable_adds=0
08-15 17:09:08.986 26688 28403 I DFInstaObserve: !toggles +blocked disable_feed=0 disable_explore=0 disable_reels=0 disable_stories=0 disable_adds=0
08-15 17:09:09.017 26688 26872 I DFInstaObserve: !toggles +blocked disable_feed=0 disable_explore=0 disable_reels=0 disable_stories=0 disable_adds=0
08-15 17:09:09.049 26688 28309 I DFInstaObserve: !toggles +blocked disable_feed=0 disable_explore=0 disable_reels=0 disable_stories=0 disable_adds=0
08-15 17:09:09.108 26688 28313 I DFInstaObserve: !toggles +blocked disable_feed=0 disable_explore=0 disable_reels=0 disable_stories=0 disable_adds=0
08-15 17:09:09.224 26688 28309 I DFInstaObserve: !toggles +blocked disable_feed=0 disable_explore=0 disable_reels=0 disable_stories=0 disable_adds=0
08-15 17:09:09.357 26688 28194 I DFInstaObserve: !toggles +blocked disable_feed=0 disable_explore=0 disable_reels=0 disable_stories=0 disable_adds=0
08-15 17:09:09.378 26688 28332 I DFInstaObserve: !toggles +blocked disable_feed=0 disable_explore=0 disable_reels=0 disable_stories=0 disable_adds=0
08-15 17:09:09.378 26688 28332 I DFInstaObserve: /discover/topical_explore
08-15 17:09:09.448 26688 28309 I DFInstaObserve: !toggles +blocked disable_feed=0 disable_explore=0 disable_reels=0 disable_stories=0 disable_adds=0
08-15 17:09:09.520 26688 28412 I DFInstaObserve: !toggles +blocked disable_feed=0 disable_explore=0 disable_reels=0 disable_stories=0 disable_adds=0
08-15 17:09:09.614 26688 28194 I DFInstaObserve: !toggles +blocked disable_feed=0 disable_explore=0 disable_reels=0 disable_stories=0 disable_adds=0
08-15 17:09:09.735 26688 28363 I DFInstaObserve: !toggles +blocked disable_feed=0 disable_explore=0 disable_reels=0 disable_stories=0 disable_adds=0
08-15 17:09:09.824 26688 28412 I DFInstaObserve: !toggles +blocked disable_feed=0 disable_explore=0 disable_reels=0 disable_stories=0 disable_adds=0
08-15 17:09:09.862 26688 26872 I DFInstaObserve: !toggles +blocked disable_feed=0 disable_explore=0 disable_reels=0 disable_stories=0 disable_adds=0
08-15 17:09:09.907 26688 28401 I DFInstaObserve: !toggles +blocked disable_feed=0 disable_explore=0 disable_reels=0 disable_stories=0 disable_adds=0
08-15 17:09:09.909 26688 26872 I DFInstaObserve: !toggles +blocked disable_feed=0 disable_explore=0 disable_reels=0 disable_stories=0 disable_adds=0
08-15 17:09:09.949 26688 28413 I DFInstaObserve: !toggles +blocked disable_feed=0 disable_explore=0 disable_reels=0 disable_stories=0 disable_adds=0
08-15 17:09:09.988 26688 28395 I DFInstaObserve: !toggles +blocked disable_feed=0 disable_explore=0 disable_reels=0 disable_stories=0 disable_adds=0
08-15 17:09:10.025 26688 28412 I DFInstaObserve: !toggles +blocked disable_feed=0 disable_explore=0 disable_reels=0 disable_stories=0 disable_adds=0
08-15 17:09:10.043 26688 26872 I DFInstaObserve: !toggles +blocked disable_feed=0 disable_explore=0 disable_reels=0 disable_stories=0 disable_adds=0
08-15 17:09:10.068 26688 28413 I DFInstaObserve: !toggles +blocked disable_feed=0 disable_explore=0 disable_reels=0 disable_stories=0 disable_adds=0
08-15 17:09:10.083 26688 26872 I DFInstaObserve: !toggles +blocked disable_feed=0 disable_explore=0 disable_reels=0 disable_stories=0 disable_adds=0
08-15 17:09:10.102 26688 28194 I DFInstaObserve: !toggles +blocked disable_feed=0 disable_explore=0 disable_reels=0 disable_stories=0 disable_adds=0
08-15 17:09:10.130 26688 26872 I DFInstaObserve: !toggles +blocked disable_feed=0 disable_explore=0 disable_reels=0 disable_stories=0 disable_adds=0
08-15 17:09:10.138 26688 28364 I DFInstaObserve: !toggles +blocked disable_feed=0 disable_explore=0 disable_reels=0 disable_stories=0 disable_adds=0
08-15 17:09:10.171 26688 26872 I DFInstaObserve: !toggles +blocked disable_feed=0 disable_explore=0 disable_reels=0 disable_stories=0 disable_adds=0
08-15 17:09:10.276 26688 26872 I DFInstaObserve: !toggles +blocked disable_feed=0 disable_explore=0 disable_reels=0 disable_stories=0 disable_adds=0
08-15 17:09:12.563 26688 28403 I DFInstaObserve: !toggles +blocked disable_feed=0 disable_explore=0 disable_reels=0 disable_stories=0 disable_adds=0
08-15 17:09:12.723 26688 28403 I DFInstaObserve: !toggles +blocked disable_feed=0 disable_explore=0 disable_reels=0 disable_stories=0 disable_adds=0
08-15 17:09:12.728 26688 28403 I DFInstaObserve: !toggles +blocked disable_feed=0 disable_explore=0 disable_reels=0 disable_stories=0 disable_adds=0
08-15 17:09:12.817 26688 26872 I DFInstaObserve: !toggles +blocked disable_feed=0 disable_explore=0 disable_reels=0 disable_stories=0 disable_adds=0
08-15 17:09:12.819 26688 28395 I DFInstaObserve: !toggles +blocked disable_feed=0 disable_explore=0 disable_reels=0 disable_stories=0 disable_adds=0
08-15 17:09:12.864 26688 26896 I DFInstaObserve: !toggles +blocked disable_feed=0 disable_explore=0 disable_reels=0 disable_stories=0 disable_adds=0
08-15 17:09:12.934 26688 28412 I DFInstaObserve: !toggles +blocked disable_feed=0 disable_explore=0 disable_reels=0 disable_stories=0 disable_adds=0
08-15 17:09:12.962 26688 26872 I DFInstaObserve: !toggles +blocked disable_feed=0 disable_explore=0 disable_reels=0 disable_stories=0 disable_adds=0
08-15 17:09:12.971 26688 26896 I DFInstaObserve: !toggles +blocked disable_feed=0 disable_explore=0 disable_reels=0 disable_stories=0 disable_adds=0
08-15 17:09:12.988 26688 28395 I DFInstaObserve: !toggles +blocked disable_feed=0 disable_explore=0 disable_reels=0 disable_stories=0 disable_adds=0
08-15 17:09:13.020 26688 26872 I DFInstaObserve: !toggles +blocked disable_feed=0 disable_explore=0 disable_reels=0 disable_stories=0 disable_adds=0
08-15 17:09:13.044 26688 28412 I DFInstaObserve: !toggles +blocked disable_feed=0 disable_explore=0 disable_reels=0 disable_stories=0 disable_adds=0
08-15 17:09:13.089 26688 26896 I DFInstaObserve: !toggles +blocked disable_feed=0 disable_explore=0 disable_reels=0 disable_stories=0 disable_adds=0
08-15 17:09:13.098 26688 26872 I DFInstaObserve: !toggles +blocked disable_feed=0 disable_explore=0 disable_reels=0 disable_stories=0 disable_adds=0
08-15 17:09:13.166 26688 28332 I DFInstaObserve: !toggles +blocked disable_feed=0 disable_explore=0 disable_reels=0 disable_stories=0 disable_adds=0
08-15 17:09:13.220 26688 28395 I DFInstaObserve: !toggles +blocked disable_feed=0 disable_explore=0 disable_reels=0 disable_stories=0 disable_adds=0
08-15 17:09:13.223 26688 26872 I DFInstaObserve: !toggles +blocked disable_feed=0 disable_explore=0 disable_reels=0 disable_stories=0 disable_adds=0
08-15 17:09:13.244 26688 26896 I DFInstaObserve: !toggles +blocked disable_feed=0 disable_explore=0 disable_reels=0 disable_stories=0 disable_adds=0
08-15 17:09:13.323 26688 28355 I DFInstaObserve: !toggles +blocked disable_feed=0 disable_explore=0 disable_reels=0 disable_stories=0 disable_adds=0
08-15 17:09:13.356 26688 26896 I DFInstaObserve: !toggles +blocked disable_feed=0 disable_explore=0 disable_reels=0 disable_stories=0 disable_adds=0
08-15 17:09:13.374 26688 28194 I DFInstaObserve: !toggles +blocked disable_feed=0 disable_explore=0 disable_reels=0 disable_stories=0 disable_adds=0
08-15 17:09:13.423 26688 28356 I DFInstaObserve: !toggles +blocked disable_feed=0 disable_explore=0 disable_reels=0 disable_stories=0 disable_adds=0
08-15 17:09:13.460 26688 26872 I DFInstaObserve: !toggles +blocked disable_feed=0 disable_explore=0 disable_reels=0 disable_stories=0 disable_adds=0
08-15 17:09:13.487 26688 28355 I DFInstaObserve: !toggles +blocked disable_feed=0 disable_explore=0 disable_reels=0 disable_stories=0 disable_adds=0
08-15 17:09:13.516 26688 26872 I DFInstaObserve: !toggles +blocked disable_feed=0 disable_explore=0 disable_reels=0 disable_stories=0 disable_adds=0
08-15 17:09:13.620 26688 28355 I DFInstaObserve: !toggles +blocked disable_feed=0 disable_explore=0 disable_reels=0 disable_stories=0 disable_adds=0
08-15 17:09:13.719 26688 28332 I DFInstaObserve: !toggles +blocked disable_feed=0 disable_explore=0 disable_reels=0 disable_stories=0 disable_adds=0
08-15 17:09:13.770 26688 28356 I DFInstaObserve: !toggles +blocked disable_feed=0 disable_explore=0 disable_reels=0 disable_stories=0 disable_adds=0
08-15 17:09:13.906 26688 28332 I DFInstaObserve: !toggles +blocked disable_feed=0 disable_explore=0 disable_reels=0 disable_stories=0 disable_adds=0
08-15 17:09:13.998 26688 28412 I DFInstaObserve: !toggles +blocked disable_feed=0 disable_explore=0 disable_reels=0 disable_stories=0 disable_adds=0
08-15 17:09:14.095 26688 28480 I DFInstaObserve: !toggles +blocked disable_feed=0 disable_explore=0 disable_reels=0 disable_stories=0 disable_adds=0
08-15 17:09:14.726 26688 28468 I DFInstaObserve: !toggles +blocked disable_feed=0 disable_explore=0 disable_reels=0 disable_stories=0 disable_adds=0
08-15 17:09:14.727 26688 28467 I DFInstaObserve: !toggles +blocked disable_feed=0 disable_explore=0 disable_reels=0 disable_stories=0 disable_adds=0
08-15 17:09:17.193 26688 28468 I DFInstaObserve: !toggles +blocked disable_feed=0 disable_explore=0 disable_reels=0 disable_stories=0 disable_adds=0
08-15 17:09:17.193 26688 28467 I DFInstaObserve: !toggles +blocked disable_feed=0 disable_explore=0 disable_reels=0 disable_stories=0 disable_adds=0
08-15 17:09:20.910 26688 28361 I DFInstaObserve: !toggles +blocked disable_feed=0 disable_explore=0 disable_reels=0 disable_stories=0 disable_adds=0
08-15 17:09:23.056 26688 28506 I DFInstaObserve: !toggles +blocked disable_feed=0 disable_explore=0 disable_reels=0 disable_stories=0 disable_adds=0
08-15 17:09:23.056 26688 28505 I DFInstaObserve: !toggles +blocked disable_feed=0 disable_explore=0 disable_reels=0 disable_stories=0 disable_adds=0
08-15 17:09:24.234 26688 28361 I DFInstaObserve: !toggles +blocked disable_feed=0 disable_explore=0 disable_reels=0 disable_stories=0 disable_adds=0
08-15 17:09:26.339 26688 28539 I DFInstaObserve: !toggles +blocked disable_feed=0 disable_explore=0 disable_reels=0 disable_stories=0 disable_adds=0
08-15 17:09:26.339 26688 28538 I DFInstaObserve: !toggles +blocked disable_feed=0 disable_explore=0 disable_reels=0 disable_stories=0 disable_adds=0
08-15 17:09:27.578 26688 28361 I DFInstaObserve: !toggles +blocked disable_feed=0 disable_explore=0 disable_reels=0 disable_stories=0 disable_adds=0
08-15 17:09:27.623 26688 28361 I DFInstaObserve: !toggles +blocked disable_feed=0 disable_explore=0 disable_reels=0 disable_stories=0 disable_adds=0
08-15 17:09:29.649 26688 28573 I DFInstaObserve: !toggles +blocked disable_feed=0 disable_explore=0 disable_reels=0 disable_stories=0 disable_adds=0
08-15 17:09:29.649 26688 28574 I DFInstaObserve: !toggles +blocked disable_feed=0 disable_explore=0 disable_reels=0 disable_stories=0 disable_adds=0
08-15 17:09:30.916 26688 28361 I DFInstaObserve: !toggles +blocked disable_feed=0 disable_explore=0 disable_reels=0 disable_stories=0 disable_adds=0
08-15 17:09:30.958 26688 28361 I DFInstaObserve: !toggles +blocked disable_feed=0 disable_explore=0 disable_reels=0 disable_stories=0 disable_adds=0
08-15 17:09:33.005 26688 28604 I DFInstaObserve: !toggles +blocked disable_feed=0 disable_explore=0 disable_reels=0 disable_stories=0 disable_adds=0
08-15 17:09:33.006 26688 28603 I DFInstaObserve: !toggles +blocked disable_feed=0 disable_explore=0 disable_reels=0 disable_stories=0 disable_adds=0
08-15 17:09:34.232 26688 28403 I DFInstaObserve: !toggles +blocked disable_feed=0 disable_explore=0 disable_reels=0 disable_stories=0 disable_adds=0
08-15 17:09:34.276 26688 28562 I DFInstaObserve: !toggles +blocked disable_feed=0 disable_explore=0 disable_reels=0 disable_stories=0 disable_adds=0
08-15 17:09:36.366 26688 28630 I DFInstaObserve: !toggles +blocked disable_feed=0 disable_explore=0 disable_reels=0 disable_stories=0 disable_adds=0
08-15 17:09:36.369 26688 28629 I DFInstaObserve: !toggles +blocked disable_feed=0 disable_explore=0 disable_reels=0 disable_stories=0 disable_adds=0
08-15 17:09:37.106 26688 28646 I DFInstaObserve: !toggles +blocked disable_feed=0 disable_explore=0 disable_reels=0 disable_stories=0 disable_adds=0
08-15 17:09:37.448 26688 26896 I DFInstaObserve: !toggles +blocked disable_feed=0 disable_explore=0 disable_reels=0 disable_stories=0 disable_adds=0
08-15 17:09:37.573 26688 26896 I DFInstaObserve: !toggles +blocked disable_feed=0 disable_explore=0 disable_reels=0 disable_stories=0 disable_adds=0
08-15 17:09:41.764 26688 28657 I DFInstaObserve: !toggles +blocked disable_feed=0 disable_explore=0 disable_reels=0 disable_stories=0 disable_adds=0
08-15 17:09:46.269 26688 28657 I DFInstaObserve: !toggles +blocked disable_feed=0 disable_explore=0 disable_reels=0 disable_stories=0 disable_adds=0
08-15 17:09:51.268 26688 28657 I DFInstaObserve: !toggles +blocked disable_feed=0 disable_explore=0 disable_reels=0 disable_stories=0 disable_adds=0
08-15 17:10:00.070 26688 28688 I DFInstaObserve: !toggles +blocked disable_feed=0 disable_explore=0 disable_reels=0 disable_stories=0 disable_adds=0
08-15 17:10:00.070 26688 28688 I DFInstaObserve: /feed/timeline/
08-15 17:10:03.213 26688 28361 I DFInstaObserve: !toggles +blocked disable_feed=0 disable_explore=0 disable_reels=0 disable_stories=0 disable_adds=0
08-15 17:10:03.222 26688 28361 I DFInstaObserve: !toggles +blocked disable_feed=0 disable_explore=0 disable_reels=0 disable_stories=0 disable_adds=0
08-15 17:10:03.345 26688 28661 I DFInstaObserve: !toggles +blocked disable_feed=0 disable_explore=0 disable_reels=0 disable_stories=0 disable_adds=0
08-15 17:10:03.415 26688 28688 I DFInstaObserve: !toggles +blocked disable_feed=0 disable_explore=0 disable_reels=0 disable_stories=0 disable_adds=0
08-15 17:10:03.633 26688 28723 I DFInstaObserve: !toggles +blocked disable_feed=0 disable_explore=0 disable_reels=0 disable_stories=0 disable_adds=0
08-15 17:10:03.939 26688 28661 I DFInstaObserve: !toggles +blocked disable_feed=0 disable_explore=0 disable_reels=0 disable_stories=0 disable_adds=0
08-15 17:10:04.032 26688 26872 I DFInstaObserve: !toggles +blocked disable_feed=0 disable_explore=0 disable_reels=0 disable_stories=0 disable_adds=0
08-15 17:10:04.088 26688 26872 I DFInstaObserve: !toggles +blocked disable_feed=0 disable_explore=0 disable_reels=0 disable_stories=0 disable_adds=0
08-15 17:10:04.093 26688 28744 I DFInstaObserve: !toggles +blocked disable_feed=0 disable_explore=0 disable_reels=0 disable_stories=0 disable_adds=0
08-15 17:10:04.140 26688 26872 I DFInstaObserve: !toggles +blocked disable_feed=0 disable_explore=0 disable_reels=0 disable_stories=0 disable_adds=0
08-15 17:10:04.215 26688 26872 I DFInstaObserve: !toggles +blocked disable_feed=0 disable_explore=0 disable_reels=0 disable_stories=0 disable_adds=0
08-15 17:10:04.244 26688 26872 I DFInstaObserve: !toggles +blocked disable_feed=0 disable_explore=0 disable_reels=0 disable_stories=0 disable_adds=0
08-15 17:10:04.253 26688 28738 I DFInstaObserve: !toggles +blocked disable_feed=0 disable_explore=0 disable_reels=0 disable_stories=0 disable_adds=0
08-15 17:10:04.293 26688 26872 I DFInstaObserve: !toggles +blocked disable_feed=0 disable_explore=0 disable_reels=0 disable_stories=0 disable_adds=0
08-15 17:10:04.337 26688 26872 I DFInstaObserve: !toggles +blocked disable_feed=0 disable_explore=0 disable_reels=0 disable_stories=0 disable_adds=0
08-15 17:10:04.386 26688 26872 I DFInstaObserve: !toggles +blocked disable_feed=0 disable_explore=0 disable_reels=0 disable_stories=0 disable_adds=0
08-15 17:10:04.553 26688 28735 I DFInstaObserve: !toggles +blocked disable_feed=0 disable_explore=0 disable_reels=0 disable_stories=0 disable_adds=0
08-15 17:10:04.799 26688 26872 I DFInstaObserve: !toggles +blocked disable_feed=0 disable_explore=0 disable_reels=0 disable_stories=0 disable_adds=0
08-15 17:10:04.803 26688 28562 I DFInstaObserve: !toggles +blocked disable_feed=0 disable_explore=0 disable_reels=0 disable_stories=0 disable_adds=0
08-15 17:10:04.853 26688 26872 I DFInstaObserve: !toggles +blocked disable_feed=0 disable_explore=0 disable_reels=0 disable_stories=0 disable_adds=0
08-15 17:10:04.907 26688 26872 I DFInstaObserve: !toggles +blocked disable_feed=0 disable_explore=0 disable_reels=0 disable_stories=0 disable_adds=0
08-15 17:10:05.047 26688 28736 I DFInstaObserve: !toggles +blocked disable_feed=0 disable_explore=0 disable_reels=0 disable_stories=0 disable_adds=0
08-15 17:10:05.078 26688 26872 I DFInstaObserve: !toggles +blocked disable_feed=0 disable_explore=0 disable_reels=0 disable_stories=0 disable_adds=0
08-15 17:10:05.125 26688 26872 I DFInstaObserve: !toggles +blocked disable_feed=0 disable_explore=0 disable_reels=0 disable_stories=0 disable_adds=0
08-15 17:10:05.148 26688 28726 I DFInstaObserve: !toggles +blocked disable_feed=0 disable_explore=0 disable_reels=0 disable_stories=0 disable_adds=0
08-15 17:10:05.295 26688 26872 I DFInstaObserve: !toggles +blocked disable_feed=0 disable_explore=0 disable_reels=0 disable_stories=0 disable_adds=0
08-15 17:10:05.494 26688 28727 I DFInstaObserve: !toggles +blocked disable_feed=0 disable_explore=0 disable_reels=0 disable_stories=0 disable_adds=0
08-15 17:10:05.528 26688 28718 I DFInstaObserve: !toggles +blocked disable_feed=0 disable_explore=0 disable_reels=0 disable_stories=0 disable_adds=0
08-15 17:10:06.696 26688 28739 I DFInstaObserve: !toggles +blocked disable_feed=0 disable_explore=0 disable_reels=0 disable_stories=0 disable_adds=0
08-15 17:10:06.906 26688 28361 I DFInstaObserve: !toggles +blocked disable_feed=0 disable_explore=0 disable_reels=0 disable_stories=0 disable_adds=0
08-15 17:10:07.065 26688 28361 I DFInstaObserve: !toggles +blocked disable_feed=0 disable_explore=0 disable_reels=0 disable_stories=0 disable_adds=0
08-15 17:10:07.073 26688 28762 I DFInstaObserve: !toggles +blocked disable_feed=0 disable_explore=0 disable_reels=0 disable_stories=0 disable_adds=0
08-15 17:10:09.034 26688 28743 I DFInstaObserve: !toggles +blocked disable_feed=0 disable_explore=0 disable_reels=0 disable_stories=0 disable_adds=0
08-15 17:10:09.143 26688 28743 I DFInstaObserve: !toggles +blocked disable_feed=0 disable_explore=0 disable_reels=0 disable_stories=0 disable_adds=0
08-15 17:10:13.584 26688 26896 I DFInstaObserve: !toggles +blocked disable_feed=0 disable_explore=0 disable_reels=0 disable_stories=0 disable_adds=0
08-15 17:10:13.677 26688 26896 I DFInstaObserve: !toggles +blocked disable_feed=0 disable_explore=0 disable_reels=0 disable_stories=0 disable_adds=0
08-15 17:10:16.600 26688 28810 I DFInstaObserve: !toggles +blocked disable_feed=0 disable_explore=0 disable_reels=0 disable_stories=0 disable_adds=0
08-15 17:10:16.983 26688 28810 I DFInstaObserve: !toggles +blocked disable_feed=0 disable_explore=0 disable_reels=0 disable_stories=0 disable_adds=0
08-15 17:10:21.863 26688 28830 I DFInstaObserve: !toggles +blocked disable_feed=0 disable_explore=0 disable_reels=0 disable_stories=0 disable_adds=0
08-15 17:10:21.863 26688 28830 I DFInstaObserve: /discover/topical_explore
08-15 17:10:23.877 26688 28850 I DFInstaObserve: !toggles +blocked disable_feed=0 disable_explore=0 disable_reels=0 disable_stories=0 disable_adds=0
08-15 17:10:24.093 26688 28856 I DFInstaObserve: !toggles +blocked disable_feed=0 disable_explore=0 disable_reels=0 disable_stories=0 disable_adds=0
08-15 17:10:25.686 26688 28826 I DFInstaObserve: !toggles +blocked disable_feed=0 disable_explore=0 disable_reels=0 disable_stories=0 disable_adds=0
08-15 17:10:25.686 26688 28826 I DFInstaObserve: /discover/topical_explore
08-15 17:10:26.048 26688 28739 I DFInstaObserve: !toggles +blocked disable_feed=0 disable_explore=0 disable_reels=0 disable_stories=0 disable_adds=0
08-15 17:10:26.056 26688 28897 I DFInstaObserve: !toggles +blocked disable_feed=0 disable_explore=0 disable_reels=0 disable_stories=0 disable_adds=0
08-15 17:10:26.092 26688 26872 I DFInstaObserve: !toggles +blocked disable_feed=0 disable_explore=0 disable_reels=0 disable_stories=0 disable_adds=0
08-15 17:10:26.100 26688 28902 I DFInstaObserve: !toggles +blocked disable_feed=0 disable_explore=0 disable_reels=0 disable_stories=0 disable_adds=0
08-15 17:10:26.238 26688 28906 I DFInstaObserve: !toggles +blocked disable_feed=0 disable_explore=0 disable_reels=0 disable_stories=0 disable_adds=0
08-15 17:10:26.240 26688 26872 I DFInstaObserve: !toggles +blocked disable_feed=0 disable_explore=0 disable_reels=0 disable_stories=0 disable_adds=0
08-15 17:10:26.282 26688 28907 I DFInstaObserve: !toggles +blocked disable_feed=0 disable_explore=0 disable_reels=0 disable_stories=0 disable_adds=0
08-15 17:10:26.283 26688 26872 I DFInstaObserve: !toggles +blocked disable_feed=0 disable_explore=0 disable_reels=0 disable_stories=0 disable_adds=0
08-15 17:10:26.347 26688 28910 I DFInstaObserve: !toggles +blocked disable_feed=0 disable_explore=0 disable_reels=0 disable_stories=0 disable_adds=0
08-15 17:10:26.397 26688 28908 I DFInstaObserve: !toggles +blocked disable_feed=0 disable_explore=0 disable_reels=0 disable_stories=0 disable_adds=0
08-15 17:10:26.444 26688 26872 I DFInstaObserve: !toggles +blocked disable_feed=0 disable_explore=0 disable_reels=0 disable_stories=0 disable_adds=0
08-15 17:10:26.470 26688 28908 I DFInstaObserve: !toggles +blocked disable_feed=0 disable_explore=0 disable_reels=0 disable_stories=0 disable_adds=0
08-15 17:10:26.473 26688 26872 I DFInstaObserve: !toggles +blocked disable_feed=0 disable_explore=0 disable_reels=0 disable_stories=0 disable_adds=0
08-15 17:10:26.510 26688 28907 I DFInstaObserve: !toggles +blocked disable_feed=0 disable_explore=0 disable_reels=0 disable_stories=0 disable_adds=0
08-15 17:10:26.544 26688 28910 I DFInstaObserve: !toggles +blocked disable_feed=0 disable_explore=0 disable_reels=0 disable_stories=0 disable_adds=0
08-15 17:10:26.607 26688 28910 I DFInstaObserve: !toggles +blocked disable_feed=0 disable_explore=0 disable_reels=0 disable_stories=0 disable_adds=0
08-15 17:10:26.638 26688 26872 I DFInstaObserve: !toggles +blocked disable_feed=0 disable_explore=0 disable_reels=0 disable_stories=0 disable_adds=0
08-15 17:10:26.704 26688 28908 I DFInstaObserve: !toggles +blocked disable_feed=0 disable_explore=0 disable_reels=0 disable_stories=0 disable_adds=0
08-15 17:10:26.827 26688 28872 I DFInstaObserve: !toggles +blocked disable_feed=0 disable_explore=0 disable_reels=0 disable_stories=0 disable_adds=0
08-15 17:10:26.856 26688 28906 I DFInstaObserve: !toggles +blocked disable_feed=0 disable_explore=0 disable_reels=0 disable_stories=0 disable_adds=0
08-15 17:10:26.898 26688 28910 I DFInstaObserve: !toggles +blocked disable_feed=0 disable_explore=0 disable_reels=0 disable_stories=0 disable_adds=0
08-15 17:10:26.941 26688 28908 I DFInstaObserve: !toggles +blocked disable_feed=0 disable_explore=0 disable_reels=0 disable_stories=0 disable_adds=0
08-15 17:10:26.967 26688 28872 I DFInstaObserve: !toggles +blocked disable_feed=0 disable_explore=0 disable_reels=0 disable_stories=0 disable_adds=0
08-15 17:10:27.071 26688 28910 I DFInstaObserve: !toggles +blocked disable_feed=0 disable_explore=0 disable_reels=0 disable_stories=0 disable_adds=0
08-15 17:10:27.130 26688 28888 I DFInstaObserve: !toggles +blocked disable_feed=0 disable_explore=0 disable_reels=0 disable_stories=0 disable_adds=0
08-15 17:10:27.171 26688 28831 I DFInstaObserve: !toggles +blocked disable_feed=0 disable_explore=0 disable_reels=0 disable_stories=0 disable_adds=0
08-15 17:10:27.398 26688 28893 I DFInstaObserve: !toggles +blocked disable_feed=0 disable_explore=0 disable_reels=0 disable_stories=0 disable_adds=0
08-15 17:10:27.431 26688 28893 I DFInstaObserve: !toggles +blocked disable_feed=0 disable_explore=0 disable_reels=0 disable_stories=0 disable_adds=0
08-15 17:10:28.046 26688 28897 I DFInstaObserve: !toggles +blocked disable_feed=0 disable_explore=0 disable_reels=0 disable_stories=0 disable_adds=0
08-15 17:10:28.054 26688 28917 I DFInstaObserve: !toggles +blocked disable_feed=0 disable_explore=0 disable_reels=0 disable_stories=0 disable_adds=0
08-15 17:10:28.101 26688 26872 I DFInstaObserve: !toggles +blocked disable_feed=0 disable_explore=0 disable_reels=0 disable_stories=0 disable_adds=0
08-15 17:10:28.139 26688 28871 I DFInstaObserve: !toggles +blocked disable_feed=0 disable_explore=0 disable_reels=0 disable_stories=0 disable_adds=0
08-15 17:10:28.193 26688 28826 I DFInstaObserve: !toggles +blocked disable_feed=0 disable_explore=0 disable_reels=0 disable_stories=0 disable_adds=0
08-15 17:10:28.224 26688 26872 I DFInstaObserve: !toggles +blocked disable_feed=0 disable_explore=0 disable_reels=0 disable_stories=0 disable_adds=0
08-15 17:10:28.281 26688 26872 I DFInstaObserve: !toggles +blocked disable_feed=0 disable_explore=0 disable_reels=0 disable_stories=0 disable_adds=0
08-15 17:10:28.301 26688 28737 I DFInstaObserve: !toggles +blocked disable_feed=0 disable_explore=0 disable_reels=0 disable_stories=0 disable_adds=0
08-15 17:10:28.394 26688 28723 I DFInstaObserve: !toggles +blocked disable_feed=0 disable_explore=0 disable_reels=0 disable_stories=0 disable_adds=0
08-15 17:10:28.481 26688 28871 I DFInstaObserve: !toggles +blocked disable_feed=0 disable_explore=0 disable_reels=0 disable_stories=0 disable_adds=0
08-15 17:10:28.511 26688 28826 I DFInstaObserve: !toggles +blocked disable_feed=0 disable_explore=0 disable_reels=0 disable_stories=0 disable_adds=0
08-15 17:10:28.571 26688 28909 I DFInstaObserve: !toggles +blocked disable_feed=0 disable_explore=0 disable_reels=0 disable_stories=0 disable_adds=0
08-15 17:10:28.582 26688 28942 I DFInstaObserve: !toggles +blocked disable_feed=0 disable_explore=0 disable_reels=0 disable_stories=0 disable_adds=0
08-15 17:10:28.621 26688 28830 I DFInstaObserve: !toggles +blocked disable_feed=0 disable_explore=0 disable_reels=0 disable_stories=0 disable_adds=0
08-15 17:10:28.727 26688 28737 I DFInstaObserve: !toggles +blocked disable_feed=0 disable_explore=0 disable_reels=0 disable_stories=0 disable_adds=0
08-15 17:10:28.759 26688 28871 I DFInstaObserve: !toggles +blocked disable_feed=0 disable_explore=0 disable_reels=0 disable_stories=0 disable_adds=0
08-15 17:10:28.764 26688 26872 I DFInstaObserve: !toggles +blocked disable_feed=0 disable_explore=0 disable_reels=0 disable_stories=0 disable_adds=0
08-15 17:10:28.830 26688 26872 I DFInstaObserve: !toggles +blocked disable_feed=0 disable_explore=0 disable_reels=0 disable_stories=0 disable_adds=0
08-15 17:10:28.881 26688 28830 I DFInstaObserve: !toggles +blocked disable_feed=0 disable_explore=0 disable_reels=0 disable_stories=0 disable_adds=0
08-15 17:10:28.897 26688 26872 I DFInstaObserve: !toggles +blocked disable_feed=0 disable_explore=0 disable_reels=0 disable_stories=0 disable_adds=0
08-15 17:10:28.913 26688 28872 I DFInstaObserve: !toggles +blocked disable_feed=0 disable_explore=0 disable_reels=0 disable_stories=0 disable_adds=0
08-15 17:10:28.963 26688 28907 I DFInstaObserve: !toggles +blocked disable_feed=0 disable_explore=0 disable_reels=0 disable_stories=0 disable_adds=0
08-15 17:10:28.986 26688 28871 I DFInstaObserve: !toggles +blocked disable_feed=0 disable_explore=0 disable_reels=0 disable_stories=0 disable_adds=0
08-15 17:10:29.019 26688 28871 I DFInstaObserve: !toggles +blocked disable_feed=0 disable_explore=0 disable_reels=0 disable_stories=0 disable_adds=0
08-15 17:10:29.092 26688 28830 I DFInstaObserve: !toggles +blocked disable_feed=0 disable_explore=0 disable_reels=0 disable_stories=0 disable_adds=0
08-15 17:10:30.874 26688 28929 I DFInstaObserve: !toggles +blocked disable_feed=0 disable_explore=0 disable_reels=0 disable_stories=0 disable_adds=0
08-15 17:10:31.173 26688 28952 I DFInstaObserve: !toggles +blocked disable_feed=0 disable_explore=0 disable_reels=0 disable_stories=0 disable_adds=0
08-15 17:10:31.510 26688 28830 I DFInstaObserve: !toggles +blocked disable_feed=0 disable_explore=0 disable_reels=0 disable_stories=0 disable_adds=0
08-15 17:10:31.510 26688 28830 I DFInstaObserve: /discover/topical_explore
08-15 17:10:31.841 26688 29004 I DFInstaObserve: !toggles +blocked disable_feed=0 disable_explore=0 disable_reels=0 disable_stories=0 disable_adds=0
08-15 17:10:32.050 26688 29023 I DFInstaObserve: !toggles +blocked disable_feed=0 disable_explore=0 disable_reels=0 disable_stories=0 disable_adds=0
08-15 17:10:33.819 26688 28969 I DFInstaObserve: !toggles +blocked disable_feed=0 disable_explore=0 disable_reels=0 disable_stories=0 disable_adds=0
08-15 17:10:34.040 26688 29002 I DFInstaObserve: !toggles +blocked disable_feed=0 disable_explore=0 disable_reels=0 disable_stories=0 disable_adds=0
08-15 17:10:34.544 26688 28897 I DFInstaObserve: !toggles +blocked disable_feed=0 disable_explore=0 disable_reels=0 disable_stories=0 disable_adds=0
08-15 17:10:34.551 26688 28897 I DFInstaObserve: !toggles +blocked disable_feed=0 disable_explore=0 disable_reels=0 disable_stories=0 disable_adds=0
08-15 17:10:34.575 26688 26872 I DFInstaObserve: !toggles +blocked disable_feed=0 disable_explore=0 disable_reels=0 disable_stories=0 disable_adds=0
08-15 17:10:34.615 26688 29013 I DFInstaObserve: !toggles +blocked disable_feed=0 disable_explore=0 disable_reels=0 disable_stories=0 disable_adds=0
08-15 17:10:34.677 26688 29031 I DFInstaObserve: !toggles +blocked disable_feed=0 disable_explore=0 disable_reels=0 disable_stories=0 disable_adds=0
08-15 17:10:34.807 26688 28831 I DFInstaObserve: !toggles +blocked disable_feed=0 disable_explore=0 disable_reels=0 disable_stories=0 disable_adds=0
08-15 17:10:34.937 26688 28831 I DFInstaObserve: !toggles +blocked disable_feed=0 disable_explore=0 disable_reels=0 disable_stories=0 disable_adds=0
08-15 17:10:34.961 26688 26872 I DFInstaObserve: !toggles +blocked disable_feed=0 disable_explore=0 disable_reels=0 disable_stories=0 disable_adds=0
08-15 17:10:35.003 26688 28960 I DFInstaObserve: !toggles +blocked disable_feed=0 disable_explore=0 disable_reels=0 disable_stories=0 disable_adds=0
08-15 17:10:35.012 26688 28830 I DFInstaObserve: !toggles +blocked disable_feed=0 disable_explore=0 disable_reels=0 disable_stories=0 disable_adds=0
08-15 17:10:35.012 26688 28830 I DFInstaObserve: /discover/topical_explore
08-15 17:10:35.036 26688 26872 I DFInstaObserve: !toggles +blocked disable_feed=0 disable_explore=0 disable_reels=0 disable_stories=0 disable_adds=0
08-15 17:10:35.092 26688 29029 I DFInstaObserve: !toggles +blocked disable_feed=0 disable_explore=0 disable_reels=0 disable_stories=0 disable_adds=0
08-15 17:10:35.147 26688 28959 I DFInstaObserve: !toggles +blocked disable_feed=0 disable_explore=0 disable_reels=0 disable_stories=0 disable_adds=0
08-15 17:10:35.192 26688 28831 I DFInstaObserve: !toggles +blocked disable_feed=0 disable_explore=0 disable_reels=0 disable_stories=0 disable_adds=0
08-15 17:10:35.234 26688 28909 I DFInstaObserve: !toggles +blocked disable_feed=0 disable_explore=0 disable_reels=0 disable_stories=0 disable_adds=0
08-15 17:10:35.257 26688 26872 I DFInstaObserve: !toggles +blocked disable_feed=0 disable_explore=0 disable_reels=0 disable_stories=0 disable_adds=0
08-15 17:10:35.323 26688 28831 I DFInstaObserve: !toggles +blocked disable_feed=0 disable_explore=0 disable_reels=0 disable_stories=0 disable_adds=0
08-15 17:10:35.372 26688 29031 I DFInstaObserve: !toggles +blocked disable_feed=0 disable_explore=0 disable_reels=0 disable_stories=0 disable_adds=0
08-15 17:10:35.388 26688 29055 I DFInstaObserve: !toggles +blocked disable_feed=0 disable_explore=0 disable_reels=0 disable_stories=0 disable_adds=0
08-15 17:10:35.425 26688 28963 I DFInstaObserve: !toggles +blocked disable_feed=0 disable_explore=0 disable_reels=0 disable_stories=0 disable_adds=0
08-15 17:10:35.465 26688 26872 I DFInstaObserve: !toggles +blocked disable_feed=0 disable_explore=0 disable_reels=0 disable_stories=0 disable_adds=0
08-15 17:10:35.492 26688 28959 I DFInstaObserve: !toggles +blocked disable_feed=0 disable_explore=0 disable_reels=0 disable_stories=0 disable_adds=0
08-15 17:10:35.568 26688 28831 I DFInstaObserve: !toggles +blocked disable_feed=0 disable_explore=0 disable_reels=0 disable_stories=0 disable_adds=0
08-15 17:10:35.687 26688 29029 I DFInstaObserve: !toggles +blocked disable_feed=0 disable_explore=0 disable_reels=0 disable_stories=0 disable_adds=0
08-15 17:10:35.716 26688 29030 I DFInstaObserve: !toggles +blocked disable_feed=0 disable_explore=0 disable_reels=0 disable_stories=0 disable_adds=0
08-15 17:10:35.890 26688 26872 I DFInstaObserve: !toggles +blocked disable_feed=0 disable_explore=0 disable_reels=0 disable_stories=0 disable_adds=0
08-15 17:10:35.955 26688 26872 I DFInstaObserve: !toggles +blocked disable_feed=0 disable_explore=0 disable_reels=0 disable_stories=0 disable_adds=0
08-15 17:10:36.188 26688 26872 I DFInstaObserve: !toggles +blocked disable_feed=0 disable_explore=0 disable_reels=0 disable_stories=0 disable_adds=0
08-15 17:10:37.327 26688 29045 I DFInstaObserve: !toggles +blocked disable_feed=0 disable_explore=0 disable_reels=0 disable_stories=0 disable_adds=0
08-15 17:10:38.216 26688 29033 I DFInstaObserve: !toggles +blocked disable_feed=0 disable_explore=0 disable_reels=0 disable_stories=0 disable_adds=0
08-15 17:10:38.667 26688 29033 I DFInstaObserve: !toggles +blocked disable_feed=0 disable_explore=0 disable_reels=0 disable_stories=0 disable_adds=0
08-15 17:10:38.677 26688 29157 I DFInstaObserve: !toggles +blocked disable_feed=0 disable_explore=0 disable_reels=0 disable_stories=0 disable_adds=0
08-15 17:10:38.745 26688 26872 I DFInstaObserve: !toggles +blocked disable_feed=0 disable_explore=0 disable_reels=0 disable_stories=0 disable_adds=0
08-15 17:10:38.812 26688 28959 I DFInstaObserve: !toggles +blocked disable_feed=0 disable_explore=0 disable_reels=0 disable_stories=0 disable_adds=0
08-15 17:10:38.842 26688 26896 I DFInstaObserve: !toggles +blocked disable_feed=0 disable_explore=0 disable_reels=0 disable_stories=0 disable_adds=0
08-15 17:10:38.929 26688 29105 I DFInstaObserve: !toggles +blocked disable_feed=0 disable_explore=0 disable_reels=0 disable_stories=0 disable_adds=0
08-15 17:10:38.933 26688 26872 I DFInstaObserve: !toggles +blocked disable_feed=0 disable_explore=0 disable_reels=0 disable_stories=0 disable_adds=0
08-15 17:10:38.966 26688 26896 I DFInstaObserve: !toggles +blocked disable_feed=0 disable_explore=0 disable_reels=0 disable_stories=0 disable_adds=0
08-15 17:10:39.007 26688 26872 I DFInstaObserve: !toggles +blocked disable_feed=0 disable_explore=0 disable_reels=0 disable_stories=0 disable_adds=0
08-15 17:10:39.042 26688 28963 I DFInstaObserve: !toggles +blocked disable_feed=0 disable_explore=0 disable_reels=0 disable_stories=0 disable_adds=0
08-15 17:10:39.108 26688 26896 I DFInstaObserve: !toggles +blocked disable_feed=0 disable_explore=0 disable_reels=0 disable_stories=0 disable_adds=0
08-15 17:10:39.124 26688 29073 I DFInstaObserve: !toggles +blocked disable_feed=0 disable_explore=0 disable_reels=0 disable_stories=0 disable_adds=0
08-15 17:10:39.194 26688 28831 I DFInstaObserve: !toggles +blocked disable_feed=0 disable_explore=0 disable_reels=0 disable_stories=0 disable_adds=0
08-15 17:10:39.221 26688 26896 I DFInstaObserve: !toggles +blocked disable_feed=0 disable_explore=0 disable_reels=0 disable_stories=0 disable_adds=0
08-15 17:10:39.242 26688 26872 I DFInstaObserve: !toggles +blocked disable_feed=0 disable_explore=0 disable_reels=0 disable_stories=0 disable_adds=0
08-15 17:10:39.255 26688 29073 I DFInstaObserve: !toggles +blocked disable_feed=0 disable_explore=0 disable_reels=0 disable_stories=0 disable_adds=0
08-15 17:10:39.313 26688 28959 I DFInstaObserve: !toggles +blocked disable_feed=0 disable_explore=0 disable_reels=0 disable_stories=0 disable_adds=0
08-15 17:10:39.313 26688 26872 I DFInstaObserve: !toggles +blocked disable_feed=0 disable_explore=0 disable_reels=0 disable_stories=0 disable_adds=0
08-15 17:10:39.329 26688 26896 I DFInstaObserve: !toggles +blocked disable_feed=0 disable_explore=0 disable_reels=0 disable_stories=0 disable_adds=0
08-15 17:10:39.371 26688 29073 I DFInstaObserve: !toggles +blocked disable_feed=0 disable_explore=0 disable_reels=0 disable_stories=0 disable_adds=0
08-15 17:10:39.495 26688 29067 I DFInstaObserve: !toggles +blocked disable_feed=0 disable_explore=0 disable_reels=0 disable_stories=0 disable_adds=0
08-15 17:10:39.497 26688 26872 I DFInstaObserve: !toggles +blocked disable_feed=0 disable_explore=0 disable_reels=0 disable_stories=0 disable_adds=0
08-15 17:10:39.559 26688 26872 I DFInstaObserve: !toggles +blocked disable_feed=0 disable_explore=0 disable_reels=0 disable_stories=0 disable_adds=0
08-15 17:10:39.579 26688 28831 I DFInstaObserve: !toggles +blocked disable_feed=0 disable_explore=0 disable_reels=0 disable_stories=0 disable_adds=0
08-15 17:10:39.637 26688 26872 I DFInstaObserve: !toggles +blocked disable_feed=0 disable_explore=0 disable_reels=0 disable_stories=0 disable_adds=0
08-15 17:10:39.683 26688 26872 I DFInstaObserve: !toggles +blocked disable_feed=0 disable_explore=0 disable_reels=0 disable_stories=0 disable_adds=0
08-15 17:10:39.698 26688 28963 I DFInstaObserve: !toggles +blocked disable_feed=0 disable_explore=0 disable_reels=0 disable_stories=0 disable_adds=0
08-15 17:10:39.727 26688 29067 I DFInstaObserve: !toggles +blocked disable_feed=0 disable_explore=0 disable_reels=0 disable_stories=0 disable_adds=0
08-15 17:10:39.817 26688 28959 I DFInstaObserve: !toggles +blocked disable_feed=0 disable_explore=0 disable_reels=0 disable_stories=0 disable_adds=0
08-15 17:10:39.905 26688 29073 I DFInstaObserve: !toggles +blocked disable_feed=0 disable_explore=0 disable_reels=0 disable_stories=0 disable_adds=0
08-15 17:10:39.939 26688 26872 I DFInstaObserve: !toggles +blocked disable_feed=0 disable_explore=0 disable_reels=0 disable_stories=0 disable_adds=0
08-15 17:10:40.006 26688 26872 I DFInstaObserve: !toggles +blocked disable_feed=0 disable_explore=0 disable_reels=0 disable_stories=0 disable_adds=0
08-15 17:10:40.027 26688 29071 I DFInstaObserve: !toggles +blocked disable_feed=0 disable_explore=0 disable_reels=0 disable_stories=0 disable_adds=0
08-15 17:10:40.075 26688 26872 I DFInstaObserve: !toggles +blocked disable_feed=0 disable_explore=0 disable_reels=0 disable_stories=0 disable_adds=0
08-15 17:10:40.427 26688 29124 I DFInstaObserve: !toggles +blocked disable_feed=0 disable_explore=0 disable_reels=0 disable_stories=0 disable_adds=0
08-15 17:10:40.427 26688 29121 I DFInstaObserve: !toggles +blocked disable_feed=0 disable_explore=0 disable_reels=0 disable_stories=0 disable_adds=0
08-15 17:10:46.565 26688 29157 I DFInstaObserve: !toggles +blocked disable_feed=0 disable_explore=0 disable_reels=0 disable_stories=0 disable_adds=0
08-15 17:10:46.615 26688 29157 I DFInstaObserve: !toggles +blocked disable_feed=0 disable_explore=0 disable_reels=0 disable_stories=0 disable_adds=0
08-15 17:10:48.674 26688 29184 I DFInstaObserve: !toggles +blocked disable_feed=0 disable_explore=0 disable_reels=0 disable_stories=0 disable_adds=0
08-15 17:10:48.680 26688 29183 I DFInstaObserve: !toggles +blocked disable_feed=0 disable_explore=0 disable_reels=0 disable_stories=0 disable_adds=0
08-15 17:10:49.475 26688 29171 I DFInstaObserve: !toggles +blocked disable_feed=0 disable_explore=0 disable_reels=0 disable_stories=0 disable_adds=0
08-15 17:10:49.475 26688 29171 I DFInstaObserve: /clips/discover
08-15 17:10:49.475 26688 29171 I DFInstaObserve: /clips/discover/stream/
08-15 17:10:49.876 26688 29157 I DFInstaObserve: !toggles +blocked disable_feed=0 disable_explore=0 disable_reels=0 disable_stories=0 disable_adds=0
08-15 17:10:49.932 26688 29157 I DFInstaObserve: !toggles +blocked disable_feed=0 disable_explore=0 disable_reels=0 disable_stories=0 disable_adds=0
08-15 17:10:51.982 26688 29209 I DFInstaObserve: !toggles +blocked disable_feed=0 disable_explore=0 disable_reels=0 disable_stories=0 disable_adds=0
08-15 17:10:51.982 26688 29208 I DFInstaObserve: !toggles +blocked disable_feed=0 disable_explore=0 disable_reels=0 disable_stories=0 disable_adds=0
08-15 17:10:53.165 26688 29157 I DFInstaObserve: !toggles +blocked disable_feed=0 disable_explore=0 disable_reels=0 disable_stories=0 disable_adds=0
08-15 17:10:53.174 26688 29157 I DFInstaObserve: !toggles +blocked disable_feed=0 disable_explore=0 disable_reels=0 disable_stories=0 disable_adds=0
08-15 17:10:53.270 26688 29157 I DFInstaObserve: !toggles +blocked disable_feed=0 disable_explore=0 disable_reels=0 disable_stories=0 disable_adds=0
08-15 17:10:53.332 26688 26872 I DFInstaObserve: !toggles +blocked disable_feed=0 disable_explore=0 disable_reels=0 disable_stories=0 disable_adds=0
08-15 17:10:53.543 26688 26872 I DFInstaObserve: !toggles +blocked disable_feed=0 disable_explore=0 disable_reels=0 disable_stories=0 disable_adds=0
08-15 17:10:53.586 26688 26872 I DFInstaObserve: !toggles +blocked disable_feed=0 disable_explore=0 disable_reels=0 disable_stories=0 disable_adds=0
08-15 17:10:53.619 26688 26872 I DFInstaObserve: !toggles +blocked disable_feed=0 disable_explore=0 disable_reels=0 disable_stories=0 disable_adds=0
08-15 17:10:54.193 26688 29033 I DFInstaObserve: !toggles +blocked disable_feed=0 disable_explore=0 disable_reels=0 disable_stories=0 disable_adds=0
08-15 17:10:54.201 26688 29033 I DFInstaObserve: !toggles +blocked disable_feed=0 disable_explore=0 disable_reels=0 disable_stories=0 disable_adds=0
08-15 17:10:54.289 26688 29171 I DFInstaObserve: !toggles +blocked disable_feed=0 disable_explore=0 disable_reels=0 disable_stories=0 disable_adds=0
08-15 17:10:54.353 26688 29173 I DFInstaObserve: !toggles +blocked disable_feed=0 disable_explore=0 disable_reels=0 disable_stories=0 disable_adds=0
08-15 17:10:54.460 26688 29224 I DFInstaObserve: !toggles +blocked disable_feed=0 disable_explore=0 disable_reels=0 disable_stories=0 disable_adds=0
08-15 17:10:54.553 26688 29071 I DFInstaObserve: !toggles +blocked disable_feed=0 disable_explore=0 disable_reels=0 disable_stories=0 disable_adds=0
08-15 17:10:54.571 26688 26872 I DFInstaObserve: !toggles +blocked disable_feed=0 disable_explore=0 disable_reels=0 disable_stories=0 disable_adds=0
08-15 17:10:54.628 26688 29171 I DFInstaObserve: !toggles +blocked disable_feed=0 disable_explore=0 disable_reels=0 disable_stories=0 disable_adds=0
08-15 17:10:54.686 26688 29169 I DFInstaObserve: !toggles +blocked disable_feed=0 disable_explore=0 disable_reels=0 disable_stories=0 disable_adds=0
08-15 17:10:54.756 26688 26872 I DFInstaObserve: !toggles +blocked disable_feed=0 disable_explore=0 disable_reels=0 disable_stories=0 disable_adds=0
08-15 17:10:54.799 26688 29071 I DFInstaObserve: !toggles +blocked disable_feed=0 disable_explore=0 disable_reels=0 disable_stories=0 disable_adds=0
08-15 17:10:54.801 26688 26872 I DFInstaObserve: !toggles +blocked disable_feed=0 disable_explore=0 disable_reels=0 disable_stories=0 disable_adds=0
08-15 17:10:54.871 26688 29013 I DFInstaObserve: !toggles +blocked disable_feed=0 disable_explore=0 disable_reels=0 disable_stories=0 disable_adds=0
08-15 17:10:54.978 26688 29109 I DFInstaObserve: !toggles +blocked disable_feed=0 disable_explore=0 disable_reels=0 disable_stories=0 disable_adds=0
08-15 17:10:55.031 26688 29071 I DFInstaObserve: !toggles +blocked disable_feed=0 disable_explore=0 disable_reels=0 disable_stories=0 disable_adds=0
08-15 17:10:55.036 26688 26872 I DFInstaObserve: !toggles +blocked disable_feed=0 disable_explore=0 disable_reels=0 disable_stories=0 disable_adds=0
08-15 17:10:55.076 26688 26872 I DFInstaObserve: !toggles +blocked disable_feed=0 disable_explore=0 disable_reels=0 disable_stories=0 disable_adds=0
08-15 17:10:55.122 26688 26872 I DFInstaObserve: !toggles +blocked disable_feed=0 disable_explore=0 disable_reels=0 disable_stories=0 disable_adds=0
08-15 17:10:55.166 26688 26872 I DFInstaObserve: !toggles +blocked disable_feed=0 disable_explore=0 disable_reels=0 disable_stories=0 disable_adds=0
08-15 17:10:55.279 26688 26872 I DFInstaObserve: !toggles +blocked disable_feed=0 disable_explore=0 disable_reels=0 disable_stories=0 disable_adds=0
08-15 17:10:55.325 26688 26872 I DFInstaObserve: !toggles +blocked disable_feed=0 disable_explore=0 disable_reels=0 disable_stories=0 disable_adds=0
08-15 17:10:55.343 26688 29236 I DFInstaObserve: !toggles +blocked disable_feed=0 disable_explore=0 disable_reels=0 disable_stories=0 disable_adds=0
08-15 17:10:55.347 26688 29235 I DFInstaObserve: !toggles +blocked disable_feed=0 disable_explore=0 disable_reels=0 disable_stories=0 disable_adds=0
08-15 17:10:55.899 26688 26872 I DFInstaObserve: !toggles +blocked disable_feed=0 disable_explore=0 disable_reels=0 disable_stories=0 disable_adds=0
08-15 17:10:55.941 26688 26872 I DFInstaObserve: !toggles +blocked disable_feed=0 disable_explore=0 disable_reels=0 disable_stories=0 disable_adds=0
08-15 17:10:56.106 26688 26872 I DFInstaObserve: !toggles +blocked disable_feed=0 disable_explore=0 disable_reels=0 disable_stories=0 disable_adds=0
08-15 17:10:56.149 26688 26872 I DFInstaObserve: !toggles +blocked disable_feed=0 disable_explore=0 disable_reels=0 disable_stories=0 disable_adds=0
08-15 17:10:56.458 26688 26872 I DFInstaObserve: !toggles +blocked disable_feed=0 disable_explore=0 disable_reels=0 disable_stories=0 disable_adds=0
08-15 17:10:56.491 26688 26872 I DFInstaObserve: !toggles +blocked disable_feed=0 disable_explore=0 disable_reels=0 disable_stories=0 disable_adds=0
08-15 17:10:56.568 26688 29033 I DFInstaObserve: !toggles +blocked disable_feed=0 disable_explore=0 disable_reels=0 disable_stories=0 disable_adds=0
08-15 17:10:57.420 26688 26872 I DFInstaObserve: !toggles +blocked disable_feed=0 disable_explore=0 disable_reels=0 disable_stories=0 disable_adds=0
08-15 17:10:57.460 26688 26872 I DFInstaObserve: !toggles +blocked disable_feed=0 disable_explore=0 disable_reels=0 disable_stories=0 disable_adds=0
08-15 17:10:57.662 26688 26872 I DFInstaObserve: !toggles +blocked disable_feed=0 disable_explore=0 disable_reels=0 disable_stories=0 disable_adds=0
08-15 17:10:57.698 26688 26872 I DFInstaObserve: !toggles +blocked disable_feed=0 disable_explore=0 disable_reels=0 disable_stories=0 disable_adds=0
08-15 17:10:57.886 26688 26872 I DFInstaObserve: !toggles +blocked disable_feed=0 disable_explore=0 disable_reels=0 disable_stories=0 disable_adds=0
08-15 17:10:58.663 26688 29271 I DFInstaObserve: !toggles +blocked disable_feed=0 disable_explore=0 disable_reels=0 disable_stories=0 disable_adds=0
08-15 17:10:58.664 26688 29270 I DFInstaObserve: !toggles +blocked disable_feed=0 disable_explore=0 disable_reels=0 disable_stories=0 disable_adds=0
08-15 17:10:59.909 26688 29033 I DFInstaObserve: !toggles +blocked disable_feed=0 disable_explore=0 disable_reels=0 disable_stories=0 disable_adds=0
08-15 17:11:01.993 26688 29299 I DFInstaObserve: !toggles +blocked disable_feed=0 disable_explore=0 disable_reels=0 disable_stories=0 disable_adds=0
08-15 17:11:01.999 26688 29300 I DFInstaObserve: !toggles +blocked disable_feed=0 disable_explore=0 disable_reels=0 disable_stories=0 disable_adds=0
