08-15 16:21:34.430 29205 29205 I DFInstaProbe: set_app_context
08-15 16:21:34.660 29205 29288 I DFInstaProbe: replace_reels_stream_endpoint
08-15 16:21:34.882 29205 29404 I DFInstaProbe: tigon_url_block
08-15 16:21:34.882 29205 29404 I DFInstaObserve: !toggles +blocked disable_feed=0 disable_explore=0 disable_reels=1 disable_stories=0 disable_adds=0
08-15 16:21:34.882 29205 29404 I DFInstaObserve: /feed/reels_tray/
08-15 16:21:34.899 29205 29394 I DFInstaObserve: !toggles +blocked disable_feed=0 disable_explore=0 disable_reels=1 disable_stories=0 disable_adds=0
08-15 16:21:34.899 29205 29394 I DFInstaObserve: /feed/timeline/
08-15 16:21:35.183 29205 29428 I DFInstaObserve: !toggles +blocked disable_feed=0 disable_explore=0 disable_reels=1 disable_stories=0 disable_adds=0
08-15 16:21:35.311 29205 29464 I DFInstaObserve: !toggles +blocked disable_feed=0 disable_explore=0 disable_reels=1 disable_stories=0 disable_adds=0
08-15 16:21:35.576 29205 29272 I DFInstaObserve: !toggles +blocked disable_feed=0 disable_explore=0 disable_reels=1 disable_stories=0 disable_adds=0
08-15 16:21:35.588 29471 29471 I DFInstaProbe: set_app_context
08-15 16:21:35.746 29205 29464 I DFInstaObserve: !toggles +blocked disable_feed=0 disable_explore=0 disable_reels=1 disable_stories=0 disable_adds=0
08-15 16:21:36.024 29205 29242 I DFInstaObserve: !toggles +blocked disable_feed=0 disable_explore=0 disable_reels=1 disable_stories=0 disable_adds=0
08-15 16:21:36.026 29205 29428 I DFInstaObserve: !toggles +blocked disable_feed=0 disable_explore=0 disable_reels=1 disable_stories=0 disable_adds=0
08-15 16:21:36.108 29205 29428 I DFInstaObserve: !toggles +blocked disable_feed=0 disable_explore=0 disable_reels=1 disable_stories=0 disable_adds=0
08-15 16:21:36.632 29205 29406 I DFInstaObserve: !toggles +blocked disable_feed=0 disable_explore=0 disable_reels=1 disable_stories=0 disable_adds=0
08-15 16:21:36.632 29205 29406 I DFInstaObserve: /discover/topical_explore
08-15 16:21:37.010 29205 29243 I DFInstaObserve: !toggles +blocked disable_feed=0 disable_explore=0 disable_reels=1 disable_stories=0 disable_adds=0
08-15 16:21:37.024 29205 29243 I DFInstaObserve: !toggles +blocked disable_feed=0 disable_explore=0 disable_reels=1 disable_stories=0 disable_adds=0
08-15 16:21:37.111 29205 29281 I DFInstaObserve: !toggles +blocked disable_feed=0 disable_explore=0 disable_reels=1 disable_stories=0 disable_adds=0
08-15 16:21:37.126 29205 29271 I DFInstaObserve: !toggles +blocked disable_feed=0 disable_explore=0 disable_reels=1 disable_stories=0 disable_adds=0
08-15 16:21:37.208 29205 29407 I DFInstaObserve: !toggles +blocked disable_feed=0 disable_explore=0 disable_reels=1 disable_stories=0 disable_adds=0
08-15 16:21:37.208 29205 29407 I DFInstaObserve: /feed/timeline/
08-15 16:21:37.510 29205 29549 I DFInstaObserve: !toggles +blocked disable_feed=0 disable_explore=0 disable_reels=1 disable_stories=0 disable_adds=0
08-15 16:21:37.805 29205 29288 I DFInstaObserve: !toggles +blocked disable_feed=0 disable_explore=0 disable_reels=1 disable_stories=0 disable_adds=0
08-15 16:21:38.029 29205 29428 I DFInstaObserve: !toggles +blocked disable_feed=0 disable_explore=0 disable_reels=1 disable_stories=0 disable_adds=0
08-15 16:21:38.160 29205 29404 I DFInstaObserve: !toggles +blocked disable_feed=0 disable_explore=0 disable_reels=1 disable_stories=0 disable_adds=0
08-15 16:21:38.320 29205 29428 I DFInstaObserve: !toggles +blocked disable_feed=0 disable_explore=0 disable_reels=1 disable_stories=0 disable_adds=0
08-15 16:21:38.353 29205 29288 I DFInstaObserve: !toggles +blocked disable_feed=0 disable_explore=0 disable_reels=1 disable_stories=0 disable_adds=0
08-15 16:21:38.473 29205 29552 I DFInstaObserve: !toggles +blocked disable_feed=0 disable_explore=0 disable_reels=1 disable_stories=0 disable_adds=0
08-15 16:21:38.817 29205 29552 I DFInstaObserve: !toggles +blocked disable_feed=0 disable_explore=0 disable_reels=1 disable_stories=0 disable_adds=0
08-15 16:21:38.826 29205 29254 I DFInstaObserve: !toggles +blocked disable_feed=0 disable_explore=0 disable_reels=1 disable_stories=0 disable_adds=0
08-15 16:21:39.073 29205 29584 I DFInstaObserve: !toggles +blocked disable_feed=0 disable_explore=0 disable_reels=1 disable_stories=0 disable_adds=0
08-15 16:21:39.084 29205 29405 I DFInstaObserve: !toggles +blocked disable_feed=0 disable_explore=0 disable_reels=1 disable_stories=0 disable_adds=0
08-15 16:21:40.164 29205 29585 I DFInstaObserve: !toggles +blocked disable_feed=0 disable_explore=0 disable_reels=1 disable_stories=0 disable_adds=0
08-15 16:21:40.173 29205 29585 I DFInstaObserve: !toggles +blocked disable_feed=0 disable_explore=0 disable_reels=1 disable_stories=0 disable_adds=0
08-15 16:21:40.404 29205 29428 I DFInstaObserve: !toggles +blocked disable_feed=0 disable_explore=0 disable_reels=1 disable_stories=0 disable_adds=0
08-15 16:21:40.461 29205 29428 I DFInstaObserve: !toggles +blocked disable_feed=0 disable_explore=0 disable_reels=1 disable_stories=0 disable_adds=0
08-15 16:21:40.597 29205 29551 I DFInstaObserve: !toggles +blocked disable_feed=0 disable_explore=0 disable_reels=1 disable_stories=0 disable_adds=0
08-15 16:21:40.669 29205 29428 I DFInstaObserve: !toggles +blocked disable_feed=0 disable_explore=0 disable_reels=1 disable_stories=0 disable_adds=0
08-15 16:21:40.724 29205 29428 I DFInstaObserve: !toggles +blocked disable_feed=0 disable_explore=0 disable_reels=1 disable_stories=0 disable_adds=0
08-15 16:21:40.859 29205 29464 I DFInstaObserve: !toggles +blocked disable_feed=0 disable_explore=0 disable_reels=1 disable_stories=0 disable_adds=0
08-15 16:21:40.871 29205 29428 I DFInstaObserve: !toggles +blocked disable_feed=0 disable_explore=0 disable_reels=1 disable_stories=0 disable_adds=0
08-15 16:21:40.926 29205 29582 I DFInstaObserve: !toggles +blocked disable_feed=0 disable_explore=0 disable_reels=1 disable_stories=0 disable_adds=0
08-15 16:21:41.231 29205 29369 I DFInstaObserve: !toggles +blocked disable_feed=0 disable_explore=0 disable_reels=1 disable_stories=0 disable_adds=0
08-15 16:21:41.284 29205 29606 I DFInstaObserve: !toggles +blocked disable_feed=0 disable_explore=0 disable_reels=1 disable_stories=0 disable_adds=0
08-15 16:21:41.355 29205 29428 I DFInstaObserve: !toggles +blocked disable_feed=0 disable_explore=0 disable_reels=1 disable_stories=0 disable_adds=0
08-15 16:21:41.398 29205 29428 I DFInstaObserve: !toggles +blocked disable_feed=0 disable_explore=0 disable_reels=1 disable_stories=0 disable_adds=0
08-15 16:21:41.579 29205 29605 I DFInstaObserve: !toggles +blocked disable_feed=0 disable_explore=0 disable_reels=1 disable_stories=0 disable_adds=0
08-15 16:21:41.651 29205 29428 I DFInstaObserve: !toggles +blocked disable_feed=0 disable_explore=0 disable_reels=1 disable_stories=0 disable_adds=0
08-15 16:21:41.821 29205 29578 I DFInstaObserve: !toggles +blocked disable_feed=0 disable_explore=0 disable_reels=1 disable_stories=0 disable_adds=0
08-15 16:21:41.939 29205 29428 I DFInstaObserve: !toggles +blocked disable_feed=0 disable_explore=0 disable_reels=1 disable_stories=0 disable_adds=0
08-15 16:21:41.986 29205 29405 I DFInstaObserve: !toggles +blocked disable_feed=0 disable_explore=0 disable_reels=1 disable_stories=0 disable_adds=0
08-15 16:21:42.041 29205 29406 I DFInstaObserve: !toggles +blocked disable_feed=0 disable_explore=0 disable_reels=1 disable_stories=0 disable_adds=0
08-15 16:21:42.054 29205 29578 I DFInstaObserve: !toggles +blocked disable_feed=0 disable_explore=0 disable_reels=1 disable_stories=0 disable_adds=0
08-15 16:21:42.120 29205 29578 I DFInstaObserve: !toggles +blocked disable_feed=0 disable_explore=0 disable_reels=1 disable_stories=0 disable_adds=0
08-15 16:21:42.157 29205 29254 I DFInstaObserve: !toggles +blocked disable_feed=0 disable_explore=0 disable_reels=1 disable_stories=0 disable_adds=0
08-15 16:21:42.251 29205 29254 I DFInstaObserve: !toggles +blocked disable_feed=0 disable_explore=0 disable_reels=1 disable_stories=0 disable_adds=0
08-15 16:21:42.353 29205 29369 I DFInstaObserve: !toggles +blocked disable_feed=0 disable_explore=0 disable_reels=1 disable_stories=0 disable_adds=0
08-15 16:21:42.376 29205 29428 I DFInstaObserve: !toggles +blocked disable_feed=0 disable_explore=0 disable_reels=1 disable_stories=0 disable_adds=0
08-15 16:21:42.405 29205 29406 I DFInstaObserve: !toggles +blocked disable_feed=0 disable_explore=0 disable_reels=1 disable_stories=0 disable_adds=0
08-15 16:21:42.432 29205 29428 I DFInstaObserve: !toggles +blocked disable_feed=0 disable_explore=0 disable_reels=1 disable_stories=0 disable_adds=0
08-15 16:21:42.466 29205 29578 I DFInstaObserve: !toggles +blocked disable_feed=0 disable_explore=0 disable_reels=1 disable_stories=0 disable_adds=0
08-15 16:21:42.509 29205 29428 I DFInstaObserve: !toggles +blocked disable_feed=0 disable_explore=0 disable_reels=1 disable_stories=0 disable_adds=0
08-15 16:21:42.556 29205 29428 I DFInstaObserve: !toggles +blocked disable_feed=0 disable_explore=0 disable_reels=1 disable_stories=0 disable_adds=0
08-15 16:21:42.587 29205 29254 I DFInstaObserve: !toggles +blocked disable_feed=0 disable_explore=0 disable_reels=1 disable_stories=0 disable_adds=0
08-15 16:21:42.620 29205 29551 I DFInstaObserve: !toggles +blocked disable_feed=0 disable_explore=0 disable_reels=1 disable_stories=0 disable_adds=0
08-15 16:21:42.627 29205 29578 I DFInstaObserve: !toggles +blocked disable_feed=0 disable_explore=0 disable_reels=1 disable_stories=0 disable_adds=0
08-15 16:21:42.636 29205 29606 I DFInstaObserve: !toggles +blocked disable_feed=0 disable_explore=0 disable_reels=1 disable_stories=0 disable_adds=0
08-15 16:21:42.708 29205 29428 I DFInstaObserve: !toggles +blocked disable_feed=0 disable_explore=0 disable_reels=1 disable_stories=0 disable_adds=0
08-15 16:21:42.726 29205 29607 I DFInstaObserve: !toggles +blocked disable_feed=0 disable_explore=0 disable_reels=1 disable_stories=0 disable_adds=0
08-15 16:21:42.751 29205 29428 I DFInstaObserve: !toggles +blocked disable_feed=0 disable_explore=0 disable_reels=1 disable_stories=0 disable_adds=0
08-15 16:21:42.780 29205 29582 I DFInstaObserve: !toggles +blocked disable_feed=0 disable_explore=0 disable_reels=1 disable_stories=0 disable_adds=0
08-15 16:21:42.821 29205 29607 I DFInstaObserve: !toggles +blocked disable_feed=0 disable_explore=0 disable_reels=1 disable_stories=0 disable_adds=0
08-15 16:21:42.841 29205 29582 I DFInstaObserve: !toggles +blocked disable_feed=0 disable_explore=0 disable_reels=1 disable_stories=0 disable_adds=0
08-15 16:21:42.906 29205 29428 I DFInstaObserve: !toggles +blocked disable_feed=0 disable_explore=0 disable_reels=1 disable_stories=0 disable_adds=0
08-15 16:21:42.915 29205 29605 I DFInstaObserve: !toggles +blocked disable_feed=0 disable_explore=0 disable_reels=1 disable_stories=0 disable_adds=0
08-15 16:21:42.952 29205 29606 I DFInstaObserve: !toggles +blocked disable_feed=0 disable_explore=0 disable_reels=1 disable_stories=0 disable_adds=0
08-15 16:21:42.958 29205 29407 I DFInstaObserve: !toggles +blocked disable_feed=0 disable_explore=0 disable_reels=1 disable_stories=0 disable_adds=0
08-15 16:21:42.969 29205 29428 I DFInstaObserve: !toggles +blocked disable_feed=0 disable_explore=0 disable_reels=1 disable_stories=0 disable_adds=0
08-15 16:21:43.103 29205 29464 I DFInstaObserve: !toggles +blocked disable_feed=0 disable_explore=0 disable_reels=1 disable_stories=0 disable_adds=0
08-15 16:21:43.226 29205 29428 I DFInstaObserve: !toggles +blocked disable_feed=0 disable_explore=0 disable_reels=1 disable_stories=0 disable_adds=0
08-15 16:21:43.260 29205 29428 I DFInstaObserve: !toggles +blocked disable_feed=0 disable_explore=0 disable_reels=1 disable_stories=0 disable_adds=0
08-15 16:21:43.305 29205 29428 I DFInstaObserve: !toggles +blocked disable_feed=0 disable_explore=0 disable_reels=1 disable_stories=0 disable_adds=0
08-15 16:21:44.092 29205 29464 I DFInstaObserve: !toggles +blocked disable_feed=0 disable_explore=0 disable_reels=1 disable_stories=0 disable_adds=0
08-15 16:21:52.434 29205 29672 I DFInstaObserve: !toggles +blocked disable_feed=0 disable_explore=0 disable_reels=1 disable_stories=0 disable_adds=0
08-15 16:21:52.434 29205 29672 I DFInstaObserve: /feed/timeline/
08-15 16:21:52.438 29205 29665 I DFInstaObserve: !toggles +blocked disable_feed=0 disable_explore=0 disable_reels=1 disable_stories=0 disable_adds=0
08-15 16:21:52.438 29205 29665 I DFInstaObserve: /feed/reels_tray/
08-15 16:21:54.111 29205 29243 I DFInstaObserve: !toggles +blocked disable_feed=0 disable_explore=0 disable_reels=1 disable_stories=0 disable_adds=0
08-15 16:21:54.380 29205 29672 I DFInstaObserve: !toggles +blocked disable_feed=0 disable_explore=0 disable_reels=1 disable_stories=0 disable_adds=0
08-15 16:21:54.380 29205 29672 I DFInstaObserve: /feed/timeline/
08-15 16:21:57.704 29205 29464 I DFInstaObserve: !toggles +blocked disable_feed=0 disable_explore=0 disable_reels=1 disable_stories=0 disable_adds=0
08-15 16:21:57.892 29205 29585 I DFInstaObserve: !toggles +blocked disable_feed=0 disable_explore=0 disable_reels=1 disable_stories=0 disable_adds=0
08-15 16:21:57.900 29205 29585 I DFInstaObserve: !toggles +blocked disable_feed=0 disable_explore=0 disable_reels=1 disable_stories=0 disable_adds=0
08-15 16:21:58.133 29205 29428 I DFInstaObserve: !toggles +blocked disable_feed=0 disable_explore=0 disable_reels=1 disable_stories=0 disable_adds=0
08-15 16:21:58.185 29205 29428 I DFInstaObserve: !toggles +blocked disable_feed=0 disable_explore=0 disable_reels=1 disable_stories=0 disable_adds=0
08-15 16:21:58.227 29205 29428 I DFInstaObserve: !toggles +blocked disable_feed=0 disable_explore=0 disable_reels=1 disable_stories=0 disable_adds=0
08-15 16:21:58.277 29205 29428 I DFInstaObserve: !toggles +blocked disable_feed=0 disable_explore=0 disable_reels=1 disable_stories=0 disable_adds=0
08-15 16:21:58.326 29205 29428 I DFInstaObserve: !toggles +blocked disable_feed=0 disable_explore=0 disable_reels=1 disable_stories=0 disable_adds=0
08-15 16:21:58.345 29205 29684 I DFInstaObserve: !toggles +blocked disable_feed=0 disable_explore=0 disable_reels=1 disable_stories=0 disable_adds=0
08-15 16:21:58.460 29205 29428 I DFInstaObserve: !toggles +blocked disable_feed=0 disable_explore=0 disable_reels=1 disable_stories=0 disable_adds=0
08-15 16:21:58.502 29205 29428 I DFInstaObserve: !toggles +blocked disable_feed=0 disable_explore=0 disable_reels=1 disable_stories=0 disable_adds=0
08-15 16:21:58.643 29205 29582 I DFInstaObserve: !toggles +blocked disable_feed=0 disable_explore=0 disable_reels=1 disable_stories=0 disable_adds=0
08-15 16:21:58.710 29205 29428 I DFInstaObserve: !toggles +blocked disable_feed=0 disable_explore=0 disable_reels=1 disable_stories=0 disable_adds=0
08-15 16:21:58.762 29205 29428 I DFInstaObserve: !toggles +blocked disable_feed=0 disable_explore=0 disable_reels=1 disable_stories=0 disable_adds=0
08-15 16:21:58.902 29205 29675 I DFInstaObserve: !toggles +blocked disable_feed=0 disable_explore=0 disable_reels=1 disable_stories=0 disable_adds=0
08-15 16:21:59.060 29205 29684 I DFInstaObserve: !toggles +blocked disable_feed=0 disable_explore=0 disable_reels=1 disable_stories=0 disable_adds=0
08-15 16:21:59.298 29205 29699 I DFInstaObserve: !toggles +blocked disable_feed=0 disable_explore=0 disable_reels=1 disable_stories=0 disable_adds=0
08-15 16:21:59.414 29205 29428 I DFInstaObserve: !toggles +blocked disable_feed=0 disable_explore=0 disable_reels=1 disable_stories=0 disable_adds=0
08-15 16:21:59.555 29205 29675 I DFInstaObserve: !toggles +blocked disable_feed=0 disable_explore=0 disable_reels=1 disable_stories=0 disable_adds=0
08-15 16:21:59.668 29205 29582 I DFInstaObserve: !toggles +blocked disable_feed=0 disable_explore=0 disable_reels=1 disable_stories=0 disable_adds=0
08-15 16:22:00.555 29205 29704 I DFInstaObserve: !toggles +blocked disable_feed=0 disable_explore=0 disable_reels=1 disable_stories=0 disable_adds=0
08-15 16:22:00.555 29205 29704 I DFInstaObserve: /feed/timeline/
08-15 16:22:00.565 29205 29699 I DFInstaObserve: !toggles +blocked disable_feed=0 disable_explore=0 disable_reels=1 disable_stories=0 disable_adds=0
08-15 16:22:00.565 29205 29699 I DFInstaObserve: /feed/reels_tray/
08-15 16:22:01.606 29205 29243 I DFInstaObserve: !toggles +blocked disable_feed=0 disable_explore=0 disable_reels=1 disable_stories=0 disable_adds=0
08-15 16:22:02.294 29205 29243 I DFInstaObserve: !toggles +blocked disable_feed=0 disable_explore=0 disable_reels=1 disable_stories=0 disable_adds=0
08-15 16:22:02.530 29205 29672 I DFInstaObserve: !toggles +blocked disable_feed=0 disable_explore=0 disable_reels=1 disable_stories=0 disable_adds=0
08-15 16:22:02.530 29205 29672 I DFInstaObserve: /feed/timeline/
08-15 16:22:05.375 29205 29585 I DFInstaObserve: !toggles +blocked disable_feed=0 disable_explore=0 disable_reels=1 disable_stories=0 disable_adds=0
08-15 16:22:05.419 29205 29585 I DFInstaObserve: !toggles +blocked disable_feed=0 disable_explore=0 disable_reels=1 disable_stories=0 disable_adds=0
08-15 16:22:05.520 29205 29428 I DFInstaObserve: !toggles +blocked disable_feed=0 disable_explore=0 disable_reels=1 disable_stories=0 disable_adds=0
08-15 16:22:05.557 29205 29428 I DFInstaObserve: !toggles +blocked disable_feed=0 disable_explore=0 disable_reels=1 disable_stories=0 disable_adds=0
08-15 16:22:05.757 29205 29464 I DFInstaObserve: !toggles +blocked disable_feed=0 disable_explore=0 disable_reels=1 disable_stories=0 disable_adds=0
08-15 16:22:05.924 29205 29428 I DFInstaObserve: !toggles +blocked disable_feed=0 disable_explore=0 disable_reels=1 disable_stories=0 disable_adds=0
08-15 16:22:11.974 29205 29764 I DFInstaObserve: !toggles +blocked disable_feed=0 disable_explore=0 disable_reels=1 disable_stories=0 disable_adds=0
08-15 16:22:11.976 29205 29762 I DFInstaObserve: !toggles +blocked disable_feed=0 disable_explore=0 disable_reels=1 disable_stories=0 disable_adds=0
08-15 16:22:12.077 29205 29243 I DFInstaObserve: !toggles +blocked disable_feed=0 disable_explore=0 disable_reels=1 disable_stories=0 disable_adds=0
08-15 16:22:14.456 29205 29762 I DFInstaObserve: !toggles +blocked disable_feed=0 disable_explore=0 disable_reels=1 disable_stories=0 disable_adds=0
08-15 16:22:16.297 29205 29585 I DFInstaObserve: !toggles +blocked disable_feed=0 disable_explore=0 disable_reels=1 disable_stories=0 disable_adds=0
08-15 16:22:19.238 29205 29820 I DFInstaObserve: !toggles +blocked disable_feed=0 disable_explore=0 disable_reels=1 disable_stories=0 disable_adds=0
08-15 16:22:19.240 29205 29819 I DFInstaObserve: !toggles +blocked disable_feed=0 disable_explore=0 disable_reels=1 disable_stories=0 disable_adds=0
08-15 16:22:19.300 29205 29819 I DFInstaObserve: !toggles +blocked disable_feed=0 disable_explore=0 disable_reels=1 disable_stories=0 disable_adds=0
08-15 16:22:19.639 29205 29585 I DFInstaObserve: !toggles +blocked disable_feed=0 disable_explore=0 disable_reels=1 disable_stories=0 disable_adds=0
08-15 16:22:22.387 29205 29585 I DFInstaObserve: !toggles +blocked disable_feed=0 disable_explore=0 disable_reels=1 disable_stories=0 disable_adds=0
08-15 16:22:22.965 29205 29243 I DFInstaObserve: !toggles +blocked disable_feed=0 disable_explore=0 disable_reels=1 disable_stories=0 disable_adds=0
08-15 16:22:25.776 29205 29243 I DFInstaObserve: !toggles +blocked disable_feed=0 disable_explore=0 disable_reels=1 disable_stories=0 disable_adds=0
08-15 16:22:27.644 29205 29819 I DFInstaObserve: !toggles +blocked disable_feed=0 disable_explore=0 disable_reels=1 disable_stories=0 disable_adds=0
08-15 16:22:28.629 29205 29841 I DFInstaObserve: !toggles +blocked disable_feed=0 disable_explore=0 disable_reels=1 disable_stories=0 disable_adds=0
08-15 16:22:28.772 29205 29824 I DFInstaObserve: !toggles +blocked disable_feed=0 disable_explore=0 disable_reels=1 disable_stories=0 disable_adds=0
08-15 16:22:29.057 29205 29882 I DFInstaObserve: !toggles +blocked disable_feed=0 disable_explore=0 disable_reels=1 disable_stories=0 disable_adds=0
08-15 16:22:29.469 29205 29585 I DFInstaObserve: !toggles +blocked disable_feed=0 disable_explore=0 disable_reels=1 disable_stories=0 disable_adds=0
08-15 16:22:29.481 29205 29243 I DFInstaObserve: !toggles +blocked disable_feed=0 disable_explore=0 disable_reels=1 disable_stories=0 disable_adds=0
08-15 16:22:29.554 29205 29428 I DFInstaObserve: !toggles +blocked disable_feed=0 disable_explore=0 disable_reels=1 disable_stories=0 disable_adds=0
08-15 16:22:29.620 29205 29428 I DFInstaObserve: !toggles +blocked disable_feed=0 disable_explore=0 disable_reels=1 disable_stories=0 disable_adds=0
08-15 16:22:29.632 29205 29829 I DFInstaObserve: !toggles +blocked disable_feed=0 disable_explore=0 disable_reels=1 disable_stories=0 disable_adds=0
08-15 16:22:29.662 29205 29464 I DFInstaObserve: !toggles +blocked disable_feed=0 disable_explore=0 disable_reels=1 disable_stories=0 disable_adds=0
08-15 16:22:29.690 29205 29860 I DFInstaObserve: !toggles +blocked disable_feed=0 disable_explore=0 disable_reels=1 disable_stories=0 disable_adds=0
08-15 16:22:29.697 29205 29428 I DFInstaObserve: !toggles +blocked disable_feed=0 disable_explore=0 disable_reels=1 disable_stories=0 disable_adds=0
08-15 16:22:29.736 29205 29428 I DFInstaObserve: !toggles +blocked disable_feed=0 disable_explore=0 disable_reels=1 disable_stories=0 disable_adds=0
08-15 16:22:29.765 29205 29464 I DFInstaObserve: !toggles +blocked disable_feed=0 disable_explore=0 disable_reels=1 disable_stories=0 disable_adds=0
08-15 16:22:29.827 29205 29859 I DFInstaObserve: !toggles +blocked disable_feed=0 disable_explore=0 disable_reels=1 disable_stories=0 disable_adds=0
08-15 16:22:29.925 29205 29428 I DFInstaObserve: !toggles +blocked disable_feed=0 disable_explore=0 disable_reels=1 disable_stories=0 disable_adds=0
08-15 16:22:29.935 29205 29829 I DFInstaObserve: !toggles +blocked disable_feed=0 disable_explore=0 disable_reels=1 disable_stories=0 disable_adds=0
08-15 16:22:30.008 29205 29893 I DFInstaObserve: !toggles +blocked disable_feed=0 disable_explore=0 disable_reels=1 disable_stories=0 disable_adds=0
08-15 16:22:31.100 29205 29877 I DFInstaObserve: !toggles +blocked disable_feed=0 disable_explore=0 disable_reels=1 disable_stories=0 disable_adds=0
08-15 16:22:31.138 29205 29882 I DFInstaObserve: !toggles +blocked disable_feed=0 disable_explore=0 disable_reels=1 disable_stories=0 disable_adds=0
08-15 16:22:31.200 29205 29877 I DFInstaObserve: !toggles +blocked disable_feed=0 disable_explore=0 disable_reels=1 disable_stories=0 disable_adds=0
08-15 16:22:33.599 29205 29877 I DFInstaObserve: !toggles +blocked disable_feed=0 disable_explore=0 disable_reels=1 disable_stories=0 disable_adds=0
08-15 16:22:33.641 29205 29882 I DFInstaObserve: !toggles +blocked disable_feed=0 disable_explore=0 disable_reels=1 disable_stories=0 disable_adds=0
08-15 16:22:36.685 29205 29861 I DFInstaObserve: !toggles +blocked disable_feed=0 disable_explore=0 disable_reels=1 disable_stories=0 disable_adds=0
08-15 16:22:36.685 29205 29861 I DFInstaObserve: /discover/topical_explore
08-15 16:22:39.111 29205 29243 I DFInstaObserve: !toggles +blocked disable_feed=0 disable_explore=0 disable_reels=1 disable_stories=0 disable_adds=0
08-15 16:22:39.123 29205 29243 I DFInstaObserve: !toggles +blocked disable_feed=0 disable_explore=0 disable_reels=1 disable_stories=0 disable_adds=0
08-15 16:22:39.132 29205 29243 I DFInstaObserve: !toggles +blocked disable_feed=0 disable_explore=0 disable_reels=1 disable_stories=0 disable_adds=0
08-15 16:22:39.289 29205 29941 I DFInstaObserve: !toggles +blocked disable_feed=0 disable_explore=0 disable_reels=1 disable_stories=0 disable_adds=0
08-15 16:22:39.308 29205 29243 I DFInstaObserve: !toggles +blocked disable_feed=0 disable_explore=0 disable_reels=1 disable_stories=0 disable_adds=0
08-15 16:22:39.312 29205 29585 I DFInstaObserve: !toggles +blocked disable_feed=0 disable_explore=0 disable_reels=1 disable_stories=0 disable_adds=0
08-15 16:22:39.336 29205 29941 I DFInstaObserve: !toggles +blocked disable_feed=0 disable_explore=0 disable_reels=1 disable_stories=0 disable_adds=0
08-15 16:22:39.353 29205 29428 I DFInstaObserve: !toggles +blocked disable_feed=0 disable_explore=0 disable_reels=1 disable_stories=0 disable_adds=0
08-15 16:22:39.461 29205 29947 I DFInstaObserve: !toggles +blocked disable_feed=0 disable_explore=0 disable_reels=1 disable_stories=0 disable_adds=0
08-15 16:22:39.510 29205 29954 I DFInstaObserve: !toggles +blocked disable_feed=0 disable_explore=0 disable_reels=1 disable_stories=0 disable_adds=0
08-15 16:22:39.634 29205 29898 I DFInstaObserve: !toggles +blocked disable_feed=0 disable_explore=0 disable_reels=1 disable_stories=0 disable_adds=0
08-15 16:22:39.772 29205 29898 I DFInstaObserve: !toggles +blocked disable_feed=0 disable_explore=0 disable_reels=1 disable_stories=0 disable_adds=0
08-15 16:22:39.857 29205 29428 I DFInstaObserve: !toggles +blocked disable_feed=0 disable_explore=0 disable_reels=1 disable_stories=0 disable_adds=0
08-15 16:22:39.863 29205 29861 I DFInstaObserve: !toggles +blocked disable_feed=0 disable_explore=0 disable_reels=1 disable_stories=0 disable_adds=0
08-15 16:22:39.905 29205 29428 I DFInstaObserve: !toggles +blocked disable_feed=0 disable_explore=0 disable_reels=1 disable_stories=0 disable_adds=0
08-15 16:22:39.911 29205 29954 I DFInstaObserve: !toggles +blocked disable_feed=0 disable_explore=0 disable_reels=1 disable_stories=0 disable_adds=0
08-15 16:22:40.005 29205 29428 I DFInstaObserve: !toggles +blocked disable_feed=0 disable_explore=0 disable_reels=1 disable_stories=0 disable_adds=0
08-15 16:22:40.012 29205 29921 I DFInstaObserve: !toggles +blocked disable_feed=0 disable_explore=0 disable_reels=1 disable_stories=0 disable_adds=0
08-15 16:22:40.020 29205 29899 I DFInstaObserve: !toggles +blocked disable_feed=0 disable_explore=0 disable_reels=1 disable_stories=0 disable_adds=0
08-15 16:22:40.021 29205 29899 I DFInstaObserve: /discover/topical_explore
08-15 16:22:40.087 29205 29428 I DFInstaObserve: !toggles +blocked disable_feed=0 disable_explore=0 disable_reels=1 disable_stories=0 disable_adds=0
08-15 16:22:40.136 29205 29954 I DFInstaObserve: !toggles +blocked disable_feed=0 disable_explore=0 disable_reels=1 disable_stories=0 disable_adds=0
08-15 16:22:40.215 29205 29841 I DFInstaObserve: !toggles +blocked disable_feed=0 disable_explore=0 disable_reels=1 disable_stories=0 disable_adds=0
08-15 16:22:40.239 29205 29428 I DFInstaObserve: !toggles +blocked disable_feed=0 disable_explore=0 disable_reels=1 disable_stories=0 disable_adds=0
08-15 16:22:40.267 29205 29953 I DFInstaObserve: !toggles +blocked disable_feed=0 disable_explore=0 disable_reels=1 disable_stories=0 disable_adds=0
08-15 16:22:40.343 29205 29428 I DFInstaObserve: !toggles +blocked disable_feed=0 disable_explore=0 disable_reels=1 disable_stories=0 disable_adds=0
08-15 16:22:40.365 29205 29955 I DFInstaObserve: !toggles +blocked disable_feed=0 disable_explore=0 disable_reels=1 disable_stories=0 disable_adds=0
08-15 16:22:40.405 29205 29801 I DFInstaObserve: !toggles +blocked disable_feed=0 disable_explore=0 disable_reels=1 disable_stories=0 disable_adds=0
08-15 16:22:40.533 29205 29801 I DFInstaObserve: !toggles +blocked disable_feed=0 disable_explore=0 disable_reels=1 disable_stories=0 disable_adds=0
08-15 16:22:40.618 29205 29953 I DFInstaObserve: !toggles +blocked disable_feed=0 disable_explore=0 disable_reels=1 disable_stories=0 disable_adds=0
08-15 16:22:40.630 29205 29428 I DFInstaObserve: !toggles +blocked disable_feed=0 disable_explore=0 disable_reels=1 disable_stories=0 disable_adds=0
08-15 16:22:40.744 29205 29428 I DFInstaObserve: !toggles +blocked disable_feed=0 disable_explore=0 disable_reels=1 disable_stories=0 disable_adds=0
08-15 16:22:40.898 29205 29428 I DFInstaObserve: !toggles +blocked disable_feed=0 disable_explore=0 disable_reels=1 disable_stories=0 disable_adds=0
08-15 16:22:40.951 29205 29428 I DFInstaObserve: !toggles +blocked disable_feed=0 disable_explore=0 disable_reels=1 disable_stories=0 disable_adds=0
08-15 16:22:41.033 29205 29428 I DFInstaObserve: !toggles +blocked disable_feed=0 disable_explore=0 disable_reels=1 disable_stories=0 disable_adds=0
08-15 16:22:42.587 29205 29982 I DFInstaObserve: !toggles +blocked disable_feed=0 disable_explore=0 disable_reels=1 disable_stories=0 disable_adds=0
08-15 16:22:42.661 29205 29982 I DFInstaObserve: !toggles +blocked disable_feed=0 disable_explore=0 disable_reels=1 disable_stories=0 disable_adds=0
08-15 16:22:42.762 29205 29988 I DFInstaObserve: !toggles +blocked disable_feed=0 disable_explore=0 disable_reels=1 disable_stories=0 disable_adds=0
08-15 16:22:43.726 29205 29243 I DFInstaObserve: !toggles +blocked disable_feed=0 disable_explore=0 disable_reels=1 disable_stories=0 disable_adds=0
08-15 16:22:43.734 29205 29243 I DFInstaObserve: !toggles +blocked disable_feed=0 disable_explore=0 disable_reels=1 disable_stories=0 disable_adds=0
08-15 16:22:43.738 29205 29243 I DFInstaObserve: !toggles +blocked disable_feed=0 disable_explore=0 disable_reels=1 disable_stories=0 disable_adds=0
08-15 16:22:44.020 29205 29243 I DFInstaObserve: !toggles +blocked disable_feed=0 disable_explore=0 disable_reels=1 disable_stories=0 disable_adds=0
08-15 16:22:44.024 29205 29585 I DFInstaObserve: !toggles +blocked disable_feed=0 disable_explore=0 disable_reels=1 disable_stories=0 disable_adds=0
08-15 16:22:44.044 29205 29428 I DFInstaObserve: !toggles +blocked disable_feed=0 disable_explore=0 disable_reels=1 disable_stories=0 disable_adds=0
08-15 16:22:44.172 29205 29955 I DFInstaObserve: !toggles +blocked disable_feed=0 disable_explore=0 disable_reels=1 disable_stories=0 disable_adds=0
08-15 16:22:44.190 29205 29428 I DFInstaObserve: !toggles +blocked disable_feed=0 disable_explore=0 disable_reels=1 disable_stories=0 disable_adds=0
08-15 16:22:44.204 29205 30022 I DFInstaObserve: !toggles +blocked disable_feed=0 disable_explore=0 disable_reels=1 disable_stories=0 disable_adds=0
08-15 16:22:44.333 29205 30000 I DFInstaObserve: !toggles +blocked disable_feed=0 disable_explore=0 disable_reels=1 disable_stories=0 disable_adds=0
08-15 16:22:44.430 29205 29899 I DFInstaObserve: !toggles +blocked disable_feed=0 disable_explore=0 disable_reels=1 disable_stories=0 disable_adds=0
08-15 16:22:44.464 29205 29999 I DFInstaObserve: !toggles +blocked disable_feed=0 disable_explore=0 disable_reels=1 disable_stories=0 disable_adds=0
08-15 16:22:44.539 29205 29899 I DFInstaObserve: !toggles +blocked disable_feed=0 disable_explore=0 disable_reels=1 disable_stories=0 disable_adds=0
08-15 16:22:44.626 29205 30030 I DFInstaObserve: !toggles +blocked disable_feed=0 disable_explore=0 disable_reels=1 disable_stories=0 disable_adds=0
08-15 16:22:44.677 29205 30000 I DFInstaObserve: !toggles +blocked disable_feed=0 disable_explore=0 disable_reels=1 disable_stories=0 disable_adds=0
08-15 16:22:44.779 29205 30030 I DFInstaObserve: !toggles +blocked disable_feed=0 disable_explore=0 disable_reels=1 disable_stories=0 disable_adds=0
08-15 16:22:44.825 29205 29899 I DFInstaObserve: !toggles +blocked disable_feed=0 disable_explore=0 disable_reels=1 disable_stories=0 disable_adds=0
08-15 16:22:44.913 29205 29801 I DFInstaObserve: !toggles +blocked disable_feed=0 disable_explore=0 disable_reels=1 disable_stories=0 disable_adds=0
08-15 16:22:44.958 29205 29428 I DFInstaObserve: !toggles +blocked disable_feed=0 disable_explore=0 disable_reels=1 disable_stories=0 disable_adds=0
08-15 16:22:45.003 29205 29955 I DFInstaObserve: !toggles +blocked disable_feed=0 disable_explore=0 disable_reels=1 disable_stories=0 disable_adds=0
08-15 16:22:45.027 29205 29428 I DFInstaObserve: !toggles +blocked disable_feed=0 disable_explore=0 disable_reels=1 disable_stories=0 disable_adds=0
08-15 16:22:45.108 29205 29899 I DFInstaObserve: !toggles +blocked disable_feed=0 disable_explore=0 disable_reels=1 disable_stories=0 disable_adds=0
08-15 16:22:45.696 29205 29994 I DFInstaObserve: !toggles +blocked disable_feed=0 disable_explore=0 disable_reels=1 disable_stories=0 disable_adds=0
08-15 16:22:45.825 29205 30018 I DFInstaObserve: !toggles +blocked disable_feed=0 disable_explore=0 disable_reels=1 disable_stories=0 disable_adds=0
08-15 16:22:45.896 29205 30018 I DFInstaObserve: !toggles +blocked disable_feed=0 disable_explore=0 disable_reels=1 disable_stories=0 disable_adds=0
08-15 16:22:46.692 29205 29899 I DFInstaObserve: !toggles +blocked disable_feed=0 disable_explore=0 disable_reels=1 disable_stories=0 disable_adds=0
08-15 16:22:46.692 29205 29899 I DFInstaObserve: /discover/topical_explore
08-15 16:22:46.916 29205 29428 I DFInstaObserve: !toggles +blocked disable_feed=0 disable_explore=0 disable_reels=1 disable_stories=0 disable_adds=0
08-15 16:22:46.983 29205 29428 I DFInstaObserve: !toggles +blocked disable_feed=0 disable_explore=0 disable_reels=1 disable_stories=0 disable_adds=0
08-15 16:22:47.070 29205 29428 I DFInstaObserve: !toggles +blocked disable_feed=0 disable_explore=0 disable_reels=1 disable_stories=0 disable_adds=0
08-15 16:22:47.119 29205 29428 I DFInstaObserve: !toggles +blocked disable_feed=0 disable_explore=0 disable_reels=1 disable_stories=0 disable_adds=0
08-15 16:22:47.232 29205 30061 I DFInstaObserve: !toggles +blocked disable_feed=0 disable_explore=0 disable_reels=1 disable_stories=0 disable_adds=0
08-15 16:22:47.349 29205 30070 I DFInstaObserve: !toggles +blocked disable_feed=0 disable_explore=0 disable_reels=1 disable_stories=0 disable_adds=0
08-15 16:22:47.359 29205 29428 I DFInstaObserve: !toggles +blocked disable_feed=0 disable_explore=0 disable_reels=1 disable_stories=0 disable_adds=0
08-15 16:22:47.469 29205 30079 I DFInstaObserve: !toggles +blocked disable_feed=0 disable_explore=0 disable_reels=1 disable_stories=0 disable_adds=0
08-15 16:22:49.287 29205 30060 I DFInstaObserve: !toggles +blocked disable_feed=0 disable_explore=0 disable_reels=1 disable_stories=0 disable_adds=0
08-15 16:22:49.397 29205 30069 I DFInstaObserve: !toggles +blocked disable_feed=0 disable_explore=0 disable_reels=1 disable_stories=0 disable_adds=0
08-15 16:22:49.440 29205 29585 I DFInstaObserve: !toggles +blocked disable_feed=0 disable_explore=0 disable_reels=1 disable_stories=0 disable_adds=0
08-15 16:22:49.444 29205 29243 I DFInstaObserve: !toggles +blocked disable_feed=0 disable_explore=0 disable_reels=1 disable_stories=0 disable_adds=0
08-15 16:22:49.474 29205 29428 I DFInstaObserve: !toggles +blocked disable_feed=0 disable_explore=0 disable_reels=1 disable_stories=0 disable_adds=0
08-15 16:22:49.658 29205 30000 I DFInstaObserve: !toggles +blocked disable_feed=0 disable_explore=0 disable_reels=1 disable_stories=0 disable_adds=0
08-15 16:22:49.827 29205 29899 I DFInstaObserve: !toggles +blocked disable_feed=0 disable_explore=0 disable_reels=1 disable_stories=0 disable_adds=0
08-15 16:22:49.940 29205 30000 I DFInstaObserve: !toggles +blocked disable_feed=0 disable_explore=0 disable_reels=1 disable_stories=0 disable_adds=0
08-15 16:22:49.973 29205 29428 I DFInstaObserve: !toggles +blocked disable_feed=0 disable_explore=0 disable_reels=1 disable_stories=0 disable_adds=0
08-15 16:22:50.027 29205 30049 I DFInstaObserve: !toggles +blocked disable_feed=0 disable_explore=0 disable_reels=1 disable_stories=0 disable_adds=0
08-15 16:22:50.027 29205 30049 I DFInstaObserve: /discover/topical_explore
08-15 16:22:50.042 29205 30001 I DFInstaObserve: !toggles +blocked disable_feed=0 disable_explore=0 disable_reels=1 disable_stories=0 disable_adds=0
08-15 16:22:50.104 29205 29428 I DFInstaObserve: !toggles +blocked disable_feed=0 disable_explore=0 disable_reels=1 disable_stories=0 disable_adds=0
08-15 16:22:50.117 29205 29999 I DFInstaObserve: !toggles +blocked disable_feed=0 disable_explore=0 disable_reels=1 disable_stories=0 disable_adds=0
08-15 16:22:50.251 29205 30090 I DFInstaObserve: !toggles +blocked disable_feed=0 disable_explore=0 disable_reels=1 disable_stories=0 disable_adds=0
08-15 16:22:50.303 29205 30087 I DFInstaObserve: !toggles +blocked disable_feed=0 disable_explore=0 disable_reels=1 disable_stories=0 disable_adds=0
08-15 16:22:50.346 29205 30108 I DFInstaObserve: !toggles +blocked disable_feed=0 disable_explore=0 disable_reels=1 disable_stories=0 disable_adds=0
08-15 16:22:50.446 29205 29584 I DFInstaObserve: !toggles +blocked disable_feed=0 disable_explore=0 disable_reels=1 disable_stories=0 disable_adds=0
08-15 16:22:50.451 29205 30116 I DFInstaObserve: !toggles +blocked disable_feed=0 disable_explore=0 disable_reels=1 disable_stories=0 disable_adds=0
08-15 16:22:50.453 29205 29584 I DFInstaObserve: !toggles +blocked disable_feed=0 disable_explore=0 disable_reels=1 disable_stories=0 disable_adds=0
08-15 16:22:50.459 29205 30115 I DFInstaObserve: !toggles +blocked disable_feed=0 disable_explore=0 disable_reels=1 disable_stories=0 disable_adds=0
08-15 16:22:50.465 29205 29584 I DFInstaObserve: !toggles +blocked disable_feed=0 disable_explore=0 disable_reels=1 disable_stories=0 disable_adds=0
08-15 16:22:50.484 29205 30090 I DFInstaObserve: !toggles +blocked disable_feed=0 disable_explore=0 disable_reels=1 disable_stories=0 disable_adds=0
08-15 16:22:50.566 29205 29955 I DFInstaObserve: !toggles +blocked disable_feed=0 disable_explore=0 disable_reels=1 disable_stories=0 disable_adds=0
08-15 16:22:50.603 29205 30123 I DFInstaObserve: !toggles +blocked disable_feed=0 disable_explore=0 disable_reels=1 disable_stories=0 disable_adds=0
08-15 16:22:50.759 29205 30089 I DFInstaObserve: !toggles +blocked disable_feed=0 disable_explore=0 disable_reels=1 disable_stories=0 disable_adds=0
08-15 16:22:50.890 29205 30089 I DFInstaObserve: !toggles +blocked disable_feed=0 disable_explore=0 disable_reels=1 disable_stories=0 disable_adds=0
08-15 16:22:50.957 29205 30000 I DFInstaObserve: !toggles +blocked disable_feed=0 disable_explore=0 disable_reels=1 disable_stories=0 disable_adds=0
08-15 16:22:51.117 29205 29899 I DFInstaObserve: !toggles +blocked disable_feed=0 disable_explore=0 disable_reels=1 disable_stories=0 disable_adds=0
08-15 16:22:51.271 29205 29428 I DFInstaObserve: !toggles +blocked disable_feed=0 disable_explore=0 disable_reels=1 disable_stories=0 disable_adds=0
08-15 16:22:51.341 29205 29428 I DFInstaObserve: !toggles +blocked disable_feed=0 disable_explore=0 disable_reels=1 disable_stories=0 disable_adds=0
08-15 16:22:51.389 29205 29428 I DFInstaObserve: !toggles +blocked disable_feed=0 disable_explore=0 disable_reels=1 disable_stories=0 disable_adds=0
08-15 16:22:51.772 29205 29428 I DFInstaObserve: !toggles +blocked disable_feed=0 disable_explore=0 disable_reels=1 disable_stories=0 disable_adds=0
08-15 16:22:51.823 29205 29428 I DFInstaObserve: !toggles +blocked disable_feed=0 disable_explore=0 disable_reels=1 disable_stories=0 disable_adds=0
08-15 16:22:52.096 29205 29428 I DFInstaObserve: !toggles +blocked disable_feed=0 disable_explore=0 disable_reels=1 disable_stories=0 disable_adds=0
08-15 16:22:52.190 29205 29428 I DFInstaObserve: !toggles +blocked disable_feed=0 disable_explore=0 disable_reels=1 disable_stories=0 disable_adds=0
08-15 16:22:52.245 29205 29428 I DFInstaObserve: !toggles +blocked disable_feed=0 disable_explore=0 disable_reels=1 disable_stories=0 disable_adds=0
08-15 16:22:52.429 29205 30106 I DFInstaObserve: !toggles +blocked disable_feed=0 disable_explore=0 disable_reels=1 disable_stories=0 disable_adds=0
08-15 16:22:52.549 29205 30115 I DFInstaObserve: !toggles +blocked disable_feed=0 disable_explore=0 disable_reels=1 disable_stories=0 disable_adds=0
08-15 16:22:52.579 29205 29585 I DFInstaObserve: !toggles +blocked disable_feed=0 disable_explore=0 disable_reels=1 disable_stories=0 disable_adds=0
08-15 16:22:52.589 29205 29585 I DFInstaObserve: !toggles +blocked disable_feed=0 disable_explore=0 disable_reels=1 disable_stories=0 disable_adds=0
08-15 16:22:52.643 29205 29428 I DFInstaObserve: !toggles +blocked disable_feed=0 disable_explore=0 disable_reels=1 disable_stories=0 disable_adds=0
08-15 16:22:52.725 29205 30100 I DFInstaObserve: !toggles +blocked disable_feed=0 disable_explore=0 disable_reels=1 disable_stories=0 disable_adds=0
08-15 16:22:52.764 29205 30090 I DFInstaObserve: !toggles +blocked disable_feed=0 disable_explore=0 disable_reels=1 disable_stories=0 disable_adds=0
08-15 16:22:52.823 29205 29955 I DFInstaObserve: !toggles +blocked disable_feed=0 disable_explore=0 disable_reels=1 disable_stories=0 disable_adds=0
08-15 16:22:52.957 29205 29955 I DFInstaObserve: !toggles +blocked disable_feed=0 disable_explore=0 disable_reels=1 disable_stories=0 disable_adds=0
08-15 16:22:53.029 29205 29899 I DFInstaObserve: !toggles +blocked disable_feed=0 disable_explore=0 disable_reels=1 disable_stories=0 disable_adds=0
08-15 16:22:53.129 29205 29955 I DFInstaObserve: !toggles +blocked disable_feed=0 disable_explore=0 disable_reels=1 disable_stories=0 disable_adds=0
08-15 16:22:53.269 29205 29899 I DFInstaObserve: !toggles +blocked disable_feed=0 disable_explore=0 disable_reels=1 disable_stories=0 disable_adds=0
08-15 16:22:53.303 29205 29428 I DFInstaObserve: !toggles +blocked disable_feed=0 disable_explore=0 disable_reels=1 disable_stories=0 disable_adds=0
08-15 16:22:53.396 29205 29899 I DFInstaObserve: !toggles +blocked disable_feed=0 disable_explore=0 disable_reels=1 disable_stories=0 disable_adds=0
08-15 16:22:53.413 29205 29428 I DFInstaObserve: !toggles +blocked disable_feed=0 disable_explore=0 disable_reels=1 disable_stories=0 disable_adds=0
08-15 16:22:53.501 29205 30000 I DFInstaObserve: !toggles +blocked disable_feed=0 disable_explore=0 disable_reels=1 disable_stories=0 disable_adds=0
08-15 16:22:53.507 29205 30089 I DFInstaObserve: !toggles +blocked disable_feed=0 disable_explore=0 disable_reels=1 disable_stories=0 disable_adds=0
08-15 16:22:53.603 29205 30049 I DFInstaObserve: !toggles +blocked disable_feed=0 disable_explore=0 disable_reels=1 disable_stories=0 disable_adds=0
08-15 16:22:53.668 29205 30090 I DFInstaObserve: !toggles +blocked disable_feed=0 disable_explore=0 disable_reels=1 disable_stories=0 disable_adds=0
08-15 16:22:53.679 29205 29428 I DFInstaObserve: !toggles +blocked disable_feed=0 disable_explore=0 disable_reels=1 disable_stories=0 disable_adds=0
08-15 16:22:53.693 29205 29585 I DFInstaObserve: !toggles +blocked disable_feed=0 disable_explore=0 disable_reels=1 disable_stories=0 disable_adds=0
08-15 16:22:53.702 29205 29585 I DFInstaObserve: !toggles +blocked disable_feed=0 disable_explore=0 disable_reels=1 disable_stories=0 disable_adds=0
08-15 16:22:53.729 29205 30159 I DFInstaObserve: !toggles +blocked disable_feed=0 disable_explore=0 disable_reels=1 disable_stories=0 disable_adds=0
08-15 16:22:53.744 29205 29428 I DFInstaObserve: !toggles +blocked disable_feed=0 disable_explore=0 disable_reels=1 disable_stories=0 disable_adds=0
08-15 16:22:53.758 29205 29584 I DFInstaObserve: !toggles +blocked disable_feed=0 disable_explore=0 disable_reels=1 disable_stories=0 disable_adds=0
08-15 16:22:53.764 29205 29584 I DFInstaObserve: !toggles +blocked disable_feed=0 disable_explore=0 disable_reels=1 disable_stories=0 disable_adds=0
08-15 16:22:53.876 29205 29585 I DFInstaObserve: !toggles +blocked disable_feed=0 disable_explore=0 disable_reels=1 disable_stories=0 disable_adds=0
08-15 16:22:53.899 29205 30001 I DFInstaObserve: !toggles +blocked disable_feed=0 disable_explore=0 disable_reels=1 disable_stories=0 disable_adds=0
08-15 16:22:53.939 29205 29464 I DFInstaObserve: !toggles +blocked disable_feed=0 disable_explore=0 disable_reels=1 disable_stories=0 disable_adds=0
08-15 16:22:54.131 29205 30090 I DFInstaObserve: !toggles +blocked disable_feed=0 disable_explore=0 disable_reels=1 disable_stories=0 disable_adds=0
08-15 16:22:54.141 29205 29464 I DFInstaObserve: !toggles +blocked disable_feed=0 disable_explore=0 disable_reels=1 disable_stories=0 disable_adds=0
08-15 16:22:54.292 29205 30090 I DFInstaObserve: !toggles +blocked disable_feed=0 disable_explore=0 disable_reels=1 disable_stories=0 disable_adds=0
08-15 16:22:54.349 29205 29464 I DFInstaObserve: !toggles +blocked disable_feed=0 disable_explore=0 disable_reels=1 disable_stories=0 disable_adds=0
08-15 16:22:54.350 29205 30154 I DFInstaObserve: !toggles +blocked disable_feed=0 disable_explore=0 disable_reels=1 disable_stories=0 disable_adds=0
08-15 16:22:54.391 29205 30154 I DFInstaObserve: !toggles +blocked disable_feed=0 disable_explore=0 disable_reels=1 disable_stories=0 disable_adds=0
08-15 16:22:54.510 29205 30154 I DFInstaObserve: !toggles +blocked disable_feed=0 disable_explore=0 disable_reels=1 disable_stories=0 disable_adds=0
08-15 16:22:54.521 29205 29464 I DFInstaObserve: !toggles +blocked disable_feed=0 disable_explore=0 disable_reels=1 disable_stories=0 disable_adds=0
08-15 16:22:54.619 29205 30089 I DFInstaObserve: !toggles +blocked disable_feed=0 disable_explore=0 disable_reels=1 disable_stories=0 disable_adds=0
08-15 16:22:54.675 29205 29464 I DFInstaObserve: !toggles +blocked disable_feed=0 disable_explore=0 disable_reels=1 disable_stories=0 disable_adds=0
08-15 16:22:54.691 29205 29428 I DFInstaObserve: !toggles +blocked disable_feed=0 disable_explore=0 disable_reels=1 disable_stories=0 disable_adds=0
08-15 16:22:54.719 29205 30154 I DFInstaObserve: !toggles +blocked disable_feed=0 disable_explore=0 disable_reels=1 disable_stories=0 disable_adds=0
08-15 16:22:54.771 29205 29428 I DFInstaObserve: !toggles +blocked disable_feed=0 disable_explore=0 disable_reels=1 disable_stories=0 disable_adds=0
08-15 16:22:55.466 29205 29428 I DFInstaObserve: !toggles +blocked disable_feed=0 disable_explore=0 disable_reels=1 disable_stories=0 disable_adds=0
08-15 16:22:55.537 29205 29428 I DFInstaObserve: !toggles +blocked disable_feed=0 disable_explore=0 disable_reels=1 disable_stories=0 disable_adds=0
08-15 16:22:56.026 29205 29428 I DFInstaObserve: !toggles +blocked disable_feed=0 disable_explore=0 disable_reels=1 disable_stories=0 disable_adds=0
08-15 16:22:56.062 29205 30168 I DFInstaObserve: !toggles +blocked disable_feed=0 disable_explore=0 disable_reels=1 disable_stories=0 disable_adds=0
08-15 16:22:56.064 29205 30169 I DFInstaObserve: !toggles +blocked disable_feed=0 disable_explore=0 disable_reels=1 disable_stories=0 disable_adds=0
08-15 16:22:56.084 29205 29428 I DFInstaObserve: !toggles +blocked disable_feed=0 disable_explore=0 disable_reels=1 disable_stories=0 disable_adds=0
08-15 16:22:56.418 29205 29428 I DFInstaObserve: !toggles +blocked disable_feed=0 disable_explore=0 disable_reels=1 disable_stories=0 disable_adds=0
08-15 16:23:01.487 29205 30050 I DFInstaObserve: !toggles +blocked disable_feed=0 disable_explore=0 disable_reels=1 disable_stories=0 disable_adds=0
08-15 16:23:01.884 29205 29585 I DFInstaObserve: !toggles +blocked disable_feed=0 disable_explore=0 disable_reels=1 disable_stories=0 disable_adds=0
08-15 16:23:01.925 29205 30191 I DFInstaObserve: !toggles +blocked disable_feed=0 disable_explore=0 disable_reels=1 disable_stories=0 disable_adds=0
08-15 16:23:01.934 29205 29585 I DFInstaObserve: !toggles +blocked disable_feed=0 disable_explore=0 disable_reels=1 disable_stories=0 disable_adds=0
08-15 16:23:03.993 29205 30207 I DFInstaObserve: !toggles +blocked disable_feed=0 disable_explore=0 disable_reels=1 disable_stories=0 disable_adds=0
08-15 16:23:03.993 29205 30206 I DFInstaObserve: !toggles +blocked disable_feed=0 disable_explore=0 disable_reels=1 disable_stories=0 disable_adds=0
08-15 16:23:04.808 29205 30228 I DFInstaObserve: !toggles +blocked disable_feed=0 disable_explore=0 disable_reels=1 disable_stories=0 disable_adds=0
08-15 16:23:07.307 29205 30244 I DFInstaObserve: !toggles +blocked disable_feed=0 disable_explore=0 disable_reels=1 disable_stories=0 disable_adds=0
08-15 16:23:07.307 29205 30243 I DFInstaObserve: !toggles +blocked disable_feed=0 disable_explore=0 disable_reels=1 disable_stories=0 disable_adds=0
08-15 16:23:08.143 29205 30226 I DFInstaObserve: !toggles +blocked disable_feed=0 disable_explore=0 disable_reels=1 disable_stories=0 disable_adds=0
08-15 16:23:10.708 29205 30280 I DFInstaObserve: !toggles +blocked disable_feed=0 disable_explore=0 disable_reels=1 disable_stories=0 disable_adds=0
08-15 16:23:10.708 29205 30279 I DFInstaObserve: !toggles +blocked disable_feed=0 disable_explore=0 disable_reels=1 disable_stories=0 disable_adds=0
08-15 16:23:11.491 29205 30228 I DFInstaObserve: !toggles +blocked disable_feed=0 disable_explore=0 disable_reels=1 disable_stories=0 disable_adds=0
08-15 16:23:14.027 29205 30141 I DFInstaObserve: !toggles +blocked disable_feed=0 disable_explore=0 disable_reels=1 disable_stories=0 disable_adds=0
08-15 16:23:14.027 29205 30314 I DFInstaObserve: !toggles +blocked disable_feed=0 disable_explore=0 disable_reels=1 disable_stories=0 disable_adds=0
08-15 16:23:14.821 29205 30330 I DFInstaObserve: !toggles +blocked disable_feed=0 disable_explore=0 disable_reels=1 disable_stories=0 disable_adds=0
08-15 16:23:17.308 29205 30344 I DFInstaObserve: !toggles +blocked disable_feed=0 disable_explore=0 disable_reels=1 disable_stories=0 disable_adds=0
08-15 16:23:17.310 29205 30347 I DFInstaObserve: !toggles +blocked disable_feed=0 disable_explore=0 disable_reels=1 disable_stories=0 disable_adds=0
08-15 16:23:18.092 29205 30368 I DFInstaObserve: !toggles +blocked disable_feed=0 disable_explore=0 disable_reels=1 disable_stories=0 disable_adds=0
08-15 16:23:18.515 29205 29464 I DFInstaObserve: !toggles +blocked disable_feed=0 disable_explore=0 disable_reels=1 disable_stories=0 disable_adds=0
08-15 16:23:18.648 29205 29464 I DFInstaObserve: !toggles +blocked disable_feed=0 disable_explore=0 disable_reels=1 disable_stories=0 disable_adds=0
08-15 16:23:22.807 29205 30388 I DFInstaObserve: !toggles +blocked disable_feed=0 disable_explore=0 disable_reels=1 disable_stories=0 disable_adds=0
08-15 16:23:23.784 29205 30326 I DFInstaObserve: !toggles +blocked disable_feed=0 disable_explore=0 disable_reels=1 disable_stories=0 disable_adds=0
08-15 16:23:41.394 29205 30500 I DFInstaObserve: !toggles +blocked disable_feed=0 disable_explore=0 disable_reels=1 disable_stories=0 disable_adds=0
08-15 16:23:41.978 29205 29585 I DFInstaObserve: !toggles +blocked disable_feed=0 disable_explore=0 disable_reels=1 disable_stories=0 disable_adds=0
08-15 16:23:45.310 29205 30130 I DFInstaObserve: !toggles +blocked disable_feed=0 disable_explore=0 disable_reels=1 disable_stories=0 disable_adds=0
08-15 16:23:46.454 29205 30499 I DFInstaObserve: !toggles +blocked disable_feed=0 disable_explore=0 disable_reels=1 disable_stories=0 disable_adds=0
08-15 16:23:51.208 29205 29585 I DFInstaObserve: !toggles +blocked disable_feed=0 disable_explore=0 disable_reels=1 disable_stories=0 disable_adds=0
08-15 16:23:54.632 29205 29464 I DFInstaObserve: !toggles +blocked disable_feed=0 disable_explore=0 disable_reels=1 disable_stories=0 disable_adds=0
08-15 16:23:54.724 29205 29464 I DFInstaObserve: !toggles +blocked disable_feed=0 disable_explore=0 disable_reels=1 disable_stories=0 disable_adds=0
08-15 16:23:56.589 29205 30614 I DFInstaObserve: !toggles +blocked disable_feed=0 disable_explore=0 disable_reels=1 disable_stories=0 disable_adds=0
08-15 16:23:56.618 29205 30614 I DFInstaObserve: !toggles +blocked disable_feed=0 disable_explore=0 disable_reels=1 disable_stories=0 disable_adds=0
08-15 16:23:58.852 29205 30575 I DFInstaObserve: !toggles +blocked disable_feed=0 disable_explore=0 disable_reels=1 disable_stories=0 disable_adds=0
08-15 16:23:58.883 29205 30575 I DFInstaObserve: !toggles +blocked disable_feed=0 disable_explore=0 disable_reels=1 disable_stories=0 disable_adds=0
08-15 16:23:58.902 29205 30578 I DFInstaObserve: !toggles +blocked disable_feed=0 disable_explore=0 disable_reels=1 disable_stories=0 disable_adds=0
08-15 16:23:58.942 29205 30578 I DFInstaObserve: !toggles +blocked disable_feed=0 disable_explore=0 disable_reels=1 disable_stories=0 disable_adds=0
08-15 16:23:59.087 29205 30614 I DFInstaObserve: !toggles +blocked disable_feed=0 disable_explore=0 disable_reels=1 disable_stories=0 disable_adds=0
08-15 16:24:02.366 29205 30634 I DFInstaObserve: !toggles +blocked disable_feed=0 disable_explore=0 disable_reels=1 disable_stories=0 disable_adds=0
08-15 16:24:02.366 29205 30634 I DFInstaObserve: /discover/topical_explore
08-15 16:24:02.713 29205 30674 I DFInstaObserve: !toggles +blocked disable_feed=0 disable_explore=0 disable_reels=1 disable_stories=0 disable_adds=0
08-15 16:24:02.959 29205 30687 I DFInstaObserve: !toggles +blocked disable_feed=0 disable_explore=0 disable_reels=1 disable_stories=0 disable_adds=0
08-15 16:24:04.885 29205 30679 I DFInstaObserve: !toggles +blocked disable_feed=0 disable_explore=0 disable_reels=1 disable_stories=0 disable_adds=0
08-15 16:24:04.951 29205 30679 I DFInstaObserve: !toggles +blocked disable_feed=0 disable_explore=0 disable_reels=1 disable_stories=0 disable_adds=0
08-15 16:24:05.198 29205 30686 I DFInstaObserve: !toggles +blocked disable_feed=0 disable_explore=0 disable_reels=1 disable_stories=0 disable_adds=0
08-15 16:24:05.982 29205 30649 I DFInstaObserve: !toggles +blocked disable_feed=0 disable_explore=0 disable_reels=1 disable_stories=0 disable_adds=0
08-15 16:24:05.982 29205 30649 I DFInstaObserve: /discover/topical_explore
08-15 16:24:06.143 29205 30718 I DFInstaObserve: !toggles +blocked disable_feed=0 disable_explore=0 disable_reels=1 disable_stories=0 disable_adds=0
08-15 16:24:06.148 29205 30130 I DFInstaObserve: !toggles +blocked disable_feed=0 disable_explore=0 disable_reels=1 disable_stories=0 disable_adds=0
08-15 16:24:06.223 29205 29428 I DFInstaObserve: !toggles +blocked disable_feed=0 disable_explore=0 disable_reels=1 disable_stories=0 disable_adds=0
08-15 16:24:06.317 29205 30634 I DFInstaObserve: !toggles +blocked disable_feed=0 disable_explore=0 disable_reels=1 disable_stories=0 disable_adds=0
08-15 16:24:06.339 29205 30650 I DFInstaObserve: !toggles +blocked disable_feed=0 disable_explore=0 disable_reels=1 disable_stories=0 disable_adds=0
08-15 16:24:06.516 29205 30524 I DFInstaObserve: !toggles +blocked disable_feed=0 disable_explore=0 disable_reels=1 disable_stories=0 disable_adds=0
08-15 16:24:06.563 29205 30737 I DFInstaObserve: !toggles +blocked disable_feed=0 disable_explore=0 disable_reels=1 disable_stories=0 disable_adds=0
08-15 16:24:06.599 29205 29428 I DFInstaObserve: !toggles +blocked disable_feed=0 disable_explore=0 disable_reels=1 disable_stories=0 disable_adds=0
08-15 16:24:06.612 29205 30650 I DFInstaObserve: !toggles +blocked disable_feed=0 disable_explore=0 disable_reels=1 disable_stories=0 disable_adds=0
08-15 16:24:06.676 29205 29428 I DFInstaObserve: !toggles +blocked disable_feed=0 disable_explore=0 disable_reels=1 disable_stories=0 disable_adds=0
08-15 16:24:06.684 29205 30737 I DFInstaObserve: !toggles +blocked disable_feed=0 disable_explore=0 disable_reels=1 disable_stories=0 disable_adds=0
08-15 16:24:06.748 29205 30650 I DFInstaObserve: !toggles +blocked disable_feed=0 disable_explore=0 disable_reels=1 disable_stories=0 disable_adds=0
08-15 16:24:06.859 29205 30630 I DFInstaObserve: !toggles +blocked disable_feed=0 disable_explore=0 disable_reels=1 disable_stories=0 disable_adds=0
08-15 16:24:06.969 29205 30736 I DFInstaObserve: !toggles +blocked disable_feed=0 disable_explore=0 disable_reels=1 disable_stories=0 disable_adds=0
08-15 16:24:07.084 29205 30702 I DFInstaObserve: !toggles +blocked disable_feed=0 disable_explore=0 disable_reels=1 disable_stories=0 disable_adds=0
08-15 16:24:07.137 29205 30634 I DFInstaObserve: !toggles +blocked disable_feed=0 disable_explore=0 disable_reels=1 disable_stories=0 disable_adds=0
08-15 16:24:07.168 29205 29428 I DFInstaObserve: !toggles +blocked disable_feed=0 disable_explore=0 disable_reels=1 disable_stories=0 disable_adds=0
08-15 16:24:07.176 29205 30736 I DFInstaObserve: !toggles +blocked disable_feed=0 disable_explore=0 disable_reels=1 disable_stories=0 disable_adds=0
08-15 16:24:07.215 29205 30737 I DFInstaObserve: !toggles +blocked disable_feed=0 disable_explore=0 disable_reels=1 disable_stories=0 disable_adds=0
08-15 16:24:07.217 29205 29428 I DFInstaObserve: !toggles +blocked disable_feed=0 disable_explore=0 disable_reels=1 disable_stories=0 disable_adds=0
08-15 16:24:07.275 29205 30701 I DFInstaObserve: !toggles +blocked disable_feed=0 disable_explore=0 disable_reels=1 disable_stories=0 disable_adds=0
08-15 16:24:07.311 29205 29428 I DFInstaObserve: !toggles +blocked disable_feed=0 disable_explore=0 disable_reels=1 disable_stories=0 disable_adds=0
08-15 16:24:07.330 29205 30702 I DFInstaObserve: !toggles +blocked disable_feed=0 disable_explore=0 disable_reels=1 disable_stories=0 disable_adds=0
08-15 16:24:07.380 29205 29428 I DFInstaObserve: !toggles +blocked disable_feed=0 disable_explore=0 disable_reels=1 disable_stories=0 disable_adds=0
08-15 16:24:07.546 29205 29428 I DFInstaObserve: !toggles +blocked disable_feed=0 disable_explore=0 disable_reels=1 disable_stories=0 disable_adds=0
08-15 16:24:07.595 29205 29428 I DFInstaObserve: !toggles +blocked disable_feed=0 disable_explore=0 disable_reels=1 disable_stories=0 disable_adds=0
08-15 16:24:07.675 29205 29428 I DFInstaObserve: !toggles +blocked disable_feed=0 disable_explore=0 disable_reels=1 disable_stories=0 disable_adds=0
08-15 16:24:08.107 29205 30694 I DFInstaObserve: !toggles +blocked disable_feed=0 disable_explore=0 disable_reels=1 disable_stories=0 disable_adds=0
08-15 16:24:08.282 29205 30721 I DFInstaObserve: !toggles +blocked disable_feed=0 disable_explore=0 disable_reels=1 disable_stories=0 disable_adds=0
08-15 16:24:08.353 29205 30721 I DFInstaObserve: !toggles +blocked disable_feed=0 disable_explore=0 disable_reels=1 disable_stories=0 disable_adds=0
08-15 16:24:09.206 29205 30753 I DFInstaObserve: !toggles +blocked disable_feed=0 disable_explore=0 disable_reels=1 disable_stories=0 disable_adds=0
08-15 16:24:09.243 29205 30718 I DFInstaObserve: !toggles +blocked disable_feed=0 disable_explore=0 disable_reels=1 disable_stories=0 disable_adds=0
08-15 16:24:09.378 29205 30736 I DFInstaObserve: !toggles +blocked disable_feed=0 disable_explore=0 disable_reels=1 disable_stories=0 disable_adds=0
08-15 16:24:09.428 29205 29428 I DFInstaObserve: !toggles +blocked disable_feed=0 disable_explore=0 disable_reels=1 disable_stories=0 disable_adds=0
08-15 16:24:09.481 29205 30524 I DFInstaObserve: !toggles +blocked disable_feed=0 disable_explore=0 disable_reels=1 disable_stories=0 disable_adds=0
08-15 16:24:09.541 29205 30737 I DFInstaObserve: !toggles +blocked disable_feed=0 disable_explore=0 disable_reels=1 disable_stories=0 disable_adds=0
08-15 16:24:09.568 29205 30766 I DFInstaObserve: !toggles +blocked disable_feed=0 disable_explore=0 disable_reels=1 disable_stories=0 disable_adds=0
08-15 16:24:09.635 29205 30634 I DFInstaObserve: !toggles +blocked disable_feed=0 disable_explore=0 disable_reels=1 disable_stories=0 disable_adds=0
08-15 16:24:09.684 29205 30634 I DFInstaObserve: !toggles +blocked disable_feed=0 disable_explore=0 disable_reels=1 disable_stories=0 disable_adds=0
08-15 16:24:09.784 29205 30662 I DFInstaObserve: !toggles +blocked disable_feed=0 disable_explore=0 disable_reels=1 disable_stories=0 disable_adds=0
08-15 16:24:09.802 29205 29428 I DFInstaObserve: !toggles +blocked disable_feed=0 disable_explore=0 disable_reels=1 disable_stories=0 disable_adds=0
08-15 16:24:09.811 29205 30744 I DFInstaObserve: !toggles +blocked disable_feed=0 disable_explore=0 disable_reels=1 disable_stories=0 disable_adds=0
08-15 16:24:09.854 29205 29428 I DFInstaObserve: !toggles +blocked disable_feed=0 disable_explore=0 disable_reels=1 disable_stories=0 disable_adds=0
08-15 16:24:09.922 29205 30744 I DFInstaObserve: !toggles +blocked disable_feed=0 disable_explore=0 disable_reels=1 disable_stories=0 disable_adds=0
08-15 16:24:09.994 29205 29428 I DFInstaObserve: !toggles +blocked disable_feed=0 disable_explore=0 disable_reels=1 disable_stories=0 disable_adds=0
08-15 16:24:10.011 29205 30701 I DFInstaObserve: !toggles +blocked disable_feed=0 disable_explore=0 disable_reels=1 disable_stories=0 disable_adds=0
08-15 16:24:10.047 29205 29428 I DFInstaObserve: !toggles +blocked disable_feed=0 disable_explore=0 disable_reels=1 disable_stories=0 disable_adds=0
08-15 16:24:10.097 29205 30524 I DFInstaObserve: !toggles +blocked disable_feed=0 disable_explore=0 disable_reels=1 disable_stories=0 disable_adds=0
08-15 16:24:10.139 29205 30524 I DFInstaObserve: !toggles +blocked disable_feed=0 disable_explore=0 disable_reels=1 disable_stories=0 disable_adds=0
08-15 16:24:10.177 29205 30744 I DFInstaObserve: !toggles +blocked disable_feed=0 disable_explore=0 disable_reels=1 disable_stories=0 disable_adds=0
08-15 16:24:10.210 29205 29428 I DFInstaObserve: !toggles +blocked disable_feed=0 disable_explore=0 disable_reels=1 disable_stories=0 disable_adds=0
08-15 16:24:10.215 29205 30650 I DFInstaObserve: !toggles +blocked disable_feed=0 disable_explore=0 disable_reels=1 disable_stories=0 disable_adds=0
08-15 16:24:10.240 29205 29428 I DFInstaObserve: !toggles +blocked disable_feed=0 disable_explore=0 disable_reels=1 disable_stories=0 disable_adds=0
08-15 16:24:10.247 29205 30703 I DFInstaObserve: !toggles +blocked disable_feed=0 disable_explore=0 disable_reels=1 disable_stories=0 disable_adds=0
08-15 16:24:10.332 29205 30650 I DFInstaObserve: !toggles +blocked disable_feed=0 disable_explore=0 disable_reels=1 disable_stories=0 disable_adds=0
08-15 16:24:10.356 29205 29428 I DFInstaObserve: !toggles +blocked disable_feed=0 disable_explore=0 disable_reels=1 disable_stories=0 disable_adds=0
08-15 16:24:10.371 29205 30524 I DFInstaObserve: !toggles +blocked disable_feed=0 disable_explore=0 disable_reels=1 disable_stories=0 disable_adds=0
08-15 16:24:11.524 29205 30758 I DFInstaObserve: !toggles +blocked disable_feed=0 disable_explore=0 disable_reels=1 disable_stories=0 disable_adds=0
08-15 16:24:11.573 29205 30758 I DFInstaObserve: !toggles +blocked disable_feed=0 disable_explore=0 disable_reels=1 disable_stories=0 disable_adds=0
08-15 16:24:11.691 29205 30765 I DFInstaObserve: !toggles +blocked disable_feed=0 disable_explore=0 disable_reels=1 disable_stories=0 disable_adds=0
08-15 16:24:12.488 29205 30703 I DFInstaObserve: !toggles +blocked disable_feed=0 disable_explore=0 disable_reels=1 disable_stories=0 disable_adds=0
08-15 16:24:12.488 29205 30703 I DFInstaObserve: /discover/topical_explore
08-15 16:24:12.651 29205 30798 I DFInstaObserve: !toggles +blocked disable_feed=0 disable_explore=0 disable_reels=1 disable_stories=0 disable_adds=0
08-15 16:24:12.765 29205 30807 I DFInstaObserve: !toggles +blocked disable_feed=0 disable_explore=0 disable_reels=1 disable_stories=0 disable_adds=0
08-15 16:24:13.224 29205 30828 I DFInstaObserve: !toggles +blocked disable_feed=0 disable_explore=0 disable_reels=1 disable_stories=0 disable_adds=0
08-15 16:24:14.977 29205 30813 I DFInstaObserve: !toggles +blocked disable_feed=0 disable_explore=0 disable_reels=1 disable_stories=0 disable_adds=0
08-15 16:24:15.208 29205 30819 I DFInstaObserve: !toggles +blocked disable_feed=0 disable_explore=0 disable_reels=1 disable_stories=0 disable_adds=0
08-15 16:24:15.928 29205 30836 I DFInstaObserve: !toggles +blocked disable_feed=0 disable_explore=0 disable_reels=1 disable_stories=0 disable_adds=0
08-15 16:24:15.928 29205 30836 I DFInstaObserve: /discover/topical_explore
08-15 16:24:16.106 29205 30753 I DFInstaObserve: !toggles +blocked disable_feed=0 disable_explore=0 disable_reels=1 disable_stories=0 disable_adds=0
08-15 16:24:16.111 29205 30753 I DFInstaObserve: !toggles +blocked disable_feed=0 disable_explore=0 disable_reels=1 disable_stories=0 disable_adds=0
08-15 16:24:16.116 29205 30753 I DFInstaObserve: !toggles +blocked disable_feed=0 disable_explore=0 disable_reels=1 disable_stories=0 disable_adds=0
08-15 16:24:16.172 29205 30753 I DFInstaObserve: !toggles +blocked disable_feed=0 disable_explore=0 disable_reels=1 disable_stories=0 disable_adds=0
08-15 16:24:16.192 29205 30848 I DFInstaObserve: !toggles +blocked disable_feed=0 disable_explore=0 disable_reels=1 disable_stories=0 disable_adds=0
08-15 16:24:16.278 29205 29428 I DFInstaObserve: !toggles +blocked disable_feed=0 disable_explore=0 disable_reels=1 disable_stories=0 disable_adds=0
08-15 16:24:16.301 29205 29584 I DFInstaObserve: !toggles +blocked disable_feed=0 disable_explore=0 disable_reels=1 disable_stories=0 disable_adds=0
08-15 16:24:16.363 29205 30834 I DFInstaObserve: !toggles +blocked disable_feed=0 disable_explore=0 disable_reels=1 disable_stories=0 disable_adds=0
08-15 16:24:16.448 29205 30833 I DFInstaObserve: !toggles +blocked disable_feed=0 disable_explore=0 disable_reels=1 disable_stories=0 disable_adds=0
08-15 16:24:16.504 29205 30863 I DFInstaObserve: !toggles +blocked disable_feed=0 disable_explore=0 disable_reels=1 disable_stories=0 disable_adds=0
08-15 16:24:16.519 29205 30865 I DFInstaObserve: !toggles +blocked disable_feed=0 disable_explore=0 disable_reels=1 disable_stories=0 disable_adds=0
08-15 16:24:16.545 29205 30834 I DFInstaObserve: !toggles +blocked disable_feed=0 disable_explore=0 disable_reels=1 disable_stories=0 disable_adds=0
08-15 16:24:16.589 29205 30837 I DFInstaObserve: !toggles +blocked disable_feed=0 disable_explore=0 disable_reels=1 disable_stories=0 disable_adds=0
08-15 16:24:16.677 29205 30737 I DFInstaObserve: !toggles +blocked disable_feed=0 disable_explore=0 disable_reels=1 disable_stories=0 disable_adds=0
08-15 16:24:16.700 29205 29428 I DFInstaObserve: !toggles +blocked disable_feed=0 disable_explore=0 disable_reels=1 disable_stories=0 disable_adds=0
08-15 16:24:16.708 29205 30872 I DFInstaObserve: !toggles +blocked disable_feed=0 disable_explore=0 disable_reels=1 disable_stories=0 disable_adds=0
08-15 16:24:16.713 29205 30701 I DFInstaObserve: !toggles +blocked disable_feed=0 disable_explore=0 disable_reels=1 disable_stories=0 disable_adds=0
08-15 16:24:16.739 29205 30783 I DFInstaObserve: !toggles +blocked disable_feed=0 disable_explore=0 disable_reels=1 disable_stories=0 disable_adds=0
08-15 16:24:16.795 29205 29428 I DFInstaObserve: !toggles +blocked disable_feed=0 disable_explore=0 disable_reels=1 disable_stories=0 disable_adds=0
08-15 16:24:16.833 29205 30634 I DFInstaObserve: !toggles +blocked disable_feed=0 disable_explore=0 disable_reels=1 disable_stories=0 disable_adds=0
08-15 16:24:16.850 29205 29428 I DFInstaObserve: !toggles +blocked disable_feed=0 disable_explore=0 disable_reels=1 disable_stories=0 disable_adds=0
08-15 16:24:16.949 29205 29428 I DFInstaObserve: !toggles +blocked disable_feed=0 disable_explore=0 disable_reels=1 disable_stories=0 disable_adds=0
08-15 16:24:16.978 29205 30784 I DFInstaObserve: !toggles +blocked disable_feed=0 disable_explore=0 disable_reels=1 disable_stories=0 disable_adds=0
08-15 16:24:17.099 29205 30784 I DFInstaObserve: !toggles +blocked disable_feed=0 disable_explore=0 disable_reels=1 disable_stories=0 disable_adds=0
08-15 16:24:17.140 29205 30837 I DFInstaObserve: !toggles +blocked disable_feed=0 disable_explore=0 disable_reels=1 disable_stories=0 disable_adds=0
08-15 16:24:17.263 29205 30634 I DFInstaObserve: !toggles +blocked disable_feed=0 disable_explore=0 disable_reels=1 disable_stories=0 disable_adds=0
08-15 16:24:18.379 29205 30852 I DFInstaObserve: !toggles +blocked disable_feed=0 disable_explore=0 disable_reels=1 disable_stories=0 disable_adds=0
08-15 16:24:18.459 29205 30852 I DFInstaObserve: !toggles +blocked disable_feed=0 disable_explore=0 disable_reels=1 disable_stories=0 disable_adds=0
08-15 16:24:18.630 29205 30865 I DFInstaObserve: !toggles +blocked disable_feed=0 disable_explore=0 disable_reels=1 disable_stories=0 disable_adds=0
08-15 16:24:18.637 29205 30753 I DFInstaObserve: !toggles +blocked disable_feed=0 disable_explore=0 disable_reels=1 disable_stories=0 disable_adds=0
08-15 16:24:18.641 29205 30880 I DFInstaObserve: !toggles +blocked disable_feed=0 disable_explore=0 disable_reels=1 disable_stories=0 disable_adds=0
08-15 16:24:18.672 29205 29428 I DFInstaObserve: !toggles +blocked disable_feed=0 disable_explore=0 disable_reels=1 disable_stories=0 disable_adds=0
08-15 16:24:18.745 29205 30737 I DFInstaObserve: !toggles +blocked disable_feed=0 disable_explore=0 disable_reels=1 disable_stories=0 disable_adds=0
08-15 16:24:18.781 29205 30783 I DFInstaObserve: !toggles +blocked disable_feed=0 disable_explore=0 disable_reels=1 disable_stories=0 disable_adds=0
08-15 16:24:18.843 29205 30879 I DFInstaObserve: !toggles +blocked disable_feed=0 disable_explore=0 disable_reels=1 disable_stories=0 disable_adds=0
08-15 16:24:18.950 29205 30701 I DFInstaObserve: !toggles +blocked disable_feed=0 disable_explore=0 disable_reels=1 disable_stories=0 disable_adds=0
08-15 16:24:18.963 29205 29428 I DFInstaObserve: !toggles +blocked disable_feed=0 disable_explore=0 disable_reels=1 disable_stories=0 disable_adds=0
08-15 16:24:19.000 29205 29428 I DFInstaObserve: !toggles +blocked disable_feed=0 disable_explore=0 disable_reels=1 disable_stories=0 disable_adds=0
08-15 16:24:19.002 29205 30783 I DFInstaObserve: !toggles +blocked disable_feed=0 disable_explore=0 disable_reels=1 disable_stories=0 disable_adds=0
08-15 16:24:19.099 29205 30879 I DFInstaObserve: !toggles +blocked disable_feed=0 disable_explore=0 disable_reels=1 disable_stories=0 disable_adds=0
08-15 16:24:19.164 29205 30879 I DFInstaObserve: !toggles +blocked disable_feed=0 disable_explore=0 disable_reels=1 disable_stories=0 disable_adds=0
08-15 16:24:19.166 29205 29428 I DFInstaObserve: !toggles +blocked disable_feed=0 disable_explore=0 disable_reels=1 disable_stories=0 disable_adds=0
08-15 16:24:19.241 29205 29428 I DFInstaObserve: !toggles +blocked disable_feed=0 disable_explore=0 disable_reels=1 disable_stories=0 disable_adds=0
08-15 16:24:19.248 29205 30784 I DFInstaObserve: !toggles +blocked disable_feed=0 disable_explore=0 disable_reels=1 disable_stories=0 disable_adds=0
08-15 16:24:19.414 29205 30837 I DFInstaObserve: !toggles +blocked disable_feed=0 disable_explore=0 disable_reels=1 disable_stories=0 disable_adds=0
08-15 16:24:19.520 29205 29464 I DFInstaObserve: !toggles +blocked disable_feed=0 disable_explore=0 disable_reels=1 disable_stories=0 disable_adds=0
08-15 16:24:19.536 29205 30907 I DFInstaObserve: !toggles +blocked disable_feed=0 disable_explore=0 disable_reels=1 disable_stories=0 disable_adds=0
08-15 16:24:19.588 29205 30909 I DFInstaObserve: !toggles +blocked disable_feed=0 disable_explore=0 disable_reels=1 disable_stories=0 disable_adds=0
08-15 16:24:19.684 29205 29464 I DFInstaObserve: !toggles +blocked disable_feed=0 disable_explore=0 disable_reels=1 disable_stories=0 disable_adds=0
08-15 16:24:19.700 29205 30701 I DFInstaObserve: !toggles +blocked disable_feed=0 disable_explore=0 disable_reels=1 disable_stories=0 disable_adds=0
08-15 16:24:19.705 29205 29428 I DFInstaObserve: !toggles +blocked disable_feed=0 disable_explore=0 disable_reels=1 disable_stories=0 disable_adds=0
08-15 16:24:19.812 29205 29428 I DFInstaObserve: !toggles +blocked disable_feed=0 disable_explore=0 disable_reels=1 disable_stories=0 disable_adds=0
08-15 16:24:19.821 29205 29464 I DFInstaObserve: !toggles +blocked disable_feed=0 disable_explore=0 disable_reels=1 disable_stories=0 disable_adds=0
08-15 16:24:19.832 29205 30909 I DFInstaObserve: !toggles +blocked disable_feed=0 disable_explore=0 disable_reels=1 disable_stories=0 disable_adds=0
08-15 16:24:19.911 29205 30906 I DFInstaObserve: !toggles +blocked disable_feed=0 disable_explore=0 disable_reels=1 disable_stories=0 disable_adds=0
08-15 16:24:19.986 29205 29464 I DFInstaObserve: !toggles +blocked disable_feed=0 disable_explore=0 disable_reels=1 disable_stories=0 disable_adds=0
08-15 16:24:20.024 29205 30837 I DFInstaObserve: !toggles +blocked disable_feed=0 disable_explore=0 disable_reels=1 disable_stories=0 disable_adds=0
08-15 16:24:20.153 29205 30837 I DFInstaObserve: !toggles +blocked disable_feed=0 disable_explore=0 disable_reels=1 disable_stories=0 disable_adds=0
08-15 16:24:20.360 29205 29428 I DFInstaObserve: !toggles +blocked disable_feed=0 disable_explore=0 disable_reels=1 disable_stories=0 disable_adds=0
08-15 16:24:20.619 29205 29428 I DFInstaObserve: !toggles +blocked disable_feed=0 disable_explore=0 disable_reels=1 disable_stories=0 disable_adds=0
08-15 16:24:20.769 29205 29428 I DFInstaObserve: !toggles +blocked disable_feed=0 disable_explore=0 disable_reels=1 disable_stories=0 disable_adds=0
08-15 16:24:20.807 29205 29428 I DFInstaObserve: !toggles +blocked disable_feed=0 disable_explore=0 disable_reels=1 disable_stories=0 disable_adds=0
08-15 16:24:20.916 29205 29428 I DFInstaObserve: !toggles +blocked disable_feed=0 disable_explore=0 disable_reels=1 disable_stories=0 disable_adds=0
08-15 16:24:21.567 29205 30912 I DFInstaObserve: !toggles +blocked disable_feed=0 disable_explore=0 disable_reels=1 disable_stories=0 disable_adds=0
08-15 16:24:21.568 29205 30913 I DFInstaObserve: !toggles +blocked disable_feed=0 disable_explore=0 disable_reels=1 disable_stories=0 disable_adds=0
08-15 16:24:24.026 29205 30913 I DFInstaObserve: !toggles +blocked disable_feed=0 disable_explore=0 disable_reels=1 disable_stories=0 disable_adds=0
08-15 16:24:24.029 29205 30912 I DFInstaObserve: !toggles +blocked disable_feed=0 disable_explore=0 disable_reels=1 disable_stories=0 disable_adds=0
08-15 16:24:27.549 29205 29428 I DFInstaObserve: !toggles +blocked disable_feed=0 disable_explore=0 disable_reels=1 disable_stories=0 disable_adds=0
08-15 16:24:27.681 29205 29428 I DFInstaObserve: !toggles +blocked disable_feed=0 disable_explore=0 disable_reels=1 disable_stories=0 disable_adds=0
08-15 16:24:29.731 29205 30944 I DFInstaObserve: !toggles +blocked disable_feed=0 disable_explore=0 disable_reels=1 disable_stories=0 disable_adds=0
08-15 16:24:29.733 29205 30943 I DFInstaObserve: !toggles +blocked disable_feed=0 disable_explore=0 disable_reels=1 disable_stories=0 disable_adds=0
08-15 16:24:30.829 29205 29428 I DFInstaObserve: !toggles +blocked disable_feed=0 disable_explore=0 disable_reels=1 disable_stories=0 disable_adds=0
08-15 16:24:31.016 29205 29428 I DFInstaObserve: !toggles +blocked disable_feed=0 disable_explore=0 disable_reels=1 disable_stories=0 disable_adds=0
08-15 16:24:33.053 29205 30971 I DFInstaObserve: !toggles +blocked disable_feed=0 disable_explore=0 disable_reels=1 disable_stories=0 disable_adds=0
08-15 16:24:33.053 29205 30972 I DFInstaObserve: !toggles +blocked disable_feed=0 disable_explore=0 disable_reels=1 disable_stories=0 disable_adds=0
08-15 16:24:34.149 29205 29428 I DFInstaObserve: !toggles +blocked disable_feed=0 disable_explore=0 disable_reels=1 disable_stories=0 disable_adds=0
08-15 16:24:34.317 29205 29428 I DFInstaObserve: !toggles +blocked disable_feed=0 disable_explore=0 disable_reels=1 disable_stories=0 disable_adds=0
08-15 16:24:36.368 29205 31002 I DFInstaObserve: !toggles +blocked disable_feed=0 disable_explore=0 disable_reels=1 disable_stories=0 disable_adds=0
08-15 16:24:36.373 29205 31003 I DFInstaObserve: !toggles +blocked disable_feed=0 disable_explore=0 disable_reels=1 disable_stories=0 disable_adds=0
08-15 16:24:37.473 29205 29428 I DFInstaObserve: !toggles +blocked disable_feed=0 disable_explore=0 disable_reels=1 disable_stories=0 disable_adds=0
08-15 16:24:37.939 29205 29428 I DFInstaObserve: !toggles +blocked disable_feed=0 disable_explore=0 disable_reels=1 disable_stories=0 disable_adds=0
08-15 16:24:39.688 29205 31033 I DFInstaObserve: !toggles +blocked disable_feed=0 disable_explore=0 disable_reels=1 disable_stories=0 disable_adds=0
08-15 16:24:39.689 29205 31032 I DFInstaObserve: !toggles +blocked disable_feed=0 disable_explore=0 disable_reels=1 disable_stories=0 disable_adds=0
08-15 16:24:40.822 29205 29428 I DFInstaObserve: !toggles +blocked disable_feed=0 disable_explore=0 disable_reels=1 disable_stories=0 disable_adds=0
08-15 16:24:40.931 29205 30837 I DFInstaObserve: !toggles +blocked disable_feed=0 disable_explore=0 disable_reels=1 disable_stories=0 disable_adds=0
08-15 16:24:41.859 29205 29428 I DFInstaObserve: !toggles +blocked disable_feed=0 disable_explore=0 disable_reels=1 disable_stories=0 disable_adds=0
08-15 16:24:43.014 29205 31060 I DFInstaObserve: !toggles +blocked disable_feed=0 disable_explore=0 disable_reels=1 disable_stories=0 disable_adds=0
08-15 16:24:43.021 29205 31059 I DFInstaObserve: !toggles +blocked disable_feed=0 disable_explore=0 disable_reels=1 disable_stories=0 disable_adds=0
08-15 16:24:43.752 29205 30837 I DFInstaObserve: !toggles +blocked disable_feed=0 disable_explore=0 disable_reels=1 disable_stories=0 disable_adds=0
08-15 16:24:44.108 29205 29464 I DFInstaObserve: !toggles +blocked disable_feed=0 disable_explore=0 disable_reels=1 disable_stories=0 disable_adds=0
08-15 16:24:44.237 29205 29464 I DFInstaObserve: !toggles +blocked disable_feed=0 disable_explore=0 disable_reels=1 disable_stories=0 disable_adds=0
08-15 16:24:44.316 29205 29464 I DFInstaObserve: !toggles +blocked disable_feed=0 disable_explore=0 disable_reels=1 disable_stories=0 disable_adds=0
08-15 16:25:05.905 29205 31129 I DFInstaObserve: !toggles +blocked disable_feed=0 disable_explore=0 disable_reels=1 disable_stories=0 disable_adds=0
08-15 16:25:06.866 29205 30880 I DFInstaObserve: !toggles +blocked disable_feed=0 disable_explore=0 disable_reels=1 disable_stories=0 disable_adds=0
08-15 16:25:10.483 29205 31137 I DFInstaObserve: !toggles +blocked disable_feed=0 disable_explore=0 disable_reels=1 disable_stories=0 disable_adds=0
08-15 16:25:10.483 29205 31137 I DFInstaObserve: /feed/timeline/
08-15 16:25:13.549 29205 31239 I DFInstaObserve: !toggles +blocked disable_feed=0 disable_explore=0 disable_reels=1 disable_stories=0 disable_adds=0
08-15 16:25:14.434 29205 30753 I DFInstaObserve: !toggles +blocked disable_feed=0 disable_explore=0 disable_reels=1 disable_stories=0 disable_adds=0
08-15 16:25:14.439 29205 30753 I DFInstaObserve: !toggles +blocked disable_feed=0 disable_explore=0 disable_reels=1 disable_stories=0 disable_adds=0
08-15 16:25:14.706 29205 31227 I DFInstaObserve: !toggles +blocked disable_feed=0 disable_explore=0 disable_reels=1 disable_stories=0 disable_adds=0
08-15 16:25:14.895 29205 31137 I DFInstaObserve: !toggles +blocked disable_feed=0 disable_explore=0 disable_reels=1 disable_stories=0 disable_adds=0
08-15 16:25:15.108 29205 31227 I DFInstaObserve: !toggles +blocked disable_feed=0 disable_explore=0 disable_reels=1 disable_stories=0 disable_adds=0
08-15 16:25:15.195 29205 29428 I DFInstaObserve: !toggles +blocked disable_feed=0 disable_explore=0 disable_reels=1 disable_stories=0 disable_adds=0
08-15 16:25:15.273 29205 29428 I DFInstaObserve: !toggles +blocked disable_feed=0 disable_explore=0 disable_reels=1 disable_stories=0 disable_adds=0
08-15 16:25:15.381 29205 29428 I DFInstaObserve: !toggles +blocked disable_feed=0 disable_explore=0 disable_reels=1 disable_stories=0 disable_adds=0
08-15 16:25:15.462 29205 29428 I DFInstaObserve: !toggles +blocked disable_feed=0 disable_explore=0 disable_reels=1 disable_stories=0 disable_adds=0
08-15 16:25:15.499 29205 31155 I DFInstaObserve: !toggles +blocked disable_feed=0 disable_explore=0 disable_reels=1 disable_stories=0 disable_adds=0
08-15 16:25:15.520 29205 29428 I DFInstaObserve: !toggles +blocked disable_feed=0 disable_explore=0 disable_reels=1 disable_stories=0 disable_adds=0
08-15 16:25:15.531 29205 31172 I DFInstaObserve: !toggles +blocked disable_feed=0 disable_explore=0 disable_reels=1 disable_stories=0 disable_adds=0
08-15 16:25:15.588 29205 29428 I DFInstaObserve: !toggles +blocked disable_feed=0 disable_explore=0 disable_reels=1 disable_stories=0 disable_adds=0
08-15 16:25:15.673 29205 29428 I DFInstaObserve: !toggles +blocked disable_feed=0 disable_explore=0 disable_reels=1 disable_stories=0 disable_adds=0
08-15 16:25:15.761 29205 29428 I DFInstaObserve: !toggles +blocked disable_feed=0 disable_explore=0 disable_reels=1 disable_stories=0 disable_adds=0
08-15 16:25:15.845 29205 29428 I DFInstaObserve: !toggles +blocked disable_feed=0 disable_explore=0 disable_reels=1 disable_stories=0 disable_adds=0
08-15 16:25:15.905 29205 31181 I DFInstaObserve: !toggles +blocked disable_feed=0 disable_explore=0 disable_reels=1 disable_stories=0 disable_adds=0
08-15 16:25:15.954 29205 29428 I DFInstaObserve: !toggles +blocked disable_feed=0 disable_explore=0 disable_reels=1 disable_stories=0 disable_adds=0
08-15 16:25:16.048 29205 31161 I DFInstaObserve: !toggles +blocked disable_feed=0 disable_explore=0 disable_reels=1 disable_stories=0 disable_adds=0
08-15 16:25:16.076 29205 29428 I DFInstaObserve: !toggles +blocked disable_feed=0 disable_explore=0 disable_reels=1 disable_stories=0 disable_adds=0
08-15 16:25:16.251 29205 31155 I DFInstaObserve: !toggles +blocked disable_feed=0 disable_explore=0 disable_reels=1 disable_stories=0 disable_adds=0
08-15 16:25:16.625 29205 31111 I DFInstaObserve: !toggles +blocked disable_feed=0 disable_explore=0 disable_reels=1 disable_stories=0 disable_adds=0
08-15 16:25:16.882 29205 31156 I DFInstaObserve: !toggles +blocked disable_feed=0 disable_explore=0 disable_reels=1 disable_stories=0 disable_adds=0
08-15 16:25:17.192 29205 31156 I DFInstaObserve: !toggles +blocked disable_feed=0 disable_explore=0 disable_reels=1 disable_stories=0 disable_adds=0
08-15 16:25:17.463 29205 31228 I DFInstaObserve: !toggles +blocked disable_feed=0 disable_explore=0 disable_reels=1 disable_stories=0 disable_adds=0
08-15 16:25:17.710 29205 31181 I DFInstaObserve: !toggles +blocked disable_feed=0 disable_explore=0 disable_reels=1 disable_stories=0 disable_adds=0
08-15 16:25:17.813 29205 31155 I DFInstaObserve: !toggles +blocked disable_feed=0 disable_explore=0 disable_reels=1 disable_stories=0 disable_adds=0
08-15 16:25:18.196 29205 31228 I DFInstaObserve: !toggles +blocked disable_feed=0 disable_explore=0 disable_reels=1 disable_stories=0 disable_adds=0
08-15 16:25:18.207 29205 31268 I DFInstaObserve: !toggles +blocked disable_feed=0 disable_explore=0 disable_reels=1 disable_stories=0 disable_adds=0
08-15 16:25:18.259 29205 31228 I DFInstaObserve: !toggles +blocked disable_feed=0 disable_explore=0 disable_reels=1 disable_stories=0 disable_adds=0
08-15 16:25:18.309 29205 31155 I DFInstaObserve: !toggles +blocked disable_feed=0 disable_explore=0 disable_reels=1 disable_stories=0 disable_adds=0
08-15 16:25:19.175 29205 31238 I DFInstaObserve: !toggles +blocked disable_feed=0 disable_explore=0 disable_reels=1 disable_stories=0 disable_adds=0
08-15 16:25:20.230 29205 29464 I DFInstaObserve: !toggles +blocked disable_feed=0 disable_explore=0 disable_reels=1 disable_stories=0 disable_adds=0
08-15 16:25:20.307 29205 29464 I DFInstaObserve: !toggles +blocked disable_feed=0 disable_explore=0 disable_reels=1 disable_stories=0 disable_adds=0
08-15 16:25:24.543 29205 31282 I DFInstaObserve: !toggles +blocked disable_feed=0 disable_explore=0 disable_reels=1 disable_stories=0 disable_adds=0
08-15 16:25:24.550 29205 31287 I DFInstaObserve: !toggles +blocked disable_feed=0 disable_explore=0 disable_reels=1 disable_stories=0 disable_adds=0
08-15 16:25:28.291 29205 31270 I DFInstaObserve: !toggles +blocked disable_feed=0 disable_explore=0 disable_reels=1 disable_stories=0 disable_adds=0
08-15 16:25:28.291 29205 31270 I DFInstaObserve: /discover/topical_explore
08-15 16:25:28.584 29205 31333 I DFInstaObserve: !toggles +blocked disable_feed=0 disable_explore=0 disable_reels=1 disable_stories=0 disable_adds=0
08-15 16:25:30.566 29205 31324 I DFInstaObserve: !toggles +blocked disable_feed=0 disable_explore=0 disable_reels=1 disable_stories=0 disable_adds=0
08-15 16:25:32.034 29205 31305 I DFInstaObserve: !toggles +blocked disable_feed=0 disable_explore=0 disable_reels=1 disable_stories=0 disable_adds=0
08-15 16:25:32.034 29205 31305 I DFInstaObserve: /discover/topical_explore
08-15 16:25:32.230 29205 31255 I DFInstaObserve: !toggles +blocked disable_feed=0 disable_explore=0 disable_reels=1 disable_stories=0 disable_adds=0
08-15 16:25:32.237 29205 31365 I DFInstaObserve: !toggles +blocked disable_feed=0 disable_explore=0 disable_reels=1 disable_stories=0 disable_adds=0
08-15 16:25:32.268 29205 29428 I DFInstaObserve: !toggles +blocked disable_feed=0 disable_explore=0 disable_reels=1 disable_stories=0 disable_adds=0
08-15 16:25:32.340 29205 31299 I DFInstaObserve: !toggles +blocked disable_feed=0 disable_explore=0 disable_reels=1 disable_stories=0 disable_adds=0
08-15 16:25:32.395 29205 29428 I DFInstaObserve: !toggles +blocked disable_feed=0 disable_explore=0 disable_reels=1 disable_stories=0 disable_adds=0
08-15 16:25:32.421 29205 31154 I DFInstaObserve: !toggles +blocked disable_feed=0 disable_explore=0 disable_reels=1 disable_stories=0 disable_adds=0
08-15 16:25:32.442 29205 29428 I DFInstaObserve: !toggles +blocked disable_feed=0 disable_explore=0 disable_reels=1 disable_stories=0 disable_adds=0
08-15 16:25:32.474 29205 31307 I DFInstaObserve: !toggles +blocked disable_feed=0 disable_explore=0 disable_reels=1 disable_stories=0 disable_adds=0
08-15 16:25:32.525 29205 31304 I DFInstaObserve: !toggles +blocked disable_feed=0 disable_explore=0 disable_reels=1 disable_stories=0 disable_adds=0
08-15 16:25:32.553 29205 31154 I DFInstaObserve: !toggles +blocked disable_feed=0 disable_explore=0 disable_reels=1 disable_stories=0 disable_adds=0
08-15 16:25:32.559 29205 29428 I DFInstaObserve: !toggles +blocked disable_feed=0 disable_explore=0 disable_reels=1 disable_stories=0 disable_adds=0
08-15 16:25:32.594 29205 31307 I DFInstaObserve: !toggles +blocked disable_feed=0 disable_explore=0 disable_reels=1 disable_stories=0 disable_adds=0
08-15 16:25:32.611 29205 29428 I DFInstaObserve: !toggles +blocked disable_feed=0 disable_explore=0 disable_reels=1 disable_stories=0 disable_adds=0
08-15 16:25:32.623 29205 31304 I DFInstaObserve: !toggles +blocked disable_feed=0 disable_explore=0 disable_reels=1 disable_stories=0 disable_adds=0
08-15 16:25:32.670 29205 31338 I DFInstaObserve: !toggles +blocked disable_feed=0 disable_explore=0 disable_reels=1 disable_stories=0 disable_adds=0
08-15 16:25:32.712 29205 29428 I DFInstaObserve: !toggles +blocked disable_feed=0 disable_explore=0 disable_reels=1 disable_stories=0 disable_adds=0
08-15 16:25:32.763 29205 29428 I DFInstaObserve: !toggles +blocked disable_feed=0 disable_explore=0 disable_reels=1 disable_stories=0 disable_adds=0
08-15 16:25:32.790 29205 31306 I DFInstaObserve: !toggles +blocked disable_feed=0 disable_explore=0 disable_reels=1 disable_stories=0 disable_adds=0
08-15 16:25:32.798 29205 29428 I DFInstaObserve: !toggles +blocked disable_feed=0 disable_explore=0 disable_reels=1 disable_stories=0 disable_adds=0
08-15 16:25:32.896 29205 31299 I DFInstaObserve: !toggles +blocked disable_feed=0 disable_explore=0 disable_reels=1 disable_stories=0 disable_adds=0
08-15 16:25:32.944 29205 31306 I DFInstaObserve: !toggles +blocked disable_feed=0 disable_explore=0 disable_reels=1 disable_stories=0 disable_adds=0
08-15 16:25:33.008 29205 31154 I DFInstaObserve: !toggles +blocked disable_feed=0 disable_explore=0 disable_reels=1 disable_stories=0 disable_adds=0
08-15 16:25:33.140 29205 31307 I DFInstaObserve: !toggles +blocked disable_feed=0 disable_explore=0 disable_reels=1 disable_stories=0 disable_adds=0
08-15 16:25:33.178 29205 31306 I DFInstaObserve: !toggles +blocked disable_feed=0 disable_explore=0 disable_reels=1 disable_stories=0 disable_adds=0
08-15 16:25:33.809 29205 31353 I DFInstaObserve: !toggles +blocked disable_feed=0 disable_explore=0 disable_reels=1 disable_stories=0 disable_adds=0
08-15 16:25:34.700 29205 31365 I DFInstaObserve: !toggles +blocked disable_feed=0 disable_explore=0 disable_reels=1 disable_stories=0 disable_adds=0
08-15 16:25:34.713 29205 31381 I DFInstaObserve: !toggles +blocked disable_feed=0 disable_explore=0 disable_reels=1 disable_stories=0 disable_adds=0
08-15 16:25:34.764 29205 29428 I DFInstaObserve: !toggles +blocked disable_feed=0 disable_explore=0 disable_reels=1 disable_stories=0 disable_adds=0
08-15 16:25:34.797 29205 31372 I DFInstaObserve: !toggles +blocked disable_feed=0 disable_explore=0 disable_reels=1 disable_stories=0 disable_adds=0
08-15 16:25:34.922 29205 31154 I DFInstaObserve: !toggles +blocked disable_feed=0 disable_explore=0 disable_reels=1 disable_stories=0 disable_adds=0
08-15 16:25:34.970 29205 31304 I DFInstaObserve: !toggles +blocked disable_feed=0 disable_explore=0 disable_reels=1 disable_stories=0 disable_adds=0
08-15 16:25:35.064 29205 31154 I DFInstaObserve: !toggles +blocked disable_feed=0 disable_explore=0 disable_reels=1 disable_stories=0 disable_adds=0
08-15 16:25:35.118 29205 31154 I DFInstaObserve: !toggles +blocked disable_feed=0 disable_explore=0 disable_reels=1 disable_stories=0 disable_adds=0
08-15 16:25:35.210 29205 31306 I DFInstaObserve: !toggles +blocked disable_feed=0 disable_explore=0 disable_reels=1 disable_stories=0 disable_adds=0
08-15 16:25:35.286 29205 31270 I DFInstaObserve: !toggles +blocked disable_feed=0 disable_explore=0 disable_reels=1 disable_stories=0 disable_adds=0
08-15 16:25:35.323 29205 31338 I DFInstaObserve: !toggles +blocked disable_feed=0 disable_explore=0 disable_reels=1 disable_stories=0 disable_adds=0
08-15 16:25:35.384 29205 31405 I DFInstaObserve: !toggles +blocked disable_feed=0 disable_explore=0 disable_reels=1 disable_stories=0 disable_adds=0
08-15 16:25:35.456 29205 31154 I DFInstaObserve: !toggles +blocked disable_feed=0 disable_explore=0 disable_reels=1 disable_stories=0 disable_adds=0
08-15 16:25:35.456 29205 31154 I DFInstaObserve: /discover/topical_explore
08-15 16:25:35.472 29205 31372 I DFInstaObserve: !toggles +blocked disable_feed=0 disable_explore=0 disable_reels=1 disable_stories=0 disable_adds=0
08-15 16:25:35.563 29205 31270 I DFInstaObserve: !toggles +blocked disable_feed=0 disable_explore=0 disable_reels=1 disable_stories=0 disable_adds=0
08-15 16:25:35.600 29205 31372 I DFInstaObserve: !toggles +blocked disable_feed=0 disable_explore=0 disable_reels=1 disable_stories=0 disable_adds=0
08-15 16:25:35.684 29205 31270 I DFInstaObserve: !toggles +blocked disable_feed=0 disable_explore=0 disable_reels=1 disable_stories=0 disable_adds=0
08-15 16:25:35.771 29205 31270 I DFInstaObserve: !toggles +blocked disable_feed=0 disable_explore=0 disable_reels=1 disable_stories=0 disable_adds=0
08-15 16:25:35.812 29205 31304 I DFInstaObserve: !toggles +blocked disable_feed=0 disable_explore=0 disable_reels=1 disable_stories=0 disable_adds=0
08-15 16:25:35.835 29205 29428 I DFInstaObserve: !toggles +blocked disable_feed=0 disable_explore=0 disable_reels=1 disable_stories=0 disable_adds=0
08-15 16:25:35.866 29205 29428 I DFInstaObserve: !toggles +blocked disable_feed=0 disable_explore=0 disable_reels=1 disable_stories=0 disable_adds=0
08-15 16:25:35.873 29205 31270 I DFInstaObserve: !toggles +blocked disable_feed=0 disable_explore=0 disable_reels=1 disable_stories=0 disable_adds=0
08-15 16:25:35.900 29205 31338 I DFInstaObserve: !toggles +blocked disable_feed=0 disable_explore=0 disable_reels=1 disable_stories=0 disable_adds=0
08-15 16:25:36.379 29205 29428 I DFInstaObserve: !toggles +blocked disable_feed=0 disable_explore=0 disable_reels=1 disable_stories=0 disable_adds=0
08-15 16:25:36.417 29205 29428 I DFInstaObserve: !toggles +blocked disable_feed=0 disable_explore=0 disable_reels=1 disable_stories=0 disable_adds=0
08-15 16:25:36.497 29205 29428 I DFInstaObserve: !toggles +blocked disable_feed=0 disable_explore=0 disable_reels=1 disable_stories=0 disable_adds=0
08-15 16:25:37.188 29205 31392 I DFInstaObserve: !toggles +blocked disable_feed=0 disable_explore=0 disable_reels=1 disable_stories=0 disable_adds=0
08-15 16:25:37.213 29205 31392 I DFInstaObserve: !toggles +blocked disable_feed=0 disable_explore=0 disable_reels=1 disable_stories=0 disable_adds=0
08-15 16:25:38.209 29205 31420 I DFInstaObserve: !toggles +blocked disable_feed=0 disable_explore=0 disable_reels=1 disable_stories=0 disable_adds=0
08-15 16:25:38.214 29205 31381 I DFInstaObserve: !toggles +blocked disable_feed=0 disable_explore=0 disable_reels=1 disable_stories=0 disable_adds=0
08-15 16:25:38.264 29205 29428 I DFInstaObserve: !toggles +blocked disable_feed=0 disable_explore=0 disable_reels=1 disable_stories=0 disable_adds=0
08-15 16:25:38.274 29205 31425 I DFInstaObserve: !toggles +blocked disable_feed=0 disable_explore=0 disable_reels=1 disable_stories=0 disable_adds=0
08-15 16:25:38.290 29205 31154 I DFInstaObserve: !toggles +blocked disable_feed=0 disable_explore=0 disable_reels=1 disable_stories=0 disable_adds=0
08-15 16:25:38.338 29205 31154 I DFInstaObserve: !toggles +blocked disable_feed=0 disable_explore=0 disable_reels=1 disable_stories=0 disable_adds=0
08-15 16:25:38.386 29205 31305 I DFInstaObserve: !toggles +blocked disable_feed=0 disable_explore=0 disable_reels=1 disable_stories=0 disable_adds=0
08-15 16:25:38.476 29205 31338 I DFInstaObserve: !toggles +blocked disable_feed=0 disable_explore=0 disable_reels=1 disable_stories=0 disable_adds=0
08-15 16:25:38.526 29205 29428 I DFInstaObserve: !toggles +blocked disable_feed=0 disable_explore=0 disable_reels=1 disable_stories=0 disable_adds=0
08-15 16:25:38.545 29205 31433 I DFInstaObserve: !toggles +blocked disable_feed=0 disable_explore=0 disable_reels=1 disable_stories=0 disable_adds=0
08-15 16:25:38.585 29205 29428 I DFInstaObserve: !toggles +blocked disable_feed=0 disable_explore=0 disable_reels=1 disable_stories=0 disable_adds=0
08-15 16:25:38.593 29205 31444 I DFInstaObserve: !toggles +blocked disable_feed=0 disable_explore=0 disable_reels=1 disable_stories=0 disable_adds=0
08-15 16:25:38.634 29205 31307 I DFInstaObserve: !toggles +blocked disable_feed=0 disable_explore=0 disable_reels=1 disable_stories=0 disable_adds=0
08-15 16:25:38.695 29205 31430 I DFInstaObserve: !toggles +blocked disable_feed=0 disable_explore=0 disable_reels=1 disable_stories=0 disable_adds=0
08-15 16:25:38.707 29205 29428 I DFInstaObserve: !toggles +blocked disable_feed=0 disable_explore=0 disable_reels=1 disable_stories=0 disable_adds=0
08-15 16:25:38.781 29205 31430 I DFInstaObserve: !toggles +blocked disable_feed=0 disable_explore=0 disable_reels=1 disable_stories=0 disable_adds=0
08-15 16:25:38.798 29205 29428 I DFInstaObserve: !toggles +blocked disable_feed=0 disable_explore=0 disable_reels=1 disable_stories=0 disable_adds=0
08-15 16:25:38.828 29205 31430 I DFInstaObserve: !toggles +blocked disable_feed=0 disable_explore=0 disable_reels=1 disable_stories=0 disable_adds=0
08-15 16:25:38.901 29205 31339 I DFInstaObserve: !toggles +blocked disable_feed=0 disable_explore=0 disable_reels=1 disable_stories=0 disable_adds=0
08-15 16:25:39.051 29205 31430 I DFInstaObserve: !toggles +blocked disable_feed=0 disable_explore=0 disable_reels=1 disable_stories=0 disable_adds=0
08-15 16:25:39.089 29205 31154 I DFInstaObserve: !toggles +blocked disable_feed=0 disable_explore=0 disable_reels=1 disable_stories=0 disable_adds=0
08-15 16:25:39.217 29205 31338 I DFInstaObserve: !toggles +blocked disable_feed=0 disable_explore=0 disable_reels=1 disable_stories=0 disable_adds=0
08-15 16:25:39.414 29205 31154 I DFInstaObserve: !toggles +blocked disable_feed=0 disable_explore=0 disable_reels=1 disable_stories=0 disable_adds=0
08-15 16:25:39.461 29205 31372 I DFInstaObserve: !toggles +blocked disable_feed=0 disable_explore=0 disable_reels=1 disable_stories=0 disable_adds=0
08-15 16:25:39.626 29205 31454 I DFInstaObserve: !toggles +blocked disable_feed=0 disable_explore=0 disable_reels=1 disable_stories=0 disable_adds=0
08-15 16:25:39.832 29205 29428 I DFInstaObserve: !toggles +blocked disable_feed=0 disable_explore=0 disable_reels=1 disable_stories=0 disable_adds=0
08-15 16:25:40.557 29205 31436 I DFInstaObserve: !toggles +blocked disable_feed=0 disable_explore=0 disable_reels=1 disable_stories=0 disable_adds=0
08-15 16:25:41.002 29205 31443 I DFInstaObserve: !toggles +blocked disable_feed=0 disable_explore=0 disable_reels=1 disable_stories=0 disable_adds=0
08-15 16:25:41.499 29205 31338 I DFInstaObserve: !toggles +blocked disable_feed=0 disable_explore=0 disable_reels=1 disable_stories=0 disable_adds=0
08-15 16:25:41.499 29205 31338 I DFInstaObserve: /discover/topical_explore
08-15 16:25:42.092 29205 31481 I DFInstaObserve: !toggles +blocked disable_feed=0 disable_explore=0 disable_reels=1 disable_stories=0 disable_adds=0
08-15 16:25:43.753 29205 31450 I DFInstaObserve: !toggles +blocked disable_feed=0 disable_explore=0 disable_reels=1 disable_stories=0 disable_adds=0
08-15 16:25:44.079 29205 31472 I DFInstaObserve: !toggles +blocked disable_feed=0 disable_explore=0 disable_reels=1 disable_stories=0 disable_adds=0
08-15 16:25:45.011 29205 29464 I DFInstaObserve: !toggles +blocked disable_feed=0 disable_explore=0 disable_reels=1 disable_stories=0 disable_adds=0
08-15 16:25:45.060 29205 29428 I DFInstaObserve: !toggles +blocked disable_feed=0 disable_explore=0 disable_reels=1 disable_stories=0 disable_adds=0
08-15 16:25:45.141 29205 29428 I DFInstaObserve: !toggles +blocked disable_feed=0 disable_explore=0 disable_reels=1 disable_stories=0 disable_adds=0
08-15 16:25:45.164 29205 29464 I DFInstaObserve: !toggles +blocked disable_feed=0 disable_explore=0 disable_reels=1 disable_stories=0 disable_adds=0
08-15 16:25:45.283 29205 29464 I DFInstaObserve: !toggles +blocked disable_feed=0 disable_explore=0 disable_reels=1 disable_stories=0 disable_adds=0
08-15 16:25:45.386 29205 29464 I DFInstaObserve: !toggles +blocked disable_feed=0 disable_explore=0 disable_reels=1 disable_stories=0 disable_adds=0
08-15 16:25:45.478 29205 29464 I DFInstaObserve: !toggles +blocked disable_feed=0 disable_explore=0 disable_reels=1 disable_stories=0 disable_adds=0
08-15 16:25:45.710 29205 31381 I DFInstaObserve: !toggles +blocked disable_feed=0 disable_explore=0 disable_reels=1 disable_stories=0 disable_adds=0
08-15 16:25:45.725 29205 31531 I DFInstaObserve: !toggles +blocked disable_feed=0 disable_explore=0 disable_reels=1 disable_stories=0 disable_adds=0
08-15 16:25:45.797 29205 29428 I DFInstaObserve: !toggles +blocked disable_feed=0 disable_explore=0 disable_reels=1 disable_stories=0 disable_adds=0
08-15 16:25:45.907 29205 31503 I DFInstaObserve: !toggles +blocked disable_feed=0 disable_explore=0 disable_reels=1 disable_stories=0 disable_adds=0
08-15 16:25:46.026 29205 31338 I DFInstaObserve: !toggles +blocked disable_feed=0 disable_explore=0 disable_reels=1 disable_stories=0 disable_adds=0
08-15 16:25:46.093 29205 31505 I DFInstaObserve: !toggles +blocked disable_feed=0 disable_explore=0 disable_reels=1 disable_stories=0 disable_adds=0
08-15 16:25:46.215 29205 31488 I DFInstaObserve: !toggles +blocked disable_feed=0 disable_explore=0 disable_reels=1 disable_stories=0 disable_adds=0
08-15 16:25:46.265 29205 31467 I DFInstaObserve: !toggles +blocked disable_feed=0 disable_explore=0 disable_reels=1 disable_stories=0 disable_adds=0
08-15 16:25:46.352 29205 31505 I DFInstaObserve: !toggles +blocked disable_feed=0 disable_explore=0 disable_reels=1 disable_stories=0 disable_adds=0
08-15 16:25:46.429 29205 29428 I DFInstaObserve: !toggles +blocked disable_feed=0 disable_explore=0 disable_reels=1 disable_stories=0 disable_adds=0
08-15 16:25:46.474 29205 31338 I DFInstaObserve: !toggles +blocked disable_feed=0 disable_explore=0 disable_reels=1 disable_stories=0 disable_adds=0
08-15 16:25:46.484 29205 29428 I DFInstaObserve: !toggles +blocked disable_feed=0 disable_explore=0 disable_reels=1 disable_stories=0 disable_adds=0
08-15 16:25:46.537 29205 31433 I DFInstaObserve: !toggles +blocked disable_feed=0 disable_explore=0 disable_reels=1 disable_stories=0 disable_adds=0
08-15 16:25:46.590 29205 29428 I DFInstaObserve: !toggles +blocked disable_feed=0 disable_explore=0 disable_reels=1 disable_stories=0 disable_adds=0
08-15 16:25:46.621 29205 29428 I DFInstaObserve: !toggles +blocked disable_feed=0 disable_explore=0 disable_reels=1 disable_stories=0 disable_adds=0
08-15 16:25:46.623 29205 31510 I DFInstaObserve: !toggles +blocked disable_feed=0 disable_explore=0 disable_reels=1 disable_stories=0 disable_adds=0
08-15 16:25:46.682 29205 29428 I DFInstaObserve: !toggles +blocked disable_feed=0 disable_explore=0 disable_reels=1 disable_stories=0 disable_adds=0
08-15 16:25:46.728 29205 29428 I DFInstaObserve: !toggles +blocked disable_feed=0 disable_explore=0 disable_reels=1 disable_stories=0 disable_adds=0
08-15 16:25:46.760 29205 31433 I DFInstaObserve: !toggles +blocked disable_feed=0 disable_explore=0 disable_reels=1 disable_stories=0 disable_adds=0
08-15 16:25:46.820 29205 31433 I DFInstaObserve: !toggles +blocked disable_feed=0 disable_explore=0 disable_reels=1 disable_stories=0 disable_adds=0
08-15 16:25:46.870 29205 31535 I DFInstaObserve: !toggles +blocked disable_feed=0 disable_explore=0 disable_reels=1 disable_stories=0 disable_adds=0
08-15 16:25:46.923 29205 31467 I DFInstaObserve: !toggles +blocked disable_feed=0 disable_explore=0 disable_reels=1 disable_stories=0 disable_adds=0
08-15 16:25:46.980 29205 31433 I DFInstaObserve: !toggles +blocked disable_feed=0 disable_explore=0 disable_reels=1 disable_stories=0 disable_adds=0
08-15 16:25:47.038 29205 29428 I DFInstaObserve: !toggles +blocked disable_feed=0 disable_explore=0 disable_reels=1 disable_stories=0 disable_adds=0
08-15 16:25:47.110 29205 31508 I DFInstaObserve: !toggles +blocked disable_feed=0 disable_explore=0 disable_reels=1 disable_stories=0 disable_adds=0
08-15 16:25:47.119 29205 29428 I DFInstaObserve: !toggles +blocked disable_feed=0 disable_explore=0 disable_reels=1 disable_stories=0 disable_adds=0
08-15 16:25:47.203 29205 31520 I DFInstaObserve: !toggles +blocked disable_feed=0 disable_explore=0 disable_reels=1 disable_stories=0 disable_adds=0
08-15 16:25:47.204 29205 31519 I DFInstaObserve: !toggles +blocked disable_feed=0 disable_explore=0 disable_reels=1 disable_stories=0 disable_adds=0
08-15 16:25:48.128 29205 29428 I DFInstaObserve: !toggles +blocked disable_feed=0 disable_explore=0 disable_reels=1 disable_stories=0 disable_adds=0
08-15 16:25:49.665 29205 31520 I DFInstaObserve: !toggles +blocked disable_feed=0 disable_explore=0 disable_reels=1 disable_stories=0 disable_adds=0
08-15 16:25:49.666 29205 31519 I DFInstaObserve: !toggles +blocked disable_feed=0 disable_explore=0 disable_reels=1 disable_stories=0 disable_adds=0
08-15 16:25:53.061 29205 31381 I DFInstaObserve: !toggles +blocked disable_feed=0 disable_explore=0 disable_reels=1 disable_stories=0 disable_adds=0
08-15 16:25:53.075 29205 31381 I DFInstaObserve: !toggles +blocked disable_feed=0 disable_explore=0 disable_reels=1 disable_stories=0 disable_adds=0
08-15 16:25:53.134 29205 31381 I DFInstaObserve: !toggles +blocked disable_feed=0 disable_explore=0 disable_reels=1 disable_stories=0 disable_adds=0
08-15 16:25:53.154 29205 29428 I DFInstaObserve: !toggles +blocked disable_feed=0 disable_explore=0 disable_reels=1 disable_stories=0 disable_adds=0
08-15 16:25:53.613 29205 29428 I DFInstaObserve: !toggles +blocked disable_feed=0 disable_explore=0 disable_reels=1 disable_stories=0 disable_adds=0
08-15 16:25:55.317 29205 31556 I DFInstaObserve: !toggles +blocked disable_feed=0 disable_explore=0 disable_reels=1 disable_stories=0 disable_adds=0
08-15 16:25:55.317 29205 31555 I DFInstaObserve: !toggles +blocked disable_feed=0 disable_explore=0 disable_reels=1 disable_stories=0 disable_adds=0
08-15 16:25:56.489 29205 29428 I DFInstaObserve: !toggles +blocked disable_feed=0 disable_explore=0 disable_reels=1 disable_stories=0 disable_adds=0
08-15 16:25:56.735 29205 29428 I DFInstaObserve: !toggles +blocked disable_feed=0 disable_explore=0 disable_reels=1 disable_stories=0 disable_adds=0
08-15 16:25:58.651 29205 31583 I DFInstaObserve: !toggles +blocked disable_feed=0 disable_explore=0 disable_reels=1 disable_stories=0 disable_adds=0
08-15 16:25:58.651 29205 31584 I DFInstaObserve: !toggles +blocked disable_feed=0 disable_explore=0 disable_reels=1 disable_stories=0 disable_adds=0
08-15 16:25:59.868 29205 29428 I DFInstaObserve: !toggles +blocked disable_feed=0 disable_explore=0 disable_reels=1 disable_stories=0 disable_adds=0
08-15 16:26:00.273 29205 29428 I DFInstaObserve: !toggles +blocked disable_feed=0 disable_explore=0 disable_reels=1 disable_stories=0 disable_adds=0
08-15 16:26:01.999 29205 31610 I DFInstaObserve: !toggles +blocked disable_feed=0 disable_explore=0 disable_reels=1 disable_stories=0 disable_adds=0
08-15 16:26:02.000 29205 31609 I DFInstaObserve: !toggles +blocked disable_feed=0 disable_explore=0 disable_reels=1 disable_stories=0 disable_adds=0
08-15 16:26:03.097 29205 31381 I DFInstaObserve: !toggles +blocked disable_feed=0 disable_explore=0 disable_reels=1 disable_stories=0 disable_adds=0
08-15 16:26:03.209 29205 29428 I DFInstaObserve: !toggles +blocked disable_feed=0 disable_explore=0 disable_reels=1 disable_stories=0 disable_adds=0
08-15 16:26:03.537 29205 29428 I DFInstaObserve: !toggles +blocked disable_feed=0 disable_explore=0 disable_reels=1 disable_stories=0 disable_adds=0
08-15 16:26:05.326 29205 31640 I DFInstaObserve: !toggles +blocked disable_feed=0 disable_explore=0 disable_reels=1 disable_stories=0 disable_adds=0
08-15 16:26:05.326 29205 31639 I DFInstaObserve: !toggles +blocked disable_feed=0 disable_explore=0 disable_reels=1 disable_stories=0 disable_adds=0
08-15 16:26:06.499 29205 29428 I DFInstaObserve: !toggles +blocked disable_feed=0 disable_explore=0 disable_reels=1 disable_stories=0 disable_adds=0
08-15 16:26:06.710 29205 29428 I DFInstaObserve: !toggles +blocked disable_feed=0 disable_explore=0 disable_reels=1 disable_stories=0 disable_adds=0
08-15 16:26:08.686 29205 31667 I DFInstaObserve: !toggles +blocked disable_feed=0 disable_explore=0 disable_reels=1 disable_stories=0 disable_adds=0
08-15 16:26:08.686 29205 31668 I DFInstaObserve: !toggles +blocked disable_feed=0 disable_explore=0 disable_reels=1 disable_stories=0 disable_adds=0
