08-15 16:27:13.353 32497 32646 I DFInstaObserve: !toggles +blocked disable_feed=0 disable_explore=0 disable_reels=0 disable_stories=1 disable_adds=0
08-15 16:27:13.353 32497 32646 I DFInstaObserve: /feed/reels_tray/
08-15 16:27:13.353 32497 32646 I DFInstaObserve: !blocked /feed/reels_tray/
08-15 16:27:13.358 32497 32541 I DFInstaObserve: !toggles +blocked disable_feed=0 disable_explore=0 disable_reels=0 disable_stories=1 disable_adds=0
08-15 16:27:13.358 32497 32541 I DFInstaObserve: /feed/timeline/
08-15 16:27:13.544 32497 32549 I DFInstaObserve: !toggles +blocked disable_feed=0 disable_explore=0 disable_reels=0 disable_stories=1 disable_adds=0
08-15 16:27:13.544 32497 32549 I DFInstaObserve: /clips/discover
08-15 16:27:13.544 32497 32549 I DFInstaObserve: /clips/discover/stream/
08-15 16:27:13.697 32497 32702 I DFInstaObserve: !toggles +blocked disable_feed=0 disable_explore=0 disable_reels=0 disable_stories=1 disable_adds=0
08-15 16:27:13.760 32497 32497 E IgFunctionalErrorEvent: STORY_NOT_LOADING
08-15 16:27:13.760 32497 32497 E IgFunctionalErrorEvent: java.io.IOException: Blocked by DFInsta setting
08-15 16:27:13.984 32497 32586 I DFInstaObserve: !toggles +blocked disable_feed=0 disable_explore=0 disable_reels=0 disable_stories=1 disable_adds=0
08-15 16:27:14.185 32497 32702 I DFInstaObserve: !toggles +blocked disable_feed=0 disable_explore=0 disable_reels=0 disable_stories=1 disable_adds=0
08-15 16:27:14.386 32497 32684 I DFInstaObserve: !toggles +blocked disable_feed=0 disable_explore=0 disable_reels=0 disable_stories=1 disable_adds=0
08-15 16:27:14.413 32497   355 I DFInstaObserve: !toggles +blocked disable_feed=0 disable_explore=0 disable_reels=0 disable_stories=1 disable_adds=0
08-15 16:27:14.584 32497 32684 I DFInstaObserve: !toggles +blocked disable_feed=0 disable_explore=0 disable_reels=0 disable_stories=1 disable_adds=0
08-15 16:27:15.651 32497 32646 I DFInstaObserve: !toggles +blocked disable_feed=0 disable_explore=0 disable_reels=0 disable_stories=1 disable_adds=0
08-15 16:27:16.479 32497 32536 I DFInstaObserve: !toggles +blocked disable_feed=0 disable_explore=0 disable_reels=0 disable_stories=1 disable_adds=0
08-15 16:27:16.491 32497 32536 I DFInstaObserve: !toggles +blocked disable_feed=0 disable_explore=0 disable_reels=0 disable_stories=1 disable_adds=0
08-15 16:27:16.519 32497 32684 I DFInstaObserve: !toggles +blocked disable_feed=0 disable_explore=0 disable_reels=0 disable_stories=1 disable_adds=0
08-15 16:27:16.637 32497 32684 I DFInstaObserve: !toggles +blocked disable_feed=0 disable_explore=0 disable_reels=0 disable_stories=1 disable_adds=0
08-15 16:27:16.645 32497   418 I DFInstaObserve: !toggles +blocked disable_feed=0 disable_explore=0 disable_reels=0 disable_stories=1 disable_adds=0
08-15 16:27:16.699 32497   355 I DFInstaObserve: !toggles +blocked disable_feed=0 disable_explore=0 disable_reels=0 disable_stories=1 disable_adds=0
08-15 16:27:16.728 32497 32684 I DFInstaObserve: !toggles +blocked disable_feed=0 disable_explore=0 disable_reels=0 disable_stories=1 disable_adds=0
08-15 16:27:16.778 32497 32567 I DFInstaObserve: !toggles +blocked disable_feed=0 disable_explore=0 disable_reels=0 disable_stories=1 disable_adds=0
08-15 16:27:16.849 32497 32654 I DFInstaObserve: !toggles +blocked disable_feed=0 disable_explore=0 disable_reels=0 disable_stories=1 disable_adds=0
08-15 16:27:16.850 32497 32654 I DFInstaObserve: /feed/timeline/
08-15 16:27:16.972 32497 32684 I DFInstaObserve: !toggles +blocked disable_feed=0 disable_explore=0 disable_reels=0 disable_stories=1 disable_adds=0
08-15 16:27:17.024 32497 32684 I DFInstaObserve: !toggles +blocked disable_feed=0 disable_explore=0 disable_reels=0 disable_stories=1 disable_adds=0
08-15 16:27:17.090 32497 32684 I DFInstaObserve: !toggles +blocked disable_feed=0 disable_explore=0 disable_reels=0 disable_stories=1 disable_adds=0
08-15 16:27:17.143 32497 32684 I DFInstaObserve: !toggles +blocked disable_feed=0 disable_explore=0 disable_reels=0 disable_stories=1 disable_adds=0
08-15 16:27:17.217 32497 32684 I DFInstaObserve: !toggles +blocked disable_feed=0 disable_explore=0 disable_reels=0 disable_stories=1 disable_adds=0
08-15 16:27:17.265 32497 32684 I DFInstaObserve: !toggles +blocked disable_feed=0 disable_explore=0 disable_reels=0 disable_stories=1 disable_adds=0
08-15 16:27:17.487 32497 32684 I DFInstaObserve: !toggles +blocked disable_feed=0 disable_explore=0 disable_reels=0 disable_stories=1 disable_adds=0
08-15 16:27:17.528 32497 32684 I DFInstaObserve: !toggles +blocked disable_feed=0 disable_explore=0 disable_reels=0 disable_stories=1 disable_adds=0
08-15 16:27:17.709 32497 32684 I DFInstaObserve: !toggles +blocked disable_feed=0 disable_explore=0 disable_reels=0 disable_stories=1 disable_adds=0
08-15 16:27:17.752 32497 32684 I DFInstaObserve: !toggles +blocked disable_feed=0 disable_explore=0 disable_reels=0 disable_stories=1 disable_adds=0
08-15 16:27:18.057 32497 32684 I DFInstaObserve: !toggles +blocked disable_feed=0 disable_explore=0 disable_reels=0 disable_stories=1 disable_adds=0
08-15 16:27:18.126 32497 32684 I DFInstaObserve: !toggles +blocked disable_feed=0 disable_explore=0 disable_reels=0 disable_stories=1 disable_adds=0
08-15 16:27:18.452 32497 32684 I DFInstaObserve: !toggles +blocked disable_feed=0 disable_explore=0 disable_reels=0 disable_stories=1 disable_adds=0
08-15 16:27:19.194 32497   355 I DFInstaObserve: !toggles +blocked disable_feed=0 disable_explore=0 disable_reels=0 disable_stories=1 disable_adds=0
08-15 16:27:19.328 32497 32702 I DFInstaObserve: !toggles +blocked disable_feed=0 disable_explore=0 disable_reels=0 disable_stories=1 disable_adds=0
08-15 16:27:19.781 32497 32640 I DFInstaObserve: !toggles +blocked disable_feed=0 disable_explore=0 disable_reels=0 disable_stories=1 disable_adds=0
08-15 16:27:19.781 32497 32640 I DFInstaObserve: /discover/topical_explore
08-15 16:27:20.537 32497 32541 I DFInstaObserve: !toggles +blocked disable_feed=0 disable_explore=0 disable_reels=0 disable_stories=1 disable_adds=0
08-15 16:27:20.652 32497   416 I DFInstaObserve: !toggles +blocked disable_feed=0 disable_explore=0 disable_reels=0 disable_stories=1 disable_adds=0
08-15 16:27:21.020 32497   479 I DFInstaObserve: !toggles +blocked disable_feed=0 disable_explore=0 disable_reels=0 disable_stories=1 disable_adds=0
08-15 16:27:21.047 32497   416 I DFInstaObserve: !toggles +blocked disable_feed=0 disable_explore=0 disable_reels=0 disable_stories=1 disable_adds=0
08-15 16:27:21.268 32497   418 I DFInstaObserve: !toggles +blocked disable_feed=0 disable_explore=0 disable_reels=0 disable_stories=1 disable_adds=0
08-15 16:27:21.438 32497   505 I DFInstaObserve: !toggles +blocked disable_feed=0 disable_explore=0 disable_reels=0 disable_stories=1 disable_adds=0
08-15 16:27:21.443 32497 32536 I DFInstaObserve: !toggles +blocked disable_feed=0 disable_explore=0 disable_reels=0 disable_stories=1 disable_adds=0
08-15 16:27:21.448 32497 32536 I DFInstaObserve: !toggles +blocked disable_feed=0 disable_explore=0 disable_reels=0 disable_stories=1 disable_adds=0
08-15 16:27:21.511 32497 32577 I DFInstaObserve: !toggles +blocked disable_feed=0 disable_explore=0 disable_reels=0 disable_stories=1 disable_adds=0
08-15 16:27:21.555 32497 32684 I DFInstaObserve: !toggles +blocked disable_feed=0 disable_explore=0 disable_reels=0 disable_stories=1 disable_adds=0
08-15 16:27:21.633 32497   504 I DFInstaObserve: !toggles +blocked disable_feed=0 disable_explore=0 disable_reels=0 disable_stories=1 disable_adds=0
08-15 16:27:21.636 32497 32684 I DFInstaObserve: !toggles +blocked disable_feed=0 disable_explore=0 disable_reels=0 disable_stories=1 disable_adds=0
08-15 16:27:21.691 32497 32684 I DFInstaObserve: !toggles +blocked disable_feed=0 disable_explore=0 disable_reels=0 disable_stories=1 disable_adds=0
08-15 16:27:21.748 32497 32684 I DFInstaObserve: !toggles +blocked disable_feed=0 disable_explore=0 disable_reels=0 disable_stories=1 disable_adds=0
08-15 16:27:21.851 32497   496 I DFInstaObserve: !toggles +blocked disable_feed=0 disable_explore=0 disable_reels=0 disable_stories=1 disable_adds=0
08-15 16:27:22.224 32497 32641 I DFInstaObserve: !toggles +blocked disable_feed=0 disable_explore=0 disable_reels=0 disable_stories=1 disable_adds=0
08-15 16:27:22.541 32497   419 I DFInstaObserve: !toggles +blocked disable_feed=0 disable_explore=0 disable_reels=0 disable_stories=1 disable_adds=0
08-15 16:27:22.849 32497 32577 I DFInstaObserve: !toggles +blocked disable_feed=0 disable_explore=0 disable_reels=0 disable_stories=1 disable_adds=0
08-15 16:27:22.888 32497 32541 I DFInstaObserve: !toggles +blocked disable_feed=0 disable_explore=0 disable_reels=0 disable_stories=1 disable_adds=0
08-15 16:27:22.936 32497   418 I DFInstaObserve: !toggles +blocked disable_feed=0 disable_explore=0 disable_reels=0 disable_stories=1 disable_adds=0
08-15 16:27:22.993 32497 32549 I DFInstaObserve: !toggles +blocked disable_feed=0 disable_explore=0 disable_reels=0 disable_stories=1 disable_adds=0
08-15 16:27:23.121 32497   496 I DFInstaObserve: !toggles +blocked disable_feed=0 disable_explore=0 disable_reels=0 disable_stories=1 disable_adds=0
08-15 16:27:23.445 32497   418 I DFInstaObserve: !toggles +blocked disable_feed=0 disable_explore=0 disable_reels=0 disable_stories=1 disable_adds=0
08-15 16:27:23.682 32497 32641 I DFInstaObserve: !toggles +blocked disable_feed=0 disable_explore=0 disable_reels=0 disable_stories=1 disable_adds=0
08-15 16:27:23.689 32497   355 I DFInstaObserve: !toggles +blocked disable_feed=0 disable_explore=0 disable_reels=0 disable_stories=1 disable_adds=0
08-15 16:27:24.015 32497   495 I DFInstaObserve: !toggles +blocked disable_feed=0 disable_explore=0 disable_reels=0 disable_stories=1 disable_adds=0
08-15 16:27:24.323 32497   494 I DFInstaObserve: !toggles +blocked disable_feed=0 disable_explore=0 disable_reels=0 disable_stories=1 disable_adds=0
08-15 16:27:24.659 32497   418 I DFInstaObserve: !toggles +blocked disable_feed=0 disable_explore=0 disable_reels=0 disable_stories=1 disable_adds=0
08-15 16:27:24.837 32497 32684 I DFInstaObserve: !toggles +blocked disable_feed=0 disable_explore=0 disable_reels=0 disable_stories=1 disable_adds=0
08-15 16:27:24.922 32497 32684 I DFInstaObserve: !toggles +blocked disable_feed=0 disable_explore=0 disable_reels=0 disable_stories=1 disable_adds=0
08-15 16:27:24.956 32497   526 I DFInstaObserve: !toggles +blocked disable_feed=0 disable_explore=0 disable_reels=0 disable_stories=1 disable_adds=0
08-15 16:27:24.966 32497 32684 I DFInstaObserve: !toggles +blocked disable_feed=0 disable_explore=0 disable_reels=0 disable_stories=1 disable_adds=0
08-15 16:27:25.049 32497 32684 I DFInstaObserve: !toggles +blocked disable_feed=0 disable_explore=0 disable_reels=0 disable_stories=1 disable_adds=0
08-15 16:27:25.091 32497 32684 I DFInstaObserve: !toggles +blocked disable_feed=0 disable_explore=0 disable_reels=0 disable_stories=1 disable_adds=0
08-15 16:27:25.166 32497 32654 I DFInstaObserve: !toggles +blocked disable_feed=0 disable_explore=0 disable_reels=0 disable_stories=1 disable_adds=0
08-15 16:27:25.238 32497   477 I DFInstaObserve: !toggles +blocked disable_feed=0 disable_explore=0 disable_reels=0 disable_stories=1 disable_adds=0
08-15 16:27:25.288 32497   418 I DFInstaObserve: !toggles +blocked disable_feed=0 disable_explore=0 disable_reels=0 disable_stories=1 disable_adds=0
08-15 16:27:25.314 32497 32684 I DFInstaObserve: !toggles +blocked disable_feed=0 disable_explore=0 disable_reels=0 disable_stories=1 disable_adds=0
08-15 16:27:25.386 32497 32684 I DFInstaObserve: !toggles +blocked disable_feed=0 disable_explore=0 disable_reels=0 disable_stories=1 disable_adds=0
08-15 16:27:25.447 32497 32684 I DFInstaObserve: !toggles +blocked disable_feed=0 disable_explore=0 disable_reels=0 disable_stories=1 disable_adds=0
08-15 16:27:25.489 32497 32684 I DFInstaObserve: !toggles +blocked disable_feed=0 disable_explore=0 disable_reels=0 disable_stories=1 disable_adds=0
08-15 16:27:25.552 32497   495 I DFInstaObserve: !toggles +blocked disable_feed=0 disable_explore=0 disable_reels=0 disable_stories=1 disable_adds=0
08-15 16:27:25.572 32497 32702 I DFInstaObserve: !toggles +blocked disable_feed=0 disable_explore=0 disable_reels=0 disable_stories=1 disable_adds=0
08-15 16:27:25.620 32497 32684 I DFInstaObserve: !toggles +blocked disable_feed=0 disable_explore=0 disable_reels=0 disable_stories=1 disable_adds=0
08-15 16:27:25.662 32497 32684 I DFInstaObserve: !toggles +blocked disable_feed=0 disable_explore=0 disable_reels=0 disable_stories=1 disable_adds=0
08-15 16:27:25.818 32497 32684 I DFInstaObserve: !toggles +blocked disable_feed=0 disable_explore=0 disable_reels=0 disable_stories=1 disable_adds=0
08-15 16:27:25.823 32497 32549 I DFInstaObserve: !toggles +blocked disable_feed=0 disable_explore=0 disable_reels=0 disable_stories=1 disable_adds=0
08-15 16:27:26.104 32497 32577 I DFInstaObserve: !toggles +blocked disable_feed=0 disable_explore=0 disable_reels=0 disable_stories=1 disable_adds=0
08-15 16:27:26.329 32497   494 I DFInstaObserve: !toggles +blocked disable_feed=0 disable_explore=0 disable_reels=0 disable_stories=1 disable_adds=0
08-15 16:27:26.548 32497 32702 I DFInstaObserve: !toggles +blocked disable_feed=0 disable_explore=0 disable_reels=0 disable_stories=1 disable_adds=0
08-15 16:27:26.598 32497 32549 I DFInstaObserve: !toggles +blocked disable_feed=0 disable_explore=0 disable_reels=0 disable_stories=1 disable_adds=0
08-15 16:27:26.862 32497 32641 I DFInstaObserve: !toggles +blocked disable_feed=0 disable_explore=0 disable_reels=0 disable_stories=1 disable_adds=0
08-15 16:27:26.900 32497   495 I DFInstaObserve: !toggles +blocked disable_feed=0 disable_explore=0 disable_reels=0 disable_stories=1 disable_adds=0
08-15 16:27:26.939 32497   477 I DFInstaObserve: !toggles +blocked disable_feed=0 disable_explore=0 disable_reels=0 disable_stories=1 disable_adds=0
08-15 16:27:27.041 32497 32640 I DFInstaObserve: !toggles +blocked disable_feed=0 disable_explore=0 disable_reels=0 disable_stories=1 disable_adds=0
08-15 16:27:27.090 32497 32654 I DFInstaObserve: !toggles +blocked disable_feed=0 disable_explore=0 disable_reels=0 disable_stories=1 disable_adds=0
08-15 16:27:27.138 32497 32549 I DFInstaObserve: !toggles +blocked disable_feed=0 disable_explore=0 disable_reels=0 disable_stories=1 disable_adds=0
08-15 16:27:27.172 32497 32640 I DFInstaObserve: !toggles +blocked disable_feed=0 disable_explore=0 disable_reels=0 disable_stories=1 disable_adds=0
08-15 16:27:27.219 32497   418 I DFInstaObserve: !toggles +blocked disable_feed=0 disable_explore=0 disable_reels=0 disable_stories=1 disable_adds=0
08-15 16:27:27.263 32497   495 I DFInstaObserve: !toggles +blocked disable_feed=0 disable_explore=0 disable_reels=0 disable_stories=1 disable_adds=0
08-15 16:27:27.337 32497 32549 I DFInstaObserve: !toggles +blocked disable_feed=0 disable_explore=0 disable_reels=0 disable_stories=1 disable_adds=0
08-15 16:27:27.441 32497 32654 I DFInstaObserve: !toggles +blocked disable_feed=0 disable_explore=0 disable_reels=0 disable_stories=1 disable_adds=0
08-15 16:27:27.482 32497 32640 I DFInstaObserve: !toggles +blocked disable_feed=0 disable_explore=0 disable_reels=0 disable_stories=1 disable_adds=0
08-15 16:27:27.510 32497   418 I DFInstaObserve: !toggles +blocked disable_feed=0 disable_explore=0 disable_reels=0 disable_stories=1 disable_adds=0
08-15 16:27:27.559 32497 32654 I DFInstaObserve: !toggles +blocked disable_feed=0 disable_explore=0 disable_reels=0 disable_stories=1 disable_adds=0
08-15 16:27:27.598 32497 32640 I DFInstaObserve: !toggles +blocked disable_feed=0 disable_explore=0 disable_reels=0 disable_stories=1 disable_adds=0
08-15 16:27:27.714 32497 32654 I DFInstaObserve: !toggles +blocked disable_feed=0 disable_explore=0 disable_reels=0 disable_stories=1 disable_adds=0
08-15 16:27:28.693 32497   355 I DFInstaObserve: !toggles +blocked disable_feed=0 disable_explore=0 disable_reels=0 disable_stories=1 disable_adds=0
08-15 16:27:30.869 32497 32549 I DFInstaObserve: !toggles +blocked disable_feed=0 disable_explore=0 disable_reels=0 disable_stories=1 disable_adds=0
08-15 16:27:30.869 32497 32549 I DFInstaObserve: /feed/reels_tray/
08-15 16:27:30.869 32497 32549 I DFInstaObserve: !blocked /feed/reels_tray/
08-15 16:27:30.872 32497   418 I DFInstaObserve: !toggles +blocked disable_feed=0 disable_explore=0 disable_reels=0 disable_stories=1 disable_adds=0
08-15 16:27:30.872 32497   418 I DFInstaObserve: /feed/timeline/
08-15 16:27:30.878 32497 32497 E IgFunctionalErrorEvent: STORY_NOT_LOADING
08-15 16:27:30.878 32497 32497 E IgFunctionalErrorEvent: java.io.IOException: Blocked by DFInsta setting
08-15 16:27:32.720 32497 32536 I DFInstaObserve: !toggles +blocked disable_feed=0 disable_explore=0 disable_reels=0 disable_stories=1 disable_adds=0
08-15 16:27:34.185 32497   496 I DFInstaObserve: !toggles +blocked disable_feed=0 disable_explore=0 disable_reels=0 disable_stories=1 disable_adds=0
08-15 16:27:34.185 32497   496 I DFInstaObserve: /feed/timeline/
08-15 16:27:35.925 32497 32702 I DFInstaObserve: !toggles +blocked disable_feed=0 disable_explore=0 disable_reels=0 disable_stories=1 disable_adds=0
08-15 16:27:37.228 32497 32536 I DFInstaObserve: !toggles +blocked disable_feed=0 disable_explore=0 disable_reels=0 disable_stories=1 disable_adds=0
08-15 16:27:37.241 32497 32536 I DFInstaObserve: !toggles +blocked disable_feed=0 disable_explore=0 disable_reels=0 disable_stories=1 disable_adds=0
08-15 16:27:37.432 32497 32684 I DFInstaObserve: !toggles +blocked disable_feed=0 disable_explore=0 disable_reels=0 disable_stories=1 disable_adds=0
08-15 16:27:37.474 32497 32684 I DFInstaObserve: !toggles +blocked disable_feed=0 disable_explore=0 disable_reels=0 disable_stories=1 disable_adds=0
08-15 16:27:37.532 32497 32684 I DFInstaObserve: !toggles +blocked disable_feed=0 disable_explore=0 disable_reels=0 disable_stories=1 disable_adds=0
08-15 16:27:37.571 32497 32684 I DFInstaObserve: !toggles +blocked disable_feed=0 disable_explore=0 disable_reels=0 disable_stories=1 disable_adds=0
08-15 16:27:37.652 32497 32641 I DFInstaObserve: !toggles +blocked disable_feed=0 disable_explore=0 disable_reels=0 disable_stories=1 disable_adds=0
08-15 16:27:37.717 32497 32684 I DFInstaObserve: !toggles +blocked disable_feed=0 disable_explore=0 disable_reels=0 disable_stories=1 disable_adds=0
08-15 16:27:37.757 32497 32684 I DFInstaObserve: !toggles +blocked disable_feed=0 disable_explore=0 disable_reels=0 disable_stories=1 disable_adds=0
08-15 16:27:37.799 32497 32684 I DFInstaObserve: !toggles +blocked disable_feed=0 disable_explore=0 disable_reels=0 disable_stories=1 disable_adds=0
08-15 16:27:37.900 32497 32654 I DFInstaObserve: !toggles +blocked disable_feed=0 disable_explore=0 disable_reels=0 disable_stories=1 disable_adds=0
08-15 16:27:38.131 32497   418 I DFInstaObserve: !toggles +blocked disable_feed=0 disable_explore=0 disable_reels=0 disable_stories=1 disable_adds=0
08-15 16:27:38.988 32497   593 I DFInstaObserve: !toggles +blocked disable_feed=0 disable_explore=0 disable_reels=0 disable_stories=1 disable_adds=0
08-15 16:27:38.988 32497   593 I DFInstaObserve: /feed/timeline/
08-15 16:27:38.988 32497   634 I DFInstaObserve: !toggles +blocked disable_feed=0 disable_explore=0 disable_reels=0 disable_stories=1 disable_adds=0
08-15 16:27:38.988 32497   634 I DFInstaObserve: /feed/reels_tray/
08-15 16:27:38.988 32497   634 I DFInstaObserve: !blocked /feed/reels_tray/
08-15 16:27:39.004 32497 32497 E IgFunctionalErrorEvent: STORY_NOT_LOADING
08-15 16:27:39.004 32497 32497 E IgFunctionalErrorEvent: java.io.IOException: Blocked by DFInsta setting
08-15 16:27:40.063 32497   505 I DFInstaObserve: !toggles +blocked disable_feed=0 disable_explore=0 disable_reels=0 disable_stories=1 disable_adds=0
08-15 16:27:40.863 32497   496 I DFInstaObserve: !toggles +blocked disable_feed=0 disable_explore=0 disable_reels=0 disable_stories=1 disable_adds=0
08-15 16:27:40.863 32497   496 I DFInstaObserve: /feed/timeline/
08-15 16:27:44.112 32497 32702 I DFInstaObserve: !toggles +blocked disable_feed=0 disable_explore=0 disable_reels=0 disable_stories=1 disable_adds=0
08-15 16:27:44.811 32497   505 I DFInstaObserve: !toggles +blocked disable_feed=0 disable_explore=0 disable_reels=0 disable_stories=1 disable_adds=0
08-15 16:27:44.821 32497   505 I DFInstaObserve: !toggles +blocked disable_feed=0 disable_explore=0 disable_reels=0 disable_stories=1 disable_adds=0
08-15 16:27:45.050 32497 32684 I DFInstaObserve: !toggles +blocked disable_feed=0 disable_explore=0 disable_reels=0 disable_stories=1 disable_adds=0
08-15 16:27:45.098 32497 32684 I DFInstaObserve: !toggles +blocked disable_feed=0 disable_explore=0 disable_reels=0 disable_stories=1 disable_adds=0
08-15 16:27:45.115 32497   593 I DFInstaObserve: !toggles +blocked disable_feed=0 disable_explore=0 disable_reels=0 disable_stories=1 disable_adds=0
08-15 16:27:45.143 32497 32684 I DFInstaObserve: !toggles +blocked disable_feed=0 disable_explore=0 disable_reels=0 disable_stories=1 disable_adds=0
08-15 16:27:45.194 32497 32684 I DFInstaObserve: !toggles +blocked disable_feed=0 disable_explore=0 disable_reels=0 disable_stories=1 disable_adds=0
08-15 16:27:45.249 32497 32684 I DFInstaObserve: !toggles +blocked disable_feed=0 disable_explore=0 disable_reels=0 disable_stories=1 disable_adds=0
08-15 16:27:45.394 32497   701 I DFInstaObserve: !toggles +blocked disable_feed=0 disable_explore=0 disable_reels=0 disable_stories=1 disable_adds=0
08-15 16:27:50.405 32497   741 I DFInstaObserve: !toggles +blocked disable_feed=0 disable_explore=0 disable_reels=0 disable_stories=1 disable_adds=0
08-15 16:27:50.505 32497 32536 I DFInstaObserve: !toggles +blocked disable_feed=0 disable_explore=0 disable_reels=0 disable_stories=1 disable_adds=0
08-15 16:27:53.963 32497   505 I DFInstaObserve: !toggles +blocked disable_feed=0 disable_explore=0 disable_reels=0 disable_stories=1 disable_adds=0
08-15 16:27:55.828 32497   740 I DFInstaObserve: !toggles +blocked disable_feed=0 disable_explore=0 disable_reels=0 disable_stories=1 disable_adds=0
08-15 16:27:57.325 32497 32536 I DFInstaObserve: !toggles +blocked disable_feed=0 disable_explore=0 disable_reels=0 disable_stories=1 disable_adds=0
08-15 16:27:58.086 32497 32536 I DFInstaObserve: !toggles +blocked disable_feed=0 disable_explore=0 disable_reels=0 disable_stories=1 disable_adds=0
08-15 16:28:00.882 32497   761 I DFInstaObserve: !toggles +blocked disable_feed=0 disable_explore=0 disable_reels=0 disable_stories=1 disable_adds=0
08-15 16:28:00.944 32497   505 I DFInstaObserve: !toggles +blocked disable_feed=0 disable_explore=0 disable_reels=0 disable_stories=1 disable_adds=0
08-15 16:28:00.944 32497 32536 I DFInstaObserve: !toggles +blocked disable_feed=0 disable_explore=0 disable_reels=0 disable_stories=1 disable_adds=0
08-15 16:28:01.407 32497   505 I DFInstaObserve: !toggles +blocked disable_feed=0 disable_explore=0 disable_reels=0 disable_stories=1 disable_adds=0
08-15 16:28:02.527 32497   496 I DFInstaObserve: !toggles +blocked disable_feed=0 disable_explore=0 disable_reels=0 disable_stories=1 disable_adds=0
08-15 16:28:04.736 32497 32536 I DFInstaObserve: !toggles +blocked disable_feed=0 disable_explore=0 disable_reels=0 disable_stories=1 disable_adds=0
08-15 16:28:07.056 32497   953 I DFInstaObserve: !toggles +blocked disable_feed=0 disable_explore=0 disable_reels=0 disable_stories=1 disable_adds=0
08-15 16:28:07.180 32497   785 I DFInstaObserve: !toggles +blocked disable_feed=0 disable_explore=0 disable_reels=0 disable_stories=1 disable_adds=0
08-15 16:28:07.822 32497 32536 I DFInstaObserve: !toggles +blocked disable_feed=0 disable_explore=0 disable_reels=0 disable_stories=1 disable_adds=0
08-15 16:28:07.828 32497   505 I DFInstaObserve: !toggles +blocked disable_feed=0 disable_explore=0 disable_reels=0 disable_stories=1 disable_adds=0
08-15 16:28:07.877 32497   953 I DFInstaObserve: !toggles +blocked disable_feed=0 disable_explore=0 disable_reels=0 disable_stories=1 disable_adds=0
08-15 16:28:07.883 32497 32684 I DFInstaObserve: !toggles +blocked disable_feed=0 disable_explore=0 disable_reels=0 disable_stories=1 disable_adds=0
08-15 16:28:07.921 32497   984 I DFInstaObserve: !toggles +blocked disable_feed=0 disable_explore=0 disable_reels=0 disable_stories=1 disable_adds=0
08-15 16:28:07.936 32497 32684 I DFInstaObserve: !toggles +blocked disable_feed=0 disable_explore=0 disable_reels=0 disable_stories=1 disable_adds=0
08-15 16:28:07.949 32497   785 I DFInstaObserve: !toggles +blocked disable_feed=0 disable_explore=0 disable_reels=0 disable_stories=1 disable_adds=0
08-15 16:28:08.012 32497   953 I DFInstaObserve: !toggles +blocked disable_feed=0 disable_explore=0 disable_reels=0 disable_stories=1 disable_adds=0
08-15 16:28:08.043 32497   947 I DFInstaObserve: !toggles +blocked disable_feed=0 disable_explore=0 disable_reels=0 disable_stories=1 disable_adds=0
08-15 16:28:08.076 32497 32702 I DFInstaObserve: !toggles +blocked disable_feed=0 disable_explore=0 disable_reels=0 disable_stories=1 disable_adds=0
08-15 16:28:08.120 32497   934 I DFInstaObserve: !toggles +blocked disable_feed=0 disable_explore=0 disable_reels=0 disable_stories=1 disable_adds=0
08-15 16:28:08.171 32497 32702 I DFInstaObserve: !toggles +blocked disable_feed=0 disable_explore=0 disable_reels=0 disable_stories=1 disable_adds=0
08-15 16:28:09.499 32497   969 I DFInstaObserve: !toggles +blocked disable_feed=0 disable_explore=0 disable_reels=0 disable_stories=1 disable_adds=0
08-15 16:28:09.530 32497   969 I DFInstaObserve: !toggles +blocked disable_feed=0 disable_explore=0 disable_reels=0 disable_stories=1 disable_adds=0
08-15 16:28:09.537 32497   974 I DFInstaObserve: !toggles +blocked disable_feed=0 disable_explore=0 disable_reels=0 disable_stories=1 disable_adds=0
08-15 16:28:09.584 32497   974 I DFInstaObserve: !toggles +blocked disable_feed=0 disable_explore=0 disable_reels=0 disable_stories=1 disable_adds=0
08-15 16:28:11.996 32497   969 I DFInstaObserve: !toggles +blocked disable_feed=0 disable_explore=0 disable_reels=0 disable_stories=1 disable_adds=0
08-15 16:28:12.033 32497   974 I DFInstaObserve: !toggles +blocked disable_feed=0 disable_explore=0 disable_reels=0 disable_stories=1 disable_adds=0
08-15 16:28:15.101 32497   989 I DFInstaObserve: !toggles +blocked disable_feed=0 disable_explore=0 disable_reels=0 disable_stories=1 disable_adds=0
08-15 16:28:15.101 32497   989 I DFInstaObserve: /discover/topical_explore
08-15 16:28:15.416 32497  1022 I DFInstaObserve: !toggles +blocked disable_feed=0 disable_explore=0 disable_reels=0 disable_stories=1 disable_adds=0
08-15 16:28:17.634 32497  1020 I DFInstaObserve: !toggles +blocked disable_feed=0 disable_explore=0 disable_reels=0 disable_stories=1 disable_adds=0
08-15 16:28:17.838 32497 32536 I DFInstaObserve: !toggles +blocked disable_feed=0 disable_explore=0 disable_reels=0 disable_stories=1 disable_adds=0
08-15 16:28:17.845 32497 32536 I DFInstaObserve: !toggles +blocked disable_feed=0 disable_explore=0 disable_reels=0 disable_stories=1 disable_adds=0
08-15 16:28:17.851 32497 32536 I DFInstaObserve: !toggles +blocked disable_feed=0 disable_explore=0 disable_reels=0 disable_stories=1 disable_adds=0
08-15 16:28:18.185 32497 32536 I DFInstaObserve: !toggles +blocked disable_feed=0 disable_explore=0 disable_reels=0 disable_stories=1 disable_adds=0
08-15 16:28:18.188 32497   505 I DFInstaObserve: !toggles +blocked disable_feed=0 disable_explore=0 disable_reels=0 disable_stories=1 disable_adds=0
08-15 16:28:18.219 32497 32684 I DFInstaObserve: !toggles +blocked disable_feed=0 disable_explore=0 disable_reels=0 disable_stories=1 disable_adds=0
08-15 16:28:18.254 32497   761 I DFInstaObserve: !toggles +blocked disable_feed=0 disable_explore=0 disable_reels=0 disable_stories=1 disable_adds=0
08-15 16:28:18.282 32497 32684 I DFInstaObserve: !toggles +blocked disable_feed=0 disable_explore=0 disable_reels=0 disable_stories=1 disable_adds=0
08-15 16:28:18.316 32497 32684 I DFInstaObserve: !toggles +blocked disable_feed=0 disable_explore=0 disable_reels=0 disable_stories=1 disable_adds=0
08-15 16:28:18.353 32497  1001 I DFInstaObserve: !toggles +blocked disable_feed=0 disable_explore=0 disable_reels=0 disable_stories=1 disable_adds=0
08-15 16:28:18.408 32497  1028 I DFInstaObserve: !toggles +blocked disable_feed=0 disable_explore=0 disable_reels=0 disable_stories=1 disable_adds=0
08-15 16:28:18.413 32497  1002 I DFInstaObserve: !toggles +blocked disable_feed=0 disable_explore=0 disable_reels=0 disable_stories=1 disable_adds=0
08-15 16:28:18.413 32497  1002 I DFInstaObserve: /discover/topical_explore
08-15 16:28:18.489 32497  1028 I DFInstaObserve: !toggles +blocked disable_feed=0 disable_explore=0 disable_reels=0 disable_stories=1 disable_adds=0
08-15 16:28:18.531 32497   995 I DFInstaObserve: !toggles +blocked disable_feed=0 disable_explore=0 disable_reels=0 disable_stories=1 disable_adds=0
08-15 16:28:18.540 32497 32684 I DFInstaObserve: !toggles +blocked disable_feed=0 disable_explore=0 disable_reels=0 disable_stories=1 disable_adds=0
08-15 16:28:18.584 32497 32684 I DFInstaObserve: !toggles +blocked disable_feed=0 disable_explore=0 disable_reels=0 disable_stories=1 disable_adds=0
08-15 16:28:18.655 32497   761 I DFInstaObserve: !toggles +blocked disable_feed=0 disable_explore=0 disable_reels=0 disable_stories=1 disable_adds=0
08-15 16:28:18.695 32497   504 I DFInstaObserve: !toggles +blocked disable_feed=0 disable_explore=0 disable_reels=0 disable_stories=1 disable_adds=0
08-15 16:28:18.708 32497  1043 I DFInstaObserve: !toggles +blocked disable_feed=0 disable_explore=0 disable_reels=0 disable_stories=1 disable_adds=0
08-15 16:28:18.751 32497  1041 I DFInstaObserve: !toggles +blocked disable_feed=0 disable_explore=0 disable_reels=0 disable_stories=1 disable_adds=0
08-15 16:28:18.822 32497   504 I DFInstaObserve: !toggles +blocked disable_feed=0 disable_explore=0 disable_reels=0 disable_stories=1 disable_adds=0
08-15 16:28:18.844 32497  1044 I DFInstaObserve: !toggles +blocked disable_feed=0 disable_explore=0 disable_reels=0 disable_stories=1 disable_adds=0
08-15 16:28:18.884 32497  1041 I DFInstaObserve: !toggles +blocked disable_feed=0 disable_explore=0 disable_reels=0 disable_stories=1 disable_adds=0
08-15 16:28:18.899 32497 32684 I DFInstaObserve: !toggles +blocked disable_feed=0 disable_explore=0 disable_reels=0 disable_stories=1 disable_adds=0
08-15 16:28:18.996 32497 32684 I DFInstaObserve: !toggles +blocked disable_feed=0 disable_explore=0 disable_reels=0 disable_stories=1 disable_adds=0
08-15 16:28:19.029 32497  1044 I DFInstaObserve: !toggles +blocked disable_feed=0 disable_explore=0 disable_reels=0 disable_stories=1 disable_adds=0
08-15 16:28:19.084 32497 32684 I DFInstaObserve: !toggles +blocked disable_feed=0 disable_explore=0 disable_reels=0 disable_stories=1 disable_adds=0
08-15 16:28:21.110 32497  1060 I DFInstaObserve: !toggles +blocked disable_feed=0 disable_explore=0 disable_reels=0 disable_stories=1 disable_adds=0
08-15 16:28:21.228 32497  1067 I DFInstaObserve: !toggles +blocked disable_feed=0 disable_explore=0 disable_reels=0 disable_stories=1 disable_adds=0
08-15 16:28:21.850 32497  1002 I DFInstaObserve: !toggles +blocked disable_feed=0 disable_explore=0 disable_reels=0 disable_stories=1 disable_adds=0
08-15 16:28:21.850 32497  1002 I DFInstaObserve: /discover/topical_explore
08-15 16:28:21.850 32497 32536 I DFInstaObserve: !toggles +blocked disable_feed=0 disable_explore=0 disable_reels=0 disable_stories=1 disable_adds=0
08-15 16:28:21.865 32497 32536 I DFInstaObserve: !toggles +blocked disable_feed=0 disable_explore=0 disable_reels=0 disable_stories=1 disable_adds=0
08-15 16:28:21.878 32497 32536 I DFInstaObserve: !toggles +blocked disable_feed=0 disable_explore=0 disable_reels=0 disable_stories=1 disable_adds=0
08-15 16:28:21.960 32497 32536 I DFInstaObserve: !toggles +blocked disable_feed=0 disable_explore=0 disable_reels=0 disable_stories=1 disable_adds=0
08-15 16:28:21.975 32497 32536 I DFInstaObserve: !toggles +blocked disable_feed=0 disable_explore=0 disable_reels=0 disable_stories=1 disable_adds=0
08-15 16:28:21.999 32497  1088 I DFInstaObserve: !toggles +blocked disable_feed=0 disable_explore=0 disable_reels=0 disable_stories=1 disable_adds=0
08-15 16:28:22.035 32497 32536 I DFInstaObserve: !toggles +blocked disable_feed=0 disable_explore=0 disable_reels=0 disable_stories=1 disable_adds=0
08-15 16:28:22.048 32497 32536 I DFInstaObserve: !toggles +blocked disable_feed=0 disable_explore=0 disable_reels=0 disable_stories=1 disable_adds=0
08-15 16:28:22.055 32497  1088 I DFInstaObserve: !toggles +blocked disable_feed=0 disable_explore=0 disable_reels=0 disable_stories=1 disable_adds=0
08-15 16:28:22.064 32497 32536 I DFInstaObserve: !toggles +blocked disable_feed=0 disable_explore=0 disable_reels=0 disable_stories=1 disable_adds=0
08-15 16:28:22.070 32497  1088 I DFInstaObserve: !toggles +blocked disable_feed=0 disable_explore=0 disable_reels=0 disable_stories=1 disable_adds=0
08-15 16:28:22.104 32497 32684 I DFInstaObserve: !toggles +blocked disable_feed=0 disable_explore=0 disable_reels=0 disable_stories=1 disable_adds=0
08-15 16:28:22.154 32497  1094 I DFInstaObserve: !toggles +blocked disable_feed=0 disable_explore=0 disable_reels=0 disable_stories=1 disable_adds=0
08-15 16:28:22.168 32497 32684 I DFInstaObserve: !toggles +blocked disable_feed=0 disable_explore=0 disable_reels=0 disable_stories=1 disable_adds=0
08-15 16:28:22.233 32497 32684 I DFInstaObserve: !toggles +blocked disable_feed=0 disable_explore=0 disable_reels=0 disable_stories=1 disable_adds=0
08-15 16:28:22.282 32497  1100 I DFInstaObserve: !toggles +blocked disable_feed=0 disable_explore=0 disable_reels=0 disable_stories=1 disable_adds=0
08-15 16:28:22.558 32497  1078 I DFInstaObserve: !toggles +blocked disable_feed=0 disable_explore=0 disable_reels=0 disable_stories=1 disable_adds=0
08-15 16:28:22.609 32497 32684 I DFInstaObserve: !toggles +blocked disable_feed=0 disable_explore=0 disable_reels=0 disable_stories=1 disable_adds=0
08-15 16:28:22.697 32497   761 I DFInstaObserve: !toggles +blocked disable_feed=0 disable_explore=0 disable_reels=0 disable_stories=1 disable_adds=0
08-15 16:28:22.722 32497 32684 I DFInstaObserve: !toggles +blocked disable_feed=0 disable_explore=0 disable_reels=0 disable_stories=1 disable_adds=0
08-15 16:28:22.811 32497 32684 I DFInstaObserve: !toggles +blocked disable_feed=0 disable_explore=0 disable_reels=0 disable_stories=1 disable_adds=0
08-15 16:28:22.838 32497   761 I DFInstaObserve: !toggles +blocked disable_feed=0 disable_explore=0 disable_reels=0 disable_stories=1 disable_adds=0
08-15 16:28:22.850 32497 32684 I DFInstaObserve: !toggles +blocked disable_feed=0 disable_explore=0 disable_reels=0 disable_stories=1 disable_adds=0
08-15 16:28:22.883 32497   761 I DFInstaObserve: !toggles +blocked disable_feed=0 disable_explore=0 disable_reels=0 disable_stories=1 disable_adds=0
08-15 16:28:22.892 32497 32684 I DFInstaObserve: !toggles +blocked disable_feed=0 disable_explore=0 disable_reels=0 disable_stories=1 disable_adds=0
08-15 16:28:22.934 32497 32684 I DFInstaObserve: !toggles +blocked disable_feed=0 disable_explore=0 disable_reels=0 disable_stories=1 disable_adds=0
08-15 16:28:22.992 32497  1091 I DFInstaObserve: !toggles +blocked disable_feed=0 disable_explore=0 disable_reels=0 disable_stories=1 disable_adds=0
08-15 16:28:23.062 32497 32684 I DFInstaObserve: !toggles +blocked disable_feed=0 disable_explore=0 disable_reels=0 disable_stories=1 disable_adds=0
08-15 16:28:23.097 32497  1107 I DFInstaObserve: !toggles +blocked disable_feed=0 disable_explore=0 disable_reels=0 disable_stories=1 disable_adds=0
08-15 16:28:23.139 32497  1078 I DFInstaObserve: !toggles +blocked disable_feed=0 disable_explore=0 disable_reels=0 disable_stories=1 disable_adds=0
08-15 16:28:23.725 32497  1067 I DFInstaObserve: !toggles +blocked disable_feed=0 disable_explore=0 disable_reels=0 disable_stories=1 disable_adds=0
08-15 16:28:24.240 32497  1094 I DFInstaObserve: !toggles +blocked disable_feed=0 disable_explore=0 disable_reels=0 disable_stories=1 disable_adds=0
08-15 16:28:25.538 32497  1133 I DFInstaObserve: !toggles +blocked disable_feed=0 disable_explore=0 disable_reels=0 disable_stories=1 disable_adds=0
08-15 16:28:25.861 32497  1088 I DFInstaObserve: !toggles +blocked disable_feed=0 disable_explore=0 disable_reels=0 disable_stories=1 disable_adds=0
08-15 16:28:25.872 32497  1088 I DFInstaObserve: !toggles +blocked disable_feed=0 disable_explore=0 disable_reels=0 disable_stories=1 disable_adds=0
08-15 16:28:25.881 32497  1088 I DFInstaObserve: !toggles +blocked disable_feed=0 disable_explore=0 disable_reels=0 disable_stories=1 disable_adds=0
08-15 16:28:25.910 32497  1080 I DFInstaObserve: !toggles +blocked disable_feed=0 disable_explore=0 disable_reels=0 disable_stories=1 disable_adds=0
08-15 16:28:25.911 32497  1080 I DFInstaObserve: /discover/topical_explore
08-15 16:28:26.524 32497  1088 I DFInstaObserve: !toggles +blocked disable_feed=0 disable_explore=0 disable_reels=0 disable_stories=1 disable_adds=0
08-15 16:28:26.536 32497  1138 I DFInstaObserve: !toggles +blocked disable_feed=0 disable_explore=0 disable_reels=0 disable_stories=1 disable_adds=0
08-15 16:28:26.605 32497 32684 I DFInstaObserve: !toggles +blocked disable_feed=0 disable_explore=0 disable_reels=0 disable_stories=1 disable_adds=0
08-15 16:28:26.633 32497  1002 I DFInstaObserve: !toggles +blocked disable_feed=0 disable_explore=0 disable_reels=0 disable_stories=1 disable_adds=0
08-15 16:28:26.678 32497  1091 I DFInstaObserve: !toggles +blocked disable_feed=0 disable_explore=0 disable_reels=0 disable_stories=1 disable_adds=0
08-15 16:28:26.717 32497  1078 I DFInstaObserve: !toggles +blocked disable_feed=0 disable_explore=0 disable_reels=0 disable_stories=1 disable_adds=0
08-15 16:28:26.767 32497  1002 I DFInstaObserve: !toggles +blocked disable_feed=0 disable_explore=0 disable_reels=0 disable_stories=1 disable_adds=0
08-15 16:28:26.815 32497  1091 I DFInstaObserve: !toggles +blocked disable_feed=0 disable_explore=0 disable_reels=0 disable_stories=1 disable_adds=0
08-15 16:28:26.879 32497 32684 I DFInstaObserve: !toggles +blocked disable_feed=0 disable_explore=0 disable_reels=0 disable_stories=1 disable_adds=0
08-15 16:28:26.911 32497  1002 I DFInstaObserve: !toggles +blocked disable_feed=0 disable_explore=0 disable_reels=0 disable_stories=1 disable_adds=0
08-15 16:28:26.962 32497 32684 I DFInstaObserve: !toggles +blocked disable_feed=0 disable_explore=0 disable_reels=0 disable_stories=1 disable_adds=0
08-15 16:28:27.000 32497   761 I DFInstaObserve: !toggles +blocked disable_feed=0 disable_explore=0 disable_reels=0 disable_stories=1 disable_adds=0
08-15 16:28:27.035 32497  1147 I DFInstaObserve: !toggles +blocked disable_feed=0 disable_explore=0 disable_reels=0 disable_stories=1 disable_adds=0
08-15 16:28:27.072 32497 32684 I DFInstaObserve: !toggles +blocked disable_feed=0 disable_explore=0 disable_reels=0 disable_stories=1 disable_adds=0
08-15 16:28:27.092 32497  1089 I DFInstaObserve: !toggles +blocked disable_feed=0 disable_explore=0 disable_reels=0 disable_stories=1 disable_adds=0
08-15 16:28:27.120 32497 32684 I DFInstaObserve: !toggles +blocked disable_feed=0 disable_explore=0 disable_reels=0 disable_stories=1 disable_adds=0
08-15 16:28:27.133 32497  1149 I DFInstaObserve: !toggles +blocked disable_feed=0 disable_explore=0 disable_reels=0 disable_stories=1 disable_adds=0
08-15 16:28:27.174 32497 32684 I DFInstaObserve: !toggles +blocked disable_feed=0 disable_explore=0 disable_reels=0 disable_stories=1 disable_adds=0
08-15 16:28:27.259 32497  1089 I DFInstaObserve: !toggles +blocked disable_feed=0 disable_explore=0 disable_reels=0 disable_stories=1 disable_adds=0
08-15 16:28:27.303 32497   761 I DFInstaObserve: !toggles +blocked disable_feed=0 disable_explore=0 disable_reels=0 disable_stories=1 disable_adds=0
08-15 16:28:27.344 32497  1146 I DFInstaObserve: !toggles +blocked disable_feed=0 disable_explore=0 disable_reels=0 disable_stories=1 disable_adds=0
08-15 16:28:27.492 32497  1121 I DFInstaObserve: !toggles +blocked disable_feed=0 disable_explore=0 disable_reels=0 disable_stories=1 disable_adds=0
08-15 16:28:27.522 32497  1121 I DFInstaObserve: !toggles +blocked disable_feed=0 disable_explore=0 disable_reels=0 disable_stories=1 disable_adds=0
08-15 16:28:27.679 32497  1132 I DFInstaObserve: !toggles +blocked disable_feed=0 disable_explore=0 disable_reels=0 disable_stories=1 disable_adds=0
08-15 16:28:29.297 32497  1080 I DFInstaObserve: !toggles +blocked disable_feed=0 disable_explore=0 disable_reels=0 disable_stories=1 disable_adds=0
08-15 16:28:29.297 32497  1080 I DFInstaObserve: /discover/topical_explore
08-15 16:28:29.513 32497  1088 I DFInstaObserve: !toggles +blocked disable_feed=0 disable_explore=0 disable_reels=0 disable_stories=1 disable_adds=0
08-15 16:28:29.518 32497  1182 I DFInstaObserve: !toggles +blocked disable_feed=0 disable_explore=0 disable_reels=0 disable_stories=1 disable_adds=0
08-15 16:28:29.550 32497 32684 I DFInstaObserve: !toggles +blocked disable_feed=0 disable_explore=0 disable_reels=0 disable_stories=1 disable_adds=0
08-15 16:28:29.618 32497  1147 I DFInstaObserve: !toggles +blocked disable_feed=0 disable_explore=0 disable_reels=0 disable_stories=1 disable_adds=0
08-15 16:28:29.620 32497 32684 I DFInstaObserve: !toggles +blocked disable_feed=0 disable_explore=0 disable_reels=0 disable_stories=1 disable_adds=0
08-15 16:28:29.673 32497   761 I DFInstaObserve: !toggles +blocked disable_feed=0 disable_explore=0 disable_reels=0 disable_stories=1 disable_adds=0
08-15 16:28:29.701 32497 32684 I DFInstaObserve: !toggles +blocked disable_feed=0 disable_explore=0 disable_reels=0 disable_stories=1 disable_adds=0
08-15 16:28:29.758 32497 32684 I DFInstaObserve: !toggles +blocked disable_feed=0 disable_explore=0 disable_reels=0 disable_stories=1 disable_adds=0
08-15 16:28:29.783 32497  1147 I DFInstaObserve: !toggles +blocked disable_feed=0 disable_explore=0 disable_reels=0 disable_stories=1 disable_adds=0
08-15 16:28:29.810 32497 32684 I DFInstaObserve: !toggles +blocked disable_feed=0 disable_explore=0 disable_reels=0 disable_stories=1 disable_adds=0
08-15 16:28:29.843 32497  1041 I DFInstaObserve: !toggles +blocked disable_feed=0 disable_explore=0 disable_reels=0 disable_stories=1 disable_adds=0
08-15 16:28:29.854 32497 32684 I DFInstaObserve: !toggles +blocked disable_feed=0 disable_explore=0 disable_reels=0 disable_stories=1 disable_adds=0
08-15 16:28:29.933 32497  1192 I DFInstaObserve: !toggles +blocked disable_feed=0 disable_explore=0 disable_reels=0 disable_stories=1 disable_adds=0
08-15 16:28:30.068 32497  1040 I DFInstaObserve: !toggles +blocked disable_feed=0 disable_explore=0 disable_reels=0 disable_stories=1 disable_adds=0
08-15 16:28:30.117 32497  1041 I DFInstaObserve: !toggles +blocked disable_feed=0 disable_explore=0 disable_reels=0 disable_stories=1 disable_adds=0
08-15 16:28:30.214 32497  1191 I DFInstaObserve: !toggles +blocked disable_feed=0 disable_explore=0 disable_reels=0 disable_stories=1 disable_adds=0
08-15 16:28:30.297 32497  1041 I DFInstaObserve: !toggles +blocked disable_feed=0 disable_explore=0 disable_reels=0 disable_stories=1 disable_adds=0
08-15 16:28:30.331 32497  1193 I DFInstaObserve: !toggles +blocked disable_feed=0 disable_explore=0 disable_reels=0 disable_stories=1 disable_adds=0
08-15 16:28:30.362 32497  1195 I DFInstaObserve: !toggles +blocked disable_feed=0 disable_explore=0 disable_reels=0 disable_stories=1 disable_adds=0
08-15 16:28:30.408 32497  1041 I DFInstaObserve: !toggles +blocked disable_feed=0 disable_explore=0 disable_reels=0 disable_stories=1 disable_adds=0
08-15 16:28:30.455 32497  1193 I DFInstaObserve: !toggles +blocked disable_feed=0 disable_explore=0 disable_reels=0 disable_stories=1 disable_adds=0
08-15 16:28:30.502 32497  1195 I DFInstaObserve: !toggles +blocked disable_feed=0 disable_explore=0 disable_reels=0 disable_stories=1 disable_adds=0
08-15 16:28:30.558 32497  1194 I DFInstaObserve: !toggles +blocked disable_feed=0 disable_explore=0 disable_reels=0 disable_stories=1 disable_adds=0
08-15 16:28:30.956 32497  1173 I DFInstaObserve: !toggles +blocked disable_feed=0 disable_explore=0 disable_reels=0 disable_stories=1 disable_adds=0
08-15 16:28:30.992 32497  1173 I DFInstaObserve: !toggles +blocked disable_feed=0 disable_explore=0 disable_reels=0 disable_stories=1 disable_adds=0
08-15 16:28:31.298 32497  1178 I DFInstaObserve: !toggles +blocked disable_feed=0 disable_explore=0 disable_reels=0 disable_stories=1 disable_adds=0
08-15 16:28:31.321 32497  1178 I DFInstaObserve: !toggles +blocked disable_feed=0 disable_explore=0 disable_reels=0 disable_stories=1 disable_adds=0
08-15 16:28:31.741 32497  1182 I DFInstaObserve: !toggles +blocked disable_feed=0 disable_explore=0 disable_reels=0 disable_stories=1 disable_adds=0
08-15 16:28:31.871 32497  1041 I DFInstaObserve: !toggles +blocked disable_feed=0 disable_explore=0 disable_reels=0 disable_stories=1 disable_adds=0
08-15 16:28:32.010 32497  1182 I DFInstaObserve: !toggles +blocked disable_feed=0 disable_explore=0 disable_reels=0 disable_stories=1 disable_adds=0
08-15 16:28:32.015 32497  1217 I DFInstaObserve: !toggles +blocked disable_feed=0 disable_explore=0 disable_reels=0 disable_stories=1 disable_adds=0
08-15 16:28:32.080 32497 32684 I DFInstaObserve: !toggles +blocked disable_feed=0 disable_explore=0 disable_reels=0 disable_stories=1 disable_adds=0
08-15 16:28:32.218 32497   504 I DFInstaObserve: !toggles +blocked disable_feed=0 disable_explore=0 disable_reels=0 disable_stories=1 disable_adds=0
08-15 16:28:32.228 32497   504 I DFInstaObserve: !toggles +blocked disable_feed=0 disable_explore=0 disable_reels=0 disable_stories=1 disable_adds=0
08-15 16:28:32.235 32497  1217 I DFInstaObserve: !toggles +blocked disable_feed=0 disable_explore=0 disable_reels=0 disable_stories=1 disable_adds=0
08-15 16:28:32.348 32497  1042 I DFInstaObserve: !toggles +blocked disable_feed=0 disable_explore=0 disable_reels=0 disable_stories=1 disable_adds=0
08-15 16:28:32.402 32497  1217 I DFInstaObserve: !toggles +blocked disable_feed=0 disable_explore=0 disable_reels=0 disable_stories=1 disable_adds=0
08-15 16:28:32.412 32497 32702 I DFInstaObserve: !toggles +blocked disable_feed=0 disable_explore=0 disable_reels=0 disable_stories=1 disable_adds=0
08-15 16:28:32.485 32497  1209 I DFInstaObserve: !toggles +blocked disable_feed=0 disable_explore=0 disable_reels=0 disable_stories=1 disable_adds=0
08-15 16:28:32.601 32497 32702 I DFInstaObserve: !toggles +blocked disable_feed=0 disable_explore=0 disable_reels=0 disable_stories=1 disable_adds=0
08-15 16:28:32.715 32497  1191 I DFInstaObserve: !toggles +blocked disable_feed=0 disable_explore=0 disable_reels=0 disable_stories=1 disable_adds=0
08-15 16:28:32.734 32497 32702 I DFInstaObserve: !toggles +blocked disable_feed=0 disable_explore=0 disable_reels=0 disable_stories=1 disable_adds=0
08-15 16:28:32.808 32497 32684 I DFInstaObserve: !toggles +blocked disable_feed=0 disable_explore=0 disable_reels=0 disable_stories=1 disable_adds=0
08-15 16:28:32.825 32497  1215 I DFInstaObserve: !toggles +blocked disable_feed=0 disable_explore=0 disable_reels=0 disable_stories=1 disable_adds=0
08-15 16:28:32.854 32497 32702 I DFInstaObserve: !toggles +blocked disable_feed=0 disable_explore=0 disable_reels=0 disable_stories=1 disable_adds=0
08-15 16:28:32.872 32497 32684 I DFInstaObserve: !toggles +blocked disable_feed=0 disable_explore=0 disable_reels=0 disable_stories=1 disable_adds=0
08-15 16:28:32.954 32497 32684 I DFInstaObserve: !toggles +blocked disable_feed=0 disable_explore=0 disable_reels=0 disable_stories=1 disable_adds=0
08-15 16:28:32.961 32497  1216 I DFInstaObserve: !toggles +blocked disable_feed=0 disable_explore=0 disable_reels=0 disable_stories=1 disable_adds=0
08-15 16:28:32.965 32497 32702 I DFInstaObserve: !toggles +blocked disable_feed=0 disable_explore=0 disable_reels=0 disable_stories=1 disable_adds=0
08-15 16:28:32.996 32497 32684 I DFInstaObserve: !toggles +blocked disable_feed=0 disable_explore=0 disable_reels=0 disable_stories=1 disable_adds=0
08-15 16:28:33.014 32497  1209 I DFInstaObserve: !toggles +blocked disable_feed=0 disable_explore=0 disable_reels=0 disable_stories=1 disable_adds=0
08-15 16:28:33.079 32497  1216 I DFInstaObserve: !toggles +blocked disable_feed=0 disable_explore=0 disable_reels=0 disable_stories=1 disable_adds=0
08-15 16:28:33.148 32497 32684 I DFInstaObserve: !toggles +blocked disable_feed=0 disable_explore=0 disable_reels=0 disable_stories=1 disable_adds=0
08-15 16:28:33.195 32497 32684 I DFInstaObserve: !toggles +blocked disable_feed=0 disable_explore=0 disable_reels=0 disable_stories=1 disable_adds=0
08-15 16:28:33.204 32497  1215 I DFInstaObserve: !toggles +blocked disable_feed=0 disable_explore=0 disable_reels=0 disable_stories=1 disable_adds=0
08-15 16:28:33.270 32497  1210 I DFInstaObserve: !toggles +blocked disable_feed=0 disable_explore=0 disable_reels=0 disable_stories=1 disable_adds=0
08-15 16:28:33.282 32497 32684 I DFInstaObserve: !toggles +blocked disable_feed=0 disable_explore=0 disable_reels=0 disable_stories=1 disable_adds=0
08-15 16:28:33.331 32497 32684 I DFInstaObserve: !toggles +blocked disable_feed=0 disable_explore=0 disable_reels=0 disable_stories=1 disable_adds=0
08-15 16:28:33.379 32497  1191 I DFInstaObserve: !toggles +blocked disable_feed=0 disable_explore=0 disable_reels=0 disable_stories=1 disable_adds=0
08-15 16:28:33.424 32497  1209 I DFInstaObserve: !toggles +blocked disable_feed=0 disable_explore=0 disable_reels=0 disable_stories=1 disable_adds=0
08-15 16:28:33.479 32497  1213 I DFInstaObserve: !toggles +blocked disable_feed=0 disable_explore=0 disable_reels=0 disable_stories=1 disable_adds=0
08-15 16:28:33.522 32497  1215 I DFInstaObserve: !toggles +blocked disable_feed=0 disable_explore=0 disable_reels=0 disable_stories=1 disable_adds=0
08-15 16:28:33.609 32497  1191 I DFInstaObserve: !toggles +blocked disable_feed=0 disable_explore=0 disable_reels=0 disable_stories=1 disable_adds=0
08-15 16:28:33.666 32497 32684 I DFInstaObserve: !toggles +blocked disable_feed=0 disable_explore=0 disable_reels=0 disable_stories=1 disable_adds=0
08-15 16:28:33.727 32497  1209 I DFInstaObserve: !toggles +blocked disable_feed=0 disable_explore=0 disable_reels=0 disable_stories=1 disable_adds=0
08-15 16:28:33.835 32497  1215 I DFInstaObserve: !toggles +blocked disable_feed=0 disable_explore=0 disable_reels=0 disable_stories=1 disable_adds=0
08-15 16:28:33.991 32497  1243 I DFInstaObserve: !toggles +blocked disable_feed=0 disable_explore=0 disable_reels=0 disable_stories=1 disable_adds=0
08-15 16:28:34.057 32497  1215 I DFInstaObserve: !toggles +blocked disable_feed=0 disable_explore=0 disable_reels=0 disable_stories=1 disable_adds=0
08-15 16:28:34.116 32497  1216 I DFInstaObserve: !toggles +blocked disable_feed=0 disable_explore=0 disable_reels=0 disable_stories=1 disable_adds=0
08-15 16:28:34.185 32497  1041 I DFInstaObserve: !toggles +blocked disable_feed=0 disable_explore=0 disable_reels=0 disable_stories=1 disable_adds=0
08-15 16:28:34.549 32497  1232 I DFInstaObserve: !toggles +blocked disable_feed=0 disable_explore=0 disable_reels=0 disable_stories=1 disable_adds=0
08-15 16:28:34.552 32497  1231 I DFInstaObserve: !toggles +blocked disable_feed=0 disable_explore=0 disable_reels=0 disable_stories=1 disable_adds=0
08-15 16:28:37.010 32497  1231 I DFInstaObserve: !toggles +blocked disable_feed=0 disable_explore=0 disable_reels=0 disable_stories=1 disable_adds=0
08-15 16:28:37.011 32497  1232 I DFInstaObserve: !toggles +blocked disable_feed=0 disable_explore=0 disable_reels=0 disable_stories=1 disable_adds=0
08-15 16:28:39.887 32497  1193 I DFInstaObserve: !toggles +blocked disable_feed=0 disable_explore=0 disable_reels=0 disable_stories=1 disable_adds=0
08-15 16:28:39.887 32497  1193 I DFInstaObserve: /clips/discover
08-15 16:28:39.887 32497  1193 I DFInstaObserve: /clips/discover/stream/
08-15 16:28:40.276 32497  1182 I DFInstaObserve: !toggles +blocked disable_feed=0 disable_explore=0 disable_reels=0 disable_stories=1 disable_adds=0
08-15 16:28:40.325 32497  1262 I DFInstaObserve: !toggles +blocked disable_feed=0 disable_explore=0 disable_reels=0 disable_stories=1 disable_adds=0
08-15 16:28:40.331 32497  1182 I DFInstaObserve: !toggles +blocked disable_feed=0 disable_explore=0 disable_reels=0 disable_stories=1 disable_adds=0
08-15 16:28:42.387 32497  1272 I DFInstaObserve: !toggles +blocked disable_feed=0 disable_explore=0 disable_reels=0 disable_stories=1 disable_adds=0
08-15 16:28:42.387 32497  1220 I DFInstaObserve: !toggles +blocked disable_feed=0 disable_explore=0 disable_reels=0 disable_stories=1 disable_adds=0
08-15 16:28:43.456 32497  1217 I DFInstaObserve: !toggles +blocked disable_feed=0 disable_explore=0 disable_reels=0 disable_stories=1 disable_adds=0
08-15 16:28:43.476 32497  1217 I DFInstaObserve: !toggles +blocked disable_feed=0 disable_explore=0 disable_reels=0 disable_stories=1 disable_adds=0
08-15 16:28:43.506 32497 32684 I DFInstaObserve: !toggles +blocked disable_feed=0 disable_explore=0 disable_reels=0 disable_stories=1 disable_adds=0
08-15 16:28:43.689 32497   504 I DFInstaObserve: !toggles +blocked disable_feed=0 disable_explore=0 disable_reels=0 disable_stories=1 disable_adds=0
08-15 16:28:43.881 32497 32684 I DFInstaObserve: !toggles +blocked disable_feed=0 disable_explore=0 disable_reels=0 disable_stories=1 disable_adds=0
08-15 16:28:43.921 32497 32684 I DFInstaObserve: !toggles +blocked disable_feed=0 disable_explore=0 disable_reels=0 disable_stories=1 disable_adds=0
08-15 16:28:44.054 32497 32684 I DFInstaObserve: !toggles +blocked disable_feed=0 disable_explore=0 disable_reels=0 disable_stories=1 disable_adds=0
08-15 16:28:44.665 32497  1182 I DFInstaObserve: !toggles +blocked disable_feed=0 disable_explore=0 disable_reels=0 disable_stories=1 disable_adds=0
08-15 16:28:44.673 32497  1182 I DFInstaObserve: !toggles +blocked disable_feed=0 disable_explore=0 disable_reels=0 disable_stories=1 disable_adds=0
08-15 16:28:44.788 32497  1301 I DFInstaObserve: !toggles +blocked disable_feed=0 disable_explore=0 disable_reels=0 disable_stories=1 disable_adds=0
08-15 16:28:44.884 32497 32684 I DFInstaObserve: !toggles +blocked disable_feed=0 disable_explore=0 disable_reels=0 disable_stories=1 disable_adds=0
08-15 16:28:44.898 32497  1193 I DFInstaObserve: !toggles +blocked disable_feed=0 disable_explore=0 disable_reels=0 disable_stories=1 disable_adds=0
08-15 16:28:45.018 32497  1216 I DFInstaObserve: !toggles +blocked disable_feed=0 disable_explore=0 disable_reels=0 disable_stories=1 disable_adds=0
08-15 16:28:45.125 32497  1300 I DFInstaObserve: !toggles +blocked disable_feed=0 disable_explore=0 disable_reels=0 disable_stories=1 disable_adds=0
08-15 16:28:45.201 32497 32684 I DFInstaObserve: !toggles +blocked disable_feed=0 disable_explore=0 disable_reels=0 disable_stories=1 disable_adds=0
08-15 16:28:45.239 32497 32684 I DFInstaObserve: !toggles +blocked disable_feed=0 disable_explore=0 disable_reels=0 disable_stories=1 disable_adds=0
08-15 16:28:45.250 32497  1258 I DFInstaObserve: !toggles +blocked disable_feed=0 disable_explore=0 disable_reels=0 disable_stories=1 disable_adds=0
08-15 16:28:45.290 32497 32684 I DFInstaObserve: !toggles +blocked disable_feed=0 disable_explore=0 disable_reels=0 disable_stories=1 disable_adds=0
08-15 16:28:45.325 32497 32684 I DFInstaObserve: !toggles +blocked disable_feed=0 disable_explore=0 disable_reels=0 disable_stories=1 disable_adds=0
08-15 16:28:45.338 32497  1301 I DFInstaObserve: !toggles +blocked disable_feed=0 disable_explore=0 disable_reels=0 disable_stories=1 disable_adds=0
08-15 16:28:45.456 32497  1342 I DFInstaObserve: !toggles +blocked disable_feed=0 disable_explore=0 disable_reels=0 disable_stories=1 disable_adds=0
08-15 16:28:45.562 32497  1339 I DFInstaObserve: !toggles +blocked disable_feed=0 disable_explore=0 disable_reels=0 disable_stories=1 disable_adds=0
08-15 16:28:45.632 32497 32684 I DFInstaObserve: !toggles +blocked disable_feed=0 disable_explore=0 disable_reels=0 disable_stories=1 disable_adds=0
08-15 16:28:45.676 32497  1261 I DFInstaObserve: !toggles +blocked disable_feed=0 disable_explore=0 disable_reels=0 disable_stories=1 disable_adds=0
08-15 16:28:45.683 32497 32684 I DFInstaObserve: !toggles +blocked disable_feed=0 disable_explore=0 disable_reels=0 disable_stories=1 disable_adds=0
08-15 16:28:45.753 32497  1324 I DFInstaObserve: !toggles +blocked disable_feed=0 disable_explore=0 disable_reels=0 disable_stories=1 disable_adds=0
08-15 16:28:45.757 32497  1323 I DFInstaObserve: !toggles +blocked disable_feed=0 disable_explore=0 disable_reels=0 disable_stories=1 disable_adds=0
08-15 16:28:46.084 32497 32684 I DFInstaObserve: !toggles +blocked disable_feed=0 disable_explore=0 disable_reels=0 disable_stories=1 disable_adds=0
08-15 16:28:46.129 32497 32684 I DFInstaObserve: !toggles +blocked disable_feed=0 disable_explore=0 disable_reels=0 disable_stories=1 disable_adds=0
08-15 16:28:46.401 32497 32684 I DFInstaObserve: !toggles +blocked disable_feed=0 disable_explore=0 disable_reels=0 disable_stories=1 disable_adds=0
08-15 16:28:46.444 32497 32684 I DFInstaObserve: !toggles +blocked disable_feed=0 disable_explore=0 disable_reels=0 disable_stories=1 disable_adds=0
08-15 16:28:46.772 32497 32684 I DFInstaObserve: !toggles +blocked disable_feed=0 disable_explore=0 disable_reels=0 disable_stories=1 disable_adds=0
08-15 16:28:46.807 32497 32684 I DFInstaObserve: !toggles +blocked disable_feed=0 disable_explore=0 disable_reels=0 disable_stories=1 disable_adds=0
08-15 16:28:46.997 32497  1217 I DFInstaObserve: !toggles +blocked disable_feed=0 disable_explore=0 disable_reels=0 disable_stories=1 disable_adds=0
08-15 16:28:47.066 32497  1217 I DFInstaObserve: !toggles +blocked disable_feed=0 disable_explore=0 disable_reels=0 disable_stories=1 disable_adds=0
08-15 16:28:47.276 32497 32684 I DFInstaObserve: !toggles +blocked disable_feed=0 disable_explore=0 disable_reels=0 disable_stories=1 disable_adds=0
08-15 16:28:47.325 32497 32684 I DFInstaObserve: !toggles +blocked disable_feed=0 disable_explore=0 disable_reels=0 disable_stories=1 disable_adds=0
08-15 16:28:47.431 32497 32684 I DFInstaObserve: !toggles +blocked disable_feed=0 disable_explore=0 disable_reels=0 disable_stories=1 disable_adds=0
08-15 16:28:47.471 32497 32684 I DFInstaObserve: !toggles +blocked disable_feed=0 disable_explore=0 disable_reels=0 disable_stories=1 disable_adds=0
08-15 16:28:47.945 32497 32684 I DFInstaObserve: !toggles +blocked disable_feed=0 disable_explore=0 disable_reels=0 disable_stories=1 disable_adds=0
08-15 16:28:48.033 32497 32684 I DFInstaObserve: !toggles +blocked disable_feed=0 disable_explore=0 disable_reels=0 disable_stories=1 disable_adds=0
08-15 16:28:48.113 32497 32684 I DFInstaObserve: !toggles +blocked disable_feed=0 disable_explore=0 disable_reels=0 disable_stories=1 disable_adds=0
08-15 16:28:48.152 32497 32684 I DFInstaObserve: !toggles +blocked disable_feed=0 disable_explore=0 disable_reels=0 disable_stories=1 disable_adds=0
08-15 16:28:48.641 32497 32684 I DFInstaObserve: !toggles +blocked disable_feed=0 disable_explore=0 disable_reels=0 disable_stories=1 disable_adds=0
08-15 16:28:49.068 32497  1357 I DFInstaObserve: !toggles +blocked disable_feed=0 disable_explore=0 disable_reels=0 disable_stories=1 disable_adds=0
08-15 16:28:49.069 32497  1356 I DFInstaObserve: !toggles +blocked disable_feed=0 disable_explore=0 disable_reels=0 disable_stories=1 disable_adds=0
08-15 16:28:50.324 32497  1217 I DFInstaObserve: !toggles +blocked disable_feed=0 disable_explore=0 disable_reels=0 disable_stories=1 disable_adds=0
08-15 16:28:52.398 32497  1398 I DFInstaObserve: !toggles +blocked disable_feed=0 disable_explore=0 disable_reels=0 disable_stories=1 disable_adds=0
08-15 16:28:52.399 32497  1396 I DFInstaObserve: !toggles +blocked disable_feed=0 disable_explore=0 disable_reels=0 disable_stories=1 disable_adds=0
08-15 16:28:53.624 32497  1182 I DFInstaObserve: !toggles +blocked disable_feed=0 disable_explore=0 disable_reels=0 disable_stories=1 disable_adds=0
08-15 16:28:53.676 32497  1182 I DFInstaObserve: !toggles +blocked disable_feed=0 disable_explore=0 disable_reels=0 disable_stories=1 disable_adds=0
08-15 16:28:55.708 32497  1428 I DFInstaObserve: !toggles +blocked disable_feed=0 disable_explore=0 disable_reels=0 disable_stories=1 disable_adds=0
08-15 16:28:55.711 32497  1427 I DFInstaObserve: !toggles +blocked disable_feed=0 disable_explore=0 disable_reels=0 disable_stories=1 disable_adds=0
08-15 16:28:56.474 32497  1258 I DFInstaObserve: !toggles +blocked disable_feed=0 disable_explore=0 disable_reels=0 disable_stories=1 disable_adds=0
08-15 16:28:56.995 32497 32702 I DFInstaObserve: !toggles +blocked disable_feed=0 disable_explore=0 disable_reels=0 disable_stories=1 disable_adds=0
08-15 16:28:57.085 32497 32702 I DFInstaObserve: !toggles +blocked disable_feed=0 disable_explore=0 disable_reels=0 disable_stories=1 disable_adds=0
08-15 16:28:57.161 32497 32702 I DFInstaObserve: !toggles +blocked disable_feed=0 disable_explore=0 disable_reels=0 disable_stories=1 disable_adds=0
08-15 16:29:02.266 32497  1587 I DFInstaObserve: !toggles +blocked disable_feed=0 disable_explore=0 disable_reels=0 disable_stories=1 disable_adds=0
08-15 16:29:02.266 32497  1587 I DFInstaObserve: /clips/discover
08-15 16:29:02.266 32497  1587 I DFInstaObserve: /clips/discover/stream/
08-15 16:29:05.286 32497 32684 I DFInstaObserve: !toggles +blocked disable_feed=0 disable_explore=0 disable_reels=0 disable_stories=1 disable_adds=0
08-15 16:29:05.413 32497 32684 I DFInstaObserve: !toggles +blocked disable_feed=0 disable_explore=0 disable_reels=0 disable_stories=1 disable_adds=0
08-15 16:29:05.849 32497 32684 I DFInstaObserve: !toggles +blocked disable_feed=0 disable_explore=0 disable_reels=0 disable_stories=1 disable_adds=0
08-15 16:29:06.348 32497 32684 I DFInstaObserve: !toggles +blocked disable_feed=0 disable_explore=0 disable_reels=0 disable_stories=1 disable_adds=0
08-15 16:29:06.382 32497 32684 I DFInstaObserve: !toggles +blocked disable_feed=0 disable_explore=0 disable_reels=0 disable_stories=1 disable_adds=0
08-15 16:29:06.514 32497 32684 I DFInstaObserve: !toggles +blocked disable_feed=0 disable_explore=0 disable_reels=0 disable_stories=1 disable_adds=0
08-15 16:29:19.579 32497  1182 I DFInstaObserve: !toggles +blocked disable_feed=0 disable_explore=0 disable_reels=0 disable_stories=1 disable_adds=0
08-15 16:29:22.905 32497  1182 I DFInstaObserve: !toggles +blocked disable_feed=0 disable_explore=0 disable_reels=0 disable_stories=1 disable_adds=0
08-15 16:29:26.215 32497  1217 I DFInstaObserve: !toggles +blocked disable_feed=0 disable_explore=0 disable_reels=0 disable_stories=1 disable_adds=0
08-15 16:29:26.237 32497  1182 I DFInstaObserve: !toggles +blocked disable_feed=0 disable_explore=0 disable_reels=0 disable_stories=1 disable_adds=0
08-15 16:29:29.580 32497  1182 I DFInstaObserve: !toggles +blocked disable_feed=0 disable_explore=0 disable_reels=0 disable_stories=1 disable_adds=0
08-15 16:29:33.121 32497 32702 I DFInstaObserve: !toggles +blocked disable_feed=0 disable_explore=0 disable_reels=0 disable_stories=1 disable_adds=0
08-15 16:29:33.215 32497 32702 I DFInstaObserve: !toggles +blocked disable_feed=0 disable_explore=0 disable_reels=0 disable_stories=1 disable_adds=0
08-15 16:29:37.245 32497  1852 I DFInstaObserve: !toggles +blocked disable_feed=0 disable_explore=0 disable_reels=0 disable_stories=1 disable_adds=0
08-15 16:29:37.256 32497  1857 I DFInstaObserve: !toggles +blocked disable_feed=0 disable_explore=0 disable_reels=0 disable_stories=1 disable_adds=0
08-15 16:29:41.212 32497  1934 I DFInstaObserve: !toggles +blocked disable_feed=0 disable_explore=0 disable_reels=0 disable_stories=1 disable_adds=0
08-15 16:29:41.547 32497  1869 I DFInstaObserve: !toggles +blocked disable_feed=0 disable_explore=0 disable_reels=0 disable_stories=1 disable_adds=0
08-15 16:29:41.548 32497  1869 I DFInstaObserve: /discover/topical_explore
08-15 16:29:43.165 32497  1920 I DFInstaObserve: !toggles +blocked disable_feed=0 disable_explore=0 disable_reels=0 disable_stories=1 disable_adds=0
08-15 16:29:43.224 32497  1920 I DFInstaObserve: !toggles +blocked disable_feed=0 disable_explore=0 disable_reels=0 disable_stories=1 disable_adds=0
08-15 16:29:43.349 32497  1933 I DFInstaObserve: !toggles +blocked disable_feed=0 disable_explore=0 disable_reels=0 disable_stories=1 disable_adds=0
08-15 16:29:44.949 32497  1869 I DFInstaObserve: !toggles +blocked disable_feed=0 disable_explore=0 disable_reels=0 disable_stories=1 disable_adds=0
08-15 16:29:44.949 32497  1869 I DFInstaObserve: /discover/topical_explore
08-15 16:29:45.576 32497  1977 I DFInstaObserve: !toggles +blocked disable_feed=0 disable_explore=0 disable_reels=0 disable_stories=1 disable_adds=0
08-15 16:29:45.583 32497  1217 I DFInstaObserve: !toggles +blocked disable_feed=0 disable_explore=0 disable_reels=0 disable_stories=1 disable_adds=0
08-15 16:29:45.645 32497 32684 I DFInstaObserve: !toggles +blocked disable_feed=0 disable_explore=0 disable_reels=0 disable_stories=1 disable_adds=0
08-15 16:29:45.675 32497  1959 I DFInstaObserve: !toggles +blocked disable_feed=0 disable_explore=0 disable_reels=0 disable_stories=1 disable_adds=0
08-15 16:29:45.686 32497 32684 I DFInstaObserve: !toggles +blocked disable_feed=0 disable_explore=0 disable_reels=0 disable_stories=1 disable_adds=0
08-15 16:29:45.745 32497  1975 I DFInstaObserve: !toggles +blocked disable_feed=0 disable_explore=0 disable_reels=0 disable_stories=1 disable_adds=0
08-15 16:29:45.756 32497 32684 I DFInstaObserve: !toggles +blocked disable_feed=0 disable_explore=0 disable_reels=0 disable_stories=1 disable_adds=0
08-15 16:29:45.835 32497  1974 I DFInstaObserve: !toggles +blocked disable_feed=0 disable_explore=0 disable_reels=0 disable_stories=1 disable_adds=0
08-15 16:29:45.838 32497 32684 I DFInstaObserve: !toggles +blocked disable_feed=0 disable_explore=0 disable_reels=0 disable_stories=1 disable_adds=0
08-15 16:29:45.890 32497  1762 I DFInstaObserve: !toggles +blocked disable_feed=0 disable_explore=0 disable_reels=0 disable_stories=1 disable_adds=0
08-15 16:29:45.891 32497 32684 I DFInstaObserve: !toggles +blocked disable_feed=0 disable_explore=0 disable_reels=0 disable_stories=1 disable_adds=0
08-15 16:29:45.983 32497  1888 I DFInstaObserve: !toggles +blocked disable_feed=0 disable_explore=0 disable_reels=0 disable_stories=1 disable_adds=0
08-15 16:29:46.041 32497  1944 I DFInstaObserve: !toggles +blocked disable_feed=0 disable_explore=0 disable_reels=0 disable_stories=1 disable_adds=0
08-15 16:29:46.094 32497  1888 I DFInstaObserve: !toggles +blocked disable_feed=0 disable_explore=0 disable_reels=0 disable_stories=1 disable_adds=0
08-15 16:29:46.144 32497  1944 I DFInstaObserve: !toggles +blocked disable_feed=0 disable_explore=0 disable_reels=0 disable_stories=1 disable_adds=0
08-15 16:29:46.162 32497 32684 I DFInstaObserve: !toggles +blocked disable_feed=0 disable_explore=0 disable_reels=0 disable_stories=1 disable_adds=0
08-15 16:29:46.233 32497  1888 I DFInstaObserve: !toggles +blocked disable_feed=0 disable_explore=0 disable_reels=0 disable_stories=1 disable_adds=0
08-15 16:29:46.291 32497  1974 I DFInstaObserve: !toggles +blocked disable_feed=0 disable_explore=0 disable_reels=0 disable_stories=1 disable_adds=0
08-15 16:29:46.329 32497  1762 I DFInstaObserve: !toggles +blocked disable_feed=0 disable_explore=0 disable_reels=0 disable_stories=1 disable_adds=0
08-15 16:29:46.368 32497  1944 I DFInstaObserve: !toggles +blocked disable_feed=0 disable_explore=0 disable_reels=0 disable_stories=1 disable_adds=0
08-15 16:29:46.414 32497  1883 I DFInstaObserve: !toggles +blocked disable_feed=0 disable_explore=0 disable_reels=0 disable_stories=1 disable_adds=0
08-15 16:29:46.467 32497  1985 I DFInstaObserve: !toggles +blocked disable_feed=0 disable_explore=0 disable_reels=0 disable_stories=1 disable_adds=0
08-15 16:29:46.509 32497  1762 I DFInstaObserve: !toggles +blocked disable_feed=0 disable_explore=0 disable_reels=0 disable_stories=1 disable_adds=0
08-15 16:29:46.561 32497  1961 I DFInstaObserve: !toggles +blocked disable_feed=0 disable_explore=0 disable_reels=0 disable_stories=1 disable_adds=0
08-15 16:29:46.643 32497  1944 I DFInstaObserve: !toggles +blocked disable_feed=0 disable_explore=0 disable_reels=0 disable_stories=1 disable_adds=0
08-15 16:29:46.898 32497  1968 I DFInstaObserve: !toggles +blocked disable_feed=0 disable_explore=0 disable_reels=0 disable_stories=1 disable_adds=0
08-15 16:29:47.590 32497  1217 I DFInstaObserve: !toggles +blocked disable_feed=0 disable_explore=0 disable_reels=0 disable_stories=1 disable_adds=0
08-15 16:29:47.604 32497  1217 I DFInstaObserve: !toggles +blocked disable_feed=0 disable_explore=0 disable_reels=0 disable_stories=1 disable_adds=0
08-15 16:29:47.746 32497 32684 I DFInstaObserve: !toggles +blocked disable_feed=0 disable_explore=0 disable_reels=0 disable_stories=1 disable_adds=0
08-15 16:29:47.767 32497  1974 I DFInstaObserve: !toggles +blocked disable_feed=0 disable_explore=0 disable_reels=0 disable_stories=1 disable_adds=0
08-15 16:29:47.854 32497  2024 I DFInstaObserve: !toggles +blocked disable_feed=0 disable_explore=0 disable_reels=0 disable_stories=1 disable_adds=0
08-15 16:29:47.924 32497  1959 I DFInstaObserve: !toggles +blocked disable_feed=0 disable_explore=0 disable_reels=0 disable_stories=1 disable_adds=0
08-15 16:29:47.959 32497 32684 I DFInstaObserve: !toggles +blocked disable_feed=0 disable_explore=0 disable_reels=0 disable_stories=1 disable_adds=0
08-15 16:29:47.981 32497  2047 I DFInstaObserve: !toggles +blocked disable_feed=0 disable_explore=0 disable_reels=0 disable_stories=1 disable_adds=0
08-15 16:29:48.081 32497  1762 I DFInstaObserve: !toggles +blocked disable_feed=0 disable_explore=0 disable_reels=0 disable_stories=1 disable_adds=0
08-15 16:29:48.128 32497 32684 I DFInstaObserve: !toggles +blocked disable_feed=0 disable_explore=0 disable_reels=0 disable_stories=1 disable_adds=0
08-15 16:29:48.186 32497  1831 I DFInstaObserve: !toggles +blocked disable_feed=0 disable_explore=0 disable_reels=0 disable_stories=1 disable_adds=0
08-15 16:29:48.221 32497  1985 I DFInstaObserve: !toggles +blocked disable_feed=0 disable_explore=0 disable_reels=0 disable_stories=1 disable_adds=0
08-15 16:29:48.240 32497 32684 I DFInstaObserve: !toggles +blocked disable_feed=0 disable_explore=0 disable_reels=0 disable_stories=1 disable_adds=0
08-15 16:29:48.296 32497 32684 I DFInstaObserve: !toggles +blocked disable_feed=0 disable_explore=0 disable_reels=0 disable_stories=1 disable_adds=0
08-15 16:29:48.331 32497  1959 I DFInstaObserve: !toggles +blocked disable_feed=0 disable_explore=0 disable_reels=0 disable_stories=1 disable_adds=0
08-15 16:29:48.453 32497  1762 I DFInstaObserve: !toggles +blocked disable_feed=0 disable_explore=0 disable_reels=0 disable_stories=1 disable_adds=0
08-15 16:29:48.480 32497  1883 I DFInstaObserve: !toggles +blocked disable_feed=0 disable_explore=0 disable_reels=0 disable_stories=1 disable_adds=0
08-15 16:29:48.542 32497 32684 I DFInstaObserve: !toggles +blocked disable_feed=0 disable_explore=0 disable_reels=0 disable_stories=1 disable_adds=0
08-15 16:29:48.580 32497  1762 I DFInstaObserve: !toggles +blocked disable_feed=0 disable_explore=0 disable_reels=0 disable_stories=1 disable_adds=0
08-15 16:29:48.589 32497 32684 I DFInstaObserve: !toggles +blocked disable_feed=0 disable_explore=0 disable_reels=0 disable_stories=1 disable_adds=0
08-15 16:29:48.635 32497 32684 I DFInstaObserve: !toggles +blocked disable_feed=0 disable_explore=0 disable_reels=0 disable_stories=1 disable_adds=0
08-15 16:29:48.710 32497  1985 I DFInstaObserve: !toggles +blocked disable_feed=0 disable_explore=0 disable_reels=0 disable_stories=1 disable_adds=0
08-15 16:29:48.748 32497  1764 I DFInstaObserve: !toggles +blocked disable_feed=0 disable_explore=0 disable_reels=0 disable_stories=1 disable_adds=0
08-15 16:29:48.798 32497  1869 I DFInstaObserve: !toggles +blocked disable_feed=0 disable_explore=0 disable_reels=0 disable_stories=1 disable_adds=0
08-15 16:29:48.828 32497  1831 I DFInstaObserve: !toggles +blocked disable_feed=0 disable_explore=0 disable_reels=0 disable_stories=1 disable_adds=0
08-15 16:29:48.950 32497  1974 I DFInstaObserve: !toggles +blocked disable_feed=0 disable_explore=0 disable_reels=0 disable_stories=1 disable_adds=0
08-15 16:29:48.992 32497  1764 I DFInstaObserve: !toggles +blocked disable_feed=0 disable_explore=0 disable_reels=0 disable_stories=1 disable_adds=0
08-15 16:29:49.767 32497  1981 I DFInstaObserve: !toggles +blocked disable_feed=0 disable_explore=0 disable_reels=0 disable_stories=1 disable_adds=0
08-15 16:29:49.909 32497  2023 I DFInstaObserve: !toggles +blocked disable_feed=0 disable_explore=0 disable_reels=0 disable_stories=1 disable_adds=0
08-15 16:29:51.806 32497  1831 I DFInstaObserve: !toggles +blocked disable_feed=0 disable_explore=0 disable_reels=0 disable_stories=1 disable_adds=0
08-15 16:29:51.806 32497  1831 I DFInstaObserve: /discover/topical_explore
08-15 16:29:53.226 32497  2158 I DFInstaObserve: !toggles +blocked disable_feed=0 disable_explore=0 disable_reels=0 disable_stories=1 disable_adds=0
08-15 16:29:53.450 32497  2169 I DFInstaObserve: !toggles +blocked disable_feed=0 disable_explore=0 disable_reels=0 disable_stories=1 disable_adds=0
08-15 16:29:54.901 32497  1883 I DFInstaObserve: !toggles +blocked disable_feed=0 disable_explore=0 disable_reels=0 disable_stories=1 disable_adds=0
08-15 16:29:54.901 32497  1883 I DFInstaObserve: /discover/topical_explore
08-15 16:29:55.076 32497  2472 I DFInstaObserve: !toggles +blocked disable_feed=0 disable_explore=0 disable_reels=0 disable_stories=1 disable_adds=0
08-15 16:29:55.087 32497  1217 I DFInstaObserve: !toggles +blocked disable_feed=0 disable_explore=0 disable_reels=0 disable_stories=1 disable_adds=0
08-15 16:29:55.130 32497 32684 I DFInstaObserve: !toggles +blocked disable_feed=0 disable_explore=0 disable_reels=0 disable_stories=1 disable_adds=0
08-15 16:29:55.238 32497  2277 I DFInstaObserve: !toggles +blocked disable_feed=0 disable_explore=0 disable_reels=0 disable_stories=1 disable_adds=0
08-15 16:29:55.335 32497  1831 I DFInstaObserve: !toggles +blocked disable_feed=0 disable_explore=0 disable_reels=0 disable_stories=1 disable_adds=0
08-15 16:29:55.392 32497  2278 I DFInstaObserve: !toggles +blocked disable_feed=0 disable_explore=0 disable_reels=0 disable_stories=1 disable_adds=0
08-15 16:29:55.457 32497  1959 I DFInstaObserve: !toggles +blocked disable_feed=0 disable_explore=0 disable_reels=0 disable_stories=1 disable_adds=0
08-15 16:29:55.558 32497  2512 I DFInstaObserve: !toggles +blocked disable_feed=0 disable_explore=0 disable_reels=0 disable_stories=1 disable_adds=0
08-15 16:29:55.652 32497  1831 I DFInstaObserve: !toggles +blocked disable_feed=0 disable_explore=0 disable_reels=0 disable_stories=1 disable_adds=0
08-15 16:29:55.695 32497  1959 I DFInstaObserve: !toggles +blocked disable_feed=0 disable_explore=0 disable_reels=0 disable_stories=1 disable_adds=0
08-15 16:29:55.703 32497 32684 I DFInstaObserve: !toggles +blocked disable_feed=0 disable_explore=0 disable_reels=0 disable_stories=1 disable_adds=0
08-15 16:29:55.758 32497 32684 I DFInstaObserve: !toggles +blocked disable_feed=0 disable_explore=0 disable_reels=0 disable_stories=1 disable_adds=0
08-15 16:29:55.826 32497  2277 I DFInstaObserve: !toggles +blocked disable_feed=0 disable_explore=0 disable_reels=0 disable_stories=1 disable_adds=0
08-15 16:29:55.871 32497  1764 I DFInstaObserve: !toggles +blocked disable_feed=0 disable_explore=0 disable_reels=0 disable_stories=1 disable_adds=0
08-15 16:29:55.880 32497 32684 I DFInstaObserve: !toggles +blocked disable_feed=0 disable_explore=0 disable_reels=0 disable_stories=1 disable_adds=0
08-15 16:29:55.921 32497 32684 I DFInstaObserve: !toggles +blocked disable_feed=0 disable_explore=0 disable_reels=0 disable_stories=1 disable_adds=0
08-15 16:29:56.013 32497  1831 I DFInstaObserve: !toggles +blocked disable_feed=0 disable_explore=0 disable_reels=0 disable_stories=1 disable_adds=0
08-15 16:29:56.061 32497  2514 I DFInstaObserve: !toggles +blocked disable_feed=0 disable_explore=0 disable_reels=0 disable_stories=1 disable_adds=0
08-15 16:29:56.115 32497  1764 I DFInstaObserve: !toggles +blocked disable_feed=0 disable_explore=0 disable_reels=0 disable_stories=1 disable_adds=0
08-15 16:29:56.123 32497 32684 I DFInstaObserve: !toggles +blocked disable_feed=0 disable_explore=0 disable_reels=0 disable_stories=1 disable_adds=0
08-15 16:29:56.160 32497 32684 I DFInstaObserve: !toggles +blocked disable_feed=0 disable_explore=0 disable_reels=0 disable_stories=1 disable_adds=0
08-15 16:29:56.179 32497  2511 I DFInstaObserve: !toggles +blocked disable_feed=0 disable_explore=0 disable_reels=0 disable_stories=1 disable_adds=0
08-15 16:29:56.302 32497  1831 I DFInstaObserve: !toggles +blocked disable_feed=0 disable_explore=0 disable_reels=0 disable_stories=1 disable_adds=0
08-15 16:29:56.421 32497 32684 I DFInstaObserve: !toggles +blocked disable_feed=0 disable_explore=0 disable_reels=0 disable_stories=1 disable_adds=0
08-15 16:29:56.457 32497 32684 I DFInstaObserve: !toggles +blocked disable_feed=0 disable_explore=0 disable_reels=0 disable_stories=1 disable_adds=0
08-15 16:29:56.699 32497 32684 I DFInstaObserve: !toggles +blocked disable_feed=0 disable_explore=0 disable_reels=0 disable_stories=1 disable_adds=0
08-15 16:29:57.599 32497  1217 I DFInstaObserve: !toggles +blocked disable_feed=0 disable_explore=0 disable_reels=0 disable_stories=1 disable_adds=0
08-15 16:29:58.104 32497  2608 I DFInstaObserve: !toggles +blocked disable_feed=0 disable_explore=0 disable_reels=0 disable_stories=1 disable_adds=0
08-15 16:29:58.110 32497  1217 I DFInstaObserve: !toggles +blocked disable_feed=0 disable_explore=0 disable_reels=0 disable_stories=1 disable_adds=0
08-15 16:29:58.157 32497 32684 I DFInstaObserve: !toggles +blocked disable_feed=0 disable_explore=0 disable_reels=0 disable_stories=1 disable_adds=0
08-15 16:29:58.269 32497  2512 I DFInstaObserve: !toggles +blocked disable_feed=0 disable_explore=0 disable_reels=0 disable_stories=1 disable_adds=0
08-15 16:29:58.389 32497  2568 I DFInstaObserve: !toggles +blocked disable_feed=0 disable_explore=0 disable_reels=0 disable_stories=1 disable_adds=0
08-15 16:29:58.431 32497 32702 I DFInstaObserve: !toggles +blocked disable_feed=0 disable_explore=0 disable_reels=0 disable_stories=1 disable_adds=0
08-15 16:29:58.461 32497 32684 I DFInstaObserve: !toggles +blocked disable_feed=0 disable_explore=0 disable_reels=0 disable_stories=1 disable_adds=0
08-15 16:29:58.480 32497  2512 I DFInstaObserve: !toggles +blocked disable_feed=0 disable_explore=0 disable_reels=0 disable_stories=1 disable_adds=0
08-15 16:29:58.540 32497 32684 I DFInstaObserve: !toggles +blocked disable_feed=0 disable_explore=0 disable_reels=0 disable_stories=1 disable_adds=0
08-15 16:29:58.566 32497 32702 I DFInstaObserve: !toggles +blocked disable_feed=0 disable_explore=0 disable_reels=0 disable_stories=1 disable_adds=0
08-15 16:29:58.665 32497  2514 I DFInstaObserve: !toggles +blocked disable_feed=0 disable_explore=0 disable_reels=0 disable_stories=1 disable_adds=0
08-15 16:29:58.717 32497 32702 I DFInstaObserve: !toggles +blocked disable_feed=0 disable_explore=0 disable_reels=0 disable_stories=1 disable_adds=0
08-15 16:29:58.813 32497  1764 I DFInstaObserve: !toggles +blocked disable_feed=0 disable_explore=0 disable_reels=0 disable_stories=1 disable_adds=0
08-15 16:29:58.869 32497 32684 I DFInstaObserve: !toggles +blocked disable_feed=0 disable_explore=0 disable_reels=0 disable_stories=1 disable_adds=0
08-15 16:29:58.889 32497 32702 I DFInstaObserve: !toggles +blocked disable_feed=0 disable_explore=0 disable_reels=0 disable_stories=1 disable_adds=0
08-15 16:29:58.943 32497  1883 I DFInstaObserve: !toggles +blocked disable_feed=0 disable_explore=0 disable_reels=0 disable_stories=1 disable_adds=0
08-15 16:29:58.943 32497 32684 I DFInstaObserve: !toggles +blocked disable_feed=0 disable_explore=0 disable_reels=0 disable_stories=1 disable_adds=0
08-15 16:29:58.998 32497 32702 I DFInstaObserve: !toggles +blocked disable_feed=0 disable_explore=0 disable_reels=0 disable_stories=1 disable_adds=0
08-15 16:29:59.007 32497  1764 I DFInstaObserve: !toggles +blocked disable_feed=0 disable_explore=0 disable_reels=0 disable_stories=1 disable_adds=0
08-15 16:29:59.082 32497  1883 I DFInstaObserve: !toggles +blocked disable_feed=0 disable_explore=0 disable_reels=0 disable_stories=1 disable_adds=0
08-15 16:29:59.195 32497  2514 I DFInstaObserve: !toggles +blocked disable_feed=0 disable_explore=0 disable_reels=0 disable_stories=1 disable_adds=0
08-15 16:29:59.355 32497  2355 I DFInstaObserve: !toggles +blocked disable_feed=0 disable_explore=0 disable_reels=0 disable_stories=1 disable_adds=0
08-15 16:29:59.372 32497 32684 I DFInstaObserve: !toggles +blocked disable_feed=0 disable_explore=0 disable_reels=0 disable_stories=1 disable_adds=0
08-15 16:29:59.432 32497 32684 I DFInstaObserve: !toggles +blocked disable_feed=0 disable_explore=0 disable_reels=0 disable_stories=1 disable_adds=0
08-15 16:29:59.455 32497  1959 I DFInstaObserve: !toggles +blocked disable_feed=0 disable_explore=0 disable_reels=0 disable_stories=1 disable_adds=0
08-15 16:29:59.536 32497 32684 I DFInstaObserve: !toggles +blocked disable_feed=0 disable_explore=0 disable_reels=0 disable_stories=1 disable_adds=0
08-15 16:29:59.566 32497  2568 I DFInstaObserve: !toggles +blocked disable_feed=0 disable_explore=0 disable_reels=0 disable_stories=1 disable_adds=0
08-15 16:29:59.573 32497 32684 I DFInstaObserve: !toggles +blocked disable_feed=0 disable_explore=0 disable_reels=0 disable_stories=1 disable_adds=0
08-15 16:29:59.692 32497  2512 I DFInstaObserve: !toggles +blocked disable_feed=0 disable_explore=0 disable_reels=0 disable_stories=1 disable_adds=0
08-15 16:29:59.747 32497  2587 I DFInstaObserve: !toggles +blocked disable_feed=0 disable_explore=0 disable_reels=0 disable_stories=1 disable_adds=0
08-15 16:29:59.747 32497  2579 I DFInstaObserve: !toggles +blocked disable_feed=0 disable_explore=0 disable_reels=0 disable_stories=1 disable_adds=0
08-15 16:29:59.832 32497  1831 I DFInstaObserve: !toggles +blocked disable_feed=0 disable_explore=0 disable_reels=0 disable_stories=1 disable_adds=0
08-15 16:29:59.891 32497 32684 I DFInstaObserve: !toggles +blocked disable_feed=0 disable_explore=0 disable_reels=0 disable_stories=1 disable_adds=0
08-15 16:30:05.927 32497  1217 I DFInstaObserve: !toggles +blocked disable_feed=0 disable_explore=0 disable_reels=0 disable_stories=1 disable_adds=0
08-15 16:30:05.996 32497  1217 I DFInstaObserve: !toggles +blocked disable_feed=0 disable_explore=0 disable_reels=0 disable_stories=1 disable_adds=0
08-15 16:30:08.074 32497  2649 I DFInstaObserve: !toggles +blocked disable_feed=0 disable_explore=0 disable_reels=0 disable_stories=1 disable_adds=0
08-15 16:30:08.083 32497  2648 I DFInstaObserve: !toggles +blocked disable_feed=0 disable_explore=0 disable_reels=0 disable_stories=1 disable_adds=0
08-15 16:30:09.251 32497  2608 I DFInstaObserve: !toggles +blocked disable_feed=0 disable_explore=0 disable_reels=0 disable_stories=1 disable_adds=0
08-15 16:30:11.351 32497  2706 I DFInstaObserve: !toggles +blocked disable_feed=0 disable_explore=0 disable_reels=0 disable_stories=1 disable_adds=0
08-15 16:30:11.355 32497  2705 I DFInstaObserve: !toggles +blocked disable_feed=0 disable_explore=0 disable_reels=0 disable_stories=1 disable_adds=0
08-15 16:30:12.575 32497  2608 I DFInstaObserve: !toggles +blocked disable_feed=0 disable_explore=0 disable_reels=0 disable_stories=1 disable_adds=0
08-15 16:30:12.628 32497  2608 I DFInstaObserve: !toggles +blocked disable_feed=0 disable_explore=0 disable_reels=0 disable_stories=1 disable_adds=0
08-15 16:30:14.708 32497  2817 I DFInstaObserve: !toggles +blocked disable_feed=0 disable_explore=0 disable_reels=0 disable_stories=1 disable_adds=0
08-15 16:30:14.710 32497  2808 I DFInstaObserve: !toggles +blocked disable_feed=0 disable_explore=0 disable_reels=0 disable_stories=1 disable_adds=0
08-15 16:30:15.946 32497  2608 I DFInstaObserve: !toggles +blocked disable_feed=0 disable_explore=0 disable_reels=0 disable_stories=1 disable_adds=0
08-15 16:30:15.985 32497  2608 I DFInstaObserve: !toggles +blocked disable_feed=0 disable_explore=0 disable_reels=0 disable_stories=1 disable_adds=0
08-15 16:30:17.869 32497  2864 I DFInstaObserve: !toggles +blocked disable_feed=0 disable_explore=0 disable_reels=0 disable_stories=1 disable_adds=0
08-15 16:30:17.869 32497  2863 I DFInstaObserve: !toggles +blocked disable_feed=0 disable_explore=0 disable_reels=0 disable_stories=1 disable_adds=0
08-15 16:30:19.252 32497  1217 I DFInstaObserve: !toggles +blocked disable_feed=0 disable_explore=0 disable_reels=0 disable_stories=1 disable_adds=0
08-15 16:30:19.284 32497  2896 I DFInstaObserve: !toggles +blocked disable_feed=0 disable_explore=0 disable_reels=0 disable_stories=1 disable_adds=0
08-15 16:30:21.353 32497  2940 I DFInstaObserve: !toggles +blocked disable_feed=0 disable_explore=0 disable_reels=0 disable_stories=1 disable_adds=0
08-15 16:30:21.353 32497  2946 I DFInstaObserve: !toggles +blocked disable_feed=0 disable_explore=0 disable_reels=0 disable_stories=1 disable_adds=0
08-15 16:30:22.112 32497  2982 I DFInstaObserve: !toggles +blocked disable_feed=0 disable_explore=0 disable_reels=0 disable_stories=1 disable_adds=0
08-15 16:30:22.525 32497 32702 I DFInstaObserve: !toggles +blocked disable_feed=0 disable_explore=0 disable_reels=0 disable_stories=1 disable_adds=0
08-15 16:30:22.616 32497 32702 I DFInstaObserve: !toggles +blocked disable_feed=0 disable_explore=0 disable_reels=0 disable_stories=1 disable_adds=0
08-15 16:30:45.206 32497  3089 I DFInstaObserve: !toggles +blocked disable_feed=0 disable_explore=0 disable_reels=0 disable_stories=1 disable_adds=0
08-15 16:30:45.253 32497  3049 I DFInstaObserve: !toggles +blocked disable_feed=0 disable_explore=0 disable_reels=0 disable_stories=1 disable_adds=0
08-15 16:30:45.253 32497  3049 I DFInstaObserve: /feed/timeline/
08-15 16:30:45.541 32497  3100 I DFInstaObserve: !toggles +blocked disable_feed=0 disable_explore=0 disable_reels=0 disable_stories=1 disable_adds=0
08-15 16:30:45.544 32497  3099 I DFInstaObserve: !toggles +blocked disable_feed=0 disable_explore=0 disable_reels=0 disable_stories=1 disable_adds=0
08-15 16:30:47.526 32497  3088 I DFInstaObserve: !toggles +blocked disable_feed=0 disable_explore=0 disable_reels=0 disable_stories=1 disable_adds=0
08-15 16:30:48.144 32497  2608 I DFInstaObserve: !toggles +blocked disable_feed=0 disable_explore=0 disable_reels=0 disable_stories=1 disable_adds=0
08-15 16:30:48.151 32497  2608 I DFInstaObserve: !toggles +blocked disable_feed=0 disable_explore=0 disable_reels=0 disable_stories=1 disable_adds=0
08-15 16:30:48.549 32497  3112 I DFInstaObserve: !toggles +blocked disable_feed=0 disable_explore=0 disable_reels=0 disable_stories=1 disable_adds=0
08-15 16:30:48.612 32497 32684 I DFInstaObserve: !toggles +blocked disable_feed=0 disable_explore=0 disable_reels=0 disable_stories=1 disable_adds=0
08-15 16:30:48.659 32497 32684 I DFInstaObserve: !toggles +blocked disable_feed=0 disable_explore=0 disable_reels=0 disable_stories=1 disable_adds=0
08-15 16:30:48.727 32497 32684 I DFInstaObserve: !toggles +blocked disable_feed=0 disable_explore=0 disable_reels=0 disable_stories=1 disable_adds=0
08-15 16:30:48.776 32497 32684 I DFInstaObserve: !toggles +blocked disable_feed=0 disable_explore=0 disable_reels=0 disable_stories=1 disable_adds=0
08-15 16:30:48.801 32497  3049 I DFInstaObserve: !toggles +blocked disable_feed=0 disable_explore=0 disable_reels=0 disable_stories=1 disable_adds=0
08-15 16:30:48.829 32497 32684 I DFInstaObserve: !toggles +blocked disable_feed=0 disable_explore=0 disable_reels=0 disable_stories=1 disable_adds=0
08-15 16:30:48.918 32497 32684 I DFInstaObserve: !toggles +blocked disable_feed=0 disable_explore=0 disable_reels=0 disable_stories=1 disable_adds=0
08-15 16:30:48.983 32497 32684 I DFInstaObserve: !toggles +blocked disable_feed=0 disable_explore=0 disable_reels=0 disable_stories=1 disable_adds=0
08-15 16:30:49.020 32497  3106 I DFInstaObserve: !toggles +blocked disable_feed=0 disable_explore=0 disable_reels=0 disable_stories=1 disable_adds=0
08-15 16:30:49.085 32497 32684 I DFInstaObserve: !toggles +blocked disable_feed=0 disable_explore=0 disable_reels=0 disable_stories=1 disable_adds=0
08-15 16:30:49.349 32497  3106 I DFInstaObserve: !toggles +blocked disable_feed=0 disable_explore=0 disable_reels=0 disable_stories=1 disable_adds=0
08-15 16:30:49.606 32497  3050 I DFInstaObserve: !toggles +blocked disable_feed=0 disable_explore=0 disable_reels=0 disable_stories=1 disable_adds=0
08-15 16:30:49.895 32497  3106 I DFInstaObserve: !toggles +blocked disable_feed=0 disable_explore=0 disable_reels=0 disable_stories=1 disable_adds=0
08-15 16:30:50.140 32497  3056 I DFInstaObserve: !toggles +blocked disable_feed=0 disable_explore=0 disable_reels=0 disable_stories=1 disable_adds=0
08-15 16:30:50.382 32497  3050 I DFInstaObserve: !toggles +blocked disable_feed=0 disable_explore=0 disable_reels=0 disable_stories=1 disable_adds=0
08-15 16:30:50.417 32497  3112 I DFInstaObserve: !toggles +blocked disable_feed=0 disable_explore=0 disable_reels=0 disable_stories=1 disable_adds=0
08-15 16:30:50.525 32497  3164 I DFInstaObserve: !toggles +blocked disable_feed=0 disable_explore=0 disable_reels=0 disable_stories=1 disable_adds=0
08-15 16:30:50.802 32497  3099 I DFInstaObserve: !toggles +blocked disable_feed=0 disable_explore=0 disable_reels=0 disable_stories=1 disable_adds=0
08-15 16:30:50.927 32497  3056 I DFInstaObserve: !toggles +blocked disable_feed=0 disable_explore=0 disable_reels=0 disable_stories=1 disable_adds=0
08-15 16:30:52.690 32497  2608 I DFInstaObserve: !toggles +blocked disable_feed=0 disable_explore=0 disable_reels=0 disable_stories=1 disable_adds=0
08-15 16:30:58.684 32497 32702 I DFInstaObserve: !toggles +blocked disable_feed=0 disable_explore=0 disable_reels=0 disable_stories=1 disable_adds=0
08-15 16:30:58.823 32497 32702 I DFInstaObserve: !toggles +blocked disable_feed=0 disable_explore=0 disable_reels=0 disable_stories=1 disable_adds=0
08-15 16:31:00.455 32497  3230 I DFInstaObserve: !toggles +blocked disable_feed=0 disable_explore=0 disable_reels=0 disable_stories=1 disable_adds=0
08-15 16:31:00.483 32497  3230 I DFInstaObserve: !toggles +blocked disable_feed=0 disable_explore=0 disable_reels=0 disable_stories=1 disable_adds=0
08-15 16:31:02.950 32497  3230 I DFInstaObserve: !toggles +blocked disable_feed=0 disable_explore=0 disable_reels=0 disable_stories=1 disable_adds=0
08-15 16:31:06.813 32497  3359 I DFInstaObserve: !toggles +blocked disable_feed=0 disable_explore=0 disable_reels=0 disable_stories=1 disable_adds=0
08-15 16:31:09.250 32497  3355 I DFInstaObserve: !toggles +blocked disable_feed=0 disable_explore=0 disable_reels=0 disable_stories=1 disable_adds=0
08-15 16:31:09.368 32497  3375 I DFInstaObserve: !toggles +blocked disable_feed=0 disable_explore=0 disable_reels=0 disable_stories=1 disable_adds=0
08-15 16:31:10.050 32497  3480 I DFInstaObserve: !toggles +blocked disable_feed=0 disable_explore=0 disable_reels=0 disable_stories=1 disable_adds=0
08-15 16:31:10.050 32497  3480 I DFInstaObserve: /discover/topical_explore
08-15 16:31:10.174 32497  3368 I DFInstaObserve: !toggles +blocked disable_feed=0 disable_explore=0 disable_reels=0 disable_stories=1 disable_adds=0
08-15 16:31:10.213 32497  3368 I DFInstaObserve: !toggles +blocked disable_feed=0 disable_explore=0 disable_reels=0 disable_stories=1 disable_adds=0
08-15 16:31:10.374 32497  3525 I DFInstaObserve: !toggles +blocked disable_feed=0 disable_explore=0 disable_reels=0 disable_stories=1 disable_adds=0
08-15 16:31:12.345 32497  3512 I DFInstaObserve: !toggles +blocked disable_feed=0 disable_explore=0 disable_reels=0 disable_stories=1 disable_adds=0
08-15 16:31:12.513 32497  3538 I DFInstaObserve: !toggles +blocked disable_feed=0 disable_explore=0 disable_reels=0 disable_stories=1 disable_adds=0
08-15 16:31:12.592 32497  3538 I DFInstaObserve: !toggles +blocked disable_feed=0 disable_explore=0 disable_reels=0 disable_stories=1 disable_adds=0
08-15 16:31:12.603 32497  3512 I DFInstaObserve: !toggles +blocked disable_feed=0 disable_explore=0 disable_reels=0 disable_stories=1 disable_adds=0
08-15 16:31:13.257 32497  3574 I DFInstaObserve: !toggles +blocked disable_feed=0 disable_explore=0 disable_reels=0 disable_stories=1 disable_adds=0
08-15 16:31:13.838 32497  3600 I DFInstaObserve: !toggles +blocked disable_feed=0 disable_explore=0 disable_reels=0 disable_stories=1 disable_adds=0
08-15 16:31:14.037 32497  3608 I DFInstaObserve: !toggles +blocked disable_feed=0 disable_explore=0 disable_reels=0 disable_stories=1 disable_adds=0
08-15 16:31:15.113 32497  3160 I DFInstaObserve: !toggles +blocked disable_feed=0 disable_explore=0 disable_reels=0 disable_stories=1 disable_adds=0
08-15 16:31:15.118 32497  3160 I DFInstaObserve: !toggles +blocked disable_feed=0 disable_explore=0 disable_reels=0 disable_stories=1 disable_adds=0
08-15 16:31:15.160 32497 32684 I DFInstaObserve: !toggles +blocked disable_feed=0 disable_explore=0 disable_reels=0 disable_stories=1 disable_adds=0
08-15 16:31:15.200 32497  3578 I DFInstaObserve: !toggles +blocked disable_feed=0 disable_explore=0 disable_reels=0 disable_stories=1 disable_adds=0
08-15 16:31:15.236 32497  3255 I DFInstaObserve: !toggles +blocked disable_feed=0 disable_explore=0 disable_reels=0 disable_stories=1 disable_adds=0
08-15 16:31:15.295 32497  3546 I DFInstaObserve: !toggles +blocked disable_feed=0 disable_explore=0 disable_reels=0 disable_stories=1 disable_adds=0
08-15 16:31:15.418 32497 32684 I DFInstaObserve: !toggles +blocked disable_feed=0 disable_explore=0 disable_reels=0 disable_stories=1 disable_adds=0
08-15 16:31:15.459 32497  3480 I DFInstaObserve: !toggles +blocked disable_feed=0 disable_explore=0 disable_reels=0 disable_stories=1 disable_adds=0
08-15 16:31:15.468 32497 32684 I DFInstaObserve: !toggles +blocked disable_feed=0 disable_explore=0 disable_reels=0 disable_stories=1 disable_adds=0
08-15 16:31:15.527 32497  3479 I DFInstaObserve: !toggles +blocked disable_feed=0 disable_explore=0 disable_reels=0 disable_stories=1 disable_adds=0
08-15 16:31:15.598 32497  3546 I DFInstaObserve: !toggles +blocked disable_feed=0 disable_explore=0 disable_reels=0 disable_stories=1 disable_adds=0
08-15 16:31:15.623 32497 32684 I DFInstaObserve: !toggles +blocked disable_feed=0 disable_explore=0 disable_reels=0 disable_stories=1 disable_adds=0
08-15 16:31:15.666 32497 32684 I DFInstaObserve: !toggles +blocked disable_feed=0 disable_explore=0 disable_reels=0 disable_stories=1 disable_adds=0
08-15 16:31:15.721 32497  3480 I DFInstaObserve: !toggles +blocked disable_feed=0 disable_explore=0 disable_reels=0 disable_stories=1 disable_adds=0
08-15 16:31:15.779 32497  3479 I DFInstaObserve: !toggles +blocked disable_feed=0 disable_explore=0 disable_reels=0 disable_stories=1 disable_adds=0
08-15 16:31:15.828 32497  3590 I DFInstaObserve: !toggles +blocked disable_feed=0 disable_explore=0 disable_reels=0 disable_stories=1 disable_adds=0
08-15 16:31:15.920 32497  3499 I DFInstaObserve: !toggles +blocked disable_feed=0 disable_explore=0 disable_reels=0 disable_stories=1 disable_adds=0
08-15 16:31:16.015 32497  3599 I DFInstaObserve: !toggles +blocked disable_feed=0 disable_explore=0 disable_reels=0 disable_stories=1 disable_adds=0
08-15 16:31:16.045 32497  3255 I DFInstaObserve: !toggles +blocked disable_feed=0 disable_explore=0 disable_reels=0 disable_stories=1 disable_adds=0
08-15 16:31:16.100 32497  3614 I DFInstaObserve: !toggles +blocked disable_feed=0 disable_explore=0 disable_reels=0 disable_stories=1 disable_adds=0
08-15 16:31:16.167 32497  3614 I DFInstaObserve: !toggles +blocked disable_feed=0 disable_explore=0 disable_reels=0 disable_stories=1 disable_adds=0
08-15 16:31:16.262 32497  3545 I DFInstaObserve: !toggles +blocked disable_feed=0 disable_explore=0 disable_reels=0 disable_stories=1 disable_adds=0
08-15 16:31:16.461 32497  3477 I DFInstaObserve: !toggles +blocked disable_feed=0 disable_explore=0 disable_reels=0 disable_stories=1 disable_adds=0
08-15 16:31:16.461 32497  3477 I DFInstaObserve: /discover/topical_explore
08-15 16:31:16.566 32497 32684 I DFInstaObserve: !toggles +blocked disable_feed=0 disable_explore=0 disable_reels=0 disable_stories=1 disable_adds=0
08-15 16:31:16.579 32497  3255 I DFInstaObserve: !toggles +blocked disable_feed=0 disable_explore=0 disable_reels=0 disable_stories=1 disable_adds=0
08-15 16:31:16.632 32497 32684 I DFInstaObserve: !toggles +blocked disable_feed=0 disable_explore=0 disable_reels=0 disable_stories=1 disable_adds=0
08-15 16:31:16.660 32497  3545 I DFInstaObserve: !toggles +blocked disable_feed=0 disable_explore=0 disable_reels=0 disable_stories=1 disable_adds=0
08-15 16:31:16.753 32497  3255 I DFInstaObserve: !toggles +blocked disable_feed=0 disable_explore=0 disable_reels=0 disable_stories=1 disable_adds=0
08-15 16:31:16.790 32497 32684 I DFInstaObserve: !toggles +blocked disable_feed=0 disable_explore=0 disable_reels=0 disable_stories=1 disable_adds=0
08-15 16:31:19.001 32497  3635 I DFInstaObserve: !toggles +blocked disable_feed=0 disable_explore=0 disable_reels=0 disable_stories=1 disable_adds=0
08-15 16:31:19.105 32497  3649 I DFInstaObserve: !toggles +blocked disable_feed=0 disable_explore=0 disable_reels=0 disable_stories=1 disable_adds=0
08-15 16:31:19.631 32497  3674 I DFInstaObserve: !toggles +blocked disable_feed=0 disable_explore=0 disable_reels=0 disable_stories=1 disable_adds=0
08-15 16:31:19.638 32497  3613 I DFInstaObserve: !toggles +blocked disable_feed=0 disable_explore=0 disable_reels=0 disable_stories=1 disable_adds=0
08-15 16:31:19.668 32497 32684 I DFInstaObserve: !toggles +blocked disable_feed=0 disable_explore=0 disable_reels=0 disable_stories=1 disable_adds=0
08-15 16:31:19.718 32497  3545 I DFInstaObserve: !toggles +blocked disable_feed=0 disable_explore=0 disable_reels=0 disable_stories=1 disable_adds=0
08-15 16:31:19.750 32497 32684 I DFInstaObserve: !toggles +blocked disable_feed=0 disable_explore=0 disable_reels=0 disable_stories=1 disable_adds=0
08-15 16:31:19.779 32497  3477 I DFInstaObserve: !toggles +blocked disable_feed=0 disable_explore=0 disable_reels=0 disable_stories=1 disable_adds=0
08-15 16:31:19.822 32497 32684 I DFInstaObserve: !toggles +blocked disable_feed=0 disable_explore=0 disable_reels=0 disable_stories=1 disable_adds=0
08-15 16:31:19.856 32497  3548 I DFInstaObserve: !toggles +blocked disable_feed=0 disable_explore=0 disable_reels=0 disable_stories=1 disable_adds=0
08-15 16:31:19.856 32497  3548 I DFInstaObserve: /discover/topical_explore
08-15 16:31:19.905 32497  3615 I DFInstaObserve: !toggles +blocked disable_feed=0 disable_explore=0 disable_reels=0 disable_stories=1 disable_adds=0
08-15 16:31:19.981 32497 32684 I DFInstaObserve: !toggles +blocked disable_feed=0 disable_explore=0 disable_reels=0 disable_stories=1 disable_adds=0
08-15 16:31:20.040 32497 32684 I DFInstaObserve: !toggles +blocked disable_feed=0 disable_explore=0 disable_reels=0 disable_stories=1 disable_adds=0
08-15 16:31:20.073 32497  3255 I DFInstaObserve: !toggles +blocked disable_feed=0 disable_explore=0 disable_reels=0 disable_stories=1 disable_adds=0
08-15 16:31:20.139 32497 32684 I DFInstaObserve: !toggles +blocked disable_feed=0 disable_explore=0 disable_reels=0 disable_stories=1 disable_adds=0
08-15 16:31:20.232 32497  3545 I DFInstaObserve: !toggles +blocked disable_feed=0 disable_explore=0 disable_reels=0 disable_stories=1 disable_adds=0
08-15 16:31:20.301 32497  3616 I DFInstaObserve: !toggles +blocked disable_feed=0 disable_explore=0 disable_reels=0 disable_stories=1 disable_adds=0
08-15 16:31:20.324 32497 32684 I DFInstaObserve: !toggles +blocked disable_feed=0 disable_explore=0 disable_reels=0 disable_stories=1 disable_adds=0
08-15 16:31:20.357 32497  3545 I DFInstaObserve: !toggles +blocked disable_feed=0 disable_explore=0 disable_reels=0 disable_stories=1 disable_adds=0
08-15 16:31:20.415 32497  3479 I DFInstaObserve: !toggles +blocked disable_feed=0 disable_explore=0 disable_reels=0 disable_stories=1 disable_adds=0
08-15 16:31:20.515 32497  3545 I DFInstaObserve: !toggles +blocked disable_feed=0 disable_explore=0 disable_reels=0 disable_stories=1 disable_adds=0
08-15 16:31:20.638 32497  3545 I DFInstaObserve: !toggles +blocked disable_feed=0 disable_explore=0 disable_reels=0 disable_stories=1 disable_adds=0
08-15 16:31:20.699 32497  3255 I DFInstaObserve: !toggles +blocked disable_feed=0 disable_explore=0 disable_reels=0 disable_stories=1 disable_adds=0
08-15 16:31:20.742 32497  3479 I DFInstaObserve: !toggles +blocked disable_feed=0 disable_explore=0 disable_reels=0 disable_stories=1 disable_adds=0
08-15 16:31:20.794 32497  3664 I DFInstaObserve: !toggles +blocked disable_feed=0 disable_explore=0 disable_reels=0 disable_stories=1 disable_adds=0
08-15 16:31:20.894 32497  3617 I DFInstaObserve: !toggles +blocked disable_feed=0 disable_explore=0 disable_reels=0 disable_stories=1 disable_adds=0
08-15 16:31:21.001 32497  3479 I DFInstaObserve: !toggles +blocked disable_feed=0 disable_explore=0 disable_reels=0 disable_stories=1 disable_adds=0
08-15 16:31:22.042 32497  3659 I DFInstaObserve: !toggles +blocked disable_feed=0 disable_explore=0 disable_reels=0 disable_stories=1 disable_adds=0
08-15 16:31:22.639 32497  3613 I DFInstaObserve: !toggles +blocked disable_feed=0 disable_explore=0 disable_reels=0 disable_stories=1 disable_adds=0
08-15 16:31:22.645 32497  3725 I DFInstaObserve: !toggles +blocked disable_feed=0 disable_explore=0 disable_reels=0 disable_stories=1 disable_adds=0
08-15 16:31:22.687 32497 32684 I DFInstaObserve: !toggles +blocked disable_feed=0 disable_explore=0 disable_reels=0 disable_stories=1 disable_adds=0
08-15 16:31:22.724 32497  3709 I DFInstaObserve: !toggles +blocked disable_feed=0 disable_explore=0 disable_reels=0 disable_stories=1 disable_adds=0
08-15 16:31:22.761 32497  3720 I DFInstaObserve: !toggles +blocked disable_feed=0 disable_explore=0 disable_reels=0 disable_stories=1 disable_adds=0
08-15 16:31:22.811 32497 32684 I DFInstaObserve: !toggles +blocked disable_feed=0 disable_explore=0 disable_reels=0 disable_stories=1 disable_adds=0
08-15 16:31:22.818 32497  3719 I DFInstaObserve: !toggles +blocked disable_feed=0 disable_explore=0 disable_reels=0 disable_stories=1 disable_adds=0
08-15 16:31:22.860 32497 32684 I DFInstaObserve: !toggles +blocked disable_feed=0 disable_explore=0 disable_reels=0 disable_stories=1 disable_adds=0
08-15 16:31:22.957 32497  3548 I DFInstaObserve: !toggles +blocked disable_feed=0 disable_explore=0 disable_reels=0 disable_stories=1 disable_adds=0
08-15 16:31:22.981 32497 32684 I DFInstaObserve: !toggles +blocked disable_feed=0 disable_explore=0 disable_reels=0 disable_stories=1 disable_adds=0
08-15 16:31:23.030 32497 32684 I DFInstaObserve: !toggles +blocked disable_feed=0 disable_explore=0 disable_reels=0 disable_stories=1 disable_adds=0
08-15 16:31:23.072 32497  3479 I DFInstaObserve: !toggles +blocked disable_feed=0 disable_explore=0 disable_reels=0 disable_stories=1 disable_adds=0
08-15 16:31:23.159 32497 32684 I DFInstaObserve: !toggles +blocked disable_feed=0 disable_explore=0 disable_reels=0 disable_stories=1 disable_adds=0
08-15 16:31:23.248 32497  3721 I DFInstaObserve: !toggles +blocked disable_feed=0 disable_explore=0 disable_reels=0 disable_stories=1 disable_adds=0
08-15 16:31:23.307 32497  3709 I DFInstaObserve: !toggles +blocked disable_feed=0 disable_explore=0 disable_reels=0 disable_stories=1 disable_adds=0
08-15 16:31:23.503 32497   504 I DFInstaObserve: !toggles +blocked disable_feed=0 disable_explore=0 disable_reels=0 disable_stories=1 disable_adds=0
08-15 16:31:23.539 32497 32702 I DFInstaObserve: !toggles +blocked disable_feed=0 disable_explore=0 disable_reels=0 disable_stories=1 disable_adds=0
08-15 16:31:23.549 32497  3548 I DFInstaObserve: !toggles +blocked disable_feed=0 disable_explore=0 disable_reels=0 disable_stories=1 disable_adds=0
08-15 16:31:23.604 32497  3783 I DFInstaObserve: !toggles +blocked disable_feed=0 disable_explore=0 disable_reels=0 disable_stories=1 disable_adds=0
08-15 16:31:23.691 32497  3862 I DFInstaObserve: !toggles +blocked disable_feed=0 disable_explore=0 disable_reels=0 disable_stories=1 disable_adds=0
08-15 16:31:23.757 32497 32702 I DFInstaObserve: !toggles +blocked disable_feed=0 disable_explore=0 disable_reels=0 disable_stories=1 disable_adds=0
08-15 16:31:23.842 32497  3826 I DFInstaObserve: !toggles +blocked disable_feed=0 disable_explore=0 disable_reels=0 disable_stories=1 disable_adds=0
08-15 16:31:23.860 32497 32702 I DFInstaObserve: !toggles +blocked disable_feed=0 disable_explore=0 disable_reels=0 disable_stories=1 disable_adds=0
08-15 16:31:23.886 32497  3783 I DFInstaObserve: !toggles +blocked disable_feed=0 disable_explore=0 disable_reels=0 disable_stories=1 disable_adds=0
08-15 16:31:23.954 32497  3709 I DFInstaObserve: !toggles +blocked disable_feed=0 disable_explore=0 disable_reels=0 disable_stories=1 disable_adds=0
08-15 16:31:23.987 32497 32702 I DFInstaObserve: !toggles +blocked disable_feed=0 disable_explore=0 disable_reels=0 disable_stories=1 disable_adds=0
08-15 16:31:24.014 32497  3866 I DFInstaObserve: !toggles +blocked disable_feed=0 disable_explore=0 disable_reels=0 disable_stories=1 disable_adds=0
08-15 16:31:24.074 32497 32702 I DFInstaObserve: !toggles +blocked disable_feed=0 disable_explore=0 disable_reels=0 disable_stories=1 disable_adds=0
08-15 16:31:24.139 32497  3548 I DFInstaObserve: !toggles +blocked disable_feed=0 disable_explore=0 disable_reels=0 disable_stories=1 disable_adds=0
08-15 16:31:24.232 32497  3783 I DFInstaObserve: !toggles +blocked disable_feed=0 disable_explore=0 disable_reels=0 disable_stories=1 disable_adds=0
08-15 16:31:25.701 32497  3754 I DFInstaObserve: !toggles +blocked disable_feed=0 disable_explore=0 disable_reels=0 disable_stories=1 disable_adds=0
08-15 16:31:25.702 32497  3753 I DFInstaObserve: !toggles +blocked disable_feed=0 disable_explore=0 disable_reels=0 disable_stories=1 disable_adds=0
08-15 16:31:28.165 32497  3753 I DFInstaObserve: !toggles +blocked disable_feed=0 disable_explore=0 disable_reels=0 disable_stories=1 disable_adds=0
08-15 16:31:28.165 32497  3754 I DFInstaObserve: !toggles +blocked disable_feed=0 disable_explore=0 disable_reels=0 disable_stories=1 disable_adds=0
08-15 16:31:31.706 32497  3613 I DFInstaObserve: !toggles +blocked disable_feed=0 disable_explore=0 disable_reels=0 disable_stories=1 disable_adds=0
08-15 16:31:33.824 32497  3906 I DFInstaObserve: !toggles +blocked disable_feed=0 disable_explore=0 disable_reels=0 disable_stories=1 disable_adds=0
08-15 16:31:33.826 32497  3907 I DFInstaObserve: !toggles +blocked disable_feed=0 disable_explore=0 disable_reels=0 disable_stories=1 disable_adds=0
08-15 16:31:34.631 32497  3863 I DFInstaObserve: !toggles +blocked disable_feed=0 disable_explore=0 disable_reels=0 disable_stories=1 disable_adds=0
08-15 16:31:34.631 32497  3863 I DFInstaObserve: /clips/discover
08-15 16:31:34.631 32497  3863 I DFInstaObserve: /clips/discover/stream/
08-15 16:31:37.146 32497  3944 I DFInstaObserve: !toggles +blocked disable_feed=0 disable_explore=0 disable_reels=0 disable_stories=1 disable_adds=0
08-15 16:31:37.147 32497  3945 I DFInstaObserve: !toggles +blocked disable_feed=0 disable_explore=0 disable_reels=0 disable_stories=1 disable_adds=0
08-15 16:31:38.611 32497  3613 I DFInstaObserve: !toggles +blocked disable_feed=0 disable_explore=0 disable_reels=0 disable_stories=1 disable_adds=0
08-15 16:31:38.622 32497  3613 I DFInstaObserve: !toggles +blocked disable_feed=0 disable_explore=0 disable_reels=0 disable_stories=1 disable_adds=0
08-15 16:31:38.627 32497  3613 I DFInstaObserve: !toggles +blocked disable_feed=0 disable_explore=0 disable_reels=0 disable_stories=1 disable_adds=0
08-15 16:31:38.647 32497  3613 I DFInstaObserve: !toggles +blocked disable_feed=0 disable_explore=0 disable_reels=0 disable_stories=1 disable_adds=0
08-15 16:31:38.749 32497 32684 I DFInstaObserve: !toggles +blocked disable_feed=0 disable_explore=0 disable_reels=0 disable_stories=1 disable_adds=0
08-15 16:31:38.904 32497 32684 I DFInstaObserve: !toggles +blocked disable_feed=0 disable_explore=0 disable_reels=0 disable_stories=1 disable_adds=0
08-15 16:31:38.953 32497 32684 I DFInstaObserve: !toggles +blocked disable_feed=0 disable_explore=0 disable_reels=0 disable_stories=1 disable_adds=0
08-15 16:31:39.279 32497 32684 I DFInstaObserve: !toggles +blocked disable_feed=0 disable_explore=0 disable_reels=0 disable_stories=1 disable_adds=0
08-15 16:31:39.993 32497  3725 I DFInstaObserve: !toggles +blocked disable_feed=0 disable_explore=0 disable_reels=0 disable_stories=1 disable_adds=0
08-15 16:31:39.999 32497  3725 I DFInstaObserve: !toggles +blocked disable_feed=0 disable_explore=0 disable_reels=0 disable_stories=1 disable_adds=0
08-15 16:31:40.159 32497  3997 I DFInstaObserve: !toggles +blocked disable_feed=0 disable_explore=0 disable_reels=0 disable_stories=1 disable_adds=0
08-15 16:31:40.264 32497  3866 I DFInstaObserve: !toggles +blocked disable_feed=0 disable_explore=0 disable_reels=0 disable_stories=1 disable_adds=0
08-15 16:31:40.350 32497  3957 I DFInstaObserve: !toggles +blocked disable_feed=0 disable_explore=0 disable_reels=0 disable_stories=1 disable_adds=0
08-15 16:31:40.472 32497  3862 I DFInstaObserve: !toggles +blocked disable_feed=0 disable_explore=0 disable_reels=0 disable_stories=1 disable_adds=0
08-15 16:31:40.513 32497  3978 I DFInstaObserve: !toggles +blocked disable_feed=0 disable_explore=0 disable_reels=0 disable_stories=1 disable_adds=0
08-15 16:31:40.529 32497  3977 I DFInstaObserve: !toggles +blocked disable_feed=0 disable_explore=0 disable_reels=0 disable_stories=1 disable_adds=0
08-15 16:31:40.533 32497  3866 I DFInstaObserve: !toggles +blocked disable_feed=0 disable_explore=0 disable_reels=0 disable_stories=1 disable_adds=0
08-15 16:31:40.602 32497  3877 I DFInstaObserve: !toggles +blocked disable_feed=0 disable_explore=0 disable_reels=0 disable_stories=1 disable_adds=0
08-15 16:31:40.670 32497 32684 I DFInstaObserve: !toggles +blocked disable_feed=0 disable_explore=0 disable_reels=0 disable_stories=1 disable_adds=0
08-15 16:31:40.710 32497  3863 I DFInstaObserve: !toggles +blocked disable_feed=0 disable_explore=0 disable_reels=0 disable_stories=1 disable_adds=0
08-15 16:31:40.784 32497  3863 I DFInstaObserve: !toggles +blocked disable_feed=0 disable_explore=0 disable_reels=0 disable_stories=1 disable_adds=0
08-15 16:31:40.921 32497 32684 I DFInstaObserve: !toggles +blocked disable_feed=0 disable_explore=0 disable_reels=0 disable_stories=1 disable_adds=0
08-15 16:31:40.964 32497 32684 I DFInstaObserve: !toggles +blocked disable_feed=0 disable_explore=0 disable_reels=0 disable_stories=1 disable_adds=0
08-15 16:31:41.077 32497 32684 I DFInstaObserve: !toggles +blocked disable_feed=0 disable_explore=0 disable_reels=0 disable_stories=1 disable_adds=0
08-15 16:31:41.110 32497 32684 I DFInstaObserve: !toggles +blocked disable_feed=0 disable_explore=0 disable_reels=0 disable_stories=1 disable_adds=0
08-15 16:31:41.206 32497 32684 I DFInstaObserve: !toggles +blocked disable_feed=0 disable_explore=0 disable_reels=0 disable_stories=1 disable_adds=0
08-15 16:31:41.251 32497 32684 I DFInstaObserve: !toggles +blocked disable_feed=0 disable_explore=0 disable_reels=0 disable_stories=1 disable_adds=0
08-15 16:31:41.570 32497 32684 I DFInstaObserve: !toggles +blocked disable_feed=0 disable_explore=0 disable_reels=0 disable_stories=1 disable_adds=0
08-15 16:31:41.617 32497 32684 I DFInstaObserve: !toggles +blocked disable_feed=0 disable_explore=0 disable_reels=0 disable_stories=1 disable_adds=0
08-15 16:31:41.719 32497  3725 I DFInstaObserve: !toggles +blocked disable_feed=0 disable_explore=0 disable_reels=0 disable_stories=1 disable_adds=0
08-15 16:31:41.720 32497 32684 I DFInstaObserve: !toggles +blocked disable_feed=0 disable_explore=0 disable_reels=0 disable_stories=1 disable_adds=0
08-15 16:31:41.755 32497 32684 I DFInstaObserve: !toggles +blocked disable_feed=0 disable_explore=0 disable_reels=0 disable_stories=1 disable_adds=0
08-15 16:31:41.775 32497  3725 I DFInstaObserve: !toggles +blocked disable_feed=0 disable_explore=0 disable_reels=0 disable_stories=1 disable_adds=0
08-15 16:31:41.812 32497 32684 I DFInstaObserve: !toggles +blocked disable_feed=0 disable_explore=0 disable_reels=0 disable_stories=1 disable_adds=0
08-15 16:31:41.914 32497 32684 I DFInstaObserve: !toggles +blocked disable_feed=0 disable_explore=0 disable_reels=0 disable_stories=1 disable_adds=0
08-15 16:31:42.119 32497 32684 I DFInstaObserve: !toggles +blocked disable_feed=0 disable_explore=0 disable_reels=0 disable_stories=1 disable_adds=0
08-15 16:31:42.171 32497 32684 I DFInstaObserve: !toggles +blocked disable_feed=0 disable_explore=0 disable_reels=0 disable_stories=1 disable_adds=0
08-15 16:31:42.364 32497 32684 I DFInstaObserve: !toggles +blocked disable_feed=0 disable_explore=0 disable_reels=0 disable_stories=1 disable_adds=0
08-15 16:31:42.400 32497 32684 I DFInstaObserve: !toggles +blocked disable_feed=0 disable_explore=0 disable_reels=0 disable_stories=1 disable_adds=0
08-15 16:31:42.568 32497 32684 I DFInstaObserve: !toggles +blocked disable_feed=0 disable_explore=0 disable_reels=0 disable_stories=1 disable_adds=0
08-15 16:31:42.619 32497 32684 I DFInstaObserve: !toggles +blocked disable_feed=0 disable_explore=0 disable_reels=0 disable_stories=1 disable_adds=0
08-15 16:31:42.722 32497 32684 I DFInstaObserve: !toggles +blocked disable_feed=0 disable_explore=0 disable_reels=0 disable_stories=1 disable_adds=0
08-15 16:31:43.816 32497  4009 I DFInstaObserve: !toggles +blocked disable_feed=0 disable_explore=0 disable_reels=0 disable_stories=1 disable_adds=0
08-15 16:31:43.817 32497  4008 I DFInstaObserve: !toggles +blocked disable_feed=0 disable_explore=0 disable_reels=0 disable_stories=1 disable_adds=0
08-15 16:31:47.137 32497  4054 I DFInstaObserve: !toggles +blocked disable_feed=0 disable_explore=0 disable_reels=0 disable_stories=1 disable_adds=0
08-15 16:31:47.137 32497  4053 I DFInstaObserve: !toggles +blocked disable_feed=0 disable_explore=0 disable_reels=0 disable_stories=1 disable_adds=0
