08-19 20:51:32.724 12985 12985 I DFInstaProbe: set_app_context
08-19 20:51:33.131 12985 13056 I DFInstaProbe: tigon_url_block
08-19 20:51:33.131 12985 13056 I DFInstaObserve: !toggles +blocked disable_feed=0 disable_explore=0 disable_reels=0 disable_stories=1 disable_adds=0
08-19 20:51:33.131 12985 13143 I DFInstaObserve: !toggles +blocked disable_feed=0 disable_explore=0 disable_reels=0 disable_stories=1 disable_adds=0
08-19 20:51:33.131 12985 13056 I DFInstaObserve: /feed/timeline/
08-19 20:51:33.131 12985 13143 I DFInstaObserve: /feed/reels_tray/
08-19 20:51:33.131 12985 13143 I DFInstaObserve: !blocked /feed/reels_tray/
08-19 20:51:33.265 12985 13073 I DFInstaProbe: replace_reels_stream_endpoint
08-19 20:51:33.274 12985 13068 I DFInstaObserve: !toggles +blocked disable_feed=0 disable_explore=0 disable_reels=0 disable_stories=1 disable_adds=0
08-19 20:51:33.274 12985 13068 I DFInstaObserve: /clips/discover
08-19 20:51:33.274 12985 13068 I DFInstaObserve: /clips/discover/stream/
08-19 20:51:33.443 12985 12985 E IgFunctionalErrorEvent: STORY_NOT_LOADING
08-19 20:51:33.443 12985 12985 E IgFunctionalErrorEvent: java.io.IOException: Blocked by DFInsta setting
08-19 20:51:33.478 12985 13203 I DFInstaObserve: !toggles +blocked disable_feed=0 disable_explore=0 disable_reels=0 disable_stories=1 disable_adds=0
08-19 20:51:33.645 12985 13149 I DFInstaObserve: !toggles +blocked disable_feed=0 disable_explore=0 disable_reels=0 disable_stories=1 disable_adds=0
08-19 20:51:33.652 13210 13210 I DFInstaProbe: set_app_context
08-19 20:51:33.935 12985 13203 I DFInstaObserve: !toggles +blocked disable_feed=0 disable_explore=0 disable_reels=0 disable_stories=1 disable_adds=0
08-19 20:51:34.776 12985 13203 I DFInstaObserve: !toggles +blocked disable_feed=0 disable_explore=0 disable_reels=0 disable_stories=1 disable_adds=0
08-19 20:51:35.252 12985 13056 I DFInstaObserve: !toggles +blocked disable_feed=0 disable_explore=0 disable_reels=0 disable_stories=1 disable_adds=0
08-19 20:51:35.252 12985 13056 I DFInstaObserve: /feed/timeline/
08-19 20:51:35.269 12985 13143 I DFInstaObserve: !toggles +blocked disable_feed=0 disable_explore=0 disable_reels=0 disable_stories=1 disable_adds=0
08-19 20:51:35.270 12985 13026 I DFInstaObserve: !toggles +blocked disable_feed=0 disable_explore=0 disable_reels=0 disable_stories=1 disable_adds=0
08-19 20:51:36.795 12985 13277 I DFInstaObserve: !toggles +blocked disable_feed=0 disable_explore=0 disable_reels=0 disable_stories=1 disable_adds=0
08-19 20:51:36.795 12985 13182 I DFInstaObserve: !toggles +blocked disable_feed=0 disable_explore=0 disable_reels=0 disable_stories=1 disable_adds=0
08-19 20:51:36.844 12985 13277 I DFInstaObserve: !toggles +blocked disable_feed=0 disable_explore=0 disable_reels=0 disable_stories=1 disable_adds=0
08-19 20:51:37.715 12985 13182 I DFInstaObserve: !toggles +blocked disable_feed=0 disable_explore=0 disable_reels=0 disable_stories=1 disable_adds=0
08-19 20:51:38.091 12985 13182 I DFInstaObserve: !toggles +blocked disable_feed=0 disable_explore=0 disable_reels=0 disable_stories=1 disable_adds=0
08-19 20:51:39.136 12985 13182 I DFInstaObserve: !toggles +blocked disable_feed=0 disable_explore=0 disable_reels=0 disable_stories=1 disable_adds=0
08-19 20:51:39.304 12985 13277 I DFInstaObserve: !toggles +blocked disable_feed=0 disable_explore=0 disable_reels=0 disable_stories=1 disable_adds=0
08-19 20:51:39.376 12985 13182 I DFInstaObserve: !toggles +blocked disable_feed=0 disable_explore=0 disable_reels=0 disable_stories=1 disable_adds=0
08-19 20:51:39.552 12985 13027 I DFInstaObserve: !toggles +blocked disable_feed=0 disable_explore=0 disable_reels=0 disable_stories=1 disable_adds=0
08-19 20:51:39.561 12985 13027 I DFInstaObserve: !toggles +blocked disable_feed=0 disable_explore=0 disable_reels=0 disable_stories=1 disable_adds=0
08-19 20:51:39.814 12985 13073 I DFInstaObserve: !toggles +blocked disable_feed=0 disable_explore=0 disable_reels=0 disable_stories=1 disable_adds=0
08-19 20:51:39.831 12985 13182 I DFInstaObserve: !toggles +blocked disable_feed=0 disable_explore=0 disable_reels=0 disable_stories=1 disable_adds=0
08-19 20:51:39.842 12985 13073 I DFInstaObserve: !toggles +blocked disable_feed=0 disable_explore=0 disable_reels=0 disable_stories=1 disable_adds=0
08-19 20:51:39.842 12985 13073 I DFInstaObserve: /discover/topical_explore
08-19 20:51:39.943 12985 13182 I DFInstaObserve: !toggles +blocked disable_feed=0 disable_explore=0 disable_reels=0 disable_stories=1 disable_adds=0
08-19 20:51:40.034 12985 13056 I DFInstaObserve: !toggles +blocked disable_feed=0 disable_explore=0 disable_reels=0 disable_stories=1 disable_adds=0
08-19 20:51:40.047 12985 13056 I DFInstaObserve: !toggles +blocked disable_feed=0 disable_explore=0 disable_reels=0 disable_stories=1 disable_adds=0
08-19 20:51:40.218 12985 13182 I DFInstaObserve: !toggles +blocked disable_feed=0 disable_explore=0 disable_reels=0 disable_stories=1 disable_adds=0
08-19 20:51:40.263 12985 13182 I DFInstaObserve: !toggles +blocked disable_feed=0 disable_explore=0 disable_reels=0 disable_stories=1 disable_adds=0
08-19 20:51:40.849 12985 13315 I DFInstaObserve: !toggles +blocked disable_feed=0 disable_explore=0 disable_reels=0 disable_stories=1 disable_adds=0
08-19 20:51:40.907 12985 13287 I DFInstaObserve: !toggles +blocked disable_feed=0 disable_explore=0 disable_reels=0 disable_stories=1 disable_adds=0
08-19 20:51:41.185 12985 13287 I DFInstaObserve: !toggles +blocked disable_feed=0 disable_explore=0 disable_reels=0 disable_stories=1 disable_adds=0
08-19 20:51:41.827 12985 13349 I DFInstaObserve: !toggles +blocked disable_feed=0 disable_explore=0 disable_reels=0 disable_stories=1 disable_adds=0
08-19 20:51:43.795 12985 13277 I DFInstaObserve: !toggles +blocked disable_feed=0 disable_explore=0 disable_reels=0 disable_stories=1 disable_adds=0
08-19 20:51:43.893 12985 13027 I DFInstaObserve: !toggles +blocked disable_feed=0 disable_explore=0 disable_reels=0 disable_stories=1 disable_adds=0
08-19 20:51:43.897 12985 13027 I DFInstaObserve: !toggles +blocked disable_feed=0 disable_explore=0 disable_reels=0 disable_stories=1 disable_adds=0
08-19 20:51:43.936 12985 13073 I DFInstaObserve: !toggles +blocked disable_feed=0 disable_explore=0 disable_reels=0 disable_stories=1 disable_adds=0
08-19 20:51:43.982 12985 13356 I DFInstaObserve: !toggles +blocked disable_feed=0 disable_explore=0 disable_reels=0 disable_stories=1 disable_adds=0
08-19 20:51:44.072 12985 13073 I DFInstaObserve: !toggles +blocked disable_feed=0 disable_explore=0 disable_reels=0 disable_stories=1 disable_adds=0
08-19 20:51:44.088 12985 13182 I DFInstaObserve: !toggles +blocked disable_feed=0 disable_explore=0 disable_reels=0 disable_stories=1 disable_adds=0
08-19 20:51:44.115 12985 13316 I DFInstaObserve: !toggles +blocked disable_feed=0 disable_explore=0 disable_reels=0 disable_stories=1 disable_adds=0
08-19 20:51:44.314 12985 13356 I DFInstaObserve: !toggles +blocked disable_feed=0 disable_explore=0 disable_reels=0 disable_stories=1 disable_adds=0
08-19 20:51:44.357 12985 13362 I DFInstaObserve: !toggles +blocked disable_feed=0 disable_explore=0 disable_reels=0 disable_stories=1 disable_adds=0
08-19 20:51:44.462 12985 13362 I DFInstaObserve: !toggles +blocked disable_feed=0 disable_explore=0 disable_reels=0 disable_stories=1 disable_adds=0
08-19 20:51:44.527 12985 13356 I DFInstaObserve: !toggles +blocked disable_feed=0 disable_explore=0 disable_reels=0 disable_stories=1 disable_adds=0
08-19 20:51:44.643 12985 13356 I DFInstaObserve: !toggles +blocked disable_feed=0 disable_explore=0 disable_reels=0 disable_stories=1 disable_adds=0
08-19 20:51:44.833 12985 13143 I DFInstaObserve: !toggles +blocked disable_feed=0 disable_explore=0 disable_reels=0 disable_stories=1 disable_adds=0
08-19 20:51:44.938 12985 13143 I DFInstaObserve: !toggles +blocked disable_feed=0 disable_explore=0 disable_reels=0 disable_stories=1 disable_adds=0
08-19 20:51:45.013 12985 13356 I DFInstaObserve: !toggles +blocked disable_feed=0 disable_explore=0 disable_reels=0 disable_stories=1 disable_adds=0
08-19 20:51:45.170 12985 13149 I DFInstaObserve: !toggles +blocked disable_feed=0 disable_explore=0 disable_reels=0 disable_stories=1 disable_adds=0
08-19 20:51:45.171 12985 13073 I DFInstaObserve: !toggles +blocked disable_feed=0 disable_explore=0 disable_reels=0 disable_stories=1 disable_adds=0
08-19 20:51:45.177 12985 13182 I DFInstaObserve: !toggles +blocked disable_feed=0 disable_explore=0 disable_reels=0 disable_stories=1 disable_adds=0
08-19 20:51:45.198 12985 13073 I DFInstaObserve: !toggles +blocked disable_feed=0 disable_explore=0 disable_reels=0 disable_stories=1 disable_adds=0
08-19 20:51:45.289 12985 13182 I DFInstaObserve: !toggles +blocked disable_feed=0 disable_explore=0 disable_reels=0 disable_stories=1 disable_adds=0
08-19 20:51:45.310 12985 13356 I DFInstaObserve: !toggles +blocked disable_feed=0 disable_explore=0 disable_reels=0 disable_stories=1 disable_adds=0
08-19 20:51:45.374 12985 13182 I DFInstaObserve: !toggles +blocked disable_feed=0 disable_explore=0 disable_reels=0 disable_stories=1 disable_adds=0
08-19 20:51:45.452 12985 13383 I DFInstaObserve: !toggles +blocked disable_feed=0 disable_explore=0 disable_reels=0 disable_stories=1 disable_adds=0
08-19 20:51:45.467 12985 13182 I DFInstaObserve: !toggles +blocked disable_feed=0 disable_explore=0 disable_reels=0 disable_stories=1 disable_adds=0
08-19 20:51:45.796 12985 13203 I DFInstaObserve: !toggles +blocked disable_feed=0 disable_explore=0 disable_reels=0 disable_stories=1 disable_adds=0
08-19 20:51:46.067 12985 13203 I DFInstaObserve: !toggles +blocked disable_feed=0 disable_explore=0 disable_reels=0 disable_stories=1 disable_adds=0
08-19 20:51:46.249 12985 13182 I DFInstaObserve: !toggles +blocked disable_feed=0 disable_explore=0 disable_reels=0 disable_stories=1 disable_adds=0
08-19 20:51:46.395 12985 13182 I DFInstaObserve: !toggles +blocked disable_feed=0 disable_explore=0 disable_reels=0 disable_stories=1 disable_adds=0
08-19 20:51:46.661 12985 13182 I DFInstaObserve: !toggles +blocked disable_feed=0 disable_explore=0 disable_reels=0 disable_stories=1 disable_adds=0
08-19 20:51:46.771 12985 13182 I DFInstaObserve: !toggles +blocked disable_feed=0 disable_explore=0 disable_reels=0 disable_stories=1 disable_adds=0
08-19 20:51:46.782 12985 13203 I DFInstaObserve: !toggles +blocked disable_feed=0 disable_explore=0 disable_reels=0 disable_stories=1 disable_adds=0
08-19 20:51:46.874 12985 13182 I DFInstaObserve: !toggles +blocked disable_feed=0 disable_explore=0 disable_reels=0 disable_stories=1 disable_adds=0
08-19 20:51:46.950 12985 13182 I DFInstaObserve: !toggles +blocked disable_feed=0 disable_explore=0 disable_reels=0 disable_stories=1 disable_adds=0
08-19 20:51:47.036 12985 13182 I DFInstaObserve: !toggles +blocked disable_feed=0 disable_explore=0 disable_reels=0 disable_stories=1 disable_adds=0
08-19 20:51:48.799 12985 13277 I DFInstaObserve: !toggles +blocked disable_feed=0 disable_explore=0 disable_reels=0 disable_stories=1 disable_adds=0
08-19 20:51:50.714 13443 13443 I DFInstaWalk: surface=Home
08-19 20:51:50.813 12985 13429 I DFInstaObserve: !toggles +blocked disable_feed=0 disable_explore=0 disable_reels=0 disable_stories=1 disable_adds=0
08-19 20:51:50.813 12985 13429 I DFInstaObserve: /feed/reels_tray/
08-19 20:51:50.813 12985 13429 I DFInstaObserve: !blocked /feed/reels_tray/
08-19 20:51:50.814 12985 13435 I DFInstaObserve: !toggles +blocked disable_feed=0 disable_explore=0 disable_reels=0 disable_stories=1 disable_adds=0
08-19 20:51:50.814 12985 13435 I DFInstaObserve: /feed/timeline/
08-19 20:51:50.817 12985 12985 E IgFunctionalErrorEvent: STORY_NOT_LOADING
08-19 20:51:50.817 12985 12985 E IgFunctionalErrorEvent: java.io.IOException: Blocked by DFInsta setting
08-19 20:51:51.699 12985 13203 I DFInstaObserve: !toggles +blocked disable_feed=0 disable_explore=0 disable_reels=0 disable_stories=1 disable_adds=0
08-19 20:51:52.330 12985 13027 I DFInstaObserve: !toggles +blocked disable_feed=0 disable_explore=0 disable_reels=0 disable_stories=1 disable_adds=0
08-19 20:51:52.364 12985 13027 I DFInstaObserve: !toggles +blocked disable_feed=0 disable_explore=0 disable_reels=0 disable_stories=1 disable_adds=0
08-19 20:51:52.379 12985 13182 I DFInstaObserve: !toggles +blocked disable_feed=0 disable_explore=0 disable_reels=0 disable_stories=1 disable_adds=0
08-19 20:51:52.632 12985 13380 I DFInstaObserve: !toggles +blocked disable_feed=0 disable_explore=0 disable_reels=0 disable_stories=1 disable_adds=0
08-19 20:51:52.632 12985 13380 I DFInstaObserve: /feed/timeline/
08-19 20:51:54.833 12985 13026 I DFInstaObserve: !toggles +blocked disable_feed=0 disable_explore=0 disable_reels=0 disable_stories=1 disable_adds=0
08-19 20:51:54.839 12985 13026 I DFInstaObserve: !toggles +blocked disable_feed=0 disable_explore=0 disable_reels=0 disable_stories=1 disable_adds=0
08-19 20:51:54.899 12985 13182 I DFInstaObserve: !toggles +blocked disable_feed=0 disable_explore=0 disable_reels=0 disable_stories=1 disable_adds=0
08-19 20:51:55.024 12985 13182 I DFInstaObserve: !toggles +blocked disable_feed=0 disable_explore=0 disable_reels=0 disable_stories=1 disable_adds=0
08-19 20:51:55.228 12985 13454 I DFInstaObserve: !toggles +blocked disable_feed=0 disable_explore=0 disable_reels=0 disable_stories=1 disable_adds=0
08-19 20:51:58.982 12985 13378 I DFInstaObserve: !toggles +blocked disable_feed=0 disable_explore=0 disable_reels=0 disable_stories=1 disable_adds=0
08-19 20:51:58.982 12985 13378 I DFInstaObserve: /feed/timeline/
08-19 20:51:58.985 12985 13455 I DFInstaObserve: !toggles +blocked disable_feed=0 disable_explore=0 disable_reels=0 disable_stories=1 disable_adds=0
08-19 20:51:58.985 12985 13455 I DFInstaObserve: /feed/reels_tray/
08-19 20:51:58.985 12985 13455 I DFInstaObserve: !blocked /feed/reels_tray/
08-19 20:51:58.990 12985 12985 E IgFunctionalErrorEvent: STORY_NOT_LOADING
08-19 20:51:58.990 12985 12985 E IgFunctionalErrorEvent: java.io.IOException: Blocked by DFInsta setting
08-19 20:52:00.103 12985 13203 I DFInstaObserve: !toggles +blocked disable_feed=0 disable_explore=0 disable_reels=0 disable_stories=1 disable_adds=0
08-19 20:52:00.258 12985 13027 I DFInstaObserve: !toggles +blocked disable_feed=0 disable_explore=0 disable_reels=0 disable_stories=1 disable_adds=0
08-19 20:52:00.598 12985 13026 I DFInstaObserve: !toggles +blocked disable_feed=0 disable_explore=0 disable_reels=0 disable_stories=1 disable_adds=0
08-19 20:52:00.803 12985 13435 I DFInstaObserve: !toggles +blocked disable_feed=0 disable_explore=0 disable_reels=0 disable_stories=1 disable_adds=0
08-19 20:52:00.803 12985 13435 I DFInstaObserve: /feed/timeline/
08-19 20:52:02.816 12985 13026 I DFInstaObserve: !toggles +blocked disable_feed=0 disable_explore=0 disable_reels=0 disable_stories=1 disable_adds=0
08-19 20:52:02.820 12985 13026 I DFInstaObserve: !toggles +blocked disable_feed=0 disable_explore=0 disable_reels=0 disable_stories=1 disable_adds=0
08-19 20:52:03.155 12985 13488 I DFInstaObserve: !toggles +blocked disable_feed=0 disable_explore=0 disable_reels=0 disable_stories=1 disable_adds=0
08-19 20:52:03.399 12985 13379 I DFInstaObserve: !toggles +blocked disable_feed=0 disable_explore=0 disable_reels=0 disable_stories=1 disable_adds=0
08-19 20:52:10.530 12985 13026 I DFInstaObserve: !toggles +blocked disable_feed=0 disable_explore=0 disable_reels=0 disable_stories=1 disable_adds=0
08-19 20:52:10.658 12985 13026 I DFInstaObserve: !toggles +blocked disable_feed=0 disable_explore=0 disable_reels=0 disable_stories=1 disable_adds=0
08-19 20:52:10.662 12985 13027 I DFInstaObserve: !toggles +blocked disable_feed=0 disable_explore=0 disable_reels=0 disable_stories=1 disable_adds=0
08-19 20:52:14.026 12985 13026 I DFInstaObserve: !toggles +blocked disable_feed=0 disable_explore=0 disable_reels=0 disable_stories=1 disable_adds=0
08-19 20:52:18.173 12985 13026 I DFInstaObserve: !toggles +blocked disable_feed=0 disable_explore=0 disable_reels=0 disable_stories=1 disable_adds=0
08-19 20:52:18.178 12985 13027 I DFInstaObserve: !toggles +blocked disable_feed=0 disable_explore=0 disable_reels=0 disable_stories=1 disable_adds=0
08-19 20:52:24.131 12985 13027 I DFInstaObserve: !toggles +blocked disable_feed=0 disable_explore=0 disable_reels=0 disable_stories=1 disable_adds=0
08-19 20:52:24.134 12985 13026 I DFInstaObserve: !toggles +blocked disable_feed=0 disable_explore=0 disable_reels=0 disable_stories=1 disable_adds=0
08-19 20:52:24.237 12985 13591 I DFInstaObserve: !toggles +blocked disable_feed=0 disable_explore=0 disable_reels=0 disable_stories=1 disable_adds=0
08-19 20:52:27.182 13616 13616 I DFInstaWalk: surface=Search and explore
08-19 20:52:27.317 12985 13581 I DFInstaObserve: !toggles +blocked disable_feed=0 disable_explore=0 disable_reels=0 disable_stories=1 disable_adds=0
08-19 20:52:27.411 12985 13541 I DFInstaObserve: !toggles +blocked disable_feed=0 disable_explore=0 disable_reels=0 disable_stories=1 disable_adds=0
08-19 20:52:27.681 12985 13636 I DFInstaObserve: !toggles +blocked disable_feed=0 disable_explore=0 disable_reels=0 disable_stories=1 disable_adds=0
08-19 20:52:28.069 12985 13027 I DFInstaObserve: !toggles +blocked disable_feed=0 disable_explore=0 disable_reels=0 disable_stories=1 disable_adds=0
08-19 20:52:28.073 12985 13026 I DFInstaObserve: !toggles +blocked disable_feed=0 disable_explore=0 disable_reels=0 disable_stories=1 disable_adds=0
08-19 20:52:28.112 12985 13182 I DFInstaObserve: !toggles +blocked disable_feed=0 disable_explore=0 disable_reels=0 disable_stories=1 disable_adds=0
08-19 20:52:28.130 12985 13646 I DFInstaObserve: !toggles +blocked disable_feed=0 disable_explore=0 disable_reels=0 disable_stories=1 disable_adds=0
08-19 20:52:28.159 12985 13582 I DFInstaObserve: !toggles +blocked disable_feed=0 disable_explore=0 disable_reels=0 disable_stories=1 disable_adds=0
08-19 20:52:28.193 12985 13565 I DFInstaObserve: !toggles +blocked disable_feed=0 disable_explore=0 disable_reels=0 disable_stories=1 disable_adds=0
08-19 20:52:28.360 12985 13182 I DFInstaObserve: !toggles +blocked disable_feed=0 disable_explore=0 disable_reels=0 disable_stories=1 disable_adds=0
08-19 20:52:28.379 12985 13203 I DFInstaObserve: !toggles +blocked disable_feed=0 disable_explore=0 disable_reels=0 disable_stories=1 disable_adds=0
08-19 20:52:28.437 12985 13541 I DFInstaObserve: !toggles +blocked disable_feed=0 disable_explore=0 disable_reels=0 disable_stories=1 disable_adds=0
08-19 20:52:28.508 12985 13624 I DFInstaObserve: !toggles +blocked disable_feed=0 disable_explore=0 disable_reels=0 disable_stories=1 disable_adds=0
08-19 20:52:28.531 12985 13203 I DFInstaObserve: !toggles +blocked disable_feed=0 disable_explore=0 disable_reels=0 disable_stories=1 disable_adds=0
08-19 20:52:28.822 12985 13182 I DFInstaObserve: !toggles +blocked disable_feed=0 disable_explore=0 disable_reels=0 disable_stories=1 disable_adds=0
08-19 20:52:29.721 12985 13631 I DFInstaObserve: !toggles +blocked disable_feed=0 disable_explore=0 disable_reels=0 disable_stories=1 disable_adds=0
08-19 20:52:29.836 12985 13631 I DFInstaObserve: !toggles +blocked disable_feed=0 disable_explore=0 disable_reels=0 disable_stories=1 disable_adds=0
08-19 20:52:32.216 12985 13631 I DFInstaObserve: !toggles +blocked disable_feed=0 disable_explore=0 disable_reels=0 disable_stories=1 disable_adds=0
08-19 20:52:35.394 12985 13663 I DFInstaObserve: !toggles +blocked disable_feed=0 disable_explore=0 disable_reels=0 disable_stories=1 disable_adds=0
08-19 20:52:35.394 12985 13663 I DFInstaObserve: /discover/topical_explore
08-19 20:52:35.896 12985 13686 I DFInstaObserve: !toggles +blocked disable_feed=0 disable_explore=0 disable_reels=0 disable_stories=1 disable_adds=0
08-19 20:52:37.631 12985 13026 I DFInstaObserve: !toggles +blocked disable_feed=0 disable_explore=0 disable_reels=0 disable_stories=1 disable_adds=0
08-19 20:52:37.637 12985 13026 I DFInstaObserve: !toggles +blocked disable_feed=0 disable_explore=0 disable_reels=0 disable_stories=1 disable_adds=0
08-19 20:52:37.647 12985 13026 I DFInstaObserve: !toggles +blocked disable_feed=0 disable_explore=0 disable_reels=0 disable_stories=1 disable_adds=0
08-19 20:52:37.787 12985 13026 I DFInstaObserve: !toggles +blocked disable_feed=0 disable_explore=0 disable_reels=0 disable_stories=1 disable_adds=0
08-19 20:52:37.790 12985 13027 I DFInstaObserve: !toggles +blocked disable_feed=0 disable_explore=0 disable_reels=0 disable_stories=1 disable_adds=0
08-19 20:52:37.813 12985 13182 I DFInstaObserve: !toggles +blocked disable_feed=0 disable_explore=0 disable_reels=0 disable_stories=1 disable_adds=0
08-19 20:52:37.904 12985 13692 I DFInstaObserve: !toggles +blocked disable_feed=0 disable_explore=0 disable_reels=0 disable_stories=1 disable_adds=0
08-19 20:52:37.923 12985 13663 I DFInstaObserve: !toggles +blocked disable_feed=0 disable_explore=0 disable_reels=0 disable_stories=1 disable_adds=0
08-19 20:52:37.984 12985 13684 I DFInstaObserve: !toggles +blocked disable_feed=0 disable_explore=0 disable_reels=0 disable_stories=1 disable_adds=0
08-19 20:52:38.190 12985 13625 I DFInstaObserve: !toggles +blocked disable_feed=0 disable_explore=0 disable_reels=0 disable_stories=1 disable_adds=0
08-19 20:52:38.265 12985 13182 I DFInstaObserve: !toggles +blocked disable_feed=0 disable_explore=0 disable_reels=0 disable_stories=1 disable_adds=0
08-19 20:52:38.350 12985 13625 I DFInstaObserve: !toggles +blocked disable_feed=0 disable_explore=0 disable_reels=0 disable_stories=1 disable_adds=0
08-19 20:52:38.407 12985 13182 I DFInstaObserve: !toggles +blocked disable_feed=0 disable_explore=0 disable_reels=0 disable_stories=1 disable_adds=0
08-19 20:52:38.425 12985 13660 I DFInstaObserve: !toggles +blocked disable_feed=0 disable_explore=0 disable_reels=0 disable_stories=1 disable_adds=0
08-19 20:52:38.497 12985 13565 I DFInstaObserve: !toggles +blocked disable_feed=0 disable_explore=0 disable_reels=0 disable_stories=1 disable_adds=0
08-19 20:52:38.552 12985 13182 I DFInstaObserve: !toggles +blocked disable_feed=0 disable_explore=0 disable_reels=0 disable_stories=1 disable_adds=0
08-19 20:52:38.563 12985 13663 I DFInstaObserve: !toggles +blocked disable_feed=0 disable_explore=0 disable_reels=0 disable_stories=1 disable_adds=0
08-19 20:52:38.597 12985 13591 I DFInstaObserve: !toggles +blocked disable_feed=0 disable_explore=0 disable_reels=0 disable_stories=1 disable_adds=0
08-19 20:52:38.667 12985 13182 I DFInstaObserve: !toggles +blocked disable_feed=0 disable_explore=0 disable_reels=0 disable_stories=1 disable_adds=0
08-19 20:52:38.695 12985 13663 I DFInstaObserve: !toggles +blocked disable_feed=0 disable_explore=0 disable_reels=0 disable_stories=1 disable_adds=0
08-19 20:52:38.729 12985 13591 I DFInstaObserve: !toggles +blocked disable_feed=0 disable_explore=0 disable_reels=0 disable_stories=1 disable_adds=0
08-19 20:52:38.756 12985 13625 I DFInstaObserve: !toggles +blocked disable_feed=0 disable_explore=0 disable_reels=0 disable_stories=1 disable_adds=0
08-19 20:52:38.763 12985 13660 I DFInstaObserve: !toggles +blocked disable_feed=0 disable_explore=0 disable_reels=0 disable_stories=1 disable_adds=0
08-19 20:52:38.763 12985 13660 I DFInstaObserve: /discover/topical_explore
08-19 20:52:38.831 12985 13182 I DFInstaObserve: !toggles +blocked disable_feed=0 disable_explore=0 disable_reels=0 disable_stories=1 disable_adds=0
08-19 20:52:38.858 12985 13692 I DFInstaObserve: !toggles +blocked disable_feed=0 disable_explore=0 disable_reels=0 disable_stories=1 disable_adds=0
08-19 20:52:38.905 12985 13182 I DFInstaObserve: !toggles +blocked disable_feed=0 disable_explore=0 disable_reels=0 disable_stories=1 disable_adds=0
08-19 20:52:39.060 12985 13182 I DFInstaObserve: !toggles +blocked disable_feed=0 disable_explore=0 disable_reels=0 disable_stories=1 disable_adds=0
08-19 20:52:39.139 12985 13182 I DFInstaObserve: !toggles +blocked disable_feed=0 disable_explore=0 disable_reels=0 disable_stories=1 disable_adds=0
08-19 20:52:39.279 12985 13725 I DFInstaObserve: !toggles +blocked disable_feed=0 disable_explore=0 disable_reels=0 disable_stories=1 disable_adds=0
08-19 20:52:39.471 12985 13734 I DFInstaObserve: !toggles +blocked disable_feed=0 disable_explore=0 disable_reels=0 disable_stories=1 disable_adds=0
08-19 20:52:39.629 12985 13182 I DFInstaObserve: !toggles +blocked disable_feed=0 disable_explore=0 disable_reels=0 disable_stories=1 disable_adds=0
08-19 20:52:41.254 12985 13716 I DFInstaObserve: !toggles +blocked disable_feed=0 disable_explore=0 disable_reels=0 disable_stories=1 disable_adds=0
08-19 20:52:41.463 12985 13723 I DFInstaObserve: !toggles +blocked disable_feed=0 disable_explore=0 disable_reels=0 disable_stories=1 disable_adds=0
08-19 20:52:41.584 12985 13716 I DFInstaObserve: !toggles +blocked disable_feed=0 disable_explore=0 disable_reels=0 disable_stories=1 disable_adds=0
08-19 20:52:42.223 12985 13027 I DFInstaObserve: !toggles +blocked disable_feed=0 disable_explore=0 disable_reels=0 disable_stories=1 disable_adds=0
08-19 20:52:42.232 12985 13027 I DFInstaObserve: !toggles +blocked disable_feed=0 disable_explore=0 disable_reels=0 disable_stories=1 disable_adds=0
08-19 20:52:42.248 12985 13027 I DFInstaObserve: !toggles +blocked disable_feed=0 disable_explore=0 disable_reels=0 disable_stories=1 disable_adds=0
08-19 20:52:42.277 12985 13691 I DFInstaObserve: !toggles +blocked disable_feed=0 disable_explore=0 disable_reels=0 disable_stories=1 disable_adds=0
08-19 20:52:42.277 12985 13691 I DFInstaObserve: /discover/topical_explore
08-19 20:52:42.279 12985 13027 I DFInstaObserve: !toggles +blocked disable_feed=0 disable_explore=0 disable_reels=0 disable_stories=1 disable_adds=0
08-19 20:52:42.304 12985 13027 I DFInstaObserve: !toggles +blocked disable_feed=0 disable_explore=0 disable_reels=0 disable_stories=1 disable_adds=0
08-19 20:52:42.310 12985 13027 I DFInstaObserve: !toggles +blocked disable_feed=0 disable_explore=0 disable_reels=0 disable_stories=1 disable_adds=0
08-19 20:52:42.408 12985 13026 I DFInstaObserve: !toggles +blocked disable_feed=0 disable_explore=0 disable_reels=0 disable_stories=1 disable_adds=0
08-19 20:52:42.413 12985 13027 I DFInstaObserve: !toggles +blocked disable_feed=0 disable_explore=0 disable_reels=0 disable_stories=1 disable_adds=0
08-19 20:52:42.445 12985 13417 I DFInstaObserve: !toggles +blocked disable_feed=0 disable_explore=0 disable_reels=0 disable_stories=1 disable_adds=0
08-19 20:52:42.453 12985 13182 I DFInstaObserve: !toggles +blocked disable_feed=0 disable_explore=0 disable_reels=0 disable_stories=1 disable_adds=0
08-19 20:52:42.533 12985 13758 I DFInstaObserve: !toggles +blocked disable_feed=0 disable_explore=0 disable_reels=0 disable_stories=1 disable_adds=0
08-19 20:52:42.575 12985 13417 I DFInstaObserve: !toggles +blocked disable_feed=0 disable_explore=0 disable_reels=0 disable_stories=1 disable_adds=0
08-19 20:52:42.581 12985 13417 I DFInstaObserve: !toggles +blocked disable_feed=0 disable_explore=0 disable_reels=0 disable_stories=1 disable_adds=0
08-19 20:52:42.586 12985 13417 I DFInstaObserve: !toggles +blocked disable_feed=0 disable_explore=0 disable_reels=0 disable_stories=1 disable_adds=0
08-19 20:52:42.641 12985 13763 I DFInstaObserve: !toggles +blocked disable_feed=0 disable_explore=0 disable_reels=0 disable_stories=1 disable_adds=0
08-19 20:52:42.712 12985 13182 I DFInstaObserve: !toggles +blocked disable_feed=0 disable_explore=0 disable_reels=0 disable_stories=1 disable_adds=0
08-19 20:52:42.747 12985 13182 I DFInstaObserve: !toggles +blocked disable_feed=0 disable_explore=0 disable_reels=0 disable_stories=1 disable_adds=0
08-19 20:52:42.787 12985 13692 I DFInstaObserve: !toggles +blocked disable_feed=0 disable_explore=0 disable_reels=0 disable_stories=1 disable_adds=0
08-19 20:52:43.056 12985 13417 I DFInstaObserve: !toggles +blocked disable_feed=0 disable_explore=0 disable_reels=0 disable_stories=1 disable_adds=0
08-19 20:52:43.064 12985 13417 I DFInstaObserve: !toggles +blocked disable_feed=0 disable_explore=0 disable_reels=0 disable_stories=1 disable_adds=0
08-19 20:52:43.074 12985 13580 I DFInstaObserve: !toggles +blocked disable_feed=0 disable_explore=0 disable_reels=0 disable_stories=1 disable_adds=0
08-19 20:52:43.113 12985 13769 I DFInstaObserve: !toggles +blocked disable_feed=0 disable_explore=0 disable_reels=0 disable_stories=1 disable_adds=0
08-19 20:52:43.179 12985 13580 I DFInstaObserve: !toggles +blocked disable_feed=0 disable_explore=0 disable_reels=0 disable_stories=1 disable_adds=0
08-19 20:52:43.384 12985 13742 I DFInstaObserve: !toggles +blocked disable_feed=0 disable_explore=0 disable_reels=0 disable_stories=1 disable_adds=0
08-19 20:52:43.461 12985 13182 I DFInstaObserve: !toggles +blocked disable_feed=0 disable_explore=0 disable_reels=0 disable_stories=1 disable_adds=0
08-19 20:52:44.541 12985 13182 I DFInstaObserve: !toggles +blocked disable_feed=0 disable_explore=0 disable_reels=0 disable_stories=1 disable_adds=0
08-19 20:52:44.591 12985 13182 I DFInstaObserve: !toggles +blocked disable_feed=0 disable_explore=0 disable_reels=0 disable_stories=1 disable_adds=0
08-19 20:52:44.632 12985 13758 I DFInstaObserve: !toggles +blocked disable_feed=0 disable_explore=0 disable_reels=0 disable_stories=1 disable_adds=0
08-19 20:52:45.539 12985 13182 I DFInstaObserve: !toggles +blocked disable_feed=0 disable_explore=0 disable_reels=0 disable_stories=1 disable_adds=0
08-19 20:52:45.586 12985 13182 I DFInstaObserve: !toggles +blocked disable_feed=0 disable_explore=0 disable_reels=0 disable_stories=1 disable_adds=0
08-19 20:52:45.607 12985 13027 I DFInstaObserve: !toggles +blocked disable_feed=0 disable_explore=0 disable_reels=0 disable_stories=1 disable_adds=0
08-19 20:52:45.612 12985 13027 I DFInstaObserve: !toggles +blocked disable_feed=0 disable_explore=0 disable_reels=0 disable_stories=1 disable_adds=0
08-19 20:52:45.614 12985 13660 I DFInstaObserve: !toggles +blocked disable_feed=0 disable_explore=0 disable_reels=0 disable_stories=1 disable_adds=0
08-19 20:52:45.614 12985 13660 I DFInstaObserve: /discover/topical_explore
08-19 20:52:45.689 12985 13789 I DFInstaObserve: !toggles +blocked disable_feed=0 disable_explore=0 disable_reels=0 disable_stories=1 disable_adds=0
08-19 20:52:45.690 12985 13417 I DFInstaObserve: !toggles +blocked disable_feed=0 disable_explore=0 disable_reels=0 disable_stories=1 disable_adds=0
08-19 20:52:45.695 12985 13774 I DFInstaObserve: !toggles +blocked disable_feed=0 disable_explore=0 disable_reels=0 disable_stories=1 disable_adds=0
08-19 20:52:45.726 12985 13774 I DFInstaObserve: !toggles +blocked disable_feed=0 disable_explore=0 disable_reels=0 disable_stories=1 disable_adds=0
08-19 20:52:45.828 12985 13417 I DFInstaObserve: !toggles +blocked disable_feed=0 disable_explore=0 disable_reels=0 disable_stories=1 disable_adds=0
08-19 20:52:45.960 12985 13806 I DFInstaObserve: !toggles +blocked disable_feed=0 disable_explore=0 disable_reels=0 disable_stories=1 disable_adds=0
08-19 20:52:45.962 12985 13807 I DFInstaObserve: !toggles +blocked disable_feed=0 disable_explore=0 disable_reels=0 disable_stories=1 disable_adds=0
08-19 20:52:45.979 12985 13417 I DFInstaObserve: !toggles +blocked disable_feed=0 disable_explore=0 disable_reels=0 disable_stories=1 disable_adds=0
08-19 20:52:45.983 12985 13663 I DFInstaObserve: !toggles +blocked disable_feed=0 disable_explore=0 disable_reels=0 disable_stories=1 disable_adds=0
08-19 20:52:45.990 12985 13417 I DFInstaObserve: !toggles +blocked disable_feed=0 disable_explore=0 disable_reels=0 disable_stories=1 disable_adds=0
08-19 20:52:46.137 12985 13654 I DFInstaObserve: !toggles +blocked disable_feed=0 disable_explore=0 disable_reels=0 disable_stories=1 disable_adds=0
08-19 20:52:46.285 12985 13691 I DFInstaObserve: !toggles +blocked disable_feed=0 disable_explore=0 disable_reels=0 disable_stories=1 disable_adds=0
08-19 20:52:46.359 12985 13815 I DFInstaObserve: !toggles +blocked disable_feed=0 disable_explore=0 disable_reels=0 disable_stories=1 disable_adds=0
08-19 20:52:46.519 12985 13812 I DFInstaObserve: !toggles +blocked disable_feed=0 disable_explore=0 disable_reels=0 disable_stories=1 disable_adds=0
08-19 20:52:46.558 12985 13743 I DFInstaObserve: !toggles +blocked disable_feed=0 disable_explore=0 disable_reels=0 disable_stories=1 disable_adds=0
08-19 20:52:46.660 12985 13808 I DFInstaObserve: !toggles +blocked disable_feed=0 disable_explore=0 disable_reels=0 disable_stories=1 disable_adds=0
08-19 20:52:46.687 12985 13826 I DFInstaObserve: !toggles +blocked disable_feed=0 disable_explore=0 disable_reels=0 disable_stories=1 disable_adds=0
08-19 20:52:46.713 12985 13752 I DFInstaObserve: !toggles +blocked disable_feed=0 disable_explore=0 disable_reels=0 disable_stories=1 disable_adds=0
08-19 20:52:46.905 12985 13774 I DFInstaObserve: !toggles +blocked disable_feed=0 disable_explore=0 disable_reels=0 disable_stories=1 disable_adds=0
08-19 20:52:46.942 12985 13691 I DFInstaObserve: !toggles +blocked disable_feed=0 disable_explore=0 disable_reels=0 disable_stories=1 disable_adds=0
08-19 20:52:47.109 12985 13182 I DFInstaObserve: !toggles +blocked disable_feed=0 disable_explore=0 disable_reels=0 disable_stories=1 disable_adds=0
08-19 20:52:47.114 12985 13774 I DFInstaObserve: !toggles +blocked disable_feed=0 disable_explore=0 disable_reels=0 disable_stories=1 disable_adds=0
08-19 20:52:47.225 12985 13182 I DFInstaObserve: !toggles +blocked disable_feed=0 disable_explore=0 disable_reels=0 disable_stories=1 disable_adds=0
08-19 20:52:47.365 12985 13182 I DFInstaObserve: !toggles +blocked disable_feed=0 disable_explore=0 disable_reels=0 disable_stories=1 disable_adds=0
08-19 20:52:48.024 12985 13182 I DFInstaObserve: !toggles +blocked disable_feed=0 disable_explore=0 disable_reels=0 disable_stories=1 disable_adds=0
08-19 20:52:48.108 12985 13026 I DFInstaObserve: !toggles +blocked disable_feed=0 disable_explore=0 disable_reels=0 disable_stories=1 disable_adds=0
08-19 20:52:48.112 12985 13027 I DFInstaObserve: !toggles +blocked disable_feed=0 disable_explore=0 disable_reels=0 disable_stories=1 disable_adds=0
08-19 20:52:48.175 12985 13182 I DFInstaObserve: !toggles +blocked disable_feed=0 disable_explore=0 disable_reels=0 disable_stories=1 disable_adds=0
08-19 20:52:48.283 12985 13774 I DFInstaObserve: !toggles +blocked disable_feed=0 disable_explore=0 disable_reels=0 disable_stories=1 disable_adds=0
08-19 20:52:48.332 12985 13812 I DFInstaObserve: !toggles +blocked disable_feed=0 disable_explore=0 disable_reels=0 disable_stories=1 disable_adds=0
08-19 20:52:48.347 12985 13806 I DFInstaObserve: !toggles +blocked disable_feed=0 disable_explore=0 disable_reels=0 disable_stories=1 disable_adds=0
08-19 20:52:48.499 12985 13812 I DFInstaObserve: !toggles +blocked disable_feed=0 disable_explore=0 disable_reels=0 disable_stories=1 disable_adds=0
08-19 20:52:48.554 12985 13834 I DFInstaObserve: !toggles +blocked disable_feed=0 disable_explore=0 disable_reels=0 disable_stories=1 disable_adds=0
08-19 20:52:48.651 12985 13815 I DFInstaObserve: !toggles +blocked disable_feed=0 disable_explore=0 disable_reels=0 disable_stories=1 disable_adds=0
08-19 20:52:48.668 12985 13812 I DFInstaObserve: !toggles +blocked disable_feed=0 disable_explore=0 disable_reels=0 disable_stories=1 disable_adds=0
08-19 20:52:48.717 12985 13812 I DFInstaObserve: !toggles +blocked disable_feed=0 disable_explore=0 disable_reels=0 disable_stories=1 disable_adds=0
08-19 20:52:48.880 12985 13774 I DFInstaObserve: !toggles +blocked disable_feed=0 disable_explore=0 disable_reels=0 disable_stories=1 disable_adds=0
08-19 20:52:48.963 12985 13843 I DFInstaObserve: !toggles +blocked disable_feed=0 disable_explore=0 disable_reels=0 disable_stories=1 disable_adds=0
08-19 20:52:49.096 12985 13833 I DFInstaObserve: !toggles +blocked disable_feed=0 disable_explore=0 disable_reels=0 disable_stories=1 disable_adds=0
08-19 20:52:49.096 12985 13833 I DFInstaObserve: /discover/topical_explore
08-19 20:52:49.142 12985 13752 I DFInstaObserve: !toggles +blocked disable_feed=0 disable_explore=0 disable_reels=0 disable_stories=1 disable_adds=0
08-19 20:52:49.234 12985 13812 I DFInstaObserve: !toggles +blocked disable_feed=0 disable_explore=0 disable_reels=0 disable_stories=1 disable_adds=0
08-19 20:52:49.334 12985 13843 I DFInstaObserve: !toggles +blocked disable_feed=0 disable_explore=0 disable_reels=0 disable_stories=1 disable_adds=0
08-19 20:52:49.398 12985 13843 I DFInstaObserve: !toggles +blocked disable_feed=0 disable_explore=0 disable_reels=0 disable_stories=1 disable_adds=0
08-19 20:52:49.483 12985 13812 I DFInstaObserve: !toggles +blocked disable_feed=0 disable_explore=0 disable_reels=0 disable_stories=1 disable_adds=0
08-19 20:52:49.530 12985 13860 I DFInstaObserve: !toggles +blocked disable_feed=0 disable_explore=0 disable_reels=0 disable_stories=1 disable_adds=0
08-19 20:52:49.532 12985 13857 I DFInstaObserve: !toggles +blocked disable_feed=0 disable_explore=0 disable_reels=0 disable_stories=1 disable_adds=0
08-19 20:52:49.609 12985 13691 I DFInstaObserve: !toggles +blocked disable_feed=0 disable_explore=0 disable_reels=0 disable_stories=1 disable_adds=0
08-19 20:52:49.610 12985 13182 I DFInstaObserve: !toggles +blocked disable_feed=0 disable_explore=0 disable_reels=0 disable_stories=1 disable_adds=0
08-19 20:52:49.705 12985 13868 I DFInstaObserve: !toggles +blocked disable_feed=0 disable_explore=0 disable_reels=0 disable_stories=1 disable_adds=0
08-19 20:52:49.706 12985 13869 I DFInstaObserve: !toggles +blocked disable_feed=0 disable_explore=0 disable_reels=0 disable_stories=1 disable_adds=0
08-19 20:52:49.706 12985 13808 I DFInstaObserve: !toggles +blocked disable_feed=0 disable_explore=0 disable_reels=0 disable_stories=1 disable_adds=0
08-19 20:52:49.729 12985 13182 I DFInstaObserve: !toggles +blocked disable_feed=0 disable_explore=0 disable_reels=0 disable_stories=1 disable_adds=0
08-19 20:52:49.763 12985 13832 I DFInstaObserve: !toggles +blocked disable_feed=0 disable_explore=0 disable_reels=0 disable_stories=1 disable_adds=0
08-19 20:52:49.854 12985 13182 I DFInstaObserve: !toggles +blocked disable_feed=0 disable_explore=0 disable_reels=0 disable_stories=1 disable_adds=0
08-19 20:52:49.918 12985 13182 I DFInstaObserve: !toggles +blocked disable_feed=0 disable_explore=0 disable_reels=0 disable_stories=1 disable_adds=0
08-19 20:52:50.200 12985 13182 I DFInstaObserve: !toggles +blocked disable_feed=0 disable_explore=0 disable_reels=0 disable_stories=1 disable_adds=0
08-19 20:52:51.491 12985 13849 I DFInstaObserve: !toggles +blocked disable_feed=0 disable_explore=0 disable_reels=0 disable_stories=1 disable_adds=0
08-19 20:52:51.658 12985 13857 I DFInstaObserve: !toggles +blocked disable_feed=0 disable_explore=0 disable_reels=0 disable_stories=1 disable_adds=0
08-19 20:52:51.760 12985 13027 I DFInstaObserve: !toggles +blocked disable_feed=0 disable_explore=0 disable_reels=0 disable_stories=1 disable_adds=0
08-19 20:52:51.767 12985 13026 I DFInstaObserve: !toggles +blocked disable_feed=0 disable_explore=0 disable_reels=0 disable_stories=1 disable_adds=0
08-19 20:52:51.794 12985 13182 I DFInstaObserve: !toggles +blocked disable_feed=0 disable_explore=0 disable_reels=0 disable_stories=1 disable_adds=0
08-19 20:52:52.161 13881 13881 I DFInstaWalk: surface=Reels
08-19 20:52:52.340 12985 13843 I DFInstaObserve: !toggles +blocked disable_feed=0 disable_explore=0 disable_reels=0 disable_stories=1 disable_adds=0
08-19 20:52:52.374 12985 13027 I DFInstaObserve: !toggles +blocked disable_feed=0 disable_explore=0 disable_reels=0 disable_stories=1 disable_adds=0
08-19 20:52:52.532 12985 13026 I DFInstaObserve: !toggles +blocked disable_feed=0 disable_explore=0 disable_reels=0 disable_stories=1 disable_adds=0
08-19 20:52:52.550 12985 13026 I DFInstaObserve: !toggles +blocked disable_feed=0 disable_explore=0 disable_reels=0 disable_stories=1 disable_adds=0
08-19 20:52:52.554 12985 13417 I DFInstaObserve: !toggles +blocked disable_feed=0 disable_explore=0 disable_reels=0 disable_stories=1 disable_adds=0
08-19 20:52:52.614 12985 13203 I DFInstaObserve: !toggles +blocked disable_feed=0 disable_explore=0 disable_reels=0 disable_stories=1 disable_adds=0
08-19 20:52:52.630 12985 13417 I DFInstaObserve: !toggles +blocked disable_feed=0 disable_explore=0 disable_reels=0 disable_stories=1 disable_adds=0
08-19 20:52:52.956 12985 13203 I DFInstaObserve: !toggles +blocked disable_feed=0 disable_explore=0 disable_reels=0 disable_stories=1 disable_adds=0
08-19 20:52:53.061 12985 13832 I DFInstaObserve: !toggles +blocked disable_feed=0 disable_explore=0 disable_reels=0 disable_stories=1 disable_adds=0
08-19 20:52:53.136 12985 13916 I DFInstaObserve: !toggles +blocked disable_feed=0 disable_explore=0 disable_reels=0 disable_stories=1 disable_adds=0
08-19 20:52:53.152 12985 13203 I DFInstaObserve: !toggles +blocked disable_feed=0 disable_explore=0 disable_reels=0 disable_stories=1 disable_adds=0
08-19 20:52:53.217 12985 13752 I DFInstaObserve: !toggles +blocked disable_feed=0 disable_explore=0 disable_reels=0 disable_stories=1 disable_adds=0
08-19 20:52:53.310 12985 13203 I DFInstaObserve: !toggles +blocked disable_feed=0 disable_explore=0 disable_reels=0 disable_stories=1 disable_adds=0
08-19 20:52:53.388 12985 13832 I DFInstaObserve: !toggles +blocked disable_feed=0 disable_explore=0 disable_reels=0 disable_stories=1 disable_adds=0
08-19 20:52:53.486 12985 13203 I DFInstaObserve: !toggles +blocked disable_feed=0 disable_explore=0 disable_reels=0 disable_stories=1 disable_adds=0
08-19 20:52:53.527 12985 13875 I DFInstaObserve: !toggles +blocked disable_feed=0 disable_explore=0 disable_reels=0 disable_stories=1 disable_adds=0
08-19 20:52:53.534 12985 13875 I DFInstaObserve: !toggles +blocked disable_feed=0 disable_explore=0 disable_reels=0 disable_stories=1 disable_adds=0
08-19 20:52:53.591 12985 13812 I DFInstaObserve: !toggles +blocked disable_feed=0 disable_explore=0 disable_reels=0 disable_stories=1 disable_adds=0
08-19 20:52:53.598 12985 13203 I DFInstaObserve: !toggles +blocked disable_feed=0 disable_explore=0 disable_reels=0 disable_stories=1 disable_adds=0
08-19 20:52:53.677 12985 13832 I DFInstaObserve: !toggles +blocked disable_feed=0 disable_explore=0 disable_reels=0 disable_stories=1 disable_adds=0
08-19 20:52:53.700 12985 13182 I DFInstaObserve: !toggles +blocked disable_feed=0 disable_explore=0 disable_reels=0 disable_stories=1 disable_adds=0
08-19 20:52:53.716 12985 13919 I DFInstaObserve: !toggles +blocked disable_feed=0 disable_explore=0 disable_reels=0 disable_stories=1 disable_adds=0
08-19 20:52:53.781 12985 13182 I DFInstaObserve: !toggles +blocked disable_feed=0 disable_explore=0 disable_reels=0 disable_stories=1 disable_adds=0
08-19 20:52:53.831 12985 13832 I DFInstaObserve: !toggles +blocked disable_feed=0 disable_explore=0 disable_reels=0 disable_stories=1 disable_adds=0
08-19 20:52:53.907 12985 13843 I DFInstaObserve: !toggles +blocked disable_feed=0 disable_explore=0 disable_reels=0 disable_stories=1 disable_adds=0
08-19 20:52:53.942 12985 13919 I DFInstaObserve: !toggles +blocked disable_feed=0 disable_explore=0 disable_reels=0 disable_stories=1 disable_adds=0
08-19 20:52:53.995 12985 13832 I DFInstaObserve: !toggles +blocked disable_feed=0 disable_explore=0 disable_reels=0 disable_stories=1 disable_adds=0
08-19 20:52:54.083 12985 13832 I DFInstaObserve: !toggles +blocked disable_feed=0 disable_explore=0 disable_reels=0 disable_stories=1 disable_adds=0
08-19 20:52:54.133 12985 13832 I DFInstaObserve: !toggles +blocked disable_feed=0 disable_explore=0 disable_reels=0 disable_stories=1 disable_adds=0
08-19 20:52:54.184 12985 13926 I DFInstaObserve: !toggles +blocked disable_feed=0 disable_explore=0 disable_reels=0 disable_stories=1 disable_adds=0
08-19 20:52:54.248 12985 13182 I DFInstaObserve: !toggles +blocked disable_feed=0 disable_explore=0 disable_reels=0 disable_stories=1 disable_adds=0
08-19 20:52:54.248 12985 13832 I DFInstaObserve: !toggles +blocked disable_feed=0 disable_explore=0 disable_reels=0 disable_stories=1 disable_adds=0
08-19 20:52:54.292 12985 13922 I DFInstaObserve: !toggles +blocked disable_feed=0 disable_explore=0 disable_reels=0 disable_stories=1 disable_adds=0
08-19 20:52:54.295 12985 13182 I DFInstaObserve: !toggles +blocked disable_feed=0 disable_explore=0 disable_reels=0 disable_stories=1 disable_adds=0
08-19 20:52:54.395 12985 13919 I DFInstaObserve: !toggles +blocked disable_feed=0 disable_explore=0 disable_reels=0 disable_stories=1 disable_adds=0
08-19 20:52:54.453 12985 13182 I DFInstaObserve: !toggles +blocked disable_feed=0 disable_explore=0 disable_reels=0 disable_stories=1 disable_adds=0
08-19 20:52:54.476 12985 13832 I DFInstaObserve: !toggles +blocked disable_feed=0 disable_explore=0 disable_reels=0 disable_stories=1 disable_adds=0
08-19 20:52:54.496 12985 13182 I DFInstaObserve: !toggles +blocked disable_feed=0 disable_explore=0 disable_reels=0 disable_stories=1 disable_adds=0
08-19 20:52:54.579 12985 13182 I DFInstaObserve: !toggles +blocked disable_feed=0 disable_explore=0 disable_reels=0 disable_stories=1 disable_adds=0
08-19 20:52:54.625 12985 13182 I DFInstaObserve: !toggles +blocked disable_feed=0 disable_explore=0 disable_reels=0 disable_stories=1 disable_adds=0
08-19 20:52:54.796 12985 13934 I DFInstaObserve: !toggles +blocked disable_feed=0 disable_explore=0 disable_reels=0 disable_stories=1 disable_adds=0
08-19 20:52:54.799 12985 13933 I DFInstaObserve: !toggles +blocked disable_feed=0 disable_explore=0 disable_reels=0 disable_stories=1 disable_adds=0
08-19 20:52:54.986 12985 13933 I DFInstaObserve: !toggles +blocked disable_feed=0 disable_explore=0 disable_reels=0 disable_stories=1 disable_adds=0
08-19 20:52:55.921 12985 13182 I DFInstaObserve: !toggles +blocked disable_feed=0 disable_explore=0 disable_reels=0 disable_stories=1 disable_adds=0
08-19 20:52:56.016 12985 13182 I DFInstaObserve: !toggles +blocked disable_feed=0 disable_explore=0 disable_reels=0 disable_stories=1 disable_adds=0
08-19 20:52:56.054 12985 13182 I DFInstaObserve: !toggles +blocked disable_feed=0 disable_explore=0 disable_reels=0 disable_stories=1 disable_adds=0
08-19 20:53:00.375 12985 13874 I DFInstaObserve: !toggles +blocked disable_feed=0 disable_explore=0 disable_reels=0 disable_stories=1 disable_adds=0
08-19 20:53:00.375 12985 13874 I DFInstaObserve: /clips/discover
08-19 20:53:00.375 12985 13874 I DFInstaObserve: /clips/discover/stream/
08-19 20:53:00.777 12985 13027 I DFInstaObserve: !toggles +blocked disable_feed=0 disable_explore=0 disable_reels=0 disable_stories=1 disable_adds=0
08-19 20:53:00.831 12985 13027 I DFInstaObserve: !toggles +blocked disable_feed=0 disable_explore=0 disable_reels=0 disable_stories=1 disable_adds=0
08-19 20:53:02.883 12985 13901 I DFInstaObserve: !toggles +blocked disable_feed=0 disable_explore=0 disable_reels=0 disable_stories=1 disable_adds=0
08-19 20:53:02.885 12985 13971 I DFInstaObserve: !toggles +blocked disable_feed=0 disable_explore=0 disable_reels=0 disable_stories=1 disable_adds=0
08-19 20:53:04.762 12985 13027 I DFInstaObserve: !toggles +blocked disable_feed=0 disable_explore=0 disable_reels=0 disable_stories=1 disable_adds=0
08-19 20:53:04.769 12985 13026 I DFInstaObserve: !toggles +blocked disable_feed=0 disable_explore=0 disable_reels=0 disable_stories=1 disable_adds=0
08-19 20:53:04.787 12985 13182 I DFInstaObserve: !toggles +blocked disable_feed=0 disable_explore=0 disable_reels=0 disable_stories=1 disable_adds=0
08-19 20:53:04.832 12985 13026 I DFInstaObserve: !toggles +blocked disable_feed=0 disable_explore=0 disable_reels=0 disable_stories=1 disable_adds=0
08-19 20:53:04.919 12985 13985 I DFInstaObserve: !toggles +blocked disable_feed=0 disable_explore=0 disable_reels=0 disable_stories=1 disable_adds=0
08-19 20:53:04.965 12985 13956 I DFInstaObserve: !toggles +blocked disable_feed=0 disable_explore=0 disable_reels=0 disable_stories=1 disable_adds=0
08-19 20:53:04.978 12985 13985 I DFInstaObserve: !toggles +blocked disable_feed=0 disable_explore=0 disable_reels=0 disable_stories=1 disable_adds=0
08-19 20:53:05.097 12985 13956 I DFInstaObserve: !toggles +blocked disable_feed=0 disable_explore=0 disable_reels=0 disable_stories=1 disable_adds=0
08-19 20:53:05.818 12985 13182 I DFInstaObserve: !toggles +blocked disable_feed=0 disable_explore=0 disable_reels=0 disable_stories=1 disable_adds=0
08-19 20:53:05.942 12985 13182 I DFInstaObserve: !toggles +blocked disable_feed=0 disable_explore=0 disable_reels=0 disable_stories=1 disable_adds=0
08-19 20:53:06.238 12985 14006 I DFInstaObserve: !toggles +blocked disable_feed=0 disable_explore=0 disable_reels=0 disable_stories=1 disable_adds=0
08-19 20:53:06.244 12985 14005 I DFInstaObserve: !toggles +blocked disable_feed=0 disable_explore=0 disable_reels=0 disable_stories=1 disable_adds=0
08-19 20:53:07.513 12985 13027 I DFInstaObserve: !toggles +blocked disable_feed=0 disable_explore=0 disable_reels=0 disable_stories=1 disable_adds=0
08-19 20:53:07.551 12985 13027 I DFInstaObserve: !toggles +blocked disable_feed=0 disable_explore=0 disable_reels=0 disable_stories=1 disable_adds=0
08-19 20:53:07.824 12985 13182 I DFInstaObserve: !toggles +blocked disable_feed=0 disable_explore=0 disable_reels=0 disable_stories=1 disable_adds=0
08-19 20:53:07.911 12985 13182 I DFInstaObserve: !toggles +blocked disable_feed=0 disable_explore=0 disable_reels=0 disable_stories=1 disable_adds=0
08-19 20:53:08.581 12985 13182 I DFInstaObserve: !toggles +blocked disable_feed=0 disable_explore=0 disable_reels=0 disable_stories=1 disable_adds=0
08-19 20:53:08.685 12985 13182 I DFInstaObserve: !toggles +blocked disable_feed=0 disable_explore=0 disable_reels=0 disable_stories=1 disable_adds=0
08-19 20:53:08.834 12985 13182 I DFInstaObserve: !toggles +blocked disable_feed=0 disable_explore=0 disable_reels=0 disable_stories=1 disable_adds=0
08-19 20:53:09.604 12985 14036 I DFInstaObserve: !toggles +blocked disable_feed=0 disable_explore=0 disable_reels=0 disable_stories=1 disable_adds=0
08-19 20:53:09.608 12985 14035 I DFInstaObserve: !toggles +blocked disable_feed=0 disable_explore=0 disable_reels=0 disable_stories=1 disable_adds=0
08-19 20:53:10.448 12985 14076 I DFInstaObserve: !toggles +blocked disable_feed=0 disable_explore=0 disable_reels=0 disable_stories=1 disable_adds=0
08-19 20:53:10.913 12985 13026 I DFInstaObserve: !toggles +blocked disable_feed=0 disable_explore=0 disable_reels=0 disable_stories=1 disable_adds=0
08-19 20:53:11.068 12985 14077 I DFInstaObserve: !toggles +blocked disable_feed=0 disable_explore=0 disable_reels=0 disable_stories=1 disable_adds=0
08-19 20:53:13.280 12985 14077 I DFInstaObserve: !toggles +blocked disable_feed=0 disable_explore=0 disable_reels=0 disable_stories=1 disable_adds=0
08-19 20:53:13.285 12985 14076 I DFInstaObserve: !toggles +blocked disable_feed=0 disable_explore=0 disable_reels=0 disable_stories=1 disable_adds=0
08-19 20:53:13.807 12985 13874 I DFInstaObserve: !toggles +blocked disable_feed=0 disable_explore=0 disable_reels=0 disable_stories=1 disable_adds=0
08-19 20:53:13.807 12985 13874 I DFInstaObserve: /clips/discover
08-19 20:53:13.807 12985 13874 I DFInstaObserve: /clips/discover/stream/
08-19 20:53:14.236 12985 13026 I DFInstaObserve: !toggles +blocked disable_feed=0 disable_explore=0 disable_reels=0 disable_stories=1 disable_adds=0
08-19 20:53:16.318 12985 14109 I DFInstaObserve: !toggles +blocked disable_feed=0 disable_explore=0 disable_reels=0 disable_stories=1 disable_adds=0
08-19 20:53:16.318 12985 14108 I DFInstaObserve: !toggles +blocked disable_feed=0 disable_explore=0 disable_reels=0 disable_stories=1 disable_adds=0
08-19 20:53:17.074 14150 14150 I DFInstaWalk: surface=Home
08-19 20:53:17.167 12985 14128 I DFInstaObserve: !toggles +blocked disable_feed=0 disable_explore=0 disable_reels=0 disable_stories=1 disable_adds=0
08-19 20:53:17.233 12985 13203 I DFInstaObserve: !toggles +blocked disable_feed=0 disable_explore=0 disable_reels=0 disable_stories=1 disable_adds=0
08-19 20:53:17.357 12985 13203 I DFInstaObserve: !toggles +blocked disable_feed=0 disable_explore=0 disable_reels=0 disable_stories=1 disable_adds=0
08-19 20:53:17.545 12985 13203 I DFInstaObserve: !toggles +blocked disable_feed=0 disable_explore=0 disable_reels=0 disable_stories=1 disable_adds=0
08-19 20:53:17.903 12985 13027 I DFInstaObserve: !toggles +blocked disable_feed=0 disable_explore=0 disable_reels=0 disable_stories=1 disable_adds=0
08-19 20:53:17.912 12985 13027 I DFInstaObserve: !toggles +blocked disable_feed=0 disable_explore=0 disable_reels=0 disable_stories=1 disable_adds=0
08-19 20:53:17.928 12985 13182 I DFInstaObserve: !toggles +blocked disable_feed=0 disable_explore=0 disable_reels=0 disable_stories=1 disable_adds=0
08-19 20:53:18.023 12985 13985 I DFInstaObserve: !toggles +blocked disable_feed=0 disable_explore=0 disable_reels=0 disable_stories=1 disable_adds=0
08-19 20:53:18.196 12985 13026 I DFInstaObserve: !toggles +blocked disable_feed=0 disable_explore=0 disable_reels=0 disable_stories=1 disable_adds=0
08-19 20:53:18.224 12985 13985 I DFInstaObserve: !toggles +blocked disable_feed=0 disable_explore=0 disable_reels=0 disable_stories=1 disable_adds=0
08-19 20:53:18.330 12985 13985 I DFInstaObserve: !toggles +blocked disable_feed=0 disable_explore=0 disable_reels=0 disable_stories=1 disable_adds=0
08-19 20:53:18.861 12985 13182 I DFInstaObserve: !toggles +blocked disable_feed=0 disable_explore=0 disable_reels=0 disable_stories=1 disable_adds=0
08-19 20:53:18.949 12985 13182 I DFInstaObserve: !toggles +blocked disable_feed=0 disable_explore=0 disable_reels=0 disable_stories=1 disable_adds=0
08-19 20:53:19.199 12985 13182 I DFInstaObserve: !toggles +blocked disable_feed=0 disable_explore=0 disable_reels=0 disable_stories=1 disable_adds=0
08-19 20:53:19.486 12985 13182 I DFInstaObserve: !toggles +blocked disable_feed=0 disable_explore=0 disable_reels=0 disable_stories=1 disable_adds=0
08-19 20:53:19.931 12985 13182 I DFInstaObserve: !toggles +blocked disable_feed=0 disable_explore=0 disable_reels=0 disable_stories=1 disable_adds=0
08-19 20:53:20.055 12985 13182 I DFInstaObserve: !toggles +blocked disable_feed=0 disable_explore=0 disable_reels=0 disable_stories=1 disable_adds=0
08-19 20:53:20.707 12985 13182 I DFInstaObserve: !toggles +blocked disable_feed=0 disable_explore=0 disable_reels=0 disable_stories=1 disable_adds=0
08-19 20:53:22.594 12985 14128 I DFInstaObserve: !toggles +blocked disable_feed=0 disable_explore=0 disable_reels=0 disable_stories=1 disable_adds=0
08-19 20:53:22.594 12985 14128 I DFInstaObserve: /clips/discover
08-19 20:53:22.594 12985 14128 I DFInstaObserve: /clips/discover/stream/
08-19 20:53:25.938 12985 13182 I DFInstaObserve: !toggles +blocked disable_feed=0 disable_explore=0 disable_reels=0 disable_stories=1 disable_adds=0
08-19 20:53:26.533 12985 13182 I DFInstaObserve: !toggles +blocked disable_feed=0 disable_explore=0 disable_reels=0 disable_stories=1 disable_adds=0
08-19 20:53:26.608 12985 13182 I DFInstaObserve: !toggles +blocked disable_feed=0 disable_explore=0 disable_reels=0 disable_stories=1 disable_adds=0
08-19 20:53:27.642 12985 13182 I DFInstaObserve: !toggles +blocked disable_feed=0 disable_explore=0 disable_reels=0 disable_stories=1 disable_adds=0
08-19 20:53:27.734 12985 13182 I DFInstaObserve: !toggles +blocked disable_feed=0 disable_explore=0 disable_reels=0 disable_stories=1 disable_adds=0
08-19 20:53:27.826 12985 13182 I DFInstaObserve: !toggles +blocked disable_feed=0 disable_explore=0 disable_reels=0 disable_stories=1 disable_adds=0
08-19 20:53:27.915 12985 13182 I DFInstaObserve: !toggles +blocked disable_feed=0 disable_explore=0 disable_reels=0 disable_stories=1 disable_adds=0
08-19 20:53:28.728 12985 13182 I DFInstaObserve: !toggles +blocked disable_feed=0 disable_explore=0 disable_reels=0 disable_stories=1 disable_adds=0
08-19 20:53:37.452 12985 14225 I DFInstaObserve: !toggles +blocked disable_feed=0 disable_explore=0 disable_reels=0 disable_stories=1 disable_adds=0
08-19 20:53:37.452 12985 14225 I DFInstaObserve: /feed/timeline/
08-19 20:53:39.621 12985 13027 I DFInstaObserve: !toggles +blocked disable_feed=0 disable_explore=0 disable_reels=0 disable_stories=1 disable_adds=0
08-19 20:53:39.626 12985 13027 I DFInstaObserve: !toggles +blocked disable_feed=0 disable_explore=0 disable_reels=0 disable_stories=1 disable_adds=0
08-19 20:53:39.793 12985 13182 I DFInstaObserve: !toggles +blocked disable_feed=0 disable_explore=0 disable_reels=0 disable_stories=1 disable_adds=0
08-19 20:53:40.022 12985 14274 I DFInstaObserve: !toggles +blocked disable_feed=0 disable_explore=0 disable_reels=0 disable_stories=1 disable_adds=0
08-19 20:53:40.215 12985 14193 I DFInstaObserve: !toggles +blocked disable_feed=0 disable_explore=0 disable_reels=0 disable_stories=1 disable_adds=0
08-19 20:53:40.343 12985 14257 I DFInstaObserve: !toggles +blocked disable_feed=0 disable_explore=0 disable_reels=0 disable_stories=1 disable_adds=0
08-19 20:53:40.621 12985 14261 I DFInstaObserve: !toggles +blocked disable_feed=0 disable_explore=0 disable_reels=0 disable_stories=1 disable_adds=0
08-19 20:53:40.762 12985 14226 I DFInstaObserve: !toggles +blocked disable_feed=0 disable_explore=0 disable_reels=0 disable_stories=1 disable_adds=0
08-19 20:53:40.996 12985 14261 I DFInstaObserve: !toggles +blocked disable_feed=0 disable_explore=0 disable_reels=0 disable_stories=1 disable_adds=0
08-19 20:53:43.493 12985 13027 I DFInstaObserve: !toggles +blocked disable_feed=0 disable_explore=0 disable_reels=0 disable_stories=1 disable_adds=0
08-19 20:53:43.718 12985 13026 I DFInstaObserve: !toggles +blocked disable_feed=0 disable_explore=0 disable_reels=0 disable_stories=1 disable_adds=0
08-19 20:53:47.095 12985 13026 I DFInstaObserve: !toggles +blocked disable_feed=0 disable_explore=0 disable_reels=0 disable_stories=1 disable_adds=0
08-19 20:53:47.100 12985 13026 I DFInstaObserve: !toggles +blocked disable_feed=0 disable_explore=0 disable_reels=0 disable_stories=1 disable_adds=0
08-19 20:53:50.947 12985 14317 I DFInstaObserve: !toggles +blocked disable_feed=0 disable_explore=0 disable_reels=0 disable_stories=1 disable_adds=0
08-19 20:53:50.947 12985 14317 I DFInstaObserve: /feed/timeline/
08-19 20:53:53.511 14360 14360 I DFInstaWalk: surface=Search and explore
08-19 20:53:53.872 12985 13203 I DFInstaObserve: !toggles +blocked disable_feed=0 disable_explore=0 disable_reels=0 disable_stories=1 disable_adds=0
08-19 20:53:54.011 12985 13203 I DFInstaObserve: !toggles +blocked disable_feed=0 disable_explore=0 disable_reels=0 disable_stories=1 disable_adds=0
08-19 20:53:54.028 12985 13027 I DFInstaObserve: !toggles +blocked disable_feed=0 disable_explore=0 disable_reels=0 disable_stories=1 disable_adds=0
08-19 20:53:54.034 12985 13027 I DFInstaObserve: !toggles +blocked disable_feed=0 disable_explore=0 disable_reels=0 disable_stories=1 disable_adds=0
08-19 20:53:54.319 12985 13182 I DFInstaObserve: !toggles +blocked disable_feed=0 disable_explore=0 disable_reels=0 disable_stories=1 disable_adds=0
08-19 20:53:54.325 12985 14357 I DFInstaObserve: !toggles +blocked disable_feed=0 disable_explore=0 disable_reels=0 disable_stories=1 disable_adds=0
08-19 20:53:54.384 12985 13182 I DFInstaObserve: !toggles +blocked disable_feed=0 disable_explore=0 disable_reels=0 disable_stories=1 disable_adds=0
08-19 20:53:54.590 12985 14193 I DFInstaObserve: !toggles +blocked disable_feed=0 disable_explore=0 disable_reels=0 disable_stories=1 disable_adds=0
08-19 20:53:54.753 12985 14356 I DFInstaObserve: !toggles +blocked disable_feed=0 disable_explore=0 disable_reels=0 disable_stories=1 disable_adds=0
08-19 20:53:54.967 12985 14317 I DFInstaObserve: !toggles +blocked disable_feed=0 disable_explore=0 disable_reels=0 disable_stories=1 disable_adds=0
08-19 20:53:55.167 12985 14317 I DFInstaObserve: !toggles +blocked disable_feed=0 disable_explore=0 disable_reels=0 disable_stories=1 disable_adds=0
08-19 20:53:55.707 12985 14371 I DFInstaObserve: !toggles +blocked disable_feed=0 disable_explore=0 disable_reels=0 disable_stories=1 disable_adds=0
08-19 20:53:55.733 12985 14377 I DFInstaObserve: !toggles +blocked disable_feed=0 disable_explore=0 disable_reels=0 disable_stories=1 disable_adds=0
08-19 20:53:55.759 12985 14371 I DFInstaObserve: !toggles +blocked disable_feed=0 disable_explore=0 disable_reels=0 disable_stories=1 disable_adds=0
08-19 20:53:55.815 12985 14377 I DFInstaObserve: !toggles +blocked disable_feed=0 disable_explore=0 disable_reels=0 disable_stories=1 disable_adds=0
08-19 20:53:58.250 12985 14377 I DFInstaObserve: !toggles +blocked disable_feed=0 disable_explore=0 disable_reels=0 disable_stories=1 disable_adds=0
08-19 20:54:02.160 12985 14335 I DFInstaObserve: !toggles +blocked disable_feed=0 disable_explore=0 disable_reels=0 disable_stories=1 disable_adds=0
08-19 20:54:02.160 12985 14335 I DFInstaObserve: /discover/topical_explore
08-19 20:54:04.296 12985 14425 I DFInstaObserve: !toggles +blocked disable_feed=0 disable_explore=0 disable_reels=0 disable_stories=1 disable_adds=0
08-19 20:54:05.902 12985 14440 I DFInstaObserve: !toggles +blocked disable_feed=0 disable_explore=0 disable_reels=0 disable_stories=1 disable_adds=0
08-19 20:54:05.902 12985 14440 I DFInstaObserve: /discover/topical_explore
08-19 20:54:06.440 12985 14477 I DFInstaObserve: !toggles +blocked disable_feed=0 disable_explore=0 disable_reels=0 disable_stories=1 disable_adds=0
08-19 20:54:06.450 12985 13027 I DFInstaObserve: !toggles +blocked disable_feed=0 disable_explore=0 disable_reels=0 disable_stories=1 disable_adds=0
08-19 20:54:06.509 12985 13182 I DFInstaObserve: !toggles +blocked disable_feed=0 disable_explore=0 disable_reels=0 disable_stories=1 disable_adds=0
08-19 20:54:06.515 12985 14485 I DFInstaObserve: !toggles +blocked disable_feed=0 disable_explore=0 disable_reels=0 disable_stories=1 disable_adds=0
08-19 20:54:06.648 12985 14492 I DFInstaObserve: !toggles +blocked disable_feed=0 disable_explore=0 disable_reels=0 disable_stories=1 disable_adds=0
08-19 20:54:06.648 12985 13182 I DFInstaObserve: !toggles +blocked disable_feed=0 disable_explore=0 disable_reels=0 disable_stories=1 disable_adds=0
08-19 20:54:06.697 12985 14493 I DFInstaObserve: !toggles +blocked disable_feed=0 disable_explore=0 disable_reels=0 disable_stories=1 disable_adds=0
08-19 20:54:06.724 12985 13182 I DFInstaObserve: !toggles +blocked disable_feed=0 disable_explore=0 disable_reels=0 disable_stories=1 disable_adds=0
08-19 20:54:06.816 12985 14494 I DFInstaObserve: !toggles +blocked disable_feed=0 disable_explore=0 disable_reels=0 disable_stories=1 disable_adds=0
08-19 20:54:06.916 12985 14438 I DFInstaObserve: !toggles +blocked disable_feed=0 disable_explore=0 disable_reels=0 disable_stories=1 disable_adds=0
08-19 20:54:07.007 12985 14335 I DFInstaObserve: !toggles +blocked disable_feed=0 disable_explore=0 disable_reels=0 disable_stories=1 disable_adds=0
08-19 20:54:07.042 12985 14499 I DFInstaObserve: !toggles +blocked disable_feed=0 disable_explore=0 disable_reels=0 disable_stories=1 disable_adds=0
08-19 20:54:07.073 12985 13182 I DFInstaObserve: !toggles +blocked disable_feed=0 disable_explore=0 disable_reels=0 disable_stories=1 disable_adds=0
08-19 20:54:07.098 12985 14499 I DFInstaObserve: !toggles +blocked disable_feed=0 disable_explore=0 disable_reels=0 disable_stories=1 disable_adds=0
08-19 20:54:07.130 12985 14501 I DFInstaObserve: !toggles +blocked disable_feed=0 disable_explore=0 disable_reels=0 disable_stories=1 disable_adds=0
08-19 20:54:07.135 12985 13182 I DFInstaObserve: !toggles +blocked disable_feed=0 disable_explore=0 disable_reels=0 disable_stories=1 disable_adds=0
08-19 20:54:07.226 12985 14493 I DFInstaObserve: !toggles +blocked disable_feed=0 disable_explore=0 disable_reels=0 disable_stories=1 disable_adds=0
08-19 20:54:07.292 12985 14497 I DFInstaObserve: !toggles +blocked disable_feed=0 disable_explore=0 disable_reels=0 disable_stories=1 disable_adds=0
08-19 20:54:07.363 12985 14493 I DFInstaObserve: !toggles +blocked disable_feed=0 disable_explore=0 disable_reels=0 disable_stories=1 disable_adds=0
08-19 20:54:07.374 12985 13182 I DFInstaObserve: !toggles +blocked disable_feed=0 disable_explore=0 disable_reels=0 disable_stories=1 disable_adds=0
08-19 20:54:07.400 12985 14501 I DFInstaObserve: !toggles +blocked disable_feed=0 disable_explore=0 disable_reels=0 disable_stories=1 disable_adds=0
08-19 20:54:07.561 12985 14501 I DFInstaObserve: !toggles +blocked disable_feed=0 disable_explore=0 disable_reels=0 disable_stories=1 disable_adds=0
08-19 20:54:07.583 12985 13182 I DFInstaObserve: !toggles +blocked disable_feed=0 disable_explore=0 disable_reels=0 disable_stories=1 disable_adds=0
08-19 20:54:07.596 12985 14496 I DFInstaObserve: !toggles +blocked disable_feed=0 disable_explore=0 disable_reels=0 disable_stories=1 disable_adds=0
08-19 20:54:07.667 12985 14335 I DFInstaObserve: !toggles +blocked disable_feed=0 disable_explore=0 disable_reels=0 disable_stories=1 disable_adds=0
08-19 20:54:07.724 12985 13182 I DFInstaObserve: !toggles +blocked disable_feed=0 disable_explore=0 disable_reels=0 disable_stories=1 disable_adds=0
08-19 20:54:07.743 12985 14438 I DFInstaObserve: !toggles +blocked disable_feed=0 disable_explore=0 disable_reels=0 disable_stories=1 disable_adds=0
08-19 20:54:07.911 12985 14465 I DFInstaObserve: !toggles +blocked disable_feed=0 disable_explore=0 disable_reels=0 disable_stories=1 disable_adds=0
08-19 20:54:07.990 12985 14465 I DFInstaObserve: !toggles +blocked disable_feed=0 disable_explore=0 disable_reels=0 disable_stories=1 disable_adds=0
08-19 20:54:07.993 12985 14470 I DFInstaObserve: !toggles +blocked disable_feed=0 disable_explore=0 disable_reels=0 disable_stories=1 disable_adds=0
08-19 20:54:08.088 12985 14470 I DFInstaObserve: !toggles +blocked disable_feed=0 disable_explore=0 disable_reels=0 disable_stories=1 disable_adds=0
08-19 20:54:08.443 12985 13027 I DFInstaObserve: !toggles +blocked disable_feed=0 disable_explore=0 disable_reels=0 disable_stories=1 disable_adds=0
08-19 20:54:08.448 12985 14477 I DFInstaObserve: !toggles +blocked disable_feed=0 disable_explore=0 disable_reels=0 disable_stories=1 disable_adds=0
08-19 20:54:08.475 12985 13182 I DFInstaObserve: !toggles +blocked disable_feed=0 disable_explore=0 disable_reels=0 disable_stories=1 disable_adds=0
08-19 20:54:08.624 12985 14497 I DFInstaObserve: !toggles +blocked disable_feed=0 disable_explore=0 disable_reels=0 disable_stories=1 disable_adds=0
08-19 20:54:08.673 12985 14496 I DFInstaObserve: !toggles +blocked disable_feed=0 disable_explore=0 disable_reels=0 disable_stories=1 disable_adds=0
08-19 20:54:08.884 12985 14527 I DFInstaObserve: !toggles +blocked disable_feed=0 disable_explore=0 disable_reels=0 disable_stories=1 disable_adds=0
08-19 20:54:08.961 12985 14440 I DFInstaObserve: !toggles +blocked disable_feed=0 disable_explore=0 disable_reels=0 disable_stories=1 disable_adds=0
08-19 20:54:09.005 12985 14496 I DFInstaObserve: !toggles +blocked disable_feed=0 disable_explore=0 disable_reels=0 disable_stories=1 disable_adds=0
08-19 20:54:09.305 12985 14335 I DFInstaObserve: !toggles +blocked disable_feed=0 disable_explore=0 disable_reels=0 disable_stories=1 disable_adds=0
08-19 20:54:09.331 12985 14496 I DFInstaObserve: !toggles +blocked disable_feed=0 disable_explore=0 disable_reels=0 disable_stories=1 disable_adds=0
08-19 20:54:09.428 12985 14496 I DFInstaObserve: !toggles +blocked disable_feed=0 disable_explore=0 disable_reels=0 disable_stories=1 disable_adds=0
08-19 20:54:09.552 12985 14496 I DFInstaObserve: !toggles +blocked disable_feed=0 disable_explore=0 disable_reels=0 disable_stories=1 disable_adds=0
08-19 20:54:10.821 12985 14496 I DFInstaObserve: !toggles +blocked disable_feed=0 disable_explore=0 disable_reels=0 disable_stories=1 disable_adds=0
08-19 20:54:10.823 12985 14519 I DFInstaObserve: !toggles +blocked disable_feed=0 disable_explore=0 disable_reels=0 disable_stories=1 disable_adds=0
08-19 20:54:10.886 12985 13182 I DFInstaObserve: !toggles +blocked disable_feed=0 disable_explore=0 disable_reels=0 disable_stories=1 disable_adds=0
08-19 20:54:10.912 12985 14499 I DFInstaObserve: !toggles +blocked disable_feed=0 disable_explore=0 disable_reels=0 disable_stories=1 disable_adds=0
08-19 20:54:11.031 12985 14526 I DFInstaObserve: !toggles +blocked disable_feed=0 disable_explore=0 disable_reels=0 disable_stories=1 disable_adds=0
08-19 20:54:11.896 12985 14543 I DFInstaObserve: !toggles +blocked disable_feed=0 disable_explore=0 disable_reels=0 disable_stories=1 disable_adds=0
08-19 20:54:11.896 12985 14543 I DFInstaObserve: /discover/topical_explore
08-19 20:54:12.167 12985 14569 I DFInstaObserve: !toggles +blocked disable_feed=0 disable_explore=0 disable_reels=0 disable_stories=1 disable_adds=0
08-19 20:54:12.296 12985 14580 I DFInstaObserve: !toggles +blocked disable_feed=0 disable_explore=0 disable_reels=0 disable_stories=1 disable_adds=0
08-19 20:54:12.657 12985 14588 I DFInstaObserve: !toggles +blocked disable_feed=0 disable_explore=0 disable_reels=0 disable_stories=1 disable_adds=0
08-19 20:54:12.657 12985 14589 I DFInstaObserve: !toggles +blocked disable_feed=0 disable_explore=0 disable_reels=0 disable_stories=1 disable_adds=0
08-19 20:54:12.852 12985 14496 I DFInstaObserve: !toggles +blocked disable_feed=0 disable_explore=0 disable_reels=0 disable_stories=1 disable_adds=0
08-19 20:54:14.264 12985 14568 I DFInstaObserve: !toggles +blocked disable_feed=0 disable_explore=0 disable_reels=0 disable_stories=1 disable_adds=0
08-19 20:54:14.322 12985 14568 I DFInstaObserve: !toggles +blocked disable_feed=0 disable_explore=0 disable_reels=0 disable_stories=1 disable_adds=0
08-19 20:54:14.685 12985 14580 I DFInstaObserve: !toggles +blocked disable_feed=0 disable_explore=0 disable_reels=0 disable_stories=1 disable_adds=0
08-19 20:54:15.265 12985 13417 I DFInstaObserve: !toggles +blocked disable_feed=0 disable_explore=0 disable_reels=0 disable_stories=1 disable_adds=0
08-19 20:54:15.330 12985 14598 I DFInstaObserve: !toggles +blocked disable_feed=0 disable_explore=0 disable_reels=0 disable_stories=1 disable_adds=0
08-19 20:54:15.368 12985 13417 I DFInstaObserve: !toggles +blocked disable_feed=0 disable_explore=0 disable_reels=0 disable_stories=1 disable_adds=0
08-19 20:54:15.391 12985 14608 I DFInstaObserve: !toggles +blocked disable_feed=0 disable_explore=0 disable_reels=0 disable_stories=1 disable_adds=0
08-19 20:54:15.391 12985 14608 I DFInstaObserve: /discover/topical_explore
08-19 20:54:15.408 12985 14596 I DFInstaObserve: !toggles +blocked disable_feed=0 disable_explore=0 disable_reels=0 disable_stories=1 disable_adds=0
08-19 20:54:15.494 12985 13417 I DFInstaObserve: !toggles +blocked disable_feed=0 disable_explore=0 disable_reels=0 disable_stories=1 disable_adds=0
08-19 20:54:15.500 12985 13417 I DFInstaObserve: !toggles +blocked disable_feed=0 disable_explore=0 disable_reels=0 disable_stories=1 disable_adds=0
08-19 20:54:15.529 12985 14613 I DFInstaObserve: !toggles +blocked disable_feed=0 disable_explore=0 disable_reels=0 disable_stories=1 disable_adds=0
08-19 20:54:15.627 12985 13417 I DFInstaObserve: !toggles +blocked disable_feed=0 disable_explore=0 disable_reels=0 disable_stories=1 disable_adds=0
08-19 20:54:15.631 12985 14335 I DFInstaObserve: !toggles +blocked disable_feed=0 disable_explore=0 disable_reels=0 disable_stories=1 disable_adds=0
08-19 20:54:15.644 12985 13417 I DFInstaObserve: !toggles +blocked disable_feed=0 disable_explore=0 disable_reels=0 disable_stories=1 disable_adds=0
08-19 20:54:15.704 12985 14541 I DFInstaObserve: !toggles +blocked disable_feed=0 disable_explore=0 disable_reels=0 disable_stories=1 disable_adds=0
08-19 20:54:15.816 12985 14619 I DFInstaObserve: !toggles +blocked disable_feed=0 disable_explore=0 disable_reels=0 disable_stories=1 disable_adds=0
08-19 20:54:16.120 12985 14601 I DFInstaObserve: !toggles +blocked disable_feed=0 disable_explore=0 disable_reels=0 disable_stories=1 disable_adds=0
08-19 20:54:16.256 12985 14628 I DFInstaObserve: !toggles +blocked disable_feed=0 disable_explore=0 disable_reels=0 disable_stories=1 disable_adds=0
08-19 20:54:16.263 12985 14629 I DFInstaObserve: !toggles +blocked disable_feed=0 disable_explore=0 disable_reels=0 disable_stories=1 disable_adds=0
08-19 20:54:17.191 12985 13182 I DFInstaObserve: !toggles +blocked disable_feed=0 disable_explore=0 disable_reels=0 disable_stories=1 disable_adds=0
08-19 20:54:17.220 12985 14593 I DFInstaObserve: !toggles +blocked disable_feed=0 disable_explore=0 disable_reels=0 disable_stories=1 disable_adds=0
08-19 20:54:17.262 12985 13182 I DFInstaObserve: !toggles +blocked disable_feed=0 disable_explore=0 disable_reels=0 disable_stories=1 disable_adds=0
08-19 20:54:17.267 12985 14501 I DFInstaObserve: !toggles +blocked disable_feed=0 disable_explore=0 disable_reels=0 disable_stories=1 disable_adds=0
08-19 20:54:17.344 12985 14544 I DFInstaObserve: !toggles +blocked disable_feed=0 disable_explore=0 disable_reels=0 disable_stories=1 disable_adds=0
08-19 20:54:17.412 12985 14540 I DFInstaObserve: !toggles +blocked disable_feed=0 disable_explore=0 disable_reels=0 disable_stories=1 disable_adds=0
08-19 20:54:17.451 12985 14501 I DFInstaObserve: !toggles +blocked disable_feed=0 disable_explore=0 disable_reels=0 disable_stories=1 disable_adds=0
08-19 20:54:17.495 12985 14335 I DFInstaObserve: !toggles +blocked disable_feed=0 disable_explore=0 disable_reels=0 disable_stories=1 disable_adds=0
08-19 20:54:17.512 12985 13182 I DFInstaObserve: !toggles +blocked disable_feed=0 disable_explore=0 disable_reels=0 disable_stories=1 disable_adds=0
08-19 20:54:17.562 12985 14335 I DFInstaObserve: !toggles +blocked disable_feed=0 disable_explore=0 disable_reels=0 disable_stories=1 disable_adds=0
08-19 20:54:17.603 12985 14499 I DFInstaObserve: !toggles +blocked disable_feed=0 disable_explore=0 disable_reels=0 disable_stories=1 disable_adds=0
08-19 20:54:17.634 12985 13182 I DFInstaObserve: !toggles +blocked disable_feed=0 disable_explore=0 disable_reels=0 disable_stories=1 disable_adds=0
08-19 20:54:17.694 12985 13182 I DFInstaObserve: !toggles +blocked disable_feed=0 disable_explore=0 disable_reels=0 disable_stories=1 disable_adds=0
08-19 20:54:17.717 12985 14594 I DFInstaObserve: !toggles +blocked disable_feed=0 disable_explore=0 disable_reels=0 disable_stories=1 disable_adds=0
08-19 20:54:17.742 12985 13182 I DFInstaObserve: !toggles +blocked disable_feed=0 disable_explore=0 disable_reels=0 disable_stories=1 disable_adds=0
08-19 20:54:17.780 12985 13182 I DFInstaObserve: !toggles +blocked disable_feed=0 disable_explore=0 disable_reels=0 disable_stories=1 disable_adds=0
08-19 20:54:17.793 12985 14499 I DFInstaObserve: !toggles +blocked disable_feed=0 disable_explore=0 disable_reels=0 disable_stories=1 disable_adds=0
08-19 20:54:17.922 12985 13182 I DFInstaObserve: !toggles +blocked disable_feed=0 disable_explore=0 disable_reels=0 disable_stories=1 disable_adds=0
08-19 20:54:17.964 12985 13182 I DFInstaObserve: !toggles +blocked disable_feed=0 disable_explore=0 disable_reels=0 disable_stories=1 disable_adds=0
08-19 20:54:18.172 12985 13182 I DFInstaObserve: !toggles +blocked disable_feed=0 disable_explore=0 disable_reels=0 disable_stories=1 disable_adds=0
08-19 20:54:18.244 12985 14613 I DFInstaObserve: !toggles +blocked disable_feed=0 disable_explore=0 disable_reels=0 disable_stories=1 disable_adds=0
08-19 20:54:18.246 12985 14619 I DFInstaObserve: !toggles +blocked disable_feed=0 disable_explore=0 disable_reels=0 disable_stories=1 disable_adds=0
08-19 20:54:18.448 12985 13027 I DFInstaObserve: !toggles +blocked disable_feed=0 disable_explore=0 disable_reels=0 disable_stories=1 disable_adds=0
08-19 20:54:18.451 12985 14637 I DFInstaObserve: !toggles +blocked disable_feed=0 disable_explore=0 disable_reels=0 disable_stories=1 disable_adds=0
08-19 20:54:18.467 14642 14642 I DFInstaWalk: surface=Reels
08-19 20:54:18.485 12985 13182 I DFInstaObserve: !toggles +blocked disable_feed=0 disable_explore=0 disable_reels=0 disable_stories=1 disable_adds=0
08-19 20:54:18.570 12985 14608 I DFInstaObserve: !toggles +blocked disable_feed=0 disable_explore=0 disable_reels=0 disable_stories=1 disable_adds=0
08-19 20:54:18.617 12985 14499 I DFInstaObserve: !toggles +blocked disable_feed=0 disable_explore=0 disable_reels=0 disable_stories=1 disable_adds=0
08-19 20:54:18.699 12985 13203 I DFInstaObserve: !toggles +blocked disable_feed=0 disable_explore=0 disable_reels=0 disable_stories=1 disable_adds=0
08-19 20:54:18.908 12985 14672 I DFInstaObserve: !toggles +blocked disable_feed=0 disable_explore=0 disable_reels=0 disable_stories=1 disable_adds=0
08-19 20:54:18.910 12985 13203 I DFInstaObserve: !toggles +blocked disable_feed=0 disable_explore=0 disable_reels=0 disable_stories=1 disable_adds=0
08-19 20:54:18.975 12985 14663 I DFInstaObserve: !toggles +blocked disable_feed=0 disable_explore=0 disable_reels=0 disable_stories=1 disable_adds=0
08-19 20:54:19.041 12985 13203 I DFInstaObserve: !toggles +blocked disable_feed=0 disable_explore=0 disable_reels=0 disable_stories=1 disable_adds=0
08-19 20:54:19.053 12985 14664 I DFInstaObserve: !toggles +blocked disable_feed=0 disable_explore=0 disable_reels=0 disable_stories=1 disable_adds=0
08-19 20:54:19.105 12985 14664 I DFInstaObserve: !toggles +blocked disable_feed=0 disable_explore=0 disable_reels=0 disable_stories=1 disable_adds=0
08-19 20:54:19.153 12985 13182 I DFInstaObserve: !toggles +blocked disable_feed=0 disable_explore=0 disable_reels=0 disable_stories=1 disable_adds=0
08-19 20:54:19.155 12985 13203 I DFInstaObserve: !toggles +blocked disable_feed=0 disable_explore=0 disable_reels=0 disable_stories=1 disable_adds=0
08-19 20:54:19.203 12985 13182 I DFInstaObserve: !toggles +blocked disable_feed=0 disable_explore=0 disable_reels=0 disable_stories=1 disable_adds=0
08-19 20:54:19.222 12985 14608 I DFInstaObserve: !toggles +blocked disable_feed=0 disable_explore=0 disable_reels=0 disable_stories=1 disable_adds=0
08-19 20:54:19.244 12985 13203 I DFInstaObserve: !toggles +blocked disable_feed=0 disable_explore=0 disable_reels=0 disable_stories=1 disable_adds=0
08-19 20:54:19.321 12985 14672 I DFInstaObserve: !toggles +blocked disable_feed=0 disable_explore=0 disable_reels=0 disable_stories=1 disable_adds=0
08-19 20:54:19.397 12985 14657 I DFInstaObserve: !toggles +blocked disable_feed=0 disable_explore=0 disable_reels=0 disable_stories=1 disable_adds=0
08-19 20:54:19.465 12985 14677 I DFInstaObserve: !toggles +blocked disable_feed=0 disable_explore=0 disable_reels=0 disable_stories=1 disable_adds=0
08-19 20:54:19.527 12985 14674 I DFInstaObserve: !toggles +blocked disable_feed=0 disable_explore=0 disable_reels=0 disable_stories=1 disable_adds=0
08-19 20:54:19.604 12985 14674 I DFInstaObserve: !toggles +blocked disable_feed=0 disable_explore=0 disable_reels=0 disable_stories=1 disable_adds=0
08-19 20:54:19.617 12985 13182 I DFInstaObserve: !toggles +blocked disable_feed=0 disable_explore=0 disable_reels=0 disable_stories=1 disable_adds=0
08-19 20:54:19.718 12985 14677 I DFInstaObserve: !toggles +blocked disable_feed=0 disable_explore=0 disable_reels=0 disable_stories=1 disable_adds=0
08-19 20:54:19.740 12985 13182 I DFInstaObserve: !toggles +blocked disable_feed=0 disable_explore=0 disable_reels=0 disable_stories=1 disable_adds=0
08-19 20:54:19.812 12985 14672 I DFInstaObserve: !toggles +blocked disable_feed=0 disable_explore=0 disable_reels=0 disable_stories=1 disable_adds=0
08-19 20:54:19.838 12985 14668 I DFInstaObserve: !toggles +blocked disable_feed=0 disable_explore=0 disable_reels=0 disable_stories=1 disable_adds=0
08-19 20:54:19.909 12985 13182 I DFInstaObserve: !toggles +blocked disable_feed=0 disable_explore=0 disable_reels=0 disable_stories=1 disable_adds=0
08-19 20:54:19.964 12985 14677 I DFInstaObserve: !toggles +blocked disable_feed=0 disable_explore=0 disable_reels=0 disable_stories=1 disable_adds=0
08-19 20:54:19.975 12985 13182 I DFInstaObserve: !toggles +blocked disable_feed=0 disable_explore=0 disable_reels=0 disable_stories=1 disable_adds=0
08-19 20:54:20.321 12985 13182 I DFInstaObserve: !toggles +blocked disable_feed=0 disable_explore=0 disable_reels=0 disable_stories=1 disable_adds=0
08-19 20:54:20.412 12985 13182 I DFInstaObserve: !toggles +blocked disable_feed=0 disable_explore=0 disable_reels=0 disable_stories=1 disable_adds=0
08-19 20:54:20.990 12985 14721 I DFInstaObserve: !toggles +blocked disable_feed=0 disable_explore=0 disable_reels=0 disable_stories=1 disable_adds=0
08-19 20:54:20.990 12985 14718 I DFInstaObserve: !toggles +blocked disable_feed=0 disable_explore=0 disable_reels=0 disable_stories=1 disable_adds=0
08-19 20:54:22.687 12985 13182 I DFInstaObserve: !toggles +blocked disable_feed=0 disable_explore=0 disable_reels=0 disable_stories=1 disable_adds=0
08-19 20:54:22.725 12985 13182 I DFInstaObserve: !toggles +blocked disable_feed=0 disable_explore=0 disable_reels=0 disable_stories=1 disable_adds=0
08-19 20:54:23.382 12985 13182 I DFInstaObserve: !toggles +blocked disable_feed=0 disable_explore=0 disable_reels=0 disable_stories=1 disable_adds=0
08-19 20:54:23.450 12985 14721 I DFInstaObserve: !toggles +blocked disable_feed=0 disable_explore=0 disable_reels=0 disable_stories=1 disable_adds=0
08-19 20:54:23.535 12985 14721 I DFInstaObserve: !toggles +blocked disable_feed=0 disable_explore=0 disable_reels=0 disable_stories=1 disable_adds=0
08-19 20:54:23.536 12985 14718 I DFInstaObserve: !toggles +blocked disable_feed=0 disable_explore=0 disable_reels=0 disable_stories=1 disable_adds=0
08-19 20:54:23.606 12985 14718 I DFInstaObserve: !toggles +blocked disable_feed=0 disable_explore=0 disable_reels=0 disable_stories=1 disable_adds=0
08-19 20:54:27.149 12985 14816 I DFInstaObserve: !toggles +blocked disable_feed=0 disable_explore=0 disable_reels=0 disable_stories=1 disable_adds=0
08-19 20:54:29.231 12985 14840 I DFInstaObserve: !toggles +blocked disable_feed=0 disable_explore=0 disable_reels=0 disable_stories=1 disable_adds=0
08-19 20:54:29.231 12985 14835 I DFInstaObserve: !toggles +blocked disable_feed=0 disable_explore=0 disable_reels=0 disable_stories=1 disable_adds=0
08-19 20:54:30.511 12985 13027 I DFInstaObserve: !toggles +blocked disable_feed=0 disable_explore=0 disable_reels=0 disable_stories=1 disable_adds=0
08-19 20:54:32.591 12985 14926 I DFInstaObserve: !toggles +blocked disable_feed=0 disable_explore=0 disable_reels=0 disable_stories=1 disable_adds=0
08-19 20:54:32.816 12985 14926 I DFInstaObserve: !toggles +blocked disable_feed=0 disable_explore=0 disable_reels=0 disable_stories=1 disable_adds=0
08-19 20:54:32.816 12985 14925 I DFInstaObserve: !toggles +blocked disable_feed=0 disable_explore=0 disable_reels=0 disable_stories=1 disable_adds=0
08-19 20:54:33.400 12985 14672 I DFInstaObserve: !toggles +blocked disable_feed=0 disable_explore=0 disable_reels=0 disable_stories=1 disable_adds=0
08-19 20:54:33.400 12985 14672 I DFInstaObserve: /clips/discover
08-19 20:54:33.400 12985 14672 I DFInstaObserve: /clips/discover/stream/
08-19 20:54:33.835 12985 14637 I DFInstaObserve: !toggles +blocked disable_feed=0 disable_explore=0 disable_reels=0 disable_stories=1 disable_adds=0
08-19 20:54:35.955 12985 14964 I DFInstaObserve: !toggles +blocked disable_feed=0 disable_explore=0 disable_reels=0 disable_stories=1 disable_adds=0
08-19 20:54:35.957 12985 14965 I DFInstaObserve: !toggles +blocked disable_feed=0 disable_explore=0 disable_reels=0 disable_stories=1 disable_adds=0
08-19 20:54:37.611 12985 14637 I DFInstaObserve: !toggles +blocked disable_feed=0 disable_explore=0 disable_reels=0 disable_stories=1 disable_adds=0
08-19 20:54:37.619 12985 14637 I DFInstaObserve: !toggles +blocked disable_feed=0 disable_explore=0 disable_reels=0 disable_stories=1 disable_adds=0
08-19 20:54:37.665 12985 14637 I DFInstaObserve: !toggles +blocked disable_feed=0 disable_explore=0 disable_reels=0 disable_stories=1 disable_adds=0
08-19 20:54:37.681 12985 13182 I DFInstaObserve: !toggles +blocked disable_feed=0 disable_explore=0 disable_reels=0 disable_stories=1 disable_adds=0
08-19 20:54:37.753 12985 14945 I DFInstaObserve: !toggles +blocked disable_feed=0 disable_explore=0 disable_reels=0 disable_stories=1 disable_adds=0
08-19 20:54:37.836 12985 14637 I DFInstaObserve: !toggles +blocked disable_feed=0 disable_explore=0 disable_reels=0 disable_stories=1 disable_adds=0
08-19 20:54:37.866 12985 15027 I DFInstaObserve: !toggles +blocked disable_feed=0 disable_explore=0 disable_reels=0 disable_stories=1 disable_adds=0
08-19 20:54:37.908 12985 13182 I DFInstaObserve: !toggles +blocked disable_feed=0 disable_explore=0 disable_reels=0 disable_stories=1 disable_adds=0
08-19 20:54:37.952 12985 13182 I DFInstaObserve: !toggles +blocked disable_feed=0 disable_explore=0 disable_reels=0 disable_stories=1 disable_adds=0
08-19 20:54:37.956 12985 15029 I DFInstaObserve: !toggles +blocked disable_feed=0 disable_explore=0 disable_reels=0 disable_stories=1 disable_adds=0
08-19 20:54:38.998 12985 13182 I DFInstaObserve: !toggles +blocked disable_feed=0 disable_explore=0 disable_reels=0 disable_stories=1 disable_adds=0
08-19 20:54:39.052 12985 13182 I DFInstaObserve: !toggles +blocked disable_feed=0 disable_explore=0 disable_reels=0 disable_stories=1 disable_adds=0
08-19 20:54:39.265 12985 15015 I DFInstaObserve: !toggles +blocked disable_feed=0 disable_explore=0 disable_reels=0 disable_stories=1 disable_adds=0
08-19 20:54:39.313 12985 15015 I DFInstaObserve: !toggles +blocked disable_feed=0 disable_explore=0 disable_reels=0 disable_stories=1 disable_adds=0
08-19 20:54:39.323 12985 15014 I DFInstaObserve: !toggles +blocked disable_feed=0 disable_explore=0 disable_reels=0 disable_stories=1 disable_adds=0
08-19 20:54:39.406 12985 15014 I DFInstaObserve: !toggles +blocked disable_feed=0 disable_explore=0 disable_reels=0 disable_stories=1 disable_adds=0
08-19 20:54:39.407 12985 15015 I DFInstaObserve: !toggles +blocked disable_feed=0 disable_explore=0 disable_reels=0 disable_stories=1 disable_adds=0
08-19 20:54:39.585 12985 13182 I DFInstaObserve: !toggles +blocked disable_feed=0 disable_explore=0 disable_reels=0 disable_stories=1 disable_adds=0
08-19 20:54:39.754 12985 13182 I DFInstaObserve: !toggles +blocked disable_feed=0 disable_explore=0 disable_reels=0 disable_stories=1 disable_adds=0
08-19 20:54:40.196 12985 13182 I DFInstaObserve: !toggles +blocked disable_feed=0 disable_explore=0 disable_reels=0 disable_stories=1 disable_adds=0
08-19 20:54:40.559 12985 13027 I DFInstaObserve: !toggles +blocked disable_feed=0 disable_explore=0 disable_reels=0 disable_stories=1 disable_adds=0
08-19 20:54:40.617 12985 14637 I DFInstaObserve: !toggles +blocked disable_feed=0 disable_explore=0 disable_reels=0 disable_stories=1 disable_adds=0
08-19 20:54:42.676 12985 15061 I DFInstaObserve: !toggles +blocked disable_feed=0 disable_explore=0 disable_reels=0 disable_stories=1 disable_adds=0
08-19 20:54:42.683 12985 15060 I DFInstaObserve: !toggles +blocked disable_feed=0 disable_explore=0 disable_reels=0 disable_stories=1 disable_adds=0
08-19 20:54:43.400 15081 15081 I DFInstaWalk: surface=Home
08-19 20:54:43.494 12985 15028 I DFInstaObserve: !toggles +blocked disable_feed=0 disable_explore=0 disable_reels=0 disable_stories=1 disable_adds=0
08-19 20:54:43.800 12985 13203 I DFInstaObserve: !toggles +blocked disable_feed=0 disable_explore=0 disable_reels=0 disable_stories=1 disable_adds=0
08-19 20:54:44.030 12985 13203 I DFInstaObserve: !toggles +blocked disable_feed=0 disable_explore=0 disable_reels=0 disable_stories=1 disable_adds=0
08-19 20:54:44.192 12985 13203 I DFInstaObserve: !toggles +blocked disable_feed=0 disable_explore=0 disable_reels=0 disable_stories=1 disable_adds=0
08-19 20:55:06.688 12985 13027 I DFInstaObserve: !toggles +blocked disable_feed=0 disable_explore=0 disable_reels=0 disable_stories=1 disable_adds=0
08-19 20:55:10.057 12985 14637 I DFInstaObserve: !toggles +blocked disable_feed=0 disable_explore=0 disable_reels=0 disable_stories=1 disable_adds=0
08-19 20:55:10.063 12985 13027 I DFInstaObserve: !toggles +blocked disable_feed=0 disable_explore=0 disable_reels=0 disable_stories=1 disable_adds=0
08-19 20:55:13.420 12985 14637 I DFInstaObserve: !toggles +blocked disable_feed=0 disable_explore=0 disable_reels=0 disable_stories=1 disable_adds=0
08-19 20:55:16.889 12985 15178 I DFInstaObserve: !toggles +blocked disable_feed=0 disable_explore=0 disable_reels=0 disable_stories=1 disable_adds=0
08-19 20:55:16.889 12985 15178 I DFInstaObserve: /feed/timeline/
08-19 20:55:19.433 12985 14637 I DFInstaObserve: !toggles +blocked disable_feed=0 disable_explore=0 disable_reels=0 disable_stories=1 disable_adds=0
08-19 20:55:19.438 12985 14637 I DFInstaObserve: !toggles +blocked disable_feed=0 disable_explore=0 disable_reels=0 disable_stories=1 disable_adds=0
08-19 20:55:19.634 12985 13182 I DFInstaObserve: !toggles +blocked disable_feed=0 disable_explore=0 disable_reels=0 disable_stories=1 disable_adds=0
08-19 20:55:19.650 12985 15215 I DFInstaObserve: !toggles +blocked disable_feed=0 disable_explore=0 disable_reels=0 disable_stories=1 disable_adds=0
08-19 20:55:19.831 15221 15221 I DFInstaWalk: surface=Search and explore
08-19 20:55:19.838 12985 15178 I DFInstaObserve: !toggles +blocked disable_feed=0 disable_explore=0 disable_reels=0 disable_stories=1 disable_adds=0
08-19 20:55:20.086 12985 15199 I DFInstaObserve: !toggles +blocked disable_feed=0 disable_explore=0 disable_reels=0 disable_stories=1 disable_adds=0
08-19 20:55:20.275 12985 15189 I DFInstaObserve: !toggles +blocked disable_feed=0 disable_explore=0 disable_reels=0 disable_stories=1 disable_adds=0
08-19 20:55:20.419 12985 13203 I DFInstaObserve: !toggles +blocked disable_feed=0 disable_explore=0 disable_reels=0 disable_stories=1 disable_adds=0
08-19 20:55:20.534 12985 13203 I DFInstaObserve: !toggles +blocked disable_feed=0 disable_explore=0 disable_reels=0 disable_stories=1 disable_adds=0
08-19 20:55:24.523 12985 15233 I DFInstaObserve: !toggles +blocked disable_feed=0 disable_explore=0 disable_reels=0 disable_stories=1 disable_adds=0
08-19 20:55:28.422 12985 15273 I DFInstaObserve: !toggles +blocked disable_feed=0 disable_explore=0 disable_reels=0 disable_stories=1 disable_adds=0
08-19 20:55:28.423 12985 15273 I DFInstaObserve: /discover/topical_explore
08-19 20:55:28.503 12985 15293 I DFInstaObserve: !toggles +blocked disable_feed=0 disable_explore=0 disable_reels=0 disable_stories=1 disable_adds=0
08-19 20:55:28.633 12985 15302 I DFInstaObserve: !toggles +blocked disable_feed=0 disable_explore=0 disable_reels=0 disable_stories=1 disable_adds=0
08-19 20:55:30.625 12985 15292 I DFInstaObserve: !toggles +blocked disable_feed=0 disable_explore=0 disable_reels=0 disable_stories=1 disable_adds=0
08-19 20:55:30.806 12985 15292 I DFInstaObserve: !toggles +blocked disable_feed=0 disable_explore=0 disable_reels=0 disable_stories=1 disable_adds=0
08-19 20:55:32.150 12985 15312 I DFInstaObserve: !toggles +blocked disable_feed=0 disable_explore=0 disable_reels=0 disable_stories=1 disable_adds=0
08-19 20:55:32.150 12985 15312 I DFInstaObserve: /discover/topical_explore
08-19 20:55:32.510 12985 15343 I DFInstaObserve: !toggles +blocked disable_feed=0 disable_explore=0 disable_reels=0 disable_stories=1 disable_adds=0
08-19 20:55:32.518 12985 15343 I DFInstaObserve: !toggles +blocked disable_feed=0 disable_explore=0 disable_reels=0 disable_stories=1 disable_adds=0
08-19 20:55:32.603 12985 15273 I DFInstaObserve: !toggles +blocked disable_feed=0 disable_explore=0 disable_reels=0 disable_stories=1 disable_adds=0
08-19 20:55:32.604 12985 13182 I DFInstaObserve: !toggles +blocked disable_feed=0 disable_explore=0 disable_reels=0 disable_stories=1 disable_adds=0
08-19 20:55:32.633 12985 15313 I DFInstaObserve: !toggles +blocked disable_feed=0 disable_explore=0 disable_reels=0 disable_stories=1 disable_adds=0
08-19 20:55:32.690 12985 15189 I DFInstaObserve: !toggles +blocked disable_feed=0 disable_explore=0 disable_reels=0 disable_stories=1 disable_adds=0
08-19 20:55:32.729 12985 13182 I DFInstaObserve: !toggles +blocked disable_feed=0 disable_explore=0 disable_reels=0 disable_stories=1 disable_adds=0
08-19 20:55:32.763 12985 15118 I DFInstaObserve: !toggles +blocked disable_feed=0 disable_explore=0 disable_reels=0 disable_stories=1 disable_adds=0
08-19 20:55:32.782 12985 13182 I DFInstaObserve: !toggles +blocked disable_feed=0 disable_explore=0 disable_reels=0 disable_stories=1 disable_adds=0
08-19 20:55:32.808 12985 15336 I DFInstaObserve: !toggles +blocked disable_feed=0 disable_explore=0 disable_reels=0 disable_stories=1 disable_adds=0
08-19 20:55:32.840 12985 15354 I DFInstaObserve: !toggles +blocked disable_feed=0 disable_explore=0 disable_reels=0 disable_stories=1 disable_adds=0
08-19 20:55:32.931 12985 15352 I DFInstaObserve: !toggles +blocked disable_feed=0 disable_explore=0 disable_reels=0 disable_stories=1 disable_adds=0
08-19 20:55:33.056 12985 15354 I DFInstaObserve: !toggles +blocked disable_feed=0 disable_explore=0 disable_reels=0 disable_stories=1 disable_adds=0
08-19 20:55:33.157 12985 15352 I DFInstaObserve: !toggles +blocked disable_feed=0 disable_explore=0 disable_reels=0 disable_stories=1 disable_adds=0
08-19 20:55:33.208 12985 15352 I DFInstaObserve: !toggles +blocked disable_feed=0 disable_explore=0 disable_reels=0 disable_stories=1 disable_adds=0
08-19 20:55:33.235 12985 13182 I DFInstaObserve: !toggles +blocked disable_feed=0 disable_explore=0 disable_reels=0 disable_stories=1 disable_adds=0
08-19 20:55:33.264 12985 15313 I DFInstaObserve: !toggles +blocked disable_feed=0 disable_explore=0 disable_reels=0 disable_stories=1 disable_adds=0
08-19 20:55:33.281 12985 15189 I DFInstaObserve: !toggles +blocked disable_feed=0 disable_explore=0 disable_reels=0 disable_stories=1 disable_adds=0
08-19 20:55:33.359 12985 13182 I DFInstaObserve: !toggles +blocked disable_feed=0 disable_explore=0 disable_reels=0 disable_stories=1 disable_adds=0
08-19 20:55:33.427 12985 15189 I DFInstaObserve: !toggles +blocked disable_feed=0 disable_explore=0 disable_reels=0 disable_stories=1 disable_adds=0
08-19 20:55:33.781 12985 13182 I DFInstaObserve: !toggles +blocked disable_feed=0 disable_explore=0 disable_reels=0 disable_stories=1 disable_adds=0
08-19 20:55:33.855 12985 15332 I DFInstaObserve: !toggles +blocked disable_feed=0 disable_explore=0 disable_reels=0 disable_stories=1 disable_adds=0
08-19 20:55:33.916 12985 15332 I DFInstaObserve: !toggles +blocked disable_feed=0 disable_explore=0 disable_reels=0 disable_stories=1 disable_adds=0
08-19 20:55:35.029 12985 15363 I DFInstaObserve: !toggles +blocked disable_feed=0 disable_explore=0 disable_reels=0 disable_stories=1 disable_adds=0
08-19 20:55:35.033 12985 14637 I DFInstaObserve: !toggles +blocked disable_feed=0 disable_explore=0 disable_reels=0 disable_stories=1 disable_adds=0
08-19 20:55:35.067 12985 13182 I DFInstaObserve: !toggles +blocked disable_feed=0 disable_explore=0 disable_reels=0 disable_stories=1 disable_adds=0
08-19 20:55:35.083 12985 15369 I DFInstaObserve: !toggles +blocked disable_feed=0 disable_explore=0 disable_reels=0 disable_stories=1 disable_adds=0
08-19 20:55:35.166 12985 15378 I DFInstaObserve: !toggles +blocked disable_feed=0 disable_explore=0 disable_reels=0 disable_stories=1 disable_adds=0
08-19 20:55:35.215 12985 15369 I DFInstaObserve: !toggles +blocked disable_feed=0 disable_explore=0 disable_reels=0 disable_stories=1 disable_adds=0
08-19 20:55:35.276 12985 15388 I DFInstaObserve: !toggles +blocked disable_feed=0 disable_explore=0 disable_reels=0 disable_stories=1 disable_adds=0
08-19 20:55:35.309 12985 15118 I DFInstaObserve: !toggles +blocked disable_feed=0 disable_explore=0 disable_reels=0 disable_stories=1 disable_adds=0
08-19 20:55:35.452 12985 15351 I DFInstaObserve: !toggles +blocked disable_feed=0 disable_explore=0 disable_reels=0 disable_stories=1 disable_adds=0
08-19 20:55:35.641 12985 13182 I DFInstaObserve: !toggles +blocked disable_feed=0 disable_explore=0 disable_reels=0 disable_stories=1 disable_adds=0
08-19 20:55:35.657 12985 15353 I DFInstaObserve: !toggles +blocked disable_feed=0 disable_explore=0 disable_reels=0 disable_stories=1 disable_adds=0
08-19 20:55:35.705 12985 15400 I DFInstaObserve: !toggles +blocked disable_feed=0 disable_explore=0 disable_reels=0 disable_stories=1 disable_adds=0
08-19 20:55:35.789 12985 13182 I DFInstaObserve: !toggles +blocked disable_feed=0 disable_explore=0 disable_reels=0 disable_stories=1 disable_adds=0
08-19 20:55:35.862 12985 15312 I DFInstaObserve: !toggles +blocked disable_feed=0 disable_explore=0 disable_reels=0 disable_stories=1 disable_adds=0
08-19 20:55:35.965 12985 15118 I DFInstaObserve: !toggles +blocked disable_feed=0 disable_explore=0 disable_reels=0 disable_stories=1 disable_adds=0
08-19 20:55:36.046 12985 15312 I DFInstaObserve: !toggles +blocked disable_feed=0 disable_explore=0 disable_reels=0 disable_stories=1 disable_adds=0
08-19 20:55:36.068 12985 13182 I DFInstaObserve: !toggles +blocked disable_feed=0 disable_explore=0 disable_reels=0 disable_stories=1 disable_adds=0
08-19 20:55:36.104 12985 15118 I DFInstaObserve: !toggles +blocked disable_feed=0 disable_explore=0 disable_reels=0 disable_stories=1 disable_adds=0
08-19 20:55:36.171 12985 13182 I DFInstaObserve: !toggles +blocked disable_feed=0 disable_explore=0 disable_reels=0 disable_stories=1 disable_adds=0
08-19 20:55:36.187 12985 15353 I DFInstaObserve: !toggles +blocked disable_feed=0 disable_explore=0 disable_reels=0 disable_stories=1 disable_adds=0
08-19 20:55:36.341 12985 15352 I DFInstaObserve: !toggles +blocked disable_feed=0 disable_explore=0 disable_reels=0 disable_stories=1 disable_adds=0
08-19 20:55:36.386 12985 15309 I DFInstaObserve: !toggles +blocked disable_feed=0 disable_explore=0 disable_reels=0 disable_stories=1 disable_adds=0
08-19 20:55:36.424 12985 15354 I DFInstaObserve: !toggles +blocked disable_feed=0 disable_explore=0 disable_reels=0 disable_stories=1 disable_adds=0
08-19 20:55:36.465 12985 13182 I DFInstaObserve: !toggles +blocked disable_feed=0 disable_explore=0 disable_reels=0 disable_stories=1 disable_adds=0
08-19 20:55:36.502 12985 15309 I DFInstaObserve: !toggles +blocked disable_feed=0 disable_explore=0 disable_reels=0 disable_stories=1 disable_adds=0
08-19 20:55:36.549 12985 15354 I DFInstaObserve: !toggles +blocked disable_feed=0 disable_explore=0 disable_reels=0 disable_stories=1 disable_adds=0
08-19 20:55:36.549 12985 13182 I DFInstaObserve: !toggles +blocked disable_feed=0 disable_explore=0 disable_reels=0 disable_stories=1 disable_adds=0
08-19 20:55:36.649 12985 15352 I DFInstaObserve: !toggles +blocked disable_feed=0 disable_explore=0 disable_reels=0 disable_stories=1 disable_adds=0
08-19 20:55:36.656 12985 13182 I DFInstaObserve: !toggles +blocked disable_feed=0 disable_explore=0 disable_reels=0 disable_stories=1 disable_adds=0
08-19 20:55:36.696 12985 15354 I DFInstaObserve: !toggles +blocked disable_feed=0 disable_explore=0 disable_reels=0 disable_stories=1 disable_adds=0
08-19 20:55:37.221 12985 15377 I DFInstaObserve: !toggles +blocked disable_feed=0 disable_explore=0 disable_reels=0 disable_stories=1 disable_adds=0
08-19 20:55:37.355 12985 15387 I DFInstaObserve: !toggles +blocked disable_feed=0 disable_explore=0 disable_reels=0 disable_stories=1 disable_adds=0
08-19 20:55:38.203 12985 15409 I DFInstaObserve: !toggles +blocked disable_feed=0 disable_explore=0 disable_reels=0 disable_stories=1 disable_adds=0
08-19 20:55:38.203 12985 15409 I DFInstaObserve: /discover/topical_explore
08-19 20:55:38.344 12985 15421 I DFInstaObserve: !toggles +blocked disable_feed=0 disable_explore=0 disable_reels=0 disable_stories=1 disable_adds=0
08-19 20:55:38.923 12985 15438 I DFInstaObserve: !toggles +blocked disable_feed=0 disable_explore=0 disable_reels=0 disable_stories=1 disable_adds=0
08-19 20:55:40.569 12985 15418 I DFInstaObserve: !toggles +blocked disable_feed=0 disable_explore=0 disable_reels=0 disable_stories=1 disable_adds=0
08-19 20:55:40.915 12985 15430 I DFInstaObserve: !toggles +blocked disable_feed=0 disable_explore=0 disable_reels=0 disable_stories=1 disable_adds=0
08-19 20:55:41.014 12985 15363 I DFInstaObserve: !toggles +blocked disable_feed=0 disable_explore=0 disable_reels=0 disable_stories=1 disable_adds=0
08-19 20:55:41.021 12985 15448 I DFInstaObserve: !toggles +blocked disable_feed=0 disable_explore=0 disable_reels=0 disable_stories=1 disable_adds=0
08-19 20:55:41.046 12985 13182 I DFInstaObserve: !toggles +blocked disable_feed=0 disable_explore=0 disable_reels=0 disable_stories=1 disable_adds=0
08-19 20:55:41.156 12985 15442 I DFInstaObserve: !toggles +blocked disable_feed=0 disable_explore=0 disable_reels=0 disable_stories=1 disable_adds=0
08-19 20:55:41.193 12985 15447 I DFInstaObserve: !toggles +blocked disable_feed=0 disable_explore=0 disable_reels=0 disable_stories=1 disable_adds=0
08-19 20:55:41.269 12985 15444 I DFInstaObserve: !toggles +blocked disable_feed=0 disable_explore=0 disable_reels=0 disable_stories=1 disable_adds=0
08-19 20:55:41.305 12985 13182 I DFInstaObserve: !toggles +blocked disable_feed=0 disable_explore=0 disable_reels=0 disable_stories=1 disable_adds=0
08-19 20:55:41.362 12985 13182 I DFInstaObserve: !toggles +blocked disable_feed=0 disable_explore=0 disable_reels=0 disable_stories=1 disable_adds=0
08-19 20:55:41.372 12985 15444 I DFInstaObserve: !toggles +blocked disable_feed=0 disable_explore=0 disable_reels=0 disable_stories=1 disable_adds=0
08-19 20:55:41.402 12985 13182 I DFInstaObserve: !toggles +blocked disable_feed=0 disable_explore=0 disable_reels=0 disable_stories=1 disable_adds=0
08-19 20:55:41.403 12985 15353 I DFInstaObserve: !toggles +blocked disable_feed=0 disable_explore=0 disable_reels=0 disable_stories=1 disable_adds=0
08-19 20:55:41.425 12985 15444 I DFInstaObserve: !toggles +blocked disable_feed=0 disable_explore=0 disable_reels=0 disable_stories=1 disable_adds=0
08-19 20:55:41.445 12985 13182 I DFInstaObserve: !toggles +blocked disable_feed=0 disable_explore=0 disable_reels=0 disable_stories=1 disable_adds=0
08-19 20:55:41.460 12985 15444 I DFInstaObserve: !toggles +blocked disable_feed=0 disable_explore=0 disable_reels=0 disable_stories=1 disable_adds=0
08-19 20:55:41.511 12985 15444 I DFInstaObserve: !toggles +blocked disable_feed=0 disable_explore=0 disable_reels=0 disable_stories=1 disable_adds=0
08-19 20:55:41.532 12985 15400 I DFInstaObserve: !toggles +blocked disable_feed=0 disable_explore=0 disable_reels=0 disable_stories=1 disable_adds=0
08-19 20:55:41.574 12985 13182 I DFInstaObserve: !toggles +blocked disable_feed=0 disable_explore=0 disable_reels=0 disable_stories=1 disable_adds=0
08-19 20:55:41.608 12985 15410 I DFInstaObserve: !toggles +blocked disable_feed=0 disable_explore=0 disable_reels=0 disable_stories=1 disable_adds=0
08-19 20:55:41.627 12985 13182 I DFInstaObserve: !toggles +blocked disable_feed=0 disable_explore=0 disable_reels=0 disable_stories=1 disable_adds=0
08-19 20:55:41.634 12985 15446 I DFInstaObserve: !toggles +blocked disable_feed=0 disable_explore=0 disable_reels=0 disable_stories=1 disable_adds=0
08-19 20:55:41.691 12985 15409 I DFInstaObserve: !toggles +blocked disable_feed=0 disable_explore=0 disable_reels=0 disable_stories=1 disable_adds=0
08-19 20:55:41.691 12985 15409 I DFInstaObserve: /discover/topical_explore
08-19 20:55:41.715 12985 15442 I DFInstaObserve: !toggles +blocked disable_feed=0 disable_explore=0 disable_reels=0 disable_stories=1 disable_adds=0
08-19 20:55:41.758 12985 15352 I DFInstaObserve: !toggles +blocked disable_feed=0 disable_explore=0 disable_reels=0 disable_stories=1 disable_adds=0
08-19 20:55:41.820 12985 15445 I DFInstaObserve: !toggles +blocked disable_feed=0 disable_explore=0 disable_reels=0 disable_stories=1 disable_adds=0
08-19 20:55:42.053 12985 15541 I DFInstaObserve: !toggles +blocked disable_feed=0 disable_explore=0 disable_reels=0 disable_stories=1 disable_adds=0
08-19 20:55:42.133 12985 13182 I DFInstaObserve: !toggles +blocked disable_feed=0 disable_explore=0 disable_reels=0 disable_stories=1 disable_adds=0
08-19 20:55:42.164 12985 15575 I DFInstaObserve: !toggles +blocked disable_feed=0 disable_explore=0 disable_reels=0 disable_stories=1 disable_adds=0
08-19 20:55:44.044 12985 15506 I DFInstaObserve: !toggles +blocked disable_feed=0 disable_explore=0 disable_reels=0 disable_stories=1 disable_adds=0
08-19 20:55:44.152 12985 15536 I DFInstaObserve: !toggles +blocked disable_feed=0 disable_explore=0 disable_reels=0 disable_stories=1 disable_adds=0
08-19 20:55:44.791 15614 15614 I DFInstaWalk: surface=Reels
08-19 20:55:45.533 12985 15672 I DFInstaObserve: !toggles +blocked disable_feed=0 disable_explore=0 disable_reels=0 disable_stories=1 disable_adds=0
08-19 20:55:45.537 12985 15363 I DFInstaObserve: !toggles +blocked disable_feed=0 disable_explore=0 disable_reels=0 disable_stories=1 disable_adds=0
08-19 20:55:45.559 12985 13182 I DFInstaObserve: !toggles +blocked disable_feed=0 disable_explore=0 disable_reels=0 disable_stories=1 disable_adds=0
08-19 20:55:45.656 12985 15644 I DFInstaObserve: !toggles +blocked disable_feed=0 disable_explore=0 disable_reels=0 disable_stories=1 disable_adds=0
08-19 20:55:45.698 12985 13203 I DFInstaObserve: !toggles +blocked disable_feed=0 disable_explore=0 disable_reels=0 disable_stories=1 disable_adds=0
08-19 20:55:45.699 12985 15637 I DFInstaObserve: !toggles +blocked disable_feed=0 disable_explore=0 disable_reels=0 disable_stories=1 disable_adds=0
08-19 20:55:45.825 12985 15648 I DFInstaObserve: !toggles +blocked disable_feed=0 disable_explore=0 disable_reels=0 disable_stories=1 disable_adds=0
08-19 20:55:45.851 12985 13203 I DFInstaObserve: !toggles +blocked disable_feed=0 disable_explore=0 disable_reels=0 disable_stories=1 disable_adds=0
08-19 20:55:45.914 12985 15645 I DFInstaObserve: !toggles +blocked disable_feed=0 disable_explore=0 disable_reels=0 disable_stories=1 disable_adds=0
08-19 20:55:46.075 12985 13203 I DFInstaObserve: !toggles +blocked disable_feed=0 disable_explore=0 disable_reels=0 disable_stories=1 disable_adds=0
08-19 20:55:46.088 12985 15645 I DFInstaObserve: !toggles +blocked disable_feed=0 disable_explore=0 disable_reels=0 disable_stories=1 disable_adds=0
08-19 20:55:46.124 12985 15648 I DFInstaObserve: !toggles +blocked disable_feed=0 disable_explore=0 disable_reels=0 disable_stories=1 disable_adds=0
08-19 20:55:46.225 12985 13203 I DFInstaObserve: !toggles +blocked disable_feed=0 disable_explore=0 disable_reels=0 disable_stories=1 disable_adds=0
08-19 20:55:46.279 12985 13182 I DFInstaObserve: !toggles +blocked disable_feed=0 disable_explore=0 disable_reels=0 disable_stories=1 disable_adds=0
08-19 20:55:46.282 12985 15647 I DFInstaObserve: !toggles +blocked disable_feed=0 disable_explore=0 disable_reels=0 disable_stories=1 disable_adds=0
08-19 20:55:46.350 12985 13182 I DFInstaObserve: !toggles +blocked disable_feed=0 disable_explore=0 disable_reels=0 disable_stories=1 disable_adds=0
08-19 20:55:46.355 12985 13203 I DFInstaObserve: !toggles +blocked disable_feed=0 disable_explore=0 disable_reels=0 disable_stories=1 disable_adds=0
08-19 20:55:46.393 12985 15583 I DFInstaObserve: !toggles +blocked disable_feed=0 disable_explore=0 disable_reels=0 disable_stories=1 disable_adds=0
08-19 20:55:46.427 12985 15648 I DFInstaObserve: !toggles +blocked disable_feed=0 disable_explore=0 disable_reels=0 disable_stories=1 disable_adds=0
08-19 20:55:46.466 12985 15644 I DFInstaObserve: !toggles +blocked disable_feed=0 disable_explore=0 disable_reels=0 disable_stories=1 disable_adds=0
08-19 20:55:46.560 12985 15648 I DFInstaObserve: !toggles +blocked disable_feed=0 disable_explore=0 disable_reels=0 disable_stories=1 disable_adds=0
08-19 20:55:46.645 12985 15583 I DFInstaObserve: !toggles +blocked disable_feed=0 disable_explore=0 disable_reels=0 disable_stories=1 disable_adds=0
08-19 20:55:46.678 12985 15644 I DFInstaObserve: !toggles +blocked disable_feed=0 disable_explore=0 disable_reels=0 disable_stories=1 disable_adds=0
08-19 20:55:46.749 12985 15583 I DFInstaObserve: !toggles +blocked disable_feed=0 disable_explore=0 disable_reels=0 disable_stories=1 disable_adds=0
08-19 20:55:46.829 12985 15593 I DFInstaObserve: !toggles +blocked disable_feed=0 disable_explore=0 disable_reels=0 disable_stories=1 disable_adds=0
08-19 20:55:46.931 12985 15642 I DFInstaObserve: !toggles +blocked disable_feed=0 disable_explore=0 disable_reels=0 disable_stories=1 disable_adds=0
08-19 20:55:47.112 12985 13182 I DFInstaObserve: !toggles +blocked disable_feed=0 disable_explore=0 disable_reels=0 disable_stories=1 disable_adds=0
08-19 20:55:47.162 12985 13182 I DFInstaObserve: !toggles +blocked disable_feed=0 disable_explore=0 disable_reels=0 disable_stories=1 disable_adds=0
08-19 20:55:47.229 12985 15659 I DFInstaObserve: !toggles +blocked disable_feed=0 disable_explore=0 disable_reels=0 disable_stories=1 disable_adds=0
08-19 20:55:47.229 12985 15657 I DFInstaObserve: !toggles +blocked disable_feed=0 disable_explore=0 disable_reels=0 disable_stories=1 disable_adds=0
08-19 20:55:47.422 12985 13182 I DFInstaObserve: !toggles +blocked disable_feed=0 disable_explore=0 disable_reels=0 disable_stories=1 disable_adds=0
08-19 20:55:47.551 12985 13182 I DFInstaObserve: !toggles +blocked disable_feed=0 disable_explore=0 disable_reels=0 disable_stories=1 disable_adds=0
08-19 20:55:47.931 12985 13182 I DFInstaObserve: !toggles +blocked disable_feed=0 disable_explore=0 disable_reels=0 disable_stories=1 disable_adds=0
08-19 20:55:48.011 12985 13182 I DFInstaObserve: !toggles +blocked disable_feed=0 disable_explore=0 disable_reels=0 disable_stories=1 disable_adds=0
08-19 20:55:48.206 12985 13182 I DFInstaObserve: !toggles +blocked disable_feed=0 disable_explore=0 disable_reels=0 disable_stories=1 disable_adds=0
08-19 20:55:53.016 12985 15648 I DFInstaObserve: !toggles +blocked disable_feed=0 disable_explore=0 disable_reels=0 disable_stories=1 disable_adds=0
08-19 20:55:53.016 12985 15648 I DFInstaObserve: /clips/discover
08-19 20:55:53.016 12985 15648 I DFInstaObserve: /clips/discover/stream/
08-19 20:55:53.433 12985 15363 I DFInstaObserve: !toggles +blocked disable_feed=0 disable_explore=0 disable_reels=0 disable_stories=1 disable_adds=0
08-19 20:55:53.479 12985 15672 I DFInstaObserve: !toggles +blocked disable_feed=0 disable_explore=0 disable_reels=0 disable_stories=1 disable_adds=0
08-19 20:55:55.525 12985 15691 I DFInstaObserve: !toggles +blocked disable_feed=0 disable_explore=0 disable_reels=0 disable_stories=1 disable_adds=0
08-19 20:55:55.527 12985 15690 I DFInstaObserve: !toggles +blocked disable_feed=0 disable_explore=0 disable_reels=0 disable_stories=1 disable_adds=0
08-19 20:55:56.812 12985 15704 I DFInstaObserve: !toggles +blocked disable_feed=0 disable_explore=0 disable_reels=0 disable_stories=1 disable_adds=0
08-19 20:55:57.151 12985 15672 I DFInstaObserve: !toggles +blocked disable_feed=0 disable_explore=0 disable_reels=0 disable_stories=1 disable_adds=0
08-19 20:55:57.158 12985 15672 I DFInstaObserve: !toggles +blocked disable_feed=0 disable_explore=0 disable_reels=0 disable_stories=1 disable_adds=0
08-19 20:55:57.207 12985 15672 I DFInstaObserve: !toggles +blocked disable_feed=0 disable_explore=0 disable_reels=0 disable_stories=1 disable_adds=0
08-19 20:55:57.236 12985 13182 I DFInstaObserve: !toggles +blocked disable_feed=0 disable_explore=0 disable_reels=0 disable_stories=1 disable_adds=0
08-19 20:55:57.365 12985 15706 I DFInstaObserve: !toggles +blocked disable_feed=0 disable_explore=0 disable_reels=0 disable_stories=1 disable_adds=0
08-19 20:55:57.394 12985 15637 I DFInstaObserve: !toggles +blocked disable_feed=0 disable_explore=0 disable_reels=0 disable_stories=1 disable_adds=0
08-19 20:55:57.585 12985 15637 I DFInstaObserve: !toggles +blocked disable_feed=0 disable_explore=0 disable_reels=0 disable_stories=1 disable_adds=0
08-19 20:55:57.598 12985 15648 I DFInstaObserve: !toggles +blocked disable_feed=0 disable_explore=0 disable_reels=0 disable_stories=1 disable_adds=0
08-19 20:55:57.721 12985 13182 I DFInstaObserve: !toggles +blocked disable_feed=0 disable_explore=0 disable_reels=0 disable_stories=1 disable_adds=0
08-19 20:55:57.774 12985 13182 I DFInstaObserve: !toggles +blocked disable_feed=0 disable_explore=0 disable_reels=0 disable_stories=1 disable_adds=0
08-19 20:55:58.048 12985 13182 I DFInstaObserve: !toggles +blocked disable_feed=0 disable_explore=0 disable_reels=0 disable_stories=1 disable_adds=0
08-19 20:55:58.098 12985 13182 I DFInstaObserve: !toggles +blocked disable_feed=0 disable_explore=0 disable_reels=0 disable_stories=1 disable_adds=0
08-19 20:55:58.408 12985 13182 I DFInstaObserve: !toggles +blocked disable_feed=0 disable_explore=0 disable_reels=0 disable_stories=1 disable_adds=0
08-19 20:55:58.474 12985 13182 I DFInstaObserve: !toggles +blocked disable_feed=0 disable_explore=0 disable_reels=0 disable_stories=1 disable_adds=0
08-19 20:55:58.868 12985 15721 I DFInstaObserve: !toggles +blocked disable_feed=0 disable_explore=0 disable_reels=0 disable_stories=1 disable_adds=0
08-19 20:55:58.870 12985 15720 I DFInstaObserve: !toggles +blocked disable_feed=0 disable_explore=0 disable_reels=0 disable_stories=1 disable_adds=0
08-19 20:55:59.422 12985 13182 I DFInstaObserve: !toggles +blocked disable_feed=0 disable_explore=0 disable_reels=0 disable_stories=1 disable_adds=0
08-19 20:56:00.188 12985 15363 I DFInstaObserve: !toggles +blocked disable_feed=0 disable_explore=0 disable_reels=0 disable_stories=1 disable_adds=0
08-19 20:56:02.268 12985 15751 I DFInstaObserve: !toggles +blocked disable_feed=0 disable_explore=0 disable_reels=0 disable_stories=1 disable_adds=0
08-19 20:56:02.268 12985 15752 I DFInstaObserve: !toggles +blocked disable_feed=0 disable_explore=0 disable_reels=0 disable_stories=1 disable_adds=0
08-19 20:56:05.640 12985 15779 I DFInstaObserve: !toggles +blocked disable_feed=0 disable_explore=0 disable_reels=0 disable_stories=1 disable_adds=0
08-19 20:56:05.652 12985 15778 I DFInstaObserve: !toggles +blocked disable_feed=0 disable_explore=0 disable_reels=0 disable_stories=1 disable_adds=0
08-19 20:56:06.468 12985 15794 I DFInstaObserve: !toggles +blocked disable_feed=0 disable_explore=0 disable_reels=0 disable_stories=1 disable_adds=0
08-19 20:56:06.468 12985 15794 I DFInstaObserve: /clips/discover
08-19 20:56:06.468 12985 15794 I DFInstaObserve: /clips/discover/stream/
08-19 20:56:06.876 12985 15363 I DFInstaObserve: !toggles +blocked disable_feed=0 disable_explore=0 disable_reels=0 disable_stories=1 disable_adds=0
08-19 20:56:08.991 12985 15809 I DFInstaObserve: !toggles +blocked disable_feed=0 disable_explore=0 disable_reels=0 disable_stories=1 disable_adds=0
08-19 20:56:08.991 12985 15810 I DFInstaObserve: !toggles +blocked disable_feed=0 disable_explore=0 disable_reels=0 disable_stories=1 disable_adds=0
