08-19 20:34:29.371  1517  1517 I DFInstaProbe: set_app_context
08-19 20:34:29.534  1517  1707 I DFInstaProbe: replace_reels_stream_endpoint
08-19 20:34:29.795  1517  1697 I DFInstaProbe: tigon_url_block
08-19 20:34:29.795  1517  1697 I DFInstaObserve: !toggles +blocked disable_feed=1 disable_explore=0 disable_reels=0 disable_stories=0 disable_adds=0
08-19 20:34:29.795  1517  1697 I DFInstaObserve: /feed/timeline/
08-19 20:34:29.795  1517  1697 I DFInstaObserve: !blocked /feed/timeline/
08-19 20:34:29.796  1517  1707 I DFInstaObserve: !toggles +blocked disable_feed=1 disable_explore=0 disable_reels=0 disable_stories=0 disable_adds=0
08-19 20:34:29.796  1517  1707 I DFInstaObserve: /feed/reels_tray/
08-19 20:34:29.980  1517  1854 I DFInstaObserve: !toggles +blocked disable_feed=1 disable_explore=0 disable_reels=0 disable_stories=0 disable_adds=0
08-19 20:34:30.110  1517  1854 I DFInstaObserve: !toggles +blocked disable_feed=1 disable_explore=0 disable_reels=0 disable_stories=0 disable_adds=0
08-19 20:34:30.126  1517  1916 I DFInstaObserve: !toggles +blocked disable_feed=1 disable_explore=0 disable_reels=0 disable_stories=0 disable_adds=0
08-19 20:34:30.184  1517  1517 E IgFunctionalErrorEvent: FEED_NOT_LOADING
08-19 20:34:30.184  1517  1517 E IgFunctionalErrorEvent: java.io.IOException: Blocked by DFInsta setting
08-19 20:34:30.421  1925  1925 I DFInstaProbe: set_app_context
08-19 20:34:30.444  1517  1697 I DFInstaObserve: !toggles +blocked disable_feed=1 disable_explore=0 disable_reels=0 disable_stories=0 disable_adds=0
08-19 20:34:30.627  1517  1916 I DFInstaObserve: !toggles +blocked disable_feed=1 disable_explore=0 disable_reels=0 disable_stories=0 disable_adds=0
08-19 20:34:30.663  1517  1854 I DFInstaObserve: !toggles +blocked disable_feed=1 disable_explore=0 disable_reels=0 disable_stories=0 disable_adds=0
08-19 20:34:30.939  1517  1854 I DFInstaObserve: !toggles +blocked disable_feed=1 disable_explore=0 disable_reels=0 disable_stories=0 disable_adds=0
08-19 20:34:31.332  1517  1916 I DFInstaObserve: !toggles +blocked disable_feed=1 disable_explore=0 disable_reels=0 disable_stories=0 disable_adds=0
08-19 20:34:32.655  1517  1987 I DFInstaObserve: !toggles +blocked disable_feed=1 disable_explore=0 disable_reels=0 disable_stories=0 disable_adds=0
08-19 20:34:32.713  1517  1987 I DFInstaObserve: !toggles +blocked disable_feed=1 disable_explore=0 disable_reels=0 disable_stories=0 disable_adds=0
08-19 20:34:33.200  1517  1617 I DFInstaObserve: !toggles +blocked disable_feed=1 disable_explore=0 disable_reels=0 disable_stories=0 disable_adds=0
08-19 20:34:33.200  1517  1617 I DFInstaObserve: /feed/timeline/
08-19 20:34:33.200  1517  1617 I DFInstaObserve: !blocked /feed/timeline/
08-19 20:34:33.224  1517  1517 E IgFunctionalErrorEvent: FEED_NOT_LOADING
08-19 20:34:33.224  1517  1517 E IgFunctionalErrorEvent: java.io.IOException: Blocked by DFInsta setting
08-19 20:34:35.152  1517  1987 I DFInstaObserve: !toggles +blocked disable_feed=1 disable_explore=0 disable_reels=0 disable_stories=0 disable_adds=0
08-19 20:34:36.258  1517  1805 I DFInstaObserve: !toggles +blocked disable_feed=1 disable_explore=0 disable_reels=0 disable_stories=0 disable_adds=0
08-19 20:34:36.258  1517  1805 I DFInstaObserve: /feed/timeline/
08-19 20:34:36.258  1517  1805 I DFInstaObserve: !blocked /feed/timeline/
08-19 20:34:36.272  1517  1517 E IgFunctionalErrorEvent: FEED_NOT_LOADING
08-19 20:34:36.272  1517  1517 E IgFunctionalErrorEvent: java.io.IOException: Blocked by DFInsta setting
08-19 20:34:36.493  1517  1805 I DFInstaObserve: !toggles +blocked disable_feed=1 disable_explore=0 disable_reels=0 disable_stories=0 disable_adds=0
08-19 20:34:36.580  1517  1614 I DFInstaObserve: !toggles +blocked disable_feed=1 disable_explore=0 disable_reels=0 disable_stories=0 disable_adds=0
08-19 20:34:36.896  1517  1617 I DFInstaObserve: !toggles +blocked disable_feed=1 disable_explore=0 disable_reels=0 disable_stories=0 disable_adds=0
08-19 20:34:36.963  1517  1614 I DFInstaObserve: !toggles +blocked disable_feed=1 disable_explore=0 disable_reels=0 disable_stories=0 disable_adds=0
08-19 20:34:37.448  1517  2196 I DFInstaObserve: !toggles +blocked disable_feed=1 disable_explore=0 disable_reels=0 disable_stories=0 disable_adds=0
08-19 20:34:37.483  1517  2218 I DFInstaObserve: !toggles +blocked disable_feed=1 disable_explore=0 disable_reels=0 disable_stories=0 disable_adds=0
08-19 20:34:39.307  1517  1818 I DFInstaObserve: !toggles +blocked disable_feed=1 disable_explore=0 disable_reels=0 disable_stories=0 disable_adds=0
08-19 20:34:39.307  1517  1818 I DFInstaObserve: /feed/timeline/
08-19 20:34:39.307  1517  1818 I DFInstaObserve: !blocked /feed/timeline/
08-19 20:34:39.311  1517  1517 E IgFunctionalErrorEvent: FEED_NOT_LOADING
08-19 20:34:39.311  1517  1517 E IgFunctionalErrorEvent: java.io.IOException: Blocked by DFInsta setting
08-19 20:34:40.726  1517  1825 I DFInstaObserve: !toggles +blocked disable_feed=1 disable_explore=0 disable_reels=0 disable_stories=0 disable_adds=0
08-19 20:34:40.820  1517  2204 I DFInstaObserve: !toggles +blocked disable_feed=1 disable_explore=0 disable_reels=0 disable_stories=0 disable_adds=0
08-19 20:34:40.991  1517  1916 I DFInstaObserve: !toggles +blocked disable_feed=1 disable_explore=0 disable_reels=0 disable_stories=0 disable_adds=0
08-19 20:34:42.984  1517  1916 I DFInstaObserve: !toggles +blocked disable_feed=1 disable_explore=0 disable_reels=0 disable_stories=0 disable_adds=0
08-19 20:34:47.368  2516  2516 I DFInstaWalk: surface=Home
08-19 20:34:47.489  1517  2085 I DFInstaObserve: !toggles +blocked disable_feed=1 disable_explore=0 disable_reels=0 disable_stories=0 disable_adds=0
08-19 20:34:47.490  1517  2085 I DFInstaObserve: /feed/timeline/
08-19 20:34:47.490  1517  2085 I DFInstaObserve: !blocked /feed/timeline/
08-19 20:34:47.491  1517  2204 I DFInstaObserve: !toggles +blocked disable_feed=1 disable_explore=0 disable_reels=0 disable_stories=0 disable_adds=0
08-19 20:34:47.491  1517  2204 I DFInstaObserve: /feed/reels_tray/
08-19 20:34:47.493  1517  1517 E IgFunctionalErrorEvent: FEED_NOT_LOADING
08-19 20:34:47.493  1517  1517 E IgFunctionalErrorEvent: java.io.IOException: Blocked by DFInsta setting
08-19 20:34:47.985  1517  1854 I DFInstaObserve: !toggles +blocked disable_feed=1 disable_explore=0 disable_reels=0 disable_stories=0 disable_adds=0
08-19 20:34:48.172  1517  1854 I DFInstaObserve: !toggles +blocked disable_feed=1 disable_explore=0 disable_reels=0 disable_stories=0 disable_adds=0
08-19 20:34:48.630  1517  1916 I DFInstaObserve: !toggles +blocked disable_feed=1 disable_explore=0 disable_reels=0 disable_stories=0 disable_adds=0
08-19 20:34:50.515  1517  2536 I DFInstaObserve: !toggles +blocked disable_feed=1 disable_explore=0 disable_reels=0 disable_stories=0 disable_adds=0
08-19 20:34:50.515  1517  2536 I DFInstaObserve: /feed/timeline/
08-19 20:34:50.515  1517  2536 I DFInstaObserve: !blocked /feed/timeline/
08-19 20:34:50.524  1517  1517 E IgFunctionalErrorEvent: FEED_NOT_LOADING
08-19 20:34:50.524  1517  1517 E IgFunctionalErrorEvent: java.io.IOException: Blocked by DFInsta setting
08-19 20:34:53.542  1517  2575 I DFInstaObserve: !toggles +blocked disable_feed=1 disable_explore=0 disable_reels=0 disable_stories=0 disable_adds=0
08-19 20:34:53.542  1517  2575 I DFInstaObserve: /feed/timeline/
08-19 20:34:53.542  1517  2575 I DFInstaObserve: !blocked /feed/timeline/
08-19 20:34:53.547  1517  1517 E IgFunctionalErrorEvent: FEED_NOT_LOADING
08-19 20:34:53.547  1517  1517 E IgFunctionalErrorEvent: java.io.IOException: Blocked by DFInsta setting
08-19 20:34:55.663  1517  2579 I DFInstaObserve: !toggles +blocked disable_feed=1 disable_explore=0 disable_reels=0 disable_stories=0 disable_adds=0
08-19 20:34:55.663  1517  2536 I DFInstaObserve: !toggles +blocked disable_feed=1 disable_explore=0 disable_reels=0 disable_stories=0 disable_adds=0
08-19 20:34:55.663  1517  2579 I DFInstaObserve: /feed/timeline/
08-19 20:34:55.663  1517  2536 I DFInstaObserve: /feed/reels_tray/
08-19 20:34:55.663  1517  2579 I DFInstaObserve: !blocked /feed/timeline/
08-19 20:34:55.673  1517  1517 E IgFunctionalErrorEvent: FEED_NOT_LOADING
08-19 20:34:55.674  1517  1517 E IgFunctionalErrorEvent: java.io.IOException: Blocked by DFInsta setting
08-19 20:34:55.699  1517  2578 I DFInstaObserve: !toggles +blocked disable_feed=1 disable_explore=0 disable_reels=0 disable_stories=0 disable_adds=0
08-19 20:34:55.699  1517  2578 I DFInstaObserve: /feed/timeline/
08-19 20:34:55.699  1517  2578 I DFInstaObserve: !blocked /feed/timeline/
08-19 20:34:55.728  1517  1517 E IgFunctionalErrorEvent: FEED_NOT_LOADING
08-19 20:34:55.728  1517  1517 E IgFunctionalErrorEvent: java.io.IOException: Blocked by DFInsta setting
08-19 20:34:55.757  1517  2578 I DFInstaObserve: !toggles +blocked disable_feed=1 disable_explore=0 disable_reels=0 disable_stories=0 disable_adds=0
08-19 20:34:55.757  1517  2578 I DFInstaObserve: /feed/timeline/
08-19 20:34:55.757  1517  2578 I DFInstaObserve: !blocked /feed/timeline/
08-19 20:34:55.774  1517  1517 E IgFunctionalErrorEvent: FEED_NOT_LOADING
08-19 20:34:55.774  1517  1517 E IgFunctionalErrorEvent: java.io.IOException: Blocked by DFInsta setting
08-19 20:34:55.802  1517  2544 I DFInstaObserve: !toggles +blocked disable_feed=1 disable_explore=0 disable_reels=0 disable_stories=0 disable_adds=0
08-19 20:34:55.802  1517  2544 I DFInstaObserve: /feed/timeline/
08-19 20:34:55.802  1517  2544 I DFInstaObserve: !blocked /feed/timeline/
08-19 20:34:55.839  1517  1517 E IgFunctionalErrorEvent: FEED_NOT_LOADING
08-19 20:34:55.839  1517  1517 E IgFunctionalErrorEvent: java.io.IOException: Blocked by DFInsta setting
08-19 20:34:55.863  1517  2544 I DFInstaObserve: !toggles +blocked disable_feed=1 disable_explore=0 disable_reels=0 disable_stories=0 disable_adds=0
08-19 20:34:55.863  1517  2544 I DFInstaObserve: /feed/timeline/
08-19 20:34:55.863  1517  2544 I DFInstaObserve: !blocked /feed/timeline/
08-19 20:34:55.876  1517  1517 E IgFunctionalErrorEvent: FEED_NOT_LOADING
08-19 20:34:55.877  1517  1517 E IgFunctionalErrorEvent: java.io.IOException: Blocked by DFInsta setting
08-19 20:34:55.906  1517  2451 I DFInstaObserve: !toggles +blocked disable_feed=1 disable_explore=0 disable_reels=0 disable_stories=0 disable_adds=0
08-19 20:34:55.906  1517  2451 I DFInstaObserve: /feed/timeline/
08-19 20:34:55.906  1517  2451 I DFInstaObserve: !blocked /feed/timeline/
08-19 20:34:55.941  1517  1517 E IgFunctionalErrorEvent: FEED_NOT_LOADING
08-19 20:34:55.942  1517  1517 E IgFunctionalErrorEvent: java.io.IOException: Blocked by DFInsta setting
08-19 20:34:55.967  1517  2549 I DFInstaObserve: !toggles +blocked disable_feed=1 disable_explore=0 disable_reels=0 disable_stories=0 disable_adds=0
08-19 20:34:55.967  1517  2549 I DFInstaObserve: /feed/timeline/
08-19 20:34:55.967  1517  2549 I DFInstaObserve: !blocked /feed/timeline/
08-19 20:34:55.990  1517  1517 E IgFunctionalErrorEvent: FEED_NOT_LOADING
08-19 20:34:55.990  1517  1517 E IgFunctionalErrorEvent: java.io.IOException: Blocked by DFInsta setting
08-19 20:34:56.563  1517  2536 I DFInstaObserve: !toggles +blocked disable_feed=1 disable_explore=0 disable_reels=0 disable_stories=0 disable_adds=0
08-19 20:34:56.563  1517  2536 I DFInstaObserve: /feed/timeline/
08-19 20:34:56.563  1517  2536 I DFInstaObserve: !blocked /feed/timeline/
08-19 20:34:56.574  1517  1517 E IgFunctionalErrorEvent: FEED_NOT_LOADING
08-19 20:34:56.574  1517  1517 E IgFunctionalErrorEvent: java.io.IOException: Blocked by DFInsta setting
08-19 20:34:57.247  1517  1916 I DFInstaObserve: !toggles +blocked disable_feed=1 disable_explore=0 disable_reels=0 disable_stories=0 disable_adds=0
08-19 20:35:23.807  2860  2860 I DFInstaWalk: surface=Search and explore
08-19 20:35:23.929  1517  2631 I DFInstaObserve: !toggles +blocked disable_feed=1 disable_explore=0 disable_reels=0 disable_stories=0 disable_adds=0
08-19 20:35:24.029  1517  2839 I DFInstaObserve: !toggles +blocked disable_feed=1 disable_explore=0 disable_reels=0 disable_stories=0 disable_adds=0
08-19 20:35:24.029  1517  2839 I DFInstaObserve: /discover/topical_explore
08-19 20:35:24.033  1517  2651 I DFInstaObserve: !toggles +blocked disable_feed=1 disable_explore=0 disable_reels=0 disable_stories=0 disable_adds=0
08-19 20:35:24.984  1517  1916 I DFInstaObserve: !toggles +blocked disable_feed=1 disable_explore=0 disable_reels=0 disable_stories=0 disable_adds=0
08-19 20:35:27.699  1517  1613 I DFInstaObserve: !toggles +blocked disable_feed=1 disable_explore=0 disable_reels=0 disable_stories=0 disable_adds=0
08-19 20:35:27.721  1517  1612 I DFInstaObserve: !toggles +blocked disable_feed=1 disable_explore=0 disable_reels=0 disable_stories=0 disable_adds=0
08-19 20:35:27.731  1517  1612 I DFInstaObserve: !toggles +blocked disable_feed=1 disable_explore=0 disable_reels=0 disable_stories=0 disable_adds=0
08-19 20:35:27.737  1517  1612 I DFInstaObserve: !toggles +blocked disable_feed=1 disable_explore=0 disable_reels=0 disable_stories=0 disable_adds=0
08-19 20:35:27.745  1517  1613 I DFInstaObserve: !toggles +blocked disable_feed=1 disable_explore=0 disable_reels=0 disable_stories=0 disable_adds=0
08-19 20:35:27.752  1517  1612 I DFInstaObserve: !toggles +blocked disable_feed=1 disable_explore=0 disable_reels=0 disable_stories=0 disable_adds=0
08-19 20:35:27.760  1517  1613 I DFInstaObserve: !toggles +blocked disable_feed=1 disable_explore=0 disable_reels=0 disable_stories=0 disable_adds=0
08-19 20:35:27.761  1517  1612 I DFInstaObserve: !toggles +blocked disable_feed=1 disable_explore=0 disable_reels=0 disable_stories=0 disable_adds=0
08-19 20:35:27.765  1517  1613 I DFInstaObserve: !toggles +blocked disable_feed=1 disable_explore=0 disable_reels=0 disable_stories=0 disable_adds=0
08-19 20:35:27.784  1517  1854 I DFInstaObserve: !toggles +blocked disable_feed=1 disable_explore=0 disable_reels=0 disable_stories=0 disable_adds=0
08-19 20:35:27.786  1517  2354 I DFInstaObserve: !toggles +blocked disable_feed=1 disable_explore=0 disable_reels=0 disable_stories=0 disable_adds=0
08-19 20:35:27.791  1517  2354 I DFInstaObserve: !toggles +blocked disable_feed=1 disable_explore=0 disable_reels=0 disable_stories=0 disable_adds=0
08-19 20:35:27.794  1517  2901 I DFInstaObserve: !toggles +blocked disable_feed=1 disable_explore=0 disable_reels=0 disable_stories=0 disable_adds=0
08-19 20:35:27.873  1517  2651 I DFInstaObserve: !toggles +blocked disable_feed=1 disable_explore=0 disable_reels=0 disable_stories=0 disable_adds=0
08-19 20:35:27.972  1517  2963 I DFInstaObserve: !toggles +blocked disable_feed=1 disable_explore=0 disable_reels=0 disable_stories=0 disable_adds=0
08-19 20:35:28.094  1517  2883 I DFInstaObserve: !toggles +blocked disable_feed=1 disable_explore=0 disable_reels=0 disable_stories=0 disable_adds=0
08-19 20:35:28.114  1517  1854 I DFInstaObserve: !toggles +blocked disable_feed=1 disable_explore=0 disable_reels=0 disable_stories=0 disable_adds=0
08-19 20:35:28.120  1517  2992 I DFInstaObserve: !toggles +blocked disable_feed=1 disable_explore=0 disable_reels=0 disable_stories=0 disable_adds=0
08-19 20:35:28.122  1517  2991 I DFInstaObserve: !toggles +blocked disable_feed=1 disable_explore=0 disable_reels=0 disable_stories=0 disable_adds=0
08-19 20:35:28.339  1517  1854 I DFInstaObserve: !toggles +blocked disable_feed=1 disable_explore=0 disable_reels=0 disable_stories=0 disable_adds=0
08-19 20:35:28.372  1517  2835 I DFInstaObserve: !toggles +blocked disable_feed=1 disable_explore=0 disable_reels=0 disable_stories=0 disable_adds=0
08-19 20:35:28.402  1517  2889 I DFInstaObserve: !toggles +blocked disable_feed=1 disable_explore=0 disable_reels=0 disable_stories=0 disable_adds=0
08-19 20:35:28.425  1517  1854 I DFInstaObserve: !toggles +blocked disable_feed=1 disable_explore=0 disable_reels=0 disable_stories=0 disable_adds=0
08-19 20:35:28.492  1517  2658 I DFInstaObserve: !toggles +blocked disable_feed=1 disable_explore=0 disable_reels=0 disable_stories=0 disable_adds=0
08-19 20:35:28.504  1517  1854 I DFInstaObserve: !toggles +blocked disable_feed=1 disable_explore=0 disable_reels=0 disable_stories=0 disable_adds=0
08-19 20:35:28.527  1517  2651 I DFInstaObserve: !toggles +blocked disable_feed=1 disable_explore=0 disable_reels=0 disable_stories=0 disable_adds=0
08-19 20:35:28.580  1517  2651 I DFInstaObserve: !toggles +blocked disable_feed=1 disable_explore=0 disable_reels=0 disable_stories=0 disable_adds=0
08-19 20:35:28.615  1517  2834 I DFInstaObserve: !toggles +blocked disable_feed=1 disable_explore=0 disable_reels=0 disable_stories=0 disable_adds=0
08-19 20:35:28.725  1517  2651 I DFInstaObserve: !toggles +blocked disable_feed=1 disable_explore=0 disable_reels=0 disable_stories=0 disable_adds=0
08-19 20:35:28.774  1517  2835 I DFInstaObserve: !toggles +blocked disable_feed=1 disable_explore=0 disable_reels=0 disable_stories=0 disable_adds=0
08-19 20:35:28.868  1517  2835 I DFInstaObserve: !toggles +blocked disable_feed=1 disable_explore=0 disable_reels=0 disable_stories=0 disable_adds=0
08-19 20:35:29.065  1517  1854 I DFInstaObserve: !toggles +blocked disable_feed=1 disable_explore=0 disable_reels=0 disable_stories=0 disable_adds=0
08-19 20:35:29.953  1517  2900 I DFInstaObserve: !toggles +blocked disable_feed=1 disable_explore=0 disable_reels=0 disable_stories=0 disable_adds=0
08-19 20:35:30.097  1517  2963 I DFInstaObserve: !toggles +blocked disable_feed=1 disable_explore=0 disable_reels=0 disable_stories=0 disable_adds=0
08-19 20:35:32.000  1517  2758 I DFInstaObserve: !toggles +blocked disable_feed=1 disable_explore=0 disable_reels=0 disable_stories=0 disable_adds=0
08-19 20:35:32.000  1517  2758 I DFInstaObserve: /discover/topical_explore
08-19 20:35:34.078  1517  1612 I DFInstaObserve: !toggles +blocked disable_feed=1 disable_explore=0 disable_reels=0 disable_stories=0 disable_adds=0
08-19 20:35:34.084  1517  1612 I DFInstaObserve: !toggles +blocked disable_feed=1 disable_explore=0 disable_reels=0 disable_stories=0 disable_adds=0
08-19 20:35:34.089  1517  1612 I DFInstaObserve: !toggles +blocked disable_feed=1 disable_explore=0 disable_reels=0 disable_stories=0 disable_adds=0
08-19 20:35:34.133  1517  1612 I DFInstaObserve: !toggles +blocked disable_feed=1 disable_explore=0 disable_reels=0 disable_stories=0 disable_adds=0
08-19 20:35:34.137  1517  1613 I DFInstaObserve: !toggles +blocked disable_feed=1 disable_explore=0 disable_reels=0 disable_stories=0 disable_adds=0
08-19 20:35:34.158  1517  1854 I DFInstaObserve: !toggles +blocked disable_feed=1 disable_explore=0 disable_reels=0 disable_stories=0 disable_adds=0
08-19 20:35:34.457  1517  3023 I DFInstaObserve: !toggles +blocked disable_feed=1 disable_explore=0 disable_reels=0 disable_stories=0 disable_adds=0
08-19 20:35:34.534  1517  3019 I DFInstaObserve: !toggles +blocked disable_feed=1 disable_explore=0 disable_reels=0 disable_stories=0 disable_adds=0
08-19 20:35:34.561  1517  3041 I DFInstaObserve: !toggles +blocked disable_feed=1 disable_explore=0 disable_reels=0 disable_stories=0 disable_adds=0
08-19 20:35:34.569  1517  3049 I DFInstaObserve: !toggles +blocked disable_feed=1 disable_explore=0 disable_reels=0 disable_stories=0 disable_adds=0
08-19 20:35:34.658  1517  3019 I DFInstaObserve: !toggles +blocked disable_feed=1 disable_explore=0 disable_reels=0 disable_stories=0 disable_adds=0
08-19 20:35:34.915  1517  3050 I DFInstaObserve: !toggles +blocked disable_feed=1 disable_explore=0 disable_reels=0 disable_stories=0 disable_adds=0
08-19 20:35:35.086  1517  3053 I DFInstaObserve: !toggles +blocked disable_feed=1 disable_explore=0 disable_reels=0 disable_stories=0 disable_adds=0
08-19 20:35:35.315  1517  3052 I DFInstaObserve: !toggles +blocked disable_feed=1 disable_explore=0 disable_reels=0 disable_stories=0 disable_adds=0
08-19 20:35:35.318  1517  3050 I DFInstaObserve: !toggles +blocked disable_feed=1 disable_explore=0 disable_reels=0 disable_stories=0 disable_adds=0
08-19 20:35:35.318  1517  3050 I DFInstaObserve: /discover/topical_explore
08-19 20:35:35.343  1517  2632 I DFInstaObserve: !toggles +blocked disable_feed=1 disable_explore=0 disable_reels=0 disable_stories=0 disable_adds=0
08-19 20:35:35.487  1517  3052 I DFInstaObserve: !toggles +blocked disable_feed=1 disable_explore=0 disable_reels=0 disable_stories=0 disable_adds=0
08-19 20:35:35.582  1517  2658 I DFInstaObserve: !toggles +blocked disable_feed=1 disable_explore=0 disable_reels=0 disable_stories=0 disable_adds=0
08-19 20:35:35.592  1517  3070 I DFInstaObserve: !toggles +blocked disable_feed=1 disable_explore=0 disable_reels=0 disable_stories=0 disable_adds=0
08-19 20:35:35.743  1517  3076 I DFInstaObserve: !toggles +blocked disable_feed=1 disable_explore=0 disable_reels=0 disable_stories=0 disable_adds=0
08-19 20:35:35.832  1517  3052 I DFInstaObserve: !toggles +blocked disable_feed=1 disable_explore=0 disable_reels=0 disable_stories=0 disable_adds=0
08-19 20:35:35.912  1517  2658 I DFInstaObserve: !toggles +blocked disable_feed=1 disable_explore=0 disable_reels=0 disable_stories=0 disable_adds=0
08-19 20:35:35.931  1517  3083 I DFInstaObserve: !toggles +blocked disable_feed=1 disable_explore=0 disable_reels=0 disable_stories=0 disable_adds=0
08-19 20:35:35.963  1517  3049 I DFInstaObserve: !toggles +blocked disable_feed=1 disable_explore=0 disable_reels=0 disable_stories=0 disable_adds=0
08-19 20:35:36.065  1517  1854 I DFInstaObserve: !toggles +blocked disable_feed=1 disable_explore=0 disable_reels=0 disable_stories=0 disable_adds=0
08-19 20:35:36.497  1517  1854 I DFInstaObserve: !toggles +blocked disable_feed=1 disable_explore=0 disable_reels=0 disable_stories=0 disable_adds=0
08-19 20:35:36.776  1517  1854 I DFInstaObserve: !toggles +blocked disable_feed=1 disable_explore=0 disable_reels=0 disable_stories=0 disable_adds=0
08-19 20:35:37.919  1517  3076 I DFInstaObserve: !toggles +blocked disable_feed=1 disable_explore=0 disable_reels=0 disable_stories=0 disable_adds=0
08-19 20:35:38.091  1517  1613 I DFInstaObserve: !toggles +blocked disable_feed=1 disable_explore=0 disable_reels=0 disable_stories=0 disable_adds=0
08-19 20:35:38.093  1517  1612 I DFInstaObserve: !toggles +blocked disable_feed=1 disable_explore=0 disable_reels=0 disable_stories=0 disable_adds=0
08-19 20:35:38.114  1517  1854 I DFInstaObserve: !toggles +blocked disable_feed=1 disable_explore=0 disable_reels=0 disable_stories=0 disable_adds=0
08-19 20:35:38.268  1517  2949 I DFInstaObserve: !toggles +blocked disable_feed=1 disable_explore=0 disable_reels=0 disable_stories=0 disable_adds=0
08-19 20:35:38.278  1517  3083 I DFInstaObserve: !toggles +blocked disable_feed=1 disable_explore=0 disable_reels=0 disable_stories=0 disable_adds=0
08-19 20:35:38.303  1517  2893 I DFInstaObserve: !toggles +blocked disable_feed=1 disable_explore=0 disable_reels=0 disable_stories=0 disable_adds=0
08-19 20:35:38.611  1517  3096 I DFInstaObserve: !toggles +blocked disable_feed=1 disable_explore=0 disable_reels=0 disable_stories=0 disable_adds=0
08-19 20:35:38.653  1517  3019 I DFInstaObserve: !toggles +blocked disable_feed=1 disable_explore=0 disable_reels=0 disable_stories=0 disable_adds=0
08-19 20:35:38.695  1517  3096 I DFInstaObserve: !toggles +blocked disable_feed=1 disable_explore=0 disable_reels=0 disable_stories=0 disable_adds=0
08-19 20:35:38.695  1517  3096 I DFInstaObserve: /discover/topical_explore
08-19 20:35:38.755  1517  3019 I DFInstaObserve: !toggles +blocked disable_feed=1 disable_explore=0 disable_reels=0 disable_stories=0 disable_adds=0
08-19 20:35:38.804  1517  2893 I DFInstaObserve: !toggles +blocked disable_feed=1 disable_explore=0 disable_reels=0 disable_stories=0 disable_adds=0
08-19 20:35:38.925  1517  2892 I DFInstaObserve: !toggles +blocked disable_feed=1 disable_explore=0 disable_reels=0 disable_stories=0 disable_adds=0
08-19 20:35:38.973  1517  2883 I DFInstaObserve: !toggles +blocked disable_feed=1 disable_explore=0 disable_reels=0 disable_stories=0 disable_adds=0
08-19 20:35:39.122  1517  2354 I DFInstaObserve: !toggles +blocked disable_feed=1 disable_explore=0 disable_reels=0 disable_stories=0 disable_adds=0
08-19 20:35:39.188  1517  3153 I DFInstaObserve: !toggles +blocked disable_feed=1 disable_explore=0 disable_reels=0 disable_stories=0 disable_adds=0
08-19 20:35:39.189  1517  3155 I DFInstaObserve: !toggles +blocked disable_feed=1 disable_explore=0 disable_reels=0 disable_stories=0 disable_adds=0
08-19 20:35:39.199  1517  1854 I DFInstaObserve: !toggles +blocked disable_feed=1 disable_explore=0 disable_reels=0 disable_stories=0 disable_adds=0
08-19 20:35:39.205  1517  2892 I DFInstaObserve: !toggles +blocked disable_feed=1 disable_explore=0 disable_reels=0 disable_stories=0 disable_adds=0
08-19 20:35:39.240  1517  3097 I DFInstaObserve: !toggles +blocked disable_feed=1 disable_explore=0 disable_reels=0 disable_stories=0 disable_adds=0
08-19 20:35:39.338  1517  3162 I DFInstaObserve: !toggles +blocked disable_feed=1 disable_explore=0 disable_reels=0 disable_stories=0 disable_adds=0
08-19 20:35:39.386  1517  1854 I DFInstaObserve: !toggles +blocked disable_feed=1 disable_explore=0 disable_reels=0 disable_stories=0 disable_adds=0
08-19 20:35:39.407  1517  2632 I DFInstaObserve: !toggles +blocked disable_feed=1 disable_explore=0 disable_reels=0 disable_stories=0 disable_adds=0
08-19 20:35:39.447  1517  3050 I DFInstaObserve: !toggles +blocked disable_feed=1 disable_explore=0 disable_reels=0 disable_stories=0 disable_adds=0
08-19 20:35:39.599  1517  3097 I DFInstaObserve: !toggles +blocked disable_feed=1 disable_explore=0 disable_reels=0 disable_stories=0 disable_adds=0
08-19 20:35:39.641  1517  1854 I DFInstaObserve: !toggles +blocked disable_feed=1 disable_explore=0 disable_reels=0 disable_stories=0 disable_adds=0
08-19 20:35:39.710  1517  1854 I DFInstaObserve: !toggles +blocked disable_feed=1 disable_explore=0 disable_reels=0 disable_stories=0 disable_adds=0
08-19 20:35:39.716  1517  3097 I DFInstaObserve: !toggles +blocked disable_feed=1 disable_explore=0 disable_reels=0 disable_stories=0 disable_adds=0
08-19 20:35:39.808  1517  1854 I DFInstaObserve: !toggles +blocked disable_feed=1 disable_explore=0 disable_reels=0 disable_stories=0 disable_adds=0
08-19 20:35:40.781  1517  1613 I DFInstaObserve: !toggles +blocked disable_feed=1 disable_explore=0 disable_reels=0 disable_stories=0 disable_adds=0
08-19 20:35:40.784  1517  1612 I DFInstaObserve: !toggles +blocked disable_feed=1 disable_explore=0 disable_reels=0 disable_stories=0 disable_adds=0
08-19 20:35:40.806  1517  1854 I DFInstaObserve: !toggles +blocked disable_feed=1 disable_explore=0 disable_reels=0 disable_stories=0 disable_adds=0
08-19 20:35:41.085  1517  3049 I DFInstaObserve: !toggles +blocked disable_feed=1 disable_explore=0 disable_reels=0 disable_stories=0 disable_adds=0
08-19 20:35:41.115  1517  2883 I DFInstaObserve: !toggles +blocked disable_feed=1 disable_explore=0 disable_reels=0 disable_stories=0 disable_adds=0
08-19 20:35:41.147  1517  3106 I DFInstaObserve: !toggles +blocked disable_feed=1 disable_explore=0 disable_reels=0 disable_stories=0 disable_adds=0
08-19 20:35:41.272  1517  3050 I DFInstaObserve: !toggles +blocked disable_feed=1 disable_explore=0 disable_reels=0 disable_stories=0 disable_adds=0
08-19 20:35:41.278  1517  3153 I DFInstaObserve: !toggles +blocked disable_feed=1 disable_explore=0 disable_reels=0 disable_stories=0 disable_adds=0
08-19 20:35:41.343  1517  3096 I DFInstaObserve: !toggles +blocked disable_feed=1 disable_explore=0 disable_reels=0 disable_stories=0 disable_adds=0
08-19 20:35:42.107  1517  3175 I DFInstaObserve: !toggles +blocked disable_feed=1 disable_explore=0 disable_reels=0 disable_stories=0 disable_adds=0
08-19 20:35:42.152  1517  3200 I DFInstaObserve: !toggles +blocked disable_feed=1 disable_explore=0 disable_reels=0 disable_stories=0 disable_adds=0
08-19 20:35:42.152  1517  3200 I DFInstaObserve: /discover/topical_explore
08-19 20:35:42.255  1517  3217 I DFInstaObserve: !toggles +blocked disable_feed=1 disable_explore=0 disable_reels=0 disable_stories=0 disable_adds=0
08-19 20:35:42.278  1517  3199 I DFInstaObserve: !toggles +blocked disable_feed=1 disable_explore=0 disable_reels=0 disable_stories=0 disable_adds=0
08-19 20:35:42.340  1517  2883 I DFInstaObserve: !toggles +blocked disable_feed=1 disable_explore=0 disable_reels=0 disable_stories=0 disable_adds=0
08-19 20:35:42.437  1517  1854 I DFInstaObserve: !toggles +blocked disable_feed=1 disable_explore=0 disable_reels=0 disable_stories=0 disable_adds=0
08-19 20:35:42.489  1517  2883 I DFInstaObserve: !toggles +blocked disable_feed=1 disable_explore=0 disable_reels=0 disable_stories=0 disable_adds=0
08-19 20:35:42.511  1517  1854 I DFInstaObserve: !toggles +blocked disable_feed=1 disable_explore=0 disable_reels=0 disable_stories=0 disable_adds=0
08-19 20:35:42.581  1517  3067 I DFInstaObserve: !toggles +blocked disable_feed=1 disable_explore=0 disable_reels=0 disable_stories=0 disable_adds=0
08-19 20:35:42.631  1517  3199 I DFInstaObserve: !toggles +blocked disable_feed=1 disable_explore=0 disable_reels=0 disable_stories=0 disable_adds=0
08-19 20:35:42.675  1517  3067 I DFInstaObserve: !toggles +blocked disable_feed=1 disable_explore=0 disable_reels=0 disable_stories=0 disable_adds=0
08-19 20:35:42.676  1517  3237 I DFInstaObserve: !toggles +blocked disable_feed=1 disable_explore=0 disable_reels=0 disable_stories=0 disable_adds=0
08-19 20:35:42.876  1517  2892 I DFInstaObserve: !toggles +blocked disable_feed=1 disable_explore=0 disable_reels=0 disable_stories=0 disable_adds=0
08-19 20:35:42.935  1517  1854 I DFInstaObserve: !toggles +blocked disable_feed=1 disable_explore=0 disable_reels=0 disable_stories=0 disable_adds=0
08-19 20:35:42.981  1517  1854 I DFInstaObserve: !toggles +blocked disable_feed=1 disable_explore=0 disable_reels=0 disable_stories=0 disable_adds=0
08-19 20:35:42.985  1517  3097 I DFInstaObserve: !toggles +blocked disable_feed=1 disable_explore=0 disable_reels=0 disable_stories=0 disable_adds=0
08-19 20:35:43.013  1517  3053 I DFInstaObserve: !toggles +blocked disable_feed=1 disable_explore=0 disable_reels=0 disable_stories=0 disable_adds=0
08-19 20:35:43.163  1517  3175 I DFInstaObserve: !toggles +blocked disable_feed=1 disable_explore=0 disable_reels=0 disable_stories=0 disable_adds=0
08-19 20:35:43.207  1517  3252 I DFInstaObserve: !toggles +blocked disable_feed=1 disable_explore=0 disable_reels=0 disable_stories=0 disable_adds=0
08-19 20:35:43.208  1517  3248 I DFInstaObserve: !toggles +blocked disable_feed=1 disable_explore=0 disable_reels=0 disable_stories=0 disable_adds=0
08-19 20:35:43.233  1517  3067 I DFInstaObserve: !toggles +blocked disable_feed=1 disable_explore=0 disable_reels=0 disable_stories=0 disable_adds=0
08-19 20:35:43.415  1517  1854 I DFInstaObserve: !toggles +blocked disable_feed=1 disable_explore=0 disable_reels=0 disable_stories=0 disable_adds=0
08-19 20:35:43.518  1517  1854 I DFInstaObserve: !toggles +blocked disable_feed=1 disable_explore=0 disable_reels=0 disable_stories=0 disable_adds=0
08-19 20:35:43.771  1517  1854 I DFInstaObserve: !toggles +blocked disable_feed=1 disable_explore=0 disable_reels=0 disable_stories=0 disable_adds=0
08-19 20:35:43.823  1517  1854 I DFInstaObserve: !toggles +blocked disable_feed=1 disable_explore=0 disable_reels=0 disable_stories=0 disable_adds=0
08-19 20:35:43.978  1517  1854 I DFInstaObserve: !toggles +blocked disable_feed=1 disable_explore=0 disable_reels=0 disable_stories=0 disable_adds=0
08-19 20:35:44.661  1517  3225 I DFInstaObserve: !toggles +blocked disable_feed=1 disable_explore=0 disable_reels=0 disable_stories=0 disable_adds=0
08-19 20:35:44.978  1517  1613 I DFInstaObserve: !toggles +blocked disable_feed=1 disable_explore=0 disable_reels=0 disable_stories=0 disable_adds=0
08-19 20:35:44.982  1517  1612 I DFInstaObserve: !toggles +blocked disable_feed=1 disable_explore=0 disable_reels=0 disable_stories=0 disable_adds=0
08-19 20:35:45.008  1517  1854 I DFInstaObserve: !toggles +blocked disable_feed=1 disable_explore=0 disable_reels=0 disable_stories=0 disable_adds=0
08-19 20:35:45.120  1517  3067 I DFInstaObserve: !toggles +blocked disable_feed=1 disable_explore=0 disable_reels=0 disable_stories=0 disable_adds=0
08-19 20:35:45.152  1517  3175 I DFInstaObserve: !toggles +blocked disable_feed=1 disable_explore=0 disable_reels=0 disable_stories=0 disable_adds=0
08-19 20:35:45.202  1517  3236 I DFInstaObserve: !toggles +blocked disable_feed=1 disable_explore=0 disable_reels=0 disable_stories=0 disable_adds=0
08-19 20:35:45.681  1517  2883 I DFInstaObserve: !toggles +blocked disable_feed=1 disable_explore=0 disable_reels=0 disable_stories=0 disable_adds=0
08-19 20:35:45.681  1517  2883 I DFInstaObserve: /discover/topical_explore
08-19 20:35:45.913  1517  3363 I DFInstaObserve: !toggles +blocked disable_feed=1 disable_explore=0 disable_reels=0 disable_stories=0 disable_adds=0
08-19 20:35:45.932  1517  2354 I DFInstaObserve: !toggles +blocked disable_feed=1 disable_explore=0 disable_reels=0 disable_stories=0 disable_adds=0
08-19 20:35:45.936  1517  2354 I DFInstaObserve: !toggles +blocked disable_feed=1 disable_explore=0 disable_reels=0 disable_stories=0 disable_adds=0
08-19 20:35:45.992  1517  3296 I DFInstaObserve: !toggles +blocked disable_feed=1 disable_explore=0 disable_reels=0 disable_stories=0 disable_adds=0
08-19 20:35:46.058  1517  3376 I DFInstaObserve: !toggles +blocked disable_feed=1 disable_explore=0 disable_reels=0 disable_stories=0 disable_adds=0
08-19 20:35:46.285  1517  3292 I DFInstaObserve: !toggles +blocked disable_feed=1 disable_explore=0 disable_reels=0 disable_stories=0 disable_adds=0
08-19 20:35:46.332  1517  3200 I DFInstaObserve: !toggles +blocked disable_feed=1 disable_explore=0 disable_reels=0 disable_stories=0 disable_adds=0
08-19 20:35:46.394  1517  1854 I DFInstaObserve: !toggles +blocked disable_feed=1 disable_explore=0 disable_reels=0 disable_stories=0 disable_adds=0
08-19 20:35:46.455  1517  1854 I DFInstaObserve: !toggles +blocked disable_feed=1 disable_explore=0 disable_reels=0 disable_stories=0 disable_adds=0
08-19 20:35:46.455  1517  3200 I DFInstaObserve: !toggles +blocked disable_feed=1 disable_explore=0 disable_reels=0 disable_stories=0 disable_adds=0
08-19 20:35:46.540  1517  3050 I DFInstaObserve: !toggles +blocked disable_feed=1 disable_explore=0 disable_reels=0 disable_stories=0 disable_adds=0
08-19 20:35:46.573  1517  3200 I DFInstaObserve: !toggles +blocked disable_feed=1 disable_explore=0 disable_reels=0 disable_stories=0 disable_adds=0
08-19 20:35:46.609  1517  3200 I DFInstaObserve: !toggles +blocked disable_feed=1 disable_explore=0 disable_reels=0 disable_stories=0 disable_adds=0
08-19 20:35:46.701  1517  3200 I DFInstaObserve: !toggles +blocked disable_feed=1 disable_explore=0 disable_reels=0 disable_stories=0 disable_adds=0
08-19 20:35:46.746  1517  3199 I DFInstaObserve: !toggles +blocked disable_feed=1 disable_explore=0 disable_reels=0 disable_stories=0 disable_adds=0
08-19 20:35:46.798  1517  3050 I DFInstaObserve: !toggles +blocked disable_feed=1 disable_explore=0 disable_reels=0 disable_stories=0 disable_adds=0
08-19 20:35:46.855  1517  1854 I DFInstaObserve: !toggles +blocked disable_feed=1 disable_explore=0 disable_reels=0 disable_stories=0 disable_adds=0
08-19 20:35:46.883  1517  2892 I DFInstaObserve: !toggles +blocked disable_feed=1 disable_explore=0 disable_reels=0 disable_stories=0 disable_adds=0
08-19 20:35:46.952  1517  1854 I DFInstaObserve: !toggles +blocked disable_feed=1 disable_explore=0 disable_reels=0 disable_stories=0 disable_adds=0
08-19 20:35:47.146  1517  1854 I DFInstaObserve: !toggles +blocked disable_feed=1 disable_explore=0 disable_reels=0 disable_stories=0 disable_adds=0
08-19 20:35:47.300  1517  1854 I DFInstaObserve: !toggles +blocked disable_feed=1 disable_explore=0 disable_reels=0 disable_stories=0 disable_adds=0
08-19 20:35:47.752  1517  1854 I DFInstaObserve: !toggles +blocked disable_feed=1 disable_explore=0 disable_reels=0 disable_stories=0 disable_adds=0
08-19 20:35:47.788  1517  1854 I DFInstaObserve: !toggles +blocked disable_feed=1 disable_explore=0 disable_reels=0 disable_stories=0 disable_adds=0
08-19 20:35:47.820  1517  1854 I DFInstaObserve: !toggles +blocked disable_feed=1 disable_explore=0 disable_reels=0 disable_stories=0 disable_adds=0
08-19 20:35:47.860  1517  3308 I DFInstaObserve: !toggles +blocked disable_feed=1 disable_explore=0 disable_reels=0 disable_stories=0 disable_adds=0
08-19 20:35:48.043  1517  3362 I DFInstaObserve: !toggles +blocked disable_feed=1 disable_explore=0 disable_reels=0 disable_stories=0 disable_adds=0
08-19 20:35:48.386  1517  3308 I DFInstaObserve: !toggles +blocked disable_feed=1 disable_explore=0 disable_reels=0 disable_stories=0 disable_adds=0
08-19 20:35:48.729  3464  3464 I DFInstaWalk: surface=Reels
08-19 20:35:48.928  1517  3175 I DFInstaObserve: !toggles +blocked disable_feed=1 disable_explore=0 disable_reels=0 disable_stories=0 disable_adds=0
08-19 20:35:49.079  1517  1613 I DFInstaObserve: !toggles +blocked disable_feed=1 disable_explore=0 disable_reels=0 disable_stories=0 disable_adds=0
08-19 20:35:49.084  1517  1613 I DFInstaObserve: !toggles +blocked disable_feed=1 disable_explore=0 disable_reels=0 disable_stories=0 disable_adds=0
08-19 20:35:49.222  1517  3507 I DFInstaObserve: !toggles +blocked disable_feed=1 disable_explore=0 disable_reels=0 disable_stories=0 disable_adds=0
08-19 20:35:49.351  1517  3506 I DFInstaObserve: !toggles +blocked disable_feed=1 disable_explore=0 disable_reels=0 disable_stories=0 disable_adds=0
08-19 20:35:49.427  1517  3200 I DFInstaObserve: !toggles +blocked disable_feed=1 disable_explore=0 disable_reels=0 disable_stories=0 disable_adds=0
08-19 20:35:49.541  1517  1613 I DFInstaObserve: !toggles +blocked disable_feed=1 disable_explore=0 disable_reels=0 disable_stories=0 disable_adds=0
08-19 20:35:49.547  1517  3540 I DFInstaObserve: !toggles +blocked disable_feed=1 disable_explore=0 disable_reels=0 disable_stories=0 disable_adds=0
08-19 20:35:49.614  1517  1854 I DFInstaObserve: !toggles +blocked disable_feed=1 disable_explore=0 disable_reels=0 disable_stories=0 disable_adds=0
08-19 20:35:49.681  1517  2883 I DFInstaObserve: !toggles +blocked disable_feed=1 disable_explore=0 disable_reels=0 disable_stories=0 disable_adds=0
08-19 20:35:49.729  1517  3507 I DFInstaObserve: !toggles +blocked disable_feed=1 disable_explore=0 disable_reels=0 disable_stories=0 disable_adds=0
08-19 20:35:49.784  1517  1916 I DFInstaObserve: !toggles +blocked disable_feed=1 disable_explore=0 disable_reels=0 disable_stories=0 disable_adds=0
08-19 20:35:49.797  1517  3049 I DFInstaObserve: !toggles +blocked disable_feed=1 disable_explore=0 disable_reels=0 disable_stories=0 disable_adds=0
08-19 20:35:49.832  1517  3507 I DFInstaObserve: !toggles +blocked disable_feed=1 disable_explore=0 disable_reels=0 disable_stories=0 disable_adds=0
08-19 20:35:49.902  1517  1916 I DFInstaObserve: !toggles +blocked disable_feed=1 disable_explore=0 disable_reels=0 disable_stories=0 disable_adds=0
08-19 20:35:50.017  1517  3512 I DFInstaObserve: !toggles +blocked disable_feed=1 disable_explore=0 disable_reels=0 disable_stories=0 disable_adds=0
08-19 20:35:50.290  1517  1916 I DFInstaObserve: !toggles +blocked disable_feed=1 disable_explore=0 disable_reels=0 disable_stories=0 disable_adds=0
08-19 20:35:50.328  1517  3512 I DFInstaObserve: !toggles +blocked disable_feed=1 disable_explore=0 disable_reels=0 disable_stories=0 disable_adds=0
08-19 20:35:50.365  1517  3545 I DFInstaObserve: !toggles +blocked disable_feed=1 disable_explore=0 disable_reels=0 disable_stories=0 disable_adds=0
08-19 20:35:50.431  1517  1916 I DFInstaObserve: !toggles +blocked disable_feed=1 disable_explore=0 disable_reels=0 disable_stories=0 disable_adds=0
08-19 20:35:50.504  1517  3549 I DFInstaObserve: !toggles +blocked disable_feed=1 disable_explore=0 disable_reels=0 disable_stories=0 disable_adds=0
08-19 20:35:50.521  1517  1854 I DFInstaObserve: !toggles +blocked disable_feed=1 disable_explore=0 disable_reels=0 disable_stories=0 disable_adds=0
08-19 20:35:50.533  1517  3512 I DFInstaObserve: !toggles +blocked disable_feed=1 disable_explore=0 disable_reels=0 disable_stories=0 disable_adds=0
08-19 20:35:50.535  1517  1916 I DFInstaObserve: !toggles +blocked disable_feed=1 disable_explore=0 disable_reels=0 disable_stories=0 disable_adds=0
08-19 20:35:50.567  1517  1854 I DFInstaObserve: !toggles +blocked disable_feed=1 disable_explore=0 disable_reels=0 disable_stories=0 disable_adds=0
08-19 20:35:50.590  1517  3199 I DFInstaObserve: !toggles +blocked disable_feed=1 disable_explore=0 disable_reels=0 disable_stories=0 disable_adds=0
08-19 20:35:50.621  1517  2883 I DFInstaObserve: !toggles +blocked disable_feed=1 disable_explore=0 disable_reels=0 disable_stories=0 disable_adds=0
08-19 20:35:50.675  1517  1916 I DFInstaObserve: !toggles +blocked disable_feed=1 disable_explore=0 disable_reels=0 disable_stories=0 disable_adds=0
08-19 20:35:50.701  1517  2883 I DFInstaObserve: !toggles +blocked disable_feed=1 disable_explore=0 disable_reels=0 disable_stories=0 disable_adds=0
08-19 20:35:50.752  1517  3512 I DFInstaObserve: !toggles +blocked disable_feed=1 disable_explore=0 disable_reels=0 disable_stories=0 disable_adds=0
08-19 20:35:50.866  1517  3067 I DFInstaObserve: !toggles +blocked disable_feed=1 disable_explore=0 disable_reels=0 disable_stories=0 disable_adds=0
08-19 20:35:50.902  1517  3067 I DFInstaObserve: !toggles +blocked disable_feed=1 disable_explore=0 disable_reels=0 disable_stories=0 disable_adds=0
08-19 20:35:51.234  1517  1854 I DFInstaObserve: !toggles +blocked disable_feed=1 disable_explore=0 disable_reels=0 disable_stories=0 disable_adds=0
08-19 20:35:51.279  1517  1854 I DFInstaObserve: !toggles +blocked disable_feed=1 disable_explore=0 disable_reels=0 disable_stories=0 disable_adds=0
08-19 20:35:51.413  1517  1854 I DFInstaObserve: !toggles +blocked disable_feed=1 disable_explore=0 disable_reels=0 disable_stories=0 disable_adds=0
08-19 20:35:51.473  1517  1854 I DFInstaObserve: !toggles +blocked disable_feed=1 disable_explore=0 disable_reels=0 disable_stories=0 disable_adds=0
08-19 20:35:51.512  1517  3525 I DFInstaObserve: !toggles +blocked disable_feed=1 disable_explore=0 disable_reels=0 disable_stories=0 disable_adds=0
08-19 20:35:51.512  1517  3524 I DFInstaObserve: !toggles +blocked disable_feed=1 disable_explore=0 disable_reels=0 disable_stories=0 disable_adds=0
08-19 20:35:52.195  1517  1854 I DFInstaObserve: !toggles +blocked disable_feed=1 disable_explore=0 disable_reels=0 disable_stories=0 disable_adds=0
08-19 20:35:53.966  1517  3525 I DFInstaObserve: !toggles +blocked disable_feed=1 disable_explore=0 disable_reels=0 disable_stories=0 disable_adds=0
08-19 20:35:53.970  1517  3524 I DFInstaObserve: !toggles +blocked disable_feed=1 disable_explore=0 disable_reels=0 disable_stories=0 disable_adds=0
08-19 20:35:56.962  1517  3583 I DFInstaObserve: !toggles +blocked disable_feed=1 disable_explore=0 disable_reels=0 disable_stories=0 disable_adds=0
08-19 20:35:56.962  1517  3583 I DFInstaObserve: /clips/discover
08-19 20:35:56.962  1517  3583 I DFInstaObserve: /clips/discover/stream/
08-19 20:35:57.371  1517  3540 I DFInstaObserve: !toggles +blocked disable_feed=1 disable_explore=0 disable_reels=0 disable_stories=0 disable_adds=0
08-19 20:35:59.485  1517  3589 I DFInstaObserve: !toggles +blocked disable_feed=1 disable_explore=0 disable_reels=0 disable_stories=0 disable_adds=0
08-19 20:36:01.249  1517  3540 I DFInstaObserve: !toggles +blocked disable_feed=1 disable_explore=0 disable_reels=0 disable_stories=0 disable_adds=0
08-19 20:36:01.257  1517  3540 I DFInstaObserve: !toggles +blocked disable_feed=1 disable_explore=0 disable_reels=0 disable_stories=0 disable_adds=0
08-19 20:36:01.285  1517  1854 I DFInstaObserve: !toggles +blocked disable_feed=1 disable_explore=0 disable_reels=0 disable_stories=0 disable_adds=0
08-19 20:36:01.314  1517  1613 I DFInstaObserve: !toggles +blocked disable_feed=1 disable_explore=0 disable_reels=0 disable_stories=0 disable_adds=0
08-19 20:36:01.521  1517  3656 I DFInstaObserve: !toggles +blocked disable_feed=1 disable_explore=0 disable_reels=0 disable_stories=0 disable_adds=0
08-19 20:36:01.606  1517  3541 I DFInstaObserve: !toggles +blocked disable_feed=1 disable_explore=0 disable_reels=0 disable_stories=0 disable_adds=0
08-19 20:36:01.615  1517  3656 I DFInstaObserve: !toggles +blocked disable_feed=1 disable_explore=0 disable_reels=0 disable_stories=0 disable_adds=0
08-19 20:36:01.696  1517  3656 I DFInstaObserve: !toggles +blocked disable_feed=1 disable_explore=0 disable_reels=0 disable_stories=0 disable_adds=0
08-19 20:36:01.996  1517  1854 I DFInstaObserve: !toggles +blocked disable_feed=1 disable_explore=0 disable_reels=0 disable_stories=0 disable_adds=0
08-19 20:36:02.055  1517  1854 I DFInstaObserve: !toggles +blocked disable_feed=1 disable_explore=0 disable_reels=0 disable_stories=0 disable_adds=0
08-19 20:36:02.823  1517  3622 I DFInstaObserve: !toggles +blocked disable_feed=1 disable_explore=0 disable_reels=0 disable_stories=0 disable_adds=0
08-19 20:36:02.826  1517  3621 I DFInstaObserve: !toggles +blocked disable_feed=1 disable_explore=0 disable_reels=0 disable_stories=0 disable_adds=0
08-19 20:36:03.032  1517  3621 I DFInstaObserve: !toggles +blocked disable_feed=1 disable_explore=0 disable_reels=0 disable_stories=0 disable_adds=0
08-19 20:36:03.186  1517  1854 I DFInstaObserve: !toggles +blocked disable_feed=1 disable_explore=0 disable_reels=0 disable_stories=0 disable_adds=0
08-19 20:36:03.399  1517  1854 I DFInstaObserve: !toggles +blocked disable_feed=1 disable_explore=0 disable_reels=0 disable_stories=0 disable_adds=0
08-19 20:36:04.137  1517  1613 I DFInstaObserve: !toggles +blocked disable_feed=1 disable_explore=0 disable_reels=0 disable_stories=0 disable_adds=0
08-19 20:36:04.946  1517  1854 I DFInstaObserve: !toggles +blocked disable_feed=1 disable_explore=0 disable_reels=0 disable_stories=0 disable_adds=0
08-19 20:36:05.032  1517  1854 I DFInstaObserve: !toggles +blocked disable_feed=1 disable_explore=0 disable_reels=0 disable_stories=0 disable_adds=0
08-19 20:36:05.355  1517  1854 I DFInstaObserve: !toggles +blocked disable_feed=1 disable_explore=0 disable_reels=0 disable_stories=0 disable_adds=0
08-19 20:36:06.185  1517  3709 I DFInstaObserve: !toggles +blocked disable_feed=1 disable_explore=0 disable_reels=0 disable_stories=0 disable_adds=0
08-19 20:36:06.187  1517  3705 I DFInstaObserve: !toggles +blocked disable_feed=1 disable_explore=0 disable_reels=0 disable_stories=0 disable_adds=0
08-19 20:36:07.480  1517  3540 I DFInstaObserve: !toggles +blocked disable_feed=1 disable_explore=0 disable_reels=0 disable_stories=0 disable_adds=0
08-19 20:36:09.545  1517  3756 I DFInstaObserve: !toggles +blocked disable_feed=1 disable_explore=0 disable_reels=0 disable_stories=0 disable_adds=0
08-19 20:36:09.622  1517  3756 I DFInstaObserve: !toggles +blocked disable_feed=1 disable_explore=0 disable_reels=0 disable_stories=0 disable_adds=0
08-19 20:36:09.626  1517  3755 I DFInstaObserve: !toggles +blocked disable_feed=1 disable_explore=0 disable_reels=0 disable_stories=0 disable_adds=0
08-19 20:36:09.730  1517  3755 I DFInstaObserve: !toggles +blocked disable_feed=1 disable_explore=0 disable_reels=0 disable_stories=0 disable_adds=0
08-19 20:36:10.403  1517  2883 I DFInstaObserve: !toggles +blocked disable_feed=1 disable_explore=0 disable_reels=0 disable_stories=0 disable_adds=0
08-19 20:36:10.403  1517  2883 I DFInstaObserve: /clips/discover
08-19 20:36:10.403  1517  2883 I DFInstaObserve: /clips/discover/stream/
08-19 20:36:10.793  1517  1613 I DFInstaObserve: !toggles +blocked disable_feed=1 disable_explore=0 disable_reels=0 disable_stories=0 disable_adds=0
08-19 20:36:10.844  1517  1613 I DFInstaObserve: !toggles +blocked disable_feed=1 disable_explore=0 disable_reels=0 disable_stories=0 disable_adds=0
08-19 20:36:12.913  1517  3875 I DFInstaObserve: !toggles +blocked disable_feed=1 disable_explore=0 disable_reels=0 disable_stories=0 disable_adds=0
08-19 20:36:12.914  1517  3874 I DFInstaObserve: !toggles +blocked disable_feed=1 disable_explore=0 disable_reels=0 disable_stories=0 disable_adds=0
08-19 20:36:13.655  3921  3921 I DFInstaWalk: surface=Home
08-19 20:36:13.774  1517  3928 I DFInstaObserve: !toggles +blocked disable_feed=1 disable_explore=0 disable_reels=0 disable_stories=0 disable_adds=0
08-19 20:36:13.913  1517  1916 I DFInstaObserve: !toggles +blocked disable_feed=1 disable_explore=0 disable_reels=0 disable_stories=0 disable_adds=0
08-19 20:36:14.232  1517  1916 I DFInstaObserve: !toggles +blocked disable_feed=1 disable_explore=0 disable_reels=0 disable_stories=0 disable_adds=0
08-19 20:36:14.439  1517  3540 I DFInstaObserve: !toggles +blocked disable_feed=1 disable_explore=0 disable_reels=0 disable_stories=0 disable_adds=0
08-19 20:36:14.446  1517  3540 I DFInstaObserve: !toggles +blocked disable_feed=1 disable_explore=0 disable_reels=0 disable_stories=0 disable_adds=0
08-19 20:36:14.472  1517  1854 I DFInstaObserve: !toggles +blocked disable_feed=1 disable_explore=0 disable_reels=0 disable_stories=0 disable_adds=0
08-19 20:36:14.556  1517  1854 I DFInstaObserve: !toggles +blocked disable_feed=1 disable_explore=0 disable_reels=0 disable_stories=0 disable_adds=0
08-19 20:36:14.838  1517  1613 I DFInstaObserve: !toggles +blocked disable_feed=1 disable_explore=0 disable_reels=0 disable_stories=0 disable_adds=0
08-19 20:36:14.842  1517  3540 I DFInstaObserve: !toggles +blocked disable_feed=1 disable_explore=0 disable_reels=0 disable_stories=0 disable_adds=0
08-19 20:36:15.520  1517  1854 I DFInstaObserve: !toggles +blocked disable_feed=1 disable_explore=0 disable_reels=0 disable_stories=0 disable_adds=0
08-19 20:36:15.639  1517  1854 I DFInstaObserve: !toggles +blocked disable_feed=1 disable_explore=0 disable_reels=0 disable_stories=0 disable_adds=0
08-19 20:36:16.580  1517  1854 I DFInstaObserve: !toggles +blocked disable_feed=1 disable_explore=0 disable_reels=0 disable_stories=0 disable_adds=0
08-19 20:36:16.717  1517  1854 I DFInstaObserve: !toggles +blocked disable_feed=1 disable_explore=0 disable_reels=0 disable_stories=0 disable_adds=0
08-19 20:36:17.671  1517  1854 I DFInstaObserve: !toggles +blocked disable_feed=1 disable_explore=0 disable_reels=0 disable_stories=0 disable_adds=0
08-19 20:36:19.207  1517  3929 I DFInstaObserve: !toggles +blocked disable_feed=1 disable_explore=0 disable_reels=0 disable_stories=0 disable_adds=0
08-19 20:36:19.207  1517  3929 I DFInstaObserve: /clips/discover
08-19 20:36:19.207  1517  3929 I DFInstaObserve: /clips/discover/stream/
08-19 20:36:21.856  1517  3977 I DFInstaObserve: !toggles +blocked disable_feed=1 disable_explore=0 disable_reels=0 disable_stories=0 disable_adds=0
08-19 20:36:22.499  1517  1854 I DFInstaObserve: !toggles +blocked disable_feed=1 disable_explore=0 disable_reels=0 disable_stories=0 disable_adds=0
08-19 20:36:23.391  1517  1854 I DFInstaObserve: !toggles +blocked disable_feed=1 disable_explore=0 disable_reels=0 disable_stories=0 disable_adds=0
08-19 20:36:23.454  1517  1854 I DFInstaObserve: !toggles +blocked disable_feed=1 disable_explore=0 disable_reels=0 disable_stories=0 disable_adds=0
08-19 20:36:24.584  1517  1854 I DFInstaObserve: !toggles +blocked disable_feed=1 disable_explore=0 disable_reels=0 disable_stories=0 disable_adds=0
08-19 20:36:24.671  1517  1854 I DFInstaObserve: !toggles +blocked disable_feed=1 disable_explore=0 disable_reels=0 disable_stories=0 disable_adds=0
08-19 20:36:25.163  1517  1854 I DFInstaObserve: !toggles +blocked disable_feed=1 disable_explore=0 disable_reels=0 disable_stories=0 disable_adds=0
08-19 20:36:25.218  1517  1854 I DFInstaObserve: !toggles +blocked disable_feed=1 disable_explore=0 disable_reels=0 disable_stories=0 disable_adds=0
08-19 20:36:26.917  1517  1854 I DFInstaObserve: !toggles +blocked disable_feed=1 disable_explore=0 disable_reels=0 disable_stories=0 disable_adds=0
08-19 20:36:50.016  4139  4139 I DFInstaWalk: surface=Search and explore
08-19 20:36:50.506  1517  1916 I DFInstaObserve: !toggles +blocked disable_feed=1 disable_explore=0 disable_reels=0 disable_stories=0 disable_adds=0
08-19 20:36:52.225  1517  4154 I DFInstaObserve: !toggles +blocked disable_feed=1 disable_explore=0 disable_reels=0 disable_stories=0 disable_adds=0
08-19 20:36:54.721  1517  4154 I DFInstaObserve: !toggles +blocked disable_feed=1 disable_explore=0 disable_reels=0 disable_stories=0 disable_adds=0
08-19 20:36:54.751  1517  4155 I DFInstaObserve: !toggles +blocked disable_feed=1 disable_explore=0 disable_reels=0 disable_stories=0 disable_adds=0
08-19 20:36:58.622  1517  4216 I DFInstaObserve: !toggles +blocked disable_feed=1 disable_explore=0 disable_reels=0 disable_stories=0 disable_adds=0
08-19 20:36:58.622  1517  4216 I DFInstaObserve: /discover/topical_explore
08-19 20:36:58.812  1517  4264 I DFInstaObserve: !toggles +blocked disable_feed=1 disable_explore=0 disable_reels=0 disable_stories=0 disable_adds=0
08-19 20:37:00.786  1517  4254 I DFInstaObserve: !toggles +blocked disable_feed=1 disable_explore=0 disable_reels=0 disable_stories=0 disable_adds=0
08-19 20:37:00.828  1517  4254 I DFInstaObserve: !toggles +blocked disable_feed=1 disable_explore=0 disable_reels=0 disable_stories=0 disable_adds=0
08-19 20:37:01.205  1517  4263 I DFInstaObserve: !toggles +blocked disable_feed=1 disable_explore=0 disable_reels=0 disable_stories=0 disable_adds=0
08-19 20:37:02.531  1517  4279 I DFInstaObserve: !toggles +blocked disable_feed=1 disable_explore=0 disable_reels=0 disable_stories=0 disable_adds=0
08-19 20:37:02.531  1517  4279 I DFInstaObserve: /discover/topical_explore
08-19 20:37:02.759  1517  3540 I DFInstaObserve: !toggles +blocked disable_feed=1 disable_explore=0 disable_reels=0 disable_stories=0 disable_adds=0
08-19 20:37:02.763  1517  1613 I DFInstaObserve: !toggles +blocked disable_feed=1 disable_explore=0 disable_reels=0 disable_stories=0 disable_adds=0
08-19 20:37:02.783  1517  1854 I DFInstaObserve: !toggles +blocked disable_feed=1 disable_explore=0 disable_reels=0 disable_stories=0 disable_adds=0
08-19 20:37:02.890  1517  4330 I DFInstaObserve: !toggles +blocked disable_feed=1 disable_explore=0 disable_reels=0 disable_stories=0 disable_adds=0
08-19 20:37:02.919  1517  4332 I DFInstaObserve: !toggles +blocked disable_feed=1 disable_explore=0 disable_reels=0 disable_stories=0 disable_adds=0
08-19 20:37:03.082  1517  4204 I DFInstaObserve: !toggles +blocked disable_feed=1 disable_explore=0 disable_reels=0 disable_stories=0 disable_adds=0
08-19 20:37:03.152  1517  4335 I DFInstaObserve: !toggles +blocked disable_feed=1 disable_explore=0 disable_reels=0 disable_stories=0 disable_adds=0
08-19 20:37:03.185  1517  4331 I DFInstaObserve: !toggles +blocked disable_feed=1 disable_explore=0 disable_reels=0 disable_stories=0 disable_adds=0
08-19 20:37:03.324  1517  4331 I DFInstaObserve: !toggles +blocked disable_feed=1 disable_explore=0 disable_reels=0 disable_stories=0 disable_adds=0
08-19 20:37:03.377  1517  4204 I DFInstaObserve: !toggles +blocked disable_feed=1 disable_explore=0 disable_reels=0 disable_stories=0 disable_adds=0
08-19 20:37:03.556  1517  4349 I DFInstaObserve: !toggles +blocked disable_feed=1 disable_explore=0 disable_reels=0 disable_stories=0 disable_adds=0
08-19 20:37:03.592  1517  4332 I DFInstaObserve: !toggles +blocked disable_feed=1 disable_explore=0 disable_reels=0 disable_stories=0 disable_adds=0
08-19 20:37:03.665  1517  4349 I DFInstaObserve: !toggles +blocked disable_feed=1 disable_explore=0 disable_reels=0 disable_stories=0 disable_adds=0
08-19 20:37:03.708  1517  4277 I DFInstaObserve: !toggles +blocked disable_feed=1 disable_explore=0 disable_reels=0 disable_stories=0 disable_adds=0
08-19 20:37:03.746  1517  1854 I DFInstaObserve: !toggles +blocked disable_feed=1 disable_explore=0 disable_reels=0 disable_stories=0 disable_adds=0
08-19 20:37:03.787  1517  4349 I DFInstaObserve: !toggles +blocked disable_feed=1 disable_explore=0 disable_reels=0 disable_stories=0 disable_adds=0
08-19 20:37:03.795  1517  1854 I DFInstaObserve: !toggles +blocked disable_feed=1 disable_explore=0 disable_reels=0 disable_stories=0 disable_adds=0
08-19 20:37:03.818  1517  4332 I DFInstaObserve: !toggles +blocked disable_feed=1 disable_explore=0 disable_reels=0 disable_stories=0 disable_adds=0
08-19 20:37:03.878  1517  1854 I DFInstaObserve: !toggles +blocked disable_feed=1 disable_explore=0 disable_reels=0 disable_stories=0 disable_adds=0
08-19 20:37:03.939  1517  1854 I DFInstaObserve: !toggles +blocked disable_feed=1 disable_explore=0 disable_reels=0 disable_stories=0 disable_adds=0
08-19 20:37:03.951  1517  4349 I DFInstaObserve: !toggles +blocked disable_feed=1 disable_explore=0 disable_reels=0 disable_stories=0 disable_adds=0
08-19 20:37:03.983  1517  4330 I DFInstaObserve: !toggles +blocked disable_feed=1 disable_explore=0 disable_reels=0 disable_stories=0 disable_adds=0
08-19 20:37:04.030  1517  1854 I DFInstaObserve: !toggles +blocked disable_feed=1 disable_explore=0 disable_reels=0 disable_stories=0 disable_adds=0
08-19 20:37:04.051  1517  4296 I DFInstaObserve: !toggles +blocked disable_feed=1 disable_explore=0 disable_reels=0 disable_stories=0 disable_adds=0
08-19 20:37:04.061  1517  1854 I DFInstaObserve: !toggles +blocked disable_feed=1 disable_explore=0 disable_reels=0 disable_stories=0 disable_adds=0
08-19 20:37:04.105  1517  4296 I DFInstaObserve: !toggles +blocked disable_feed=1 disable_explore=0 disable_reels=0 disable_stories=0 disable_adds=0
08-19 20:37:04.111  1517  4332 I DFInstaObserve: !toggles +blocked disable_feed=1 disable_explore=0 disable_reels=0 disable_stories=0 disable_adds=0
08-19 20:37:04.252  1517  4302 I DFInstaObserve: !toggles +blocked disable_feed=1 disable_explore=0 disable_reels=0 disable_stories=0 disable_adds=0
08-19 20:37:04.696  1517  1854 I DFInstaObserve: !toggles +blocked disable_feed=1 disable_explore=0 disable_reels=0 disable_stories=0 disable_adds=0
08-19 20:37:04.974  1517  1613 I DFInstaObserve: !toggles +blocked disable_feed=1 disable_explore=0 disable_reels=0 disable_stories=0 disable_adds=0
08-19 20:37:04.978  1517  1613 I DFInstaObserve: !toggles +blocked disable_feed=1 disable_explore=0 disable_reels=0 disable_stories=0 disable_adds=0
08-19 20:37:05.008  1517  1854 I DFInstaObserve: !toggles +blocked disable_feed=1 disable_explore=0 disable_reels=0 disable_stories=0 disable_adds=0
08-19 20:37:05.105  1517  4277 I DFInstaObserve: !toggles +blocked disable_feed=1 disable_explore=0 disable_reels=0 disable_stories=0 disable_adds=0
08-19 20:37:05.110  1517  1854 I DFInstaObserve: !toggles +blocked disable_feed=1 disable_explore=0 disable_reels=0 disable_stories=0 disable_adds=0
08-19 20:37:05.150  1517  1854 I DFInstaObserve: !toggles +blocked disable_feed=1 disable_explore=0 disable_reels=0 disable_stories=0 disable_adds=0
08-19 20:37:05.188  1517  4276 I DFInstaObserve: !toggles +blocked disable_feed=1 disable_explore=0 disable_reels=0 disable_stories=0 disable_adds=0
08-19 20:37:05.248  1517  4278 I DFInstaObserve: !toggles +blocked disable_feed=1 disable_explore=0 disable_reels=0 disable_stories=0 disable_adds=0
08-19 20:37:05.279  1517  4386 I DFInstaObserve: !toggles +blocked disable_feed=1 disable_explore=0 disable_reels=0 disable_stories=0 disable_adds=0
08-19 20:37:05.344  1517  4277 I DFInstaObserve: !toggles +blocked disable_feed=1 disable_explore=0 disable_reels=0 disable_stories=0 disable_adds=0
08-19 20:37:05.425  1517  4398 I DFInstaObserve: !toggles +blocked disable_feed=1 disable_explore=0 disable_reels=0 disable_stories=0 disable_adds=0
08-19 20:37:05.446  1517  4278 I DFInstaObserve: !toggles +blocked disable_feed=1 disable_explore=0 disable_reels=0 disable_stories=0 disable_adds=0
08-19 20:37:05.533  1517  4408 I DFInstaObserve: !toggles +blocked disable_feed=1 disable_explore=0 disable_reels=0 disable_stories=0 disable_adds=0
08-19 20:37:05.535  1517  1854 I DFInstaObserve: !toggles +blocked disable_feed=1 disable_explore=0 disable_reels=0 disable_stories=0 disable_adds=0
08-19 20:37:05.546  1517  4277 I DFInstaObserve: !toggles +blocked disable_feed=1 disable_explore=0 disable_reels=0 disable_stories=0 disable_adds=0
08-19 20:37:05.617  1517  1854 I DFInstaObserve: !toggles +blocked disable_feed=1 disable_explore=0 disable_reels=0 disable_stories=0 disable_adds=0
08-19 20:37:05.620  1517  4278 I DFInstaObserve: !toggles +blocked disable_feed=1 disable_explore=0 disable_reels=0 disable_stories=0 disable_adds=0
08-19 20:37:05.645  1517  4348 I DFInstaObserve: !toggles +blocked disable_feed=1 disable_explore=0 disable_reels=0 disable_stories=0 disable_adds=0
08-19 20:37:05.716  1517  4348 I DFInstaObserve: !toggles +blocked disable_feed=1 disable_explore=0 disable_reels=0 disable_stories=0 disable_adds=0
08-19 20:37:05.779  1517  4277 I DFInstaObserve: !toggles +blocked disable_feed=1 disable_explore=0 disable_reels=0 disable_stories=0 disable_adds=0
08-19 20:37:05.904  1517  4349 I DFInstaObserve: !toggles +blocked disable_feed=1 disable_explore=0 disable_reels=0 disable_stories=0 disable_adds=0
08-19 20:37:05.937  1517  4348 I DFInstaObserve: !toggles +blocked disable_feed=1 disable_explore=0 disable_reels=0 disable_stories=0 disable_adds=0
08-19 20:37:05.937  1517  1854 I DFInstaObserve: !toggles +blocked disable_feed=1 disable_explore=0 disable_reels=0 disable_stories=0 disable_adds=0
08-19 20:37:06.074  1517  1854 I DFInstaObserve: !toggles +blocked disable_feed=1 disable_explore=0 disable_reels=0 disable_stories=0 disable_adds=0
08-19 20:37:06.121  1517  4349 I DFInstaObserve: !toggles +blocked disable_feed=1 disable_explore=0 disable_reels=0 disable_stories=0 disable_adds=0
08-19 20:37:06.154  1517  4277 I DFInstaObserve: !toggles +blocked disable_feed=1 disable_explore=0 disable_reels=0 disable_stories=0 disable_adds=0
08-19 20:37:06.229  1517  4277 I DFInstaObserve: !toggles +blocked disable_feed=1 disable_explore=0 disable_reels=0 disable_stories=0 disable_adds=0
08-19 20:37:06.315  1517  4278 I DFInstaObserve: !toggles +blocked disable_feed=1 disable_explore=0 disable_reels=0 disable_stories=0 disable_adds=0
08-19 20:37:06.316  1517  1854 I DFInstaObserve: !toggles +blocked disable_feed=1 disable_explore=0 disable_reels=0 disable_stories=0 disable_adds=0
08-19 20:37:06.483  1517  1854 I DFInstaObserve: !toggles +blocked disable_feed=1 disable_explore=0 disable_reels=0 disable_stories=0 disable_adds=0
08-19 20:37:07.383  1517  1854 I DFInstaObserve: !toggles +blocked disable_feed=1 disable_explore=0 disable_reels=0 disable_stories=0 disable_adds=0
08-19 20:37:07.383  1517  4385 I DFInstaObserve: !toggles +blocked disable_feed=1 disable_explore=0 disable_reels=0 disable_stories=0 disable_adds=0
08-19 20:37:07.497  1517  4397 I DFInstaObserve: !toggles +blocked disable_feed=1 disable_explore=0 disable_reels=0 disable_stories=0 disable_adds=0
08-19 20:37:07.627  1517  4397 I DFInstaObserve: !toggles +blocked disable_feed=1 disable_explore=0 disable_reels=0 disable_stories=0 disable_adds=0
08-19 20:37:08.367  1517  4127 I DFInstaObserve: !toggles +blocked disable_feed=1 disable_explore=0 disable_reels=0 disable_stories=0 disable_adds=0
08-19 20:37:08.367  1517  4127 I DFInstaObserve: /discover/topical_explore
08-19 20:37:08.514  1517  4463 I DFInstaObserve: !toggles +blocked disable_feed=1 disable_explore=0 disable_reels=0 disable_stories=0 disable_adds=0
08-19 20:37:10.805  1517  4472 I DFInstaObserve: !toggles +blocked disable_feed=1 disable_explore=0 disable_reels=0 disable_stories=0 disable_adds=0
08-19 20:37:10.914  1517  4472 I DFInstaObserve: !toggles +blocked disable_feed=1 disable_explore=0 disable_reels=0 disable_stories=0 disable_adds=0
08-19 20:37:10.969  1517  4478 I DFInstaObserve: !toggles +blocked disable_feed=1 disable_explore=0 disable_reels=0 disable_stories=0 disable_adds=0
08-19 20:37:11.255  1517  3540 I DFInstaObserve: !toggles +blocked disable_feed=1 disable_explore=0 disable_reels=0 disable_stories=0 disable_adds=0
08-19 20:37:11.257  1517  1613 I DFInstaObserve: !toggles +blocked disable_feed=1 disable_explore=0 disable_reels=0 disable_stories=0 disable_adds=0
08-19 20:37:11.282  1517  1854 I DFInstaObserve: !toggles +blocked disable_feed=1 disable_explore=0 disable_reels=0 disable_stories=0 disable_adds=0
08-19 20:37:11.427  1517  4335 I DFInstaObserve: !toggles +blocked disable_feed=1 disable_explore=0 disable_reels=0 disable_stories=0 disable_adds=0
08-19 20:37:11.498  1517  4127 I DFInstaObserve: !toggles +blocked disable_feed=1 disable_explore=0 disable_reels=0 disable_stories=0 disable_adds=0
08-19 20:37:11.750  1517  4277 I DFInstaObserve: !toggles +blocked disable_feed=1 disable_explore=0 disable_reels=0 disable_stories=0 disable_adds=0
08-19 20:37:11.837  1517  4348 I DFInstaObserve: !toggles +blocked disable_feed=1 disable_explore=0 disable_reels=0 disable_stories=0 disable_adds=0
08-19 20:37:11.876  1517  4278 I DFInstaObserve: !toggles +blocked disable_feed=1 disable_explore=0 disable_reels=0 disable_stories=0 disable_adds=0
08-19 20:37:11.885  1517  4489 I DFInstaObserve: !toggles +blocked disable_feed=1 disable_explore=0 disable_reels=0 disable_stories=0 disable_adds=0
08-19 20:37:11.885  1517  4489 I DFInstaObserve: /discover/topical_explore
08-19 20:37:12.056  1517  4348 I DFInstaObserve: !toggles +blocked disable_feed=1 disable_explore=0 disable_reels=0 disable_stories=0 disable_adds=0
08-19 20:37:12.086  1517  4514 I DFInstaObserve: !toggles +blocked disable_feed=1 disable_explore=0 disable_reels=0 disable_stories=0 disable_adds=0
08-19 20:37:12.147  1517  4277 I DFInstaObserve: !toggles +blocked disable_feed=1 disable_explore=0 disable_reels=0 disable_stories=0 disable_adds=0
08-19 20:37:12.202  1517  4277 I DFInstaObserve: !toggles +blocked disable_feed=1 disable_explore=0 disable_reels=0 disable_stories=0 disable_adds=0
08-19 20:37:12.364  1517  4526 I DFInstaObserve: !toggles +blocked disable_feed=1 disable_explore=0 disable_reels=0 disable_stories=0 disable_adds=0
08-19 20:37:12.477  1517  4508 I DFInstaObserve: !toggles +blocked disable_feed=1 disable_explore=0 disable_reels=0 disable_stories=0 disable_adds=0
08-19 20:37:12.541  1517  4335 I DFInstaObserve: !toggles +blocked disable_feed=1 disable_explore=0 disable_reels=0 disable_stories=0 disable_adds=0
08-19 20:37:12.589  1517  4509 I DFInstaObserve: !toggles +blocked disable_feed=1 disable_explore=0 disable_reels=0 disable_stories=0 disable_adds=0
08-19 20:37:12.627  1517  4508 I DFInstaObserve: !toggles +blocked disable_feed=1 disable_explore=0 disable_reels=0 disable_stories=0 disable_adds=0
08-19 20:37:12.792  1517  4509 I DFInstaObserve: !toggles +blocked disable_feed=1 disable_explore=0 disable_reels=0 disable_stories=0 disable_adds=0
08-19 20:37:12.828  1517  4127 I DFInstaObserve: !toggles +blocked disable_feed=1 disable_explore=0 disable_reels=0 disable_stories=0 disable_adds=0
08-19 20:37:12.961  1517  4509 I DFInstaObserve: !toggles +blocked disable_feed=1 disable_explore=0 disable_reels=0 disable_stories=0 disable_adds=0
08-19 20:37:13.038  1517  4508 I DFInstaObserve: !toggles +blocked disable_feed=1 disable_explore=0 disable_reels=0 disable_stories=0 disable_adds=0
08-19 20:37:13.215  1517  1854 I DFInstaObserve: !toggles +blocked disable_feed=1 disable_explore=0 disable_reels=0 disable_stories=0 disable_adds=0
08-19 20:37:13.248  1517  1854 I DFInstaObserve: !toggles +blocked disable_feed=1 disable_explore=0 disable_reels=0 disable_stories=0 disable_adds=0
08-19 20:37:13.329  1517  1854 I DFInstaObserve: !toggles +blocked disable_feed=1 disable_explore=0 disable_reels=0 disable_stories=0 disable_adds=0
08-19 20:37:13.410  1517  1854 I DFInstaObserve: !toggles +blocked disable_feed=1 disable_explore=0 disable_reels=0 disable_stories=0 disable_adds=0
08-19 20:37:13.469  1517  1854 I DFInstaObserve: !toggles +blocked disable_feed=1 disable_explore=0 disable_reels=0 disable_stories=0 disable_adds=0
08-19 20:37:13.567  1517  1854 I DFInstaObserve: !toggles +blocked disable_feed=1 disable_explore=0 disable_reels=0 disable_stories=0 disable_adds=0
08-19 20:37:13.643  1517  1854 I DFInstaObserve: !toggles +blocked disable_feed=1 disable_explore=0 disable_reels=0 disable_stories=0 disable_adds=0
08-19 20:37:13.975  1517  1854 I DFInstaObserve: !toggles +blocked disable_feed=1 disable_explore=0 disable_reels=0 disable_stories=0 disable_adds=0
08-19 20:37:14.254  1517  4513 I DFInstaObserve: !toggles +blocked disable_feed=1 disable_explore=0 disable_reels=0 disable_stories=0 disable_adds=0
08-19 20:37:14.324  1517  4519 I DFInstaObserve: !toggles +blocked disable_feed=1 disable_explore=0 disable_reels=0 disable_stories=0 disable_adds=0
08-19 20:37:14.591  1517  3540 I DFInstaObserve: !toggles +blocked disable_feed=1 disable_explore=0 disable_reels=0 disable_stories=0 disable_adds=0
08-19 20:37:14.594  1517  1613 I DFInstaObserve: !toggles +blocked disable_feed=1 disable_explore=0 disable_reels=0 disable_stories=0 disable_adds=0
08-19 20:37:14.619  1517  1854 I DFInstaObserve: !toggles +blocked disable_feed=1 disable_explore=0 disable_reels=0 disable_stories=0 disable_adds=0
08-19 20:37:14.942  4541  4541 I DFInstaWalk: surface=Reels
08-19 20:37:15.224  1517  3540 I DFInstaObserve: !toggles +blocked disable_feed=1 disable_explore=0 disable_reels=0 disable_stories=0 disable_adds=0
08-19 20:37:15.226  1517  4277 I DFInstaObserve: !toggles +blocked disable_feed=1 disable_explore=0 disable_reels=0 disable_stories=0 disable_adds=0
08-19 20:37:15.323  1517  1916 I DFInstaObserve: !toggles +blocked disable_feed=1 disable_explore=0 disable_reels=0 disable_stories=0 disable_adds=0
08-19 20:37:15.324  1517  4492 I DFInstaObserve: !toggles +blocked disable_feed=1 disable_explore=0 disable_reels=0 disable_stories=0 disable_adds=0
08-19 20:37:15.386  1517  4570 I DFInstaObserve: !toggles +blocked disable_feed=1 disable_explore=0 disable_reels=0 disable_stories=0 disable_adds=0
08-19 20:37:15.437  1517  1916 I DFInstaObserve: !toggles +blocked disable_feed=1 disable_explore=0 disable_reels=0 disable_stories=0 disable_adds=0
08-19 20:37:15.558  1517  1916 I DFInstaObserve: !toggles +blocked disable_feed=1 disable_explore=0 disable_reels=0 disable_stories=0 disable_adds=0
08-19 20:37:15.558  1517  4570 I DFInstaObserve: !toggles +blocked disable_feed=1 disable_explore=0 disable_reels=0 disable_stories=0 disable_adds=0
08-19 20:37:15.639  1517  4575 I DFInstaObserve: !toggles +blocked disable_feed=1 disable_explore=0 disable_reels=0 disable_stories=0 disable_adds=0
08-19 20:37:15.830  1517  4277 I DFInstaObserve: !toggles +blocked disable_feed=1 disable_explore=0 disable_reels=0 disable_stories=0 disable_adds=0
08-19 20:37:15.874  1517  1854 I DFInstaObserve: !toggles +blocked disable_feed=1 disable_explore=0 disable_reels=0 disable_stories=0 disable_adds=0
08-19 20:37:15.930  1517  1916 I DFInstaObserve: !toggles +blocked disable_feed=1 disable_explore=0 disable_reels=0 disable_stories=0 disable_adds=0
08-19 20:37:15.937  1517  1854 I DFInstaObserve: !toggles +blocked disable_feed=1 disable_explore=0 disable_reels=0 disable_stories=0 disable_adds=0
08-19 20:37:15.941  1517  4575 I DFInstaObserve: !toggles +blocked disable_feed=1 disable_explore=0 disable_reels=0 disable_stories=0 disable_adds=0
08-19 20:37:16.015  1517  4532 I DFInstaObserve: !toggles +blocked disable_feed=1 disable_explore=0 disable_reels=0 disable_stories=0 disable_adds=0
08-19 20:37:16.064  1517  1916 I DFInstaObserve: !toggles +blocked disable_feed=1 disable_explore=0 disable_reels=0 disable_stories=0 disable_adds=0
08-19 20:37:16.092  1517  4531 I DFInstaObserve: !toggles +blocked disable_feed=1 disable_explore=0 disable_reels=0 disable_stories=0 disable_adds=0
08-19 20:37:16.137  1517  4575 I DFInstaObserve: !toggles +blocked disable_feed=1 disable_explore=0 disable_reels=0 disable_stories=0 disable_adds=0
08-19 20:37:16.183  1517  4575 I DFInstaObserve: !toggles +blocked disable_feed=1 disable_explore=0 disable_reels=0 disable_stories=0 disable_adds=0
08-19 20:37:16.288  1517  4575 I DFInstaObserve: !toggles +blocked disable_feed=1 disable_explore=0 disable_reels=0 disable_stories=0 disable_adds=0
08-19 20:37:16.365  1517  4531 I DFInstaObserve: !toggles +blocked disable_feed=1 disable_explore=0 disable_reels=0 disable_stories=0 disable_adds=0
08-19 20:37:16.408  1517  4576 I DFInstaObserve: !toggles +blocked disable_feed=1 disable_explore=0 disable_reels=0 disable_stories=0 disable_adds=0
08-19 20:37:16.507  1517  4576 I DFInstaObserve: !toggles +blocked disable_feed=1 disable_explore=0 disable_reels=0 disable_stories=0 disable_adds=0
08-19 20:37:16.646  1517  1854 I DFInstaObserve: !toggles +blocked disable_feed=1 disable_explore=0 disable_reels=0 disable_stories=0 disable_adds=0
08-19 20:37:16.684  1517  1854 I DFInstaObserve: !toggles +blocked disable_feed=1 disable_explore=0 disable_reels=0 disable_stories=0 disable_adds=0
08-19 20:37:16.807  1517  1854 I DFInstaObserve: !toggles +blocked disable_feed=1 disable_explore=0 disable_reels=0 disable_stories=0 disable_adds=0
08-19 20:37:16.854  1517  1854 I DFInstaObserve: !toggles +blocked disable_feed=1 disable_explore=0 disable_reels=0 disable_stories=0 disable_adds=0
08-19 20:37:17.095  1517  1854 I DFInstaObserve: !toggles +blocked disable_feed=1 disable_explore=0 disable_reels=0 disable_stories=0 disable_adds=0
08-19 20:37:17.149  1517  1854 I DFInstaObserve: !toggles +blocked disable_feed=1 disable_explore=0 disable_reels=0 disable_stories=0 disable_adds=0
08-19 20:37:17.389  1517  4580 I DFInstaObserve: !toggles +blocked disable_feed=1 disable_explore=0 disable_reels=0 disable_stories=0 disable_adds=0
08-19 20:37:17.392  1517  4579 I DFInstaObserve: !toggles +blocked disable_feed=1 disable_explore=0 disable_reels=0 disable_stories=0 disable_adds=0
08-19 20:37:17.757  1517  1854 I DFInstaObserve: !toggles +blocked disable_feed=1 disable_explore=0 disable_reels=0 disable_stories=0 disable_adds=0
08-19 20:37:23.560  1517  4536 I DFInstaObserve: !toggles +blocked disable_feed=1 disable_explore=0 disable_reels=0 disable_stories=0 disable_adds=0
08-19 20:37:25.669  1517  4634 I DFInstaObserve: !toggles +blocked disable_feed=1 disable_explore=0 disable_reels=0 disable_stories=0 disable_adds=0
08-19 20:37:25.671  1517  4706 I DFInstaObserve: !toggles +blocked disable_feed=1 disable_explore=0 disable_reels=0 disable_stories=0 disable_adds=0
08-19 20:37:29.004  1517  4745 I DFInstaObserve: !toggles +blocked disable_feed=1 disable_explore=0 disable_reels=0 disable_stories=0 disable_adds=0
08-19 20:37:29.010  1517  4744 I DFInstaObserve: !toggles +blocked disable_feed=1 disable_explore=0 disable_reels=0 disable_stories=0 disable_adds=0
08-19 20:37:29.096  1517  4744 I DFInstaObserve: !toggles +blocked disable_feed=1 disable_explore=0 disable_reels=0 disable_stories=0 disable_adds=0
08-19 20:37:29.832  1517  4769 I DFInstaObserve: !toggles +blocked disable_feed=1 disable_explore=0 disable_reels=0 disable_stories=0 disable_adds=0
08-19 20:37:29.832  1517  4769 I DFInstaObserve: /clips/discover
08-19 20:37:29.832  1517  4769 I DFInstaObserve: /clips/discover/stream/
08-19 20:37:30.244  1517  3540 I DFInstaObserve: !toggles +blocked disable_feed=1 disable_explore=0 disable_reels=0 disable_stories=0 disable_adds=0
08-19 20:37:32.351  1517  4783 I DFInstaObserve: !toggles +blocked disable_feed=1 disable_explore=0 disable_reels=0 disable_stories=0 disable_adds=0
08-19 20:37:32.520  1517  4783 I DFInstaObserve: !toggles +blocked disable_feed=1 disable_explore=0 disable_reels=0 disable_stories=0 disable_adds=0
08-19 20:37:32.521  1517  4782 I DFInstaObserve: !toggles +blocked disable_feed=1 disable_explore=0 disable_reels=0 disable_stories=0 disable_adds=0
08-19 20:37:32.559  1517  4782 I DFInstaObserve: !toggles +blocked disable_feed=1 disable_explore=0 disable_reels=0 disable_stories=0 disable_adds=0
08-19 20:37:33.966  1517  1613 I DFInstaObserve: !toggles +blocked disable_feed=1 disable_explore=0 disable_reels=0 disable_stories=0 disable_adds=0
08-19 20:37:33.978  1517  1613 I DFInstaObserve: !toggles +blocked disable_feed=1 disable_explore=0 disable_reels=0 disable_stories=0 disable_adds=0
08-19 20:37:34.030  1517  1854 I DFInstaObserve: !toggles +blocked disable_feed=1 disable_explore=0 disable_reels=0 disable_stories=0 disable_adds=0
08-19 20:37:34.038  1517  3540 I DFInstaObserve: !toggles +blocked disable_feed=1 disable_explore=0 disable_reels=0 disable_stories=0 disable_adds=0
08-19 20:37:34.041  1517  4531 I DFInstaObserve: !toggles +blocked disable_feed=1 disable_explore=0 disable_reels=0 disable_stories=0 disable_adds=0
08-19 20:37:34.271  1517  1613 I DFInstaObserve: !toggles +blocked disable_feed=1 disable_explore=0 disable_reels=0 disable_stories=0 disable_adds=0
08-19 20:37:34.284  1517  1613 I DFInstaObserve: !toggles +blocked disable_feed=1 disable_explore=0 disable_reels=0 disable_stories=0 disable_adds=0
08-19 20:37:34.415  1517  4820 I DFInstaObserve: !toggles +blocked disable_feed=1 disable_explore=0 disable_reels=0 disable_stories=0 disable_adds=0
08-19 20:37:34.803  1517  1854 I DFInstaObserve: !toggles +blocked disable_feed=1 disable_explore=0 disable_reels=0 disable_stories=0 disable_adds=0
08-19 20:37:34.865  1517  1854 I DFInstaObserve: !toggles +blocked disable_feed=1 disable_explore=0 disable_reels=0 disable_stories=0 disable_adds=0
08-19 20:37:35.710  1517  4812 I DFInstaObserve: !toggles +blocked disable_feed=1 disable_explore=0 disable_reels=0 disable_stories=0 disable_adds=0
08-19 20:37:35.711  1517  4813 I DFInstaObserve: !toggles +blocked disable_feed=1 disable_explore=0 disable_reels=0 disable_stories=0 disable_adds=0
08-19 20:37:36.235  1517  1854 I DFInstaObserve: !toggles +blocked disable_feed=1 disable_explore=0 disable_reels=0 disable_stories=0 disable_adds=0
08-19 20:37:36.760  1517  1854 I DFInstaObserve: !toggles +blocked disable_feed=1 disable_explore=0 disable_reels=0 disable_stories=0 disable_adds=0
08-19 20:37:36.943  1517  3540 I DFInstaObserve: !toggles +blocked disable_feed=1 disable_explore=0 disable_reels=0 disable_stories=0 disable_adds=0
08-19 20:37:37.552  1517  1854 I DFInstaObserve: !toggles +blocked disable_feed=1 disable_explore=0 disable_reels=0 disable_stories=0 disable_adds=0
08-19 20:37:37.618  1517  1854 I DFInstaObserve: !toggles +blocked disable_feed=1 disable_explore=0 disable_reels=0 disable_stories=0 disable_adds=0
08-19 20:37:38.595  1517  1854 I DFInstaObserve: !toggles +blocked disable_feed=1 disable_explore=0 disable_reels=0 disable_stories=0 disable_adds=0
08-19 20:37:39.068  1517  4854 I DFInstaObserve: !toggles +blocked disable_feed=1 disable_explore=0 disable_reels=0 disable_stories=0 disable_adds=0
08-19 20:37:39.069  1517  4853 I DFInstaObserve: !toggles +blocked disable_feed=1 disable_explore=0 disable_reels=0 disable_stories=0 disable_adds=0
08-19 20:37:39.100  1517  4853 I DFInstaObserve: !toggles +blocked disable_feed=1 disable_explore=0 disable_reels=0 disable_stories=0 disable_adds=0
08-19 20:37:39.807  4878  4878 I DFInstaWalk: surface=Home
08-19 20:37:39.931  1517  4725 I DFInstaObserve: !toggles +blocked disable_feed=1 disable_explore=0 disable_reels=0 disable_stories=0 disable_adds=0
08-19 20:37:40.434  1517  1916 I DFInstaObserve: !toggles +blocked disable_feed=1 disable_explore=0 disable_reels=0 disable_stories=0 disable_adds=0
08-19 20:37:40.638  1517  1916 I DFInstaObserve: !toggles +blocked disable_feed=1 disable_explore=0 disable_reels=0 disable_stories=0 disable_adds=0
08-19 20:37:40.855  1517  1916 I DFInstaObserve: !toggles +blocked disable_feed=1 disable_explore=0 disable_reels=0 disable_stories=0 disable_adds=0
08-19 20:38:16.253  5115  5115 I DFInstaWalk: surface=Search and explore
08-19 20:38:16.485  1517  5143 I DFInstaObserve: !toggles +blocked disable_feed=1 disable_explore=0 disable_reels=0 disable_stories=0 disable_adds=0
08-19 20:38:16.527  1517  1916 I DFInstaObserve: !toggles +blocked disable_feed=1 disable_explore=0 disable_reels=0 disable_stories=0 disable_adds=0
08-19 20:38:18.436  1517  5126 I DFInstaObserve: !toggles +blocked disable_feed=1 disable_explore=0 disable_reels=0 disable_stories=0 disable_adds=0
08-19 20:38:18.470  1517  5135 I DFInstaObserve: !toggles +blocked disable_feed=1 disable_explore=0 disable_reels=0 disable_stories=0 disable_adds=0
08-19 20:38:18.471  1517  5126 I DFInstaObserve: !toggles +blocked disable_feed=1 disable_explore=0 disable_reels=0 disable_stories=0 disable_adds=0
08-19 20:38:20.199  1517  5135 I DFInstaObserve: !toggles +blocked disable_feed=1 disable_explore=0 disable_reels=0 disable_stories=0 disable_adds=0
08-19 20:38:20.951  1517  5126 I DFInstaObserve: !toggles +blocked disable_feed=1 disable_explore=0 disable_reels=0 disable_stories=0 disable_adds=0
08-19 20:38:24.729  1517  5185 I DFInstaObserve: !toggles +blocked disable_feed=1 disable_explore=0 disable_reels=0 disable_stories=0 disable_adds=0
08-19 20:38:24.793  1517  5151 I DFInstaObserve: !toggles +blocked disable_feed=1 disable_explore=0 disable_reels=0 disable_stories=0 disable_adds=0
08-19 20:38:24.793  1517  5151 I DFInstaObserve: /discover/topical_explore
08-19 20:38:24.986  1517  5199 I DFInstaObserve: !toggles +blocked disable_feed=1 disable_explore=0 disable_reels=0 disable_stories=0 disable_adds=0
08-19 20:38:27.331  1517  5198 I DFInstaObserve: !toggles +blocked disable_feed=1 disable_explore=0 disable_reels=0 disable_stories=0 disable_adds=0
08-19 20:38:27.936  1517  5214 I DFInstaObserve: !toggles +blocked disable_feed=1 disable_explore=0 disable_reels=0 disable_stories=0 disable_adds=0
08-19 20:38:28.559  1517  5151 I DFInstaObserve: !toggles +blocked disable_feed=1 disable_explore=0 disable_reels=0 disable_stories=0 disable_adds=0
08-19 20:38:28.559  1517  5151 I DFInstaObserve: /discover/topical_explore
08-19 20:38:29.167  1517  5244 I DFInstaObserve: !toggles +blocked disable_feed=1 disable_explore=0 disable_reels=0 disable_stories=0 disable_adds=0
08-19 20:38:29.170  1517  3540 I DFInstaObserve: !toggles +blocked disable_feed=1 disable_explore=0 disable_reels=0 disable_stories=0 disable_adds=0
08-19 20:38:29.196  1517  1854 I DFInstaObserve: !toggles +blocked disable_feed=1 disable_explore=0 disable_reels=0 disable_stories=0 disable_adds=0
08-19 20:38:30.319  1517  5259 I DFInstaObserve: !toggles +blocked disable_feed=1 disable_explore=0 disable_reels=0 disable_stories=0 disable_adds=0
08-19 20:38:30.350  1517  5262 I DFInstaObserve: !toggles +blocked disable_feed=1 disable_explore=0 disable_reels=0 disable_stories=0 disable_adds=0
08-19 20:38:30.506  1517  5239 I DFInstaObserve: !toggles +blocked disable_feed=1 disable_explore=0 disable_reels=0 disable_stories=0 disable_adds=0
08-19 20:38:30.599  1517  5232 I DFInstaObserve: !toggles +blocked disable_feed=1 disable_explore=0 disable_reels=0 disable_stories=0 disable_adds=0
08-19 20:38:30.669  1517  5258 I DFInstaObserve: !toggles +blocked disable_feed=1 disable_explore=0 disable_reels=0 disable_stories=0 disable_adds=0
08-19 20:38:31.380  1517  2354 I DFInstaObserve: !toggles +blocked disable_feed=1 disable_explore=0 disable_reels=0 disable_stories=0 disable_adds=0
08-19 20:38:31.383  1517  2354 I DFInstaObserve: !toggles +blocked disable_feed=1 disable_explore=0 disable_reels=0 disable_stories=0 disable_adds=0
08-19 20:38:31.388  1517  2354 I DFInstaObserve: !toggles +blocked disable_feed=1 disable_explore=0 disable_reels=0 disable_stories=0 disable_adds=0
08-19 20:38:31.388  1517  5239 I DFInstaObserve: !toggles +blocked disable_feed=1 disable_explore=0 disable_reels=0 disable_stories=0 disable_adds=0
08-19 20:38:31.401  1517  4895 I DFInstaObserve: !toggles +blocked disable_feed=1 disable_explore=0 disable_reels=0 disable_stories=0 disable_adds=0
08-19 20:38:31.449  1517  5282 I DFInstaObserve: !toggles +blocked disable_feed=1 disable_explore=0 disable_reels=0 disable_stories=0 disable_adds=0
08-19 20:38:31.449  1517  5283 I DFInstaObserve: !toggles +blocked disable_feed=1 disable_explore=0 disable_reels=0 disable_stories=0 disable_adds=0
08-19 20:38:31.452  1517  5213 I DFInstaObserve: !toggles +blocked disable_feed=1 disable_explore=0 disable_reels=0 disable_stories=0 disable_adds=0
08-19 20:38:31.520  1517  2354 I DFInstaObserve: !toggles +blocked disable_feed=1 disable_explore=0 disable_reels=0 disable_stories=0 disable_adds=0
08-19 20:38:31.760  1517  5285 I DFInstaObserve: !toggles +blocked disable_feed=1 disable_explore=0 disable_reels=0 disable_stories=0 disable_adds=0
08-19 20:38:31.831  1517  1854 I DFInstaObserve: !toggles +blocked disable_feed=1 disable_explore=0 disable_reels=0 disable_stories=0 disable_adds=0
08-19 20:38:31.879  1517  5268 I DFInstaObserve: !toggles +blocked disable_feed=1 disable_explore=0 disable_reels=0 disable_stories=0 disable_adds=0
08-19 20:38:31.920  1517  2354 I DFInstaObserve: !toggles +blocked disable_feed=1 disable_explore=0 disable_reels=0 disable_stories=0 disable_adds=0
08-19 20:38:31.923  1517  2354 I DFInstaObserve: !toggles +blocked disable_feed=1 disable_explore=0 disable_reels=0 disable_stories=0 disable_adds=0
08-19 20:38:31.974  1517  5259 I DFInstaObserve: !toggles +blocked disable_feed=1 disable_explore=0 disable_reels=0 disable_stories=0 disable_adds=0
08-19 20:38:32.378  1517  1854 I DFInstaObserve: !toggles +blocked disable_feed=1 disable_explore=0 disable_reels=0 disable_stories=0 disable_adds=0
08-19 20:38:32.384  1517  5258 I DFInstaObserve: !toggles +blocked disable_feed=1 disable_explore=0 disable_reels=0 disable_stories=0 disable_adds=0
08-19 20:38:32.521  1517  1854 I DFInstaObserve: !toggles +blocked disable_feed=1 disable_explore=0 disable_reels=0 disable_stories=0 disable_adds=0
08-19 20:38:32.535  1517  5262 I DFInstaObserve: !toggles +blocked disable_feed=1 disable_explore=0 disable_reels=0 disable_stories=0 disable_adds=0
08-19 20:38:32.662  1517  5297 I DFInstaObserve: !toggles +blocked disable_feed=1 disable_explore=0 disable_reels=0 disable_stories=0 disable_adds=0
08-19 20:38:32.663  1517  3540 I DFInstaObserve: !toggles +blocked disable_feed=1 disable_explore=0 disable_reels=0 disable_stories=0 disable_adds=0
08-19 20:38:33.058  1517  5259 I DFInstaObserve: !toggles +blocked disable_feed=1 disable_explore=0 disable_reels=0 disable_stories=0 disable_adds=0
08-19 20:38:33.075  1517  1854 I DFInstaObserve: !toggles +blocked disable_feed=1 disable_explore=0 disable_reels=0 disable_stories=0 disable_adds=0
08-19 20:38:33.078  1517  5258 I DFInstaObserve: !toggles +blocked disable_feed=1 disable_explore=0 disable_reels=0 disable_stories=0 disable_adds=0
08-19 20:38:33.108  1517  5269 I DFInstaObserve: !toggles +blocked disable_feed=1 disable_explore=0 disable_reels=0 disable_stories=0 disable_adds=0
08-19 20:38:33.111  1517  1854 I DFInstaObserve: !toggles +blocked disable_feed=1 disable_explore=0 disable_reels=0 disable_stories=0 disable_adds=0
08-19 20:38:33.180  1517  5302 I DFInstaObserve: !toggles +blocked disable_feed=1 disable_explore=0 disable_reels=0 disable_stories=0 disable_adds=0
08-19 20:38:33.267  1517  5258 I DFInstaObserve: !toggles +blocked disable_feed=1 disable_explore=0 disable_reels=0 disable_stories=0 disable_adds=0
08-19 20:38:33.298  1517  5268 I DFInstaObserve: !toggles +blocked disable_feed=1 disable_explore=0 disable_reels=0 disable_stories=0 disable_adds=0
08-19 20:38:33.347  1517  1854 I DFInstaObserve: !toggles +blocked disable_feed=1 disable_explore=0 disable_reels=0 disable_stories=0 disable_adds=0
08-19 20:38:33.406  1517  1854 I DFInstaObserve: !toggles +blocked disable_feed=1 disable_explore=0 disable_reels=0 disable_stories=0 disable_adds=0
08-19 20:38:33.457  1517  5269 I DFInstaObserve: !toggles +blocked disable_feed=1 disable_explore=0 disable_reels=0 disable_stories=0 disable_adds=0
08-19 20:38:33.465  1517  1854 I DFInstaObserve: !toggles +blocked disable_feed=1 disable_explore=0 disable_reels=0 disable_stories=0 disable_adds=0
08-19 20:38:33.492  1517  5262 I DFInstaObserve: !toggles +blocked disable_feed=1 disable_explore=0 disable_reels=0 disable_stories=0 disable_adds=0
08-19 20:38:33.506  1517  1854 I DFInstaObserve: !toggles +blocked disable_feed=1 disable_explore=0 disable_reels=0 disable_stories=0 disable_adds=0
08-19 20:38:33.587  1517  5258 I DFInstaObserve: !toggles +blocked disable_feed=1 disable_explore=0 disable_reels=0 disable_stories=0 disable_adds=0
08-19 20:38:33.657  1517  5301 I DFInstaObserve: !toggles +blocked disable_feed=1 disable_explore=0 disable_reels=0 disable_stories=0 disable_adds=0
08-19 20:38:33.735  1517  1854 I DFInstaObserve: !toggles +blocked disable_feed=1 disable_explore=0 disable_reels=0 disable_stories=0 disable_adds=0
08-19 20:38:33.756  1517  5301 I DFInstaObserve: !toggles +blocked disable_feed=1 disable_explore=0 disable_reels=0 disable_stories=0 disable_adds=0
08-19 20:38:33.793  1517  1854 I DFInstaObserve: !toggles +blocked disable_feed=1 disable_explore=0 disable_reels=0 disable_stories=0 disable_adds=0
08-19 20:38:33.809  1517  5301 I DFInstaObserve: !toggles +blocked disable_feed=1 disable_explore=0 disable_reels=0 disable_stories=0 disable_adds=0
08-19 20:38:33.981  1517  5258 I DFInstaObserve: !toggles +blocked disable_feed=1 disable_explore=0 disable_reels=0 disable_stories=0 disable_adds=0
08-19 20:38:33.986  1517  1854 I DFInstaObserve: !toggles +blocked disable_feed=1 disable_explore=0 disable_reels=0 disable_stories=0 disable_adds=0
08-19 20:38:34.028  1517  1854 I DFInstaObserve: !toggles +blocked disable_feed=1 disable_explore=0 disable_reels=0 disable_stories=0 disable_adds=0
08-19 20:38:34.076  1517  5262 I DFInstaObserve: !toggles +blocked disable_feed=1 disable_explore=0 disable_reels=0 disable_stories=0 disable_adds=0
08-19 20:38:34.133  1517  5285 I DFInstaObserve: !toggles +blocked disable_feed=1 disable_explore=0 disable_reels=0 disable_stories=0 disable_adds=0
08-19 20:38:34.563  1517  5262 I DFInstaObserve: !toggles +blocked disable_feed=1 disable_explore=0 disable_reels=0 disable_stories=0 disable_adds=0
08-19 20:38:34.563  1517  5262 I DFInstaObserve: /discover/topical_explore
08-19 20:38:34.951  1517  5324 I DFInstaObserve: !toggles +blocked disable_feed=1 disable_explore=0 disable_reels=0 disable_stories=0 disable_adds=0
08-19 20:38:35.039  1517  1854 I DFInstaObserve: !toggles +blocked disable_feed=1 disable_explore=0 disable_reels=0 disable_stories=0 disable_adds=0
08-19 20:38:35.200  1517  5332 I DFInstaObserve: !toggles +blocked disable_feed=1 disable_explore=0 disable_reels=0 disable_stories=0 disable_adds=0
08-19 20:38:35.312  1517  1854 I DFInstaObserve: !toggles +blocked disable_feed=1 disable_explore=0 disable_reels=0 disable_stories=0 disable_adds=0
08-19 20:38:35.670  1517  1854 I DFInstaObserve: !toggles +blocked disable_feed=1 disable_explore=0 disable_reels=0 disable_stories=0 disable_adds=0
08-19 20:38:36.936  1517  5315 I DFInstaObserve: !toggles +blocked disable_feed=1 disable_explore=0 disable_reels=0 disable_stories=0 disable_adds=0
08-19 20:38:36.977  1517  5315 I DFInstaObserve: !toggles +blocked disable_feed=1 disable_explore=0 disable_reels=0 disable_stories=0 disable_adds=0
08-19 20:38:37.187  1517  5323 I DFInstaObserve: !toggles +blocked disable_feed=1 disable_explore=0 disable_reels=0 disable_stories=0 disable_adds=0
08-19 20:38:38.077  1517  5301 I DFInstaObserve: !toggles +blocked disable_feed=1 disable_explore=0 disable_reels=0 disable_stories=0 disable_adds=0
08-19 20:38:38.077  1517  5301 I DFInstaObserve: /discover/topical_explore
08-19 20:38:38.125  1517  3540 I DFInstaObserve: !toggles +blocked disable_feed=1 disable_explore=0 disable_reels=0 disable_stories=0 disable_adds=0
08-19 20:38:38.129  1517  3540 I DFInstaObserve: !toggles +blocked disable_feed=1 disable_explore=0 disable_reels=0 disable_stories=0 disable_adds=0
08-19 20:38:38.133  1517  3540 I DFInstaObserve: !toggles +blocked disable_feed=1 disable_explore=0 disable_reels=0 disable_stories=0 disable_adds=0
08-19 20:38:38.259  1517  3540 I DFInstaObserve: !toggles +blocked disable_feed=1 disable_explore=0 disable_reels=0 disable_stories=0 disable_adds=0
08-19 20:38:38.284  1517  3540 I DFInstaObserve: !toggles +blocked disable_feed=1 disable_explore=0 disable_reels=0 disable_stories=0 disable_adds=0
08-19 20:38:38.295  1517  3540 I DFInstaObserve: !toggles +blocked disable_feed=1 disable_explore=0 disable_reels=0 disable_stories=0 disable_adds=0
08-19 20:38:38.554  1517  3540 I DFInstaObserve: !toggles +blocked disable_feed=1 disable_explore=0 disable_reels=0 disable_stories=0 disable_adds=0
08-19 20:38:38.560  1517  3540 I DFInstaObserve: !toggles +blocked disable_feed=1 disable_explore=0 disable_reels=0 disable_stories=0 disable_adds=0
08-19 20:38:38.685  1517  3540 I DFInstaObserve: !toggles +blocked disable_feed=1 disable_explore=0 disable_reels=0 disable_stories=0 disable_adds=0
08-19 20:38:38.690  1517  5380 I DFInstaObserve: !toggles +blocked disable_feed=1 disable_explore=0 disable_reels=0 disable_stories=0 disable_adds=0
08-19 20:38:38.757  1517  1854 I DFInstaObserve: !toggles +blocked disable_feed=1 disable_explore=0 disable_reels=0 disable_stories=0 disable_adds=0
08-19 20:38:38.771  1517  5392 I DFInstaObserve: !toggles +blocked disable_feed=1 disable_explore=0 disable_reels=0 disable_stories=0 disable_adds=0
08-19 20:38:38.895  1517  1854 I DFInstaObserve: !toggles +blocked disable_feed=1 disable_explore=0 disable_reels=0 disable_stories=0 disable_adds=0
08-19 20:38:38.914  1517  5266 I DFInstaObserve: !toggles +blocked disable_feed=1 disable_explore=0 disable_reels=0 disable_stories=0 disable_adds=0
08-19 20:38:38.943  1517  5303 I DFInstaObserve: !toggles +blocked disable_feed=1 disable_explore=0 disable_reels=0 disable_stories=0 disable_adds=0
08-19 20:38:38.998  1517  1854 I DFInstaObserve: !toggles +blocked disable_feed=1 disable_explore=0 disable_reels=0 disable_stories=0 disable_adds=0
08-19 20:38:39.027  1517  5303 I DFInstaObserve: !toggles +blocked disable_feed=1 disable_explore=0 disable_reels=0 disable_stories=0 disable_adds=0
08-19 20:38:39.049  1517  5266 I DFInstaObserve: !toggles +blocked disable_feed=1 disable_explore=0 disable_reels=0 disable_stories=0 disable_adds=0
08-19 20:38:39.280  1517  5151 I DFInstaObserve: !toggles +blocked disable_feed=1 disable_explore=0 disable_reels=0 disable_stories=0 disable_adds=0
08-19 20:38:39.309  1517  5341 I DFInstaObserve: !toggles +blocked disable_feed=1 disable_explore=0 disable_reels=0 disable_stories=0 disable_adds=0
08-19 20:38:39.412  1517  1854 I DFInstaObserve: !toggles +blocked disable_feed=1 disable_explore=0 disable_reels=0 disable_stories=0 disable_adds=0
08-19 20:38:39.489  1517  1854 I DFInstaObserve: !toggles +blocked disable_feed=1 disable_explore=0 disable_reels=0 disable_stories=0 disable_adds=0
08-19 20:38:40.168  1517  1854 I DFInstaObserve: !toggles +blocked disable_feed=1 disable_explore=0 disable_reels=0 disable_stories=0 disable_adds=0
08-19 20:38:40.232  1517  1854 I DFInstaObserve: !toggles +blocked disable_feed=1 disable_explore=0 disable_reels=0 disable_stories=0 disable_adds=0
08-19 20:38:40.278  1517  5365 I DFInstaObserve: !toggles +blocked disable_feed=1 disable_explore=0 disable_reels=0 disable_stories=0 disable_adds=0
08-19 20:38:40.362  1517  1854 I DFInstaObserve: !toggles +blocked disable_feed=1 disable_explore=0 disable_reels=0 disable_stories=0 disable_adds=0
08-19 20:38:40.379  1517  5374 I DFInstaObserve: !toggles +blocked disable_feed=1 disable_explore=0 disable_reels=0 disable_stories=0 disable_adds=0
08-19 20:38:40.674  1517  5400 I DFInstaObserve: !toggles +blocked disable_feed=1 disable_explore=0 disable_reels=0 disable_stories=0 disable_adds=0
08-19 20:38:40.676  1517  3540 I DFInstaObserve: !toggles +blocked disable_feed=1 disable_explore=0 disable_reels=0 disable_stories=0 disable_adds=0
08-19 20:38:40.694  1517  1854 I DFInstaObserve: !toggles +blocked disable_feed=1 disable_explore=0 disable_reels=0 disable_stories=0 disable_adds=0
08-19 20:38:40.854  1517  5303 I DFInstaObserve: !toggles +blocked disable_feed=1 disable_explore=0 disable_reels=0 disable_stories=0 disable_adds=0
08-19 20:38:40.931  1517  5301 I DFInstaObserve: !toggles +blocked disable_feed=1 disable_explore=0 disable_reels=0 disable_stories=0 disable_adds=0
08-19 20:38:41.150  5407  5407 I DFInstaWalk: surface=Reels
08-19 20:38:41.213  1517  5301 I DFInstaObserve: !toggles +blocked disable_feed=1 disable_explore=0 disable_reels=0 disable_stories=0 disable_adds=0
08-19 20:38:41.286  1517  5269 I DFInstaObserve: !toggles +blocked disable_feed=1 disable_explore=0 disable_reels=0 disable_stories=0 disable_adds=0
08-19 20:38:41.508  1517  5302 I DFInstaObserve: !toggles +blocked disable_feed=1 disable_explore=0 disable_reels=0 disable_stories=0 disable_adds=0
08-19 20:38:41.549  1517  3540 I DFInstaObserve: !toggles +blocked disable_feed=1 disable_explore=0 disable_reels=0 disable_stories=0 disable_adds=0
08-19 20:38:41.573  1517  5431 I DFInstaObserve: !toggles +blocked disable_feed=1 disable_explore=0 disable_reels=0 disable_stories=0 disable_adds=0
08-19 20:38:41.621  1517  5302 I DFInstaObserve: !toggles +blocked disable_feed=1 disable_explore=0 disable_reels=0 disable_stories=0 disable_adds=0
08-19 20:38:41.721  1517  1854 I DFInstaObserve: !toggles +blocked disable_feed=1 disable_explore=0 disable_reels=0 disable_stories=0 disable_adds=0
08-19 20:38:41.731  1517  5424 I DFInstaObserve: !toggles +blocked disable_feed=1 disable_explore=0 disable_reels=0 disable_stories=0 disable_adds=0
08-19 20:38:41.780  1517  5431 I DFInstaObserve: !toggles +blocked disable_feed=1 disable_explore=0 disable_reels=0 disable_stories=0 disable_adds=0
08-19 20:38:41.799  1517  1854 I DFInstaObserve: !toggles +blocked disable_feed=1 disable_explore=0 disable_reels=0 disable_stories=0 disable_adds=0
08-19 20:38:41.804  1517  1916 I DFInstaObserve: !toggles +blocked disable_feed=1 disable_explore=0 disable_reels=0 disable_stories=0 disable_adds=0
08-19 20:38:41.816  1517  5424 I DFInstaObserve: !toggles +blocked disable_feed=1 disable_explore=0 disable_reels=0 disable_stories=0 disable_adds=0
08-19 20:38:41.891  1517  1854 I DFInstaObserve: !toggles +blocked disable_feed=1 disable_explore=0 disable_reels=0 disable_stories=0 disable_adds=0
08-19 20:38:41.909  1517  1916 I DFInstaObserve: !toggles +blocked disable_feed=1 disable_explore=0 disable_reels=0 disable_stories=0 disable_adds=0
08-19 20:38:41.928  1517  5397 I DFInstaObserve: !toggles +blocked disable_feed=1 disable_explore=0 disable_reels=0 disable_stories=0 disable_adds=0
08-19 20:38:41.959  1517  5431 I DFInstaObserve: !toggles +blocked disable_feed=1 disable_explore=0 disable_reels=0 disable_stories=0 disable_adds=0
08-19 20:38:41.979  1517  1854 I DFInstaObserve: !toggles +blocked disable_feed=1 disable_explore=0 disable_reels=0 disable_stories=0 disable_adds=0
08-19 20:38:42.049  1517  1916 I DFInstaObserve: !toggles +blocked disable_feed=1 disable_explore=0 disable_reels=0 disable_stories=0 disable_adds=0
08-19 20:38:42.052  1517  5424 I DFInstaObserve: !toggles +blocked disable_feed=1 disable_explore=0 disable_reels=0 disable_stories=0 disable_adds=0
08-19 20:38:42.152  1517  5431 I DFInstaObserve: !toggles +blocked disable_feed=1 disable_explore=0 disable_reels=0 disable_stories=0 disable_adds=0
08-19 20:38:42.179  1517  1916 I DFInstaObserve: !toggles +blocked disable_feed=1 disable_explore=0 disable_reels=0 disable_stories=0 disable_adds=0
08-19 20:38:42.223  1517  5425 I DFInstaObserve: !toggles +blocked disable_feed=1 disable_explore=0 disable_reels=0 disable_stories=0 disable_adds=0
08-19 20:38:42.273  1517  1916 I DFInstaObserve: !toggles +blocked disable_feed=1 disable_explore=0 disable_reels=0 disable_stories=0 disable_adds=0
08-19 20:38:42.300  1517  5269 I DFInstaObserve: !toggles +blocked disable_feed=1 disable_explore=0 disable_reels=0 disable_stories=0 disable_adds=0
08-19 20:38:43.210  1517  1854 I DFInstaObserve: !toggles +blocked disable_feed=1 disable_explore=0 disable_reels=0 disable_stories=0 disable_adds=0
08-19 20:38:43.285  1517  1854 I DFInstaObserve: !toggles +blocked disable_feed=1 disable_explore=0 disable_reels=0 disable_stories=0 disable_adds=0
08-19 20:38:43.656  1517  5441 I DFInstaObserve: !toggles +blocked disable_feed=1 disable_explore=0 disable_reels=0 disable_stories=0 disable_adds=0
08-19 20:38:43.920  1517  5441 I DFInstaObserve: !toggles +blocked disable_feed=1 disable_explore=0 disable_reels=0 disable_stories=0 disable_adds=0
08-19 20:38:43.924  1517  5439 I DFInstaObserve: !toggles +blocked disable_feed=1 disable_explore=0 disable_reels=0 disable_stories=0 disable_adds=0
08-19 20:38:43.964  1517  1854 I DFInstaObserve: !toggles +blocked disable_feed=1 disable_explore=0 disable_reels=0 disable_stories=0 disable_adds=0
08-19 20:38:44.061  1517  1854 I DFInstaObserve: !toggles +blocked disable_feed=1 disable_explore=0 disable_reels=0 disable_stories=0 disable_adds=0
08-19 20:38:45.159  1517  1854 I DFInstaObserve: !toggles +blocked disable_feed=1 disable_explore=0 disable_reels=0 disable_stories=0 disable_adds=0
08-19 20:38:46.110  1517  5441 I DFInstaObserve: !toggles +blocked disable_feed=1 disable_explore=0 disable_reels=0 disable_stories=0 disable_adds=0
08-19 20:38:46.110  1517  5439 I DFInstaObserve: !toggles +blocked disable_feed=1 disable_explore=0 disable_reels=0 disable_stories=0 disable_adds=0
08-19 20:38:49.370  1517  5301 I DFInstaObserve: !toggles +blocked disable_feed=1 disable_explore=0 disable_reels=0 disable_stories=0 disable_adds=0
08-19 20:38:49.370  1517  5301 I DFInstaObserve: /clips/discover
08-19 20:38:49.370  1517  5301 I DFInstaObserve: /clips/discover/stream/
08-19 20:38:49.797  1517  3540 I DFInstaObserve: !toggles +blocked disable_feed=1 disable_explore=0 disable_reels=0 disable_stories=0 disable_adds=0
08-19 20:38:49.852  1517  5400 I DFInstaObserve: !toggles +blocked disable_feed=1 disable_explore=0 disable_reels=0 disable_stories=0 disable_adds=0
08-19 20:38:51.890  1517  5467 I DFInstaObserve: !toggles +blocked disable_feed=1 disable_explore=0 disable_reels=0 disable_stories=0 disable_adds=0
08-19 20:38:51.890  1517  5468 I DFInstaObserve: !toggles +blocked disable_feed=1 disable_explore=0 disable_reels=0 disable_stories=0 disable_adds=0
08-19 20:38:53.182  1517  5457 I DFInstaObserve: !toggles +blocked disable_feed=1 disable_explore=0 disable_reels=0 disable_stories=0 disable_adds=0
08-19 20:38:53.386  1517  3540 I DFInstaObserve: !toggles +blocked disable_feed=1 disable_explore=0 disable_reels=0 disable_stories=0 disable_adds=0
08-19 20:38:53.394  1517  3540 I DFInstaObserve: !toggles +blocked disable_feed=1 disable_explore=0 disable_reels=0 disable_stories=0 disable_adds=0
08-19 20:38:53.462  1517  2354 I DFInstaObserve: !toggles +blocked disable_feed=1 disable_explore=0 disable_reels=0 disable_stories=0 disable_adds=0
08-19 20:38:53.467  1517  1854 I DFInstaObserve: !toggles +blocked disable_feed=1 disable_explore=0 disable_reels=0 disable_stories=0 disable_adds=0
08-19 20:38:53.807  1517  1854 I DFInstaObserve: !toggles +blocked disable_feed=1 disable_explore=0 disable_reels=0 disable_stories=0 disable_adds=0
08-19 20:38:53.988  1517  1854 I DFInstaObserve: !toggles +blocked disable_feed=1 disable_explore=0 disable_reels=0 disable_stories=0 disable_adds=0
08-19 20:38:54.135  1517  3540 I DFInstaObserve: !toggles +blocked disable_feed=1 disable_explore=0 disable_reels=0 disable_stories=0 disable_adds=0
08-19 20:38:54.140  1517  3540 I DFInstaObserve: !toggles +blocked disable_feed=1 disable_explore=0 disable_reels=0 disable_stories=0 disable_adds=0
08-19 20:38:54.269  1517  5423 I DFInstaObserve: !toggles +blocked disable_feed=1 disable_explore=0 disable_reels=0 disable_stories=0 disable_adds=0
08-19 20:38:54.766  1517  1854 I DFInstaObserve: !toggles +blocked disable_feed=1 disable_explore=0 disable_reels=0 disable_stories=0 disable_adds=0
08-19 20:38:54.843  1517  1854 I DFInstaObserve: !toggles +blocked disable_feed=1 disable_explore=0 disable_reels=0 disable_stories=0 disable_adds=0
08-19 20:38:55.252  1517  5503 I DFInstaObserve: !toggles +blocked disable_feed=1 disable_explore=0 disable_reels=0 disable_stories=0 disable_adds=0
08-19 20:38:55.252  1517  5502 I DFInstaObserve: !toggles +blocked disable_feed=1 disable_explore=0 disable_reels=0 disable_stories=0 disable_adds=0
08-19 20:38:55.701  1517  1854 I DFInstaObserve: !toggles +blocked disable_feed=1 disable_explore=0 disable_reels=0 disable_stories=0 disable_adds=0
08-19 20:38:55.819  1517  1854 I DFInstaObserve: !toggles +blocked disable_feed=1 disable_explore=0 disable_reels=0 disable_stories=0 disable_adds=0
08-19 20:38:56.496  1517  5400 I DFInstaObserve: !toggles +blocked disable_feed=1 disable_explore=0 disable_reels=0 disable_stories=0 disable_adds=0
08-19 20:38:56.624  1517  1854 I DFInstaObserve: !toggles +blocked disable_feed=1 disable_explore=0 disable_reels=0 disable_stories=0 disable_adds=0
08-19 20:38:58.619  1517  5544 I DFInstaObserve: !toggles +blocked disable_feed=1 disable_explore=0 disable_reels=0 disable_stories=0 disable_adds=0
08-19 20:38:58.619  1517  5543 I DFInstaObserve: !toggles +blocked disable_feed=1 disable_explore=0 disable_reels=0 disable_stories=0 disable_adds=0
08-19 20:38:58.744  1517  5543 I DFInstaObserve: !toggles +blocked disable_feed=1 disable_explore=0 disable_reels=0 disable_stories=0 disable_adds=0
08-19 20:38:59.912  1517  3540 I DFInstaObserve: !toggles +blocked disable_feed=1 disable_explore=0 disable_reels=0 disable_stories=0 disable_adds=0
08-19 20:39:01.984  1517  5571 I DFInstaObserve: !toggles +blocked disable_feed=1 disable_explore=0 disable_reels=0 disable_stories=0 disable_adds=0
08-19 20:39:01.988  1517  5570 I DFInstaObserve: !toggles +blocked disable_feed=1 disable_explore=0 disable_reels=0 disable_stories=0 disable_adds=0
08-19 20:39:02.833  1517  5584 I DFInstaObserve: !toggles +blocked disable_feed=1 disable_explore=0 disable_reels=0 disable_stories=0 disable_adds=0
08-19 20:39:02.833  1517  5584 I DFInstaObserve: /clips/discover
08-19 20:39:02.833  1517  5584 I DFInstaObserve: /clips/discover/stream/
08-19 20:39:03.223  1517  5400 I DFInstaObserve: !toggles +blocked disable_feed=1 disable_explore=0 disable_reels=0 disable_stories=0 disable_adds=0
08-19 20:39:03.268  1517  5400 I DFInstaObserve: !toggles +blocked disable_feed=1 disable_explore=0 disable_reels=0 disable_stories=0 disable_adds=0
08-19 20:39:05.370  1517  5602 I DFInstaObserve: !toggles +blocked disable_feed=1 disable_explore=0 disable_reels=0 disable_stories=0 disable_adds=0
08-19 20:39:05.374  1517  5603 I DFInstaObserve: !toggles +blocked disable_feed=1 disable_explore=0 disable_reels=0 disable_stories=0 disable_adds=0
