08-19 20:57:13.946 16765 16765 I DFInstaProbe: set_app_context
08-19 20:57:14.090 16765 16822 I DFInstaProbe: replace_reels_stream_endpoint
08-19 20:57:14.322 16765 16852 I DFInstaProbe: tigon_url_block
08-19 20:57:14.322 16765 16852 I DFInstaObserve: !toggles +blocked disable_feed=0 disable_explore=0 disable_reels=0 disable_stories=0 disable_adds=1
08-19 20:57:14.322 16765 16852 I DFInstaObserve: /feed/reels_tray/
08-19 20:57:14.327 16765 16917 I DFInstaObserve: !toggles +blocked disable_feed=0 disable_explore=0 disable_reels=0 disable_stories=0 disable_adds=1
08-19 20:57:14.327 16765 16917 I DFInstaObserve: /feed/timeline/
08-19 20:57:14.467 16765 16946 I DFInstaObserve: !toggles +blocked disable_feed=0 disable_explore=0 disable_reels=0 disable_stories=0 disable_adds=1
08-19 20:57:14.580 16765 16946 I DFInstaObserve: !toggles +blocked disable_feed=0 disable_explore=0 disable_reels=0 disable_stories=0 disable_adds=1
08-19 20:57:14.657 16765 16946 I DFInstaObserve: !toggles +blocked disable_feed=0 disable_explore=0 disable_reels=0 disable_stories=0 disable_adds=1
08-19 20:57:14.692 16765 17036 I DFInstaObserve: !toggles +blocked disable_feed=0 disable_explore=0 disable_reels=0 disable_stories=0 disable_adds=1
08-19 20:57:14.763 16765 16946 I DFInstaObserve: !toggles +blocked disable_feed=0 disable_explore=0 disable_reels=0 disable_stories=0 disable_adds=1
08-19 20:57:14.951 17061 17061 I DFInstaProbe: set_app_context
08-19 20:57:15.003 16765 16854 I DFInstaObserve: !toggles +blocked disable_feed=0 disable_explore=0 disable_reels=0 disable_stories=0 disable_adds=1
08-19 20:57:15.171 16765 17036 I DFInstaObserve: !toggles +blocked disable_feed=0 disable_explore=0 disable_reels=0 disable_stories=0 disable_adds=1
08-19 20:57:15.849 16765 16802 I DFInstaObserve: !toggles +blocked disable_feed=0 disable_explore=0 disable_reels=0 disable_stories=0 disable_adds=1
08-19 20:57:15.854 16765 16946 I DFInstaObserve: !toggles +blocked disable_feed=0 disable_explore=0 disable_reels=0 disable_stories=0 disable_adds=1
08-19 20:57:15.998 16765 16802 I DFInstaObserve: !toggles +blocked disable_feed=0 disable_explore=0 disable_reels=0 disable_stories=0 disable_adds=1
08-19 20:57:16.494 16765 16802 I DFInstaObserve: !toggles +blocked disable_feed=0 disable_explore=0 disable_reels=0 disable_stories=0 disable_adds=1
08-19 20:57:16.502 16765 16802 I DFInstaObserve: !toggles +blocked disable_feed=0 disable_explore=0 disable_reels=0 disable_stories=0 disable_adds=1
08-19 20:57:16.528 16765 16916 I DFInstaObserve: !toggles +blocked disable_feed=0 disable_explore=0 disable_reels=0 disable_stories=0 disable_adds=1
08-19 20:57:16.606 16765 16915 I DFInstaObserve: !toggles +blocked disable_feed=0 disable_explore=0 disable_reels=0 disable_stories=0 disable_adds=1
08-19 20:57:16.606 16765 16915 I DFInstaObserve: /feed/timeline/
08-19 20:57:18.610 16765 16946 I DFInstaObserve: !toggles +blocked disable_feed=0 disable_explore=0 disable_reels=0 disable_stories=0 disable_adds=1
08-19 20:57:18.611 16765 17161 I DFInstaObserve: !toggles +blocked disable_feed=0 disable_explore=0 disable_reels=0 disable_stories=0 disable_adds=1
08-19 20:57:18.693 16765 17161 I DFInstaObserve: !toggles +blocked disable_feed=0 disable_explore=0 disable_reels=0 disable_stories=0 disable_adds=1
08-19 20:57:18.700 16765 16946 I DFInstaObserve: !toggles +blocked disable_feed=0 disable_explore=0 disable_reels=0 disable_stories=0 disable_adds=1
08-19 20:57:18.878 16765 16946 I DFInstaObserve: !toggles +blocked disable_feed=0 disable_explore=0 disable_reels=0 disable_stories=0 disable_adds=1
08-19 20:57:20.514 16765 16802 I DFInstaObserve: !toggles +blocked disable_feed=0 disable_explore=0 disable_reels=0 disable_stories=0 disable_adds=1
08-19 20:57:20.527 16765 16802 I DFInstaObserve: !toggles +blocked disable_feed=0 disable_explore=0 disable_reels=0 disable_stories=0 disable_adds=1
08-19 20:57:20.575 16765 16801 I DFInstaObserve: !toggles +blocked disable_feed=0 disable_explore=0 disable_reels=0 disable_stories=0 disable_adds=1
08-19 20:57:20.580 16765 16801 I DFInstaObserve: !toggles +blocked disable_feed=0 disable_explore=0 disable_reels=0 disable_stories=0 disable_adds=1
08-19 20:57:20.603 16765 16946 I DFInstaObserve: !toggles +blocked disable_feed=0 disable_explore=0 disable_reels=0 disable_stories=0 disable_adds=1
08-19 20:57:20.657 16765 16946 I DFInstaObserve: !toggles +blocked disable_feed=0 disable_explore=0 disable_reels=0 disable_stories=0 disable_adds=1
08-19 20:57:20.724 16765 16854 I DFInstaObserve: !toggles +blocked disable_feed=0 disable_explore=0 disable_reels=0 disable_stories=0 disable_adds=1
08-19 20:57:20.920 16765 17211 I DFInstaObserve: !toggles +blocked disable_feed=0 disable_explore=0 disable_reels=0 disable_stories=0 disable_adds=1
08-19 20:57:21.025 16765 17161 I DFInstaObserve: !toggles +blocked disable_feed=0 disable_explore=0 disable_reels=0 disable_stories=0 disable_adds=1
08-19 20:57:21.152 16765 16915 I DFInstaObserve: !toggles +blocked disable_feed=0 disable_explore=0 disable_reels=0 disable_stories=0 disable_adds=1
08-19 20:57:21.491 16765 17213 I DFInstaObserve: !toggles +blocked disable_feed=0 disable_explore=0 disable_reels=0 disable_stories=0 disable_adds=1
08-19 20:57:21.657 16765 16915 I DFInstaObserve: !toggles +blocked disable_feed=0 disable_explore=0 disable_reels=0 disable_stories=0 disable_adds=1
08-19 20:57:21.657 16765 16915 I DFInstaObserve: /discover/topical_explore
08-19 20:57:22.591 16765 17180 I DFInstaObserve: !toggles +blocked disable_feed=0 disable_explore=0 disable_reels=0 disable_stories=0 disable_adds=1
08-19 20:57:22.673 16765 17172 I DFInstaObserve: !toggles +blocked disable_feed=0 disable_explore=0 disable_reels=0 disable_stories=0 disable_adds=1
08-19 20:57:22.922 16765 17213 I DFInstaObserve: !toggles +blocked disable_feed=0 disable_explore=0 disable_reels=0 disable_stories=0 disable_adds=1
08-19 20:57:23.015 16765 17172 I DFInstaObserve: !toggles +blocked disable_feed=0 disable_explore=0 disable_reels=0 disable_stories=0 disable_adds=1
08-19 20:57:23.192 16765 17211 I DFInstaObserve: !toggles +blocked disable_feed=0 disable_explore=0 disable_reels=0 disable_stories=0 disable_adds=1
08-19 20:57:23.535 16765 17180 I DFInstaObserve: !toggles +blocked disable_feed=0 disable_explore=0 disable_reels=0 disable_stories=0 disable_adds=1
08-19 20:57:23.555 16765 17259 I DFInstaObserve: !toggles +blocked disable_feed=0 disable_explore=0 disable_reels=0 disable_stories=0 disable_adds=1
08-19 20:57:25.909 16765 17260 I DFInstaObserve: !toggles +blocked disable_feed=0 disable_explore=0 disable_reels=0 disable_stories=0 disable_adds=1
08-19 20:57:25.913 16765 17260 I DFInstaObserve: !toggles +blocked disable_feed=0 disable_explore=0 disable_reels=0 disable_stories=0 disable_adds=1
08-19 20:57:26.049 16765 17246 I DFInstaObserve: !toggles +blocked disable_feed=0 disable_explore=0 disable_reels=0 disable_stories=0 disable_adds=1
08-19 20:57:26.055 16765 16946 I DFInstaObserve: !toggles +blocked disable_feed=0 disable_explore=0 disable_reels=0 disable_stories=0 disable_adds=1
08-19 20:57:26.079 16765 17180 I DFInstaObserve: !toggles +blocked disable_feed=0 disable_explore=0 disable_reels=0 disable_stories=0 disable_adds=1
08-19 20:57:26.163 16765 17280 I DFInstaObserve: !toggles +blocked disable_feed=0 disable_explore=0 disable_reels=0 disable_stories=0 disable_adds=1
08-19 20:57:26.240 16765 17281 I DFInstaObserve: !toggles +blocked disable_feed=0 disable_explore=0 disable_reels=0 disable_stories=0 disable_adds=1
08-19 20:57:26.288 16765 17282 I DFInstaObserve: !toggles +blocked disable_feed=0 disable_explore=0 disable_reels=0 disable_stories=0 disable_adds=1
08-19 20:57:26.330 16765 17282 I DFInstaObserve: !toggles +blocked disable_feed=0 disable_explore=0 disable_reels=0 disable_stories=0 disable_adds=1
08-19 20:57:26.335 16765 17279 I DFInstaObserve: !toggles +blocked disable_feed=0 disable_explore=0 disable_reels=0 disable_stories=0 disable_adds=1
08-19 20:57:26.347 16765 17280 I DFInstaObserve: !toggles +blocked disable_feed=0 disable_explore=0 disable_reels=0 disable_stories=0 disable_adds=1
08-19 20:57:26.415 16765 17281 I DFInstaObserve: !toggles +blocked disable_feed=0 disable_explore=0 disable_reels=0 disable_stories=0 disable_adds=1
08-19 20:57:26.456 16765 17253 I DFInstaObserve: !toggles +blocked disable_feed=0 disable_explore=0 disable_reels=0 disable_stories=0 disable_adds=1
08-19 20:57:26.529 16765 17280 I DFInstaObserve: !toggles +blocked disable_feed=0 disable_explore=0 disable_reels=0 disable_stories=0 disable_adds=1
08-19 20:57:26.604 16765 17246 I DFInstaObserve: !toggles +blocked disable_feed=0 disable_explore=0 disable_reels=0 disable_stories=0 disable_adds=1
08-19 20:57:26.639 16765 17282 I DFInstaObserve: !toggles +blocked disable_feed=0 disable_explore=0 disable_reels=0 disable_stories=0 disable_adds=1
08-19 20:57:26.673 16765 17282 I DFInstaObserve: !toggles +blocked disable_feed=0 disable_explore=0 disable_reels=0 disable_stories=0 disable_adds=1
08-19 20:57:26.701 16765 17253 I DFInstaObserve: !toggles +blocked disable_feed=0 disable_explore=0 disable_reels=0 disable_stories=0 disable_adds=1
08-19 20:57:26.704 16765 17293 I DFInstaObserve: !toggles +blocked disable_feed=0 disable_explore=0 disable_reels=0 disable_stories=0 disable_adds=1
08-19 20:57:26.762 16765 16946 I DFInstaObserve: !toggles +blocked disable_feed=0 disable_explore=0 disable_reels=0 disable_stories=0 disable_adds=1
08-19 20:57:26.780 16765 17282 I DFInstaObserve: !toggles +blocked disable_feed=0 disable_explore=0 disable_reels=0 disable_stories=0 disable_adds=1
08-19 20:57:26.832 16765 17248 I DFInstaObserve: !toggles +blocked disable_feed=0 disable_explore=0 disable_reels=0 disable_stories=0 disable_adds=1
08-19 20:57:26.877 16765 16946 I DFInstaObserve: !toggles +blocked disable_feed=0 disable_explore=0 disable_reels=0 disable_stories=0 disable_adds=1
08-19 20:57:26.903 16765 17252 I DFInstaObserve: !toggles +blocked disable_feed=0 disable_explore=0 disable_reels=0 disable_stories=0 disable_adds=1
08-19 20:57:27.020 16765 17036 I DFInstaObserve: !toggles +blocked disable_feed=0 disable_explore=0 disable_reels=0 disable_stories=0 disable_adds=1
08-19 20:57:27.159 16765 17036 I DFInstaObserve: !toggles +blocked disable_feed=0 disable_explore=0 disable_reels=0 disable_stories=0 disable_adds=1
08-19 20:57:27.382 16765 16946 I DFInstaObserve: !toggles +blocked disable_feed=0 disable_explore=0 disable_reels=0 disable_stories=0 disable_adds=1
08-19 20:57:27.440 16765 16946 I DFInstaObserve: !toggles +blocked disable_feed=0 disable_explore=0 disable_reels=0 disable_stories=0 disable_adds=1
08-19 20:57:27.545 16765 16946 I DFInstaObserve: !toggles +blocked disable_feed=0 disable_explore=0 disable_reels=0 disable_stories=0 disable_adds=1
08-19 20:57:27.623 16765 16946 I DFInstaObserve: !toggles +blocked disable_feed=0 disable_explore=0 disable_reels=0 disable_stories=0 disable_adds=1
08-19 20:57:27.967 16765 16946 I DFInstaObserve: !toggles +blocked disable_feed=0 disable_explore=0 disable_reels=0 disable_stories=0 disable_adds=1
08-19 20:57:28.048 16765 16946 I DFInstaObserve: !toggles +blocked disable_feed=0 disable_explore=0 disable_reels=0 disable_stories=0 disable_adds=1
08-19 20:57:28.505 16765 17036 I DFInstaObserve: !toggles +blocked disable_feed=0 disable_explore=0 disable_reels=0 disable_stories=0 disable_adds=1
08-19 20:57:28.746 16765 16946 I DFInstaObserve: !toggles +blocked disable_feed=0 disable_explore=0 disable_reels=0 disable_stories=0 disable_adds=1
08-19 20:57:28.837 16765 16946 I DFInstaObserve: !toggles +blocked disable_feed=0 disable_explore=0 disable_reels=0 disable_stories=0 disable_adds=1
08-19 20:57:28.965 16765 16946 I DFInstaObserve: !toggles +blocked disable_feed=0 disable_explore=0 disable_reels=0 disable_stories=0 disable_adds=1
08-19 20:57:31.919 17344 17344 I DFInstaWalk: surface=Home
08-19 20:57:32.029 16765 17338 I DFInstaObserve: !toggles +blocked disable_feed=0 disable_explore=0 disable_reels=0 disable_stories=0 disable_adds=1
08-19 20:57:32.029 16765 17338 I DFInstaObserve: /feed/timeline/
08-19 20:57:32.031 16765 17253 I DFInstaObserve: !toggles +blocked disable_feed=0 disable_explore=0 disable_reels=0 disable_stories=0 disable_adds=1
08-19 20:57:32.031 16765 17253 I DFInstaObserve: /feed/reels_tray/
08-19 20:57:33.116 16765 17260 I DFInstaObserve: !toggles +blocked disable_feed=0 disable_explore=0 disable_reels=0 disable_stories=0 disable_adds=1
08-19 20:57:33.406 16765 17036 I DFInstaObserve: !toggles +blocked disable_feed=0 disable_explore=0 disable_reels=0 disable_stories=0 disable_adds=1
08-19 20:57:33.531 16765 17260 I DFInstaObserve: !toggles +blocked disable_feed=0 disable_explore=0 disable_reels=0 disable_stories=0 disable_adds=1
08-19 20:57:33.582 16765 16946 I DFInstaObserve: !toggles +blocked disable_feed=0 disable_explore=0 disable_reels=0 disable_stories=0 disable_adds=1
08-19 20:57:33.671 16765 16946 I DFInstaObserve: !toggles +blocked disable_feed=0 disable_explore=0 disable_reels=0 disable_stories=0 disable_adds=1
08-19 20:57:33.710 16765 16915 I DFInstaObserve: !toggles +blocked disable_feed=0 disable_explore=0 disable_reels=0 disable_stories=0 disable_adds=1
08-19 20:57:33.710 16765 16915 I DFInstaObserve: /feed/timeline/
08-19 20:57:37.043 16765 16802 I DFInstaObserve: !toggles +blocked disable_feed=0 disable_explore=0 disable_reels=0 disable_stories=0 disable_adds=1
08-19 20:57:37.048 16765 16802 I DFInstaObserve: !toggles +blocked disable_feed=0 disable_explore=0 disable_reels=0 disable_stories=0 disable_adds=1
08-19 20:57:37.153 16765 16946 I DFInstaObserve: !toggles +blocked disable_feed=0 disable_explore=0 disable_reels=0 disable_stories=0 disable_adds=1
08-19 20:57:37.214 16765 16946 I DFInstaObserve: !toggles +blocked disable_feed=0 disable_explore=0 disable_reels=0 disable_stories=0 disable_adds=1
08-19 20:57:37.301 16765 17248 I DFInstaObserve: !toggles +blocked disable_feed=0 disable_explore=0 disable_reels=0 disable_stories=0 disable_adds=1
08-19 20:57:40.183 16765 17368 I DFInstaObserve: !toggles +blocked disable_feed=0 disable_explore=0 disable_reels=0 disable_stories=0 disable_adds=1
08-19 20:57:40.183 16765 17368 I DFInstaObserve: /feed/timeline/
08-19 20:57:40.185 16765 17339 I DFInstaObserve: !toggles +blocked disable_feed=0 disable_explore=0 disable_reels=0 disable_stories=0 disable_adds=1
08-19 20:57:40.186 16765 17339 I DFInstaObserve: /feed/reels_tray/
08-19 20:57:40.801 16765 16946 I DFInstaObserve: !toggles +blocked disable_feed=0 disable_explore=0 disable_reels=0 disable_stories=0 disable_adds=1
08-19 20:57:41.069 16765 16946 I DFInstaObserve: !toggles +blocked disable_feed=0 disable_explore=0 disable_reels=0 disable_stories=0 disable_adds=1
08-19 20:57:41.154 16765 16802 I DFInstaObserve: !toggles +blocked disable_feed=0 disable_explore=0 disable_reels=0 disable_stories=0 disable_adds=1
08-19 20:57:41.467 16765 17036 I DFInstaObserve: !toggles +blocked disable_feed=0 disable_explore=0 disable_reels=0 disable_stories=0 disable_adds=1
08-19 20:57:41.682 16765 17260 I DFInstaObserve: !toggles +blocked disable_feed=0 disable_explore=0 disable_reels=0 disable_stories=0 disable_adds=1
08-19 20:57:41.689 16765 17260 I DFInstaObserve: !toggles +blocked disable_feed=0 disable_explore=0 disable_reels=0 disable_stories=0 disable_adds=1
08-19 20:57:41.732 16765 17328 I DFInstaObserve: !toggles +blocked disable_feed=0 disable_explore=0 disable_reels=0 disable_stories=0 disable_adds=1
08-19 20:57:42.011 16765 17395 I DFInstaObserve: !toggles +blocked disable_feed=0 disable_explore=0 disable_reels=0 disable_stories=0 disable_adds=1
08-19 20:57:42.011 16765 17395 I DFInstaObserve: /feed/timeline/
08-19 20:57:44.621 16765 16802 I DFInstaObserve: !toggles +blocked disable_feed=0 disable_explore=0 disable_reels=0 disable_stories=0 disable_adds=1
08-19 20:57:44.627 16765 16802 I DFInstaObserve: !toggles +blocked disable_feed=0 disable_explore=0 disable_reels=0 disable_stories=0 disable_adds=1
08-19 20:57:44.982 16765 17253 I DFInstaObserve: !toggles +blocked disable_feed=0 disable_explore=0 disable_reels=0 disable_stories=0 disable_adds=1
08-19 20:57:45.252 16765 17378 I DFInstaObserve: !toggles +blocked disable_feed=0 disable_explore=0 disable_reels=0 disable_stories=0 disable_adds=1
08-19 20:57:45.621 16765 17253 I DFInstaObserve: !toggles +blocked disable_feed=0 disable_explore=0 disable_reels=0 disable_stories=0 disable_adds=1
08-19 20:57:51.841 16765 16802 I DFInstaObserve: !toggles +blocked disable_feed=0 disable_explore=0 disable_reels=0 disable_stories=0 disable_adds=1
08-19 20:57:51.848 16765 17260 I DFInstaObserve: !toggles +blocked disable_feed=0 disable_explore=0 disable_reels=0 disable_stories=0 disable_adds=1
08-19 20:57:55.216 16765 17260 I DFInstaObserve: !toggles +blocked disable_feed=0 disable_explore=0 disable_reels=0 disable_stories=0 disable_adds=1
08-19 20:57:55.221 16765 16802 I DFInstaObserve: !toggles +blocked disable_feed=0 disable_explore=0 disable_reels=0 disable_stories=0 disable_adds=1
08-19 20:57:58.602 16765 16802 I DFInstaObserve: !toggles +blocked disable_feed=0 disable_explore=0 disable_reels=0 disable_stories=0 disable_adds=1
08-19 20:58:01.962 16765 17260 I DFInstaObserve: !toggles +blocked disable_feed=0 disable_explore=0 disable_reels=0 disable_stories=0 disable_adds=1
08-19 20:58:01.973 16765 16802 I DFInstaObserve: !toggles +blocked disable_feed=0 disable_explore=0 disable_reels=0 disable_stories=0 disable_adds=1
08-19 20:58:05.553 16765 17458 I DFInstaObserve: !toggles +blocked disable_feed=0 disable_explore=0 disable_reels=0 disable_stories=0 disable_adds=1
08-19 20:58:05.553 16765 17458 I DFInstaObserve: /feed/timeline/
08-19 20:58:07.697 16765 16802 I DFInstaObserve: !toggles +blocked disable_feed=0 disable_explore=0 disable_reels=0 disable_stories=0 disable_adds=1
08-19 20:58:07.704 16765 16802 I DFInstaObserve: !toggles +blocked disable_feed=0 disable_explore=0 disable_reels=0 disable_stories=0 disable_adds=1
08-19 20:58:07.786 16765 16946 I DFInstaObserve: !toggles +blocked disable_feed=0 disable_explore=0 disable_reels=0 disable_stories=0 disable_adds=1
08-19 20:58:07.844 16765 16946 I DFInstaObserve: !toggles +blocked disable_feed=0 disable_explore=0 disable_reels=0 disable_stories=0 disable_adds=1
08-19 20:58:07.898 16765 16946 I DFInstaObserve: !toggles +blocked disable_feed=0 disable_explore=0 disable_reels=0 disable_stories=0 disable_adds=1
08-19 20:58:08.379 17530 17530 I DFInstaWalk: surface=Search and explore
08-19 20:58:08.511 16765 17520 I DFInstaObserve: !toggles +blocked disable_feed=0 disable_explore=0 disable_reels=0 disable_stories=0 disable_adds=1
08-19 20:58:08.607 16765 17522 I DFInstaObserve: !toggles +blocked disable_feed=0 disable_explore=0 disable_reels=0 disable_stories=0 disable_adds=1
08-19 20:58:09.303 16765 16802 I DFInstaObserve: !toggles +blocked disable_feed=0 disable_explore=0 disable_reels=0 disable_stories=0 disable_adds=1
08-19 20:58:09.306 16765 17260 I DFInstaObserve: !toggles +blocked disable_feed=0 disable_explore=0 disable_reels=0 disable_stories=0 disable_adds=1
08-19 20:58:09.361 16765 16946 I DFInstaObserve: !toggles +blocked disable_feed=0 disable_explore=0 disable_reels=0 disable_stories=0 disable_adds=1
08-19 20:58:09.380 16765 17458 I DFInstaObserve: !toggles +blocked disable_feed=0 disable_explore=0 disable_reels=0 disable_stories=0 disable_adds=1
08-19 20:58:09.467 16765 17502 I DFInstaObserve: !toggles +blocked disable_feed=0 disable_explore=0 disable_reels=0 disable_stories=0 disable_adds=1
08-19 20:58:09.541 16765 17502 I DFInstaObserve: !toggles +blocked disable_feed=0 disable_explore=0 disable_reels=0 disable_stories=0 disable_adds=1
08-19 20:58:09.593 16765 17485 I DFInstaObserve: !toggles +blocked disable_feed=0 disable_explore=0 disable_reels=0 disable_stories=0 disable_adds=1
08-19 20:58:09.598 16765 17036 I DFInstaObserve: !toggles +blocked disable_feed=0 disable_explore=0 disable_reels=0 disable_stories=0 disable_adds=1
08-19 20:58:09.644 16765 16946 I DFInstaObserve: !toggles +blocked disable_feed=0 disable_explore=0 disable_reels=0 disable_stories=0 disable_adds=1
08-19 20:58:09.650 16765 17485 I DFInstaObserve: !toggles +blocked disable_feed=0 disable_explore=0 disable_reels=0 disable_stories=0 disable_adds=1
08-19 20:58:09.736 16765 17036 I DFInstaObserve: !toggles +blocked disable_feed=0 disable_explore=0 disable_reels=0 disable_stories=0 disable_adds=1
08-19 20:58:10.912 16765 17549 I DFInstaObserve: !toggles +blocked disable_feed=0 disable_explore=0 disable_reels=0 disable_stories=0 disable_adds=1
08-19 20:58:10.912 16765 17555 I DFInstaObserve: !toggles +blocked disable_feed=0 disable_explore=0 disable_reels=0 disable_stories=0 disable_adds=1
08-19 20:58:10.966 16765 17549 I DFInstaObserve: !toggles +blocked disable_feed=0 disable_explore=0 disable_reels=0 disable_stories=0 disable_adds=1
08-19 20:58:10.968 16765 17555 I DFInstaObserve: !toggles +blocked disable_feed=0 disable_explore=0 disable_reels=0 disable_stories=0 disable_adds=1
08-19 20:58:13.412 16765 17555 I DFInstaObserve: !toggles +blocked disable_feed=0 disable_explore=0 disable_reels=0 disable_stories=0 disable_adds=1
08-19 20:58:16.610 16765 17578 I DFInstaObserve: !toggles +blocked disable_feed=0 disable_explore=0 disable_reels=0 disable_stories=0 disable_adds=1
08-19 20:58:16.611 16765 17578 I DFInstaObserve: /discover/topical_explore
08-19 20:58:18.858 16765 17260 I DFInstaObserve: !toggles +blocked disable_feed=0 disable_explore=0 disable_reels=0 disable_stories=0 disable_adds=1
08-19 20:58:18.867 16765 17260 I DFInstaObserve: !toggles +blocked disable_feed=0 disable_explore=0 disable_reels=0 disable_stories=0 disable_adds=1
08-19 20:58:18.884 16765 17260 I DFInstaObserve: !toggles +blocked disable_feed=0 disable_explore=0 disable_reels=0 disable_stories=0 disable_adds=1
08-19 20:58:18.937 16765 17565 I DFInstaObserve: !toggles +blocked disable_feed=0 disable_explore=0 disable_reels=0 disable_stories=0 disable_adds=1
08-19 20:58:18.993 16765 17565 I DFInstaObserve: !toggles +blocked disable_feed=0 disable_explore=0 disable_reels=0 disable_stories=0 disable_adds=1
08-19 20:58:19.030 16765 17260 I DFInstaObserve: !toggles +blocked disable_feed=0 disable_explore=0 disable_reels=0 disable_stories=0 disable_adds=1
08-19 20:58:19.036 16765 16802 I DFInstaObserve: !toggles +blocked disable_feed=0 disable_explore=0 disable_reels=0 disable_stories=0 disable_adds=1
08-19 20:58:19.067 16765 16946 I DFInstaObserve: !toggles +blocked disable_feed=0 disable_explore=0 disable_reels=0 disable_stories=0 disable_adds=1
08-19 20:58:19.172 16765 17633 I DFInstaObserve: !toggles +blocked disable_feed=0 disable_explore=0 disable_reels=0 disable_stories=0 disable_adds=1
08-19 20:58:19.185 16765 17578 I DFInstaObserve: !toggles +blocked disable_feed=0 disable_explore=0 disable_reels=0 disable_stories=0 disable_adds=1
08-19 20:58:19.258 16765 17641 I DFInstaObserve: !toggles +blocked disable_feed=0 disable_explore=0 disable_reels=0 disable_stories=0 disable_adds=1
08-19 20:58:19.461 16765 17522 I DFInstaObserve: !toggles +blocked disable_feed=0 disable_explore=0 disable_reels=0 disable_stories=0 disable_adds=1
08-19 20:58:19.501 16765 17612 I DFInstaObserve: !toggles +blocked disable_feed=0 disable_explore=0 disable_reels=0 disable_stories=0 disable_adds=1
08-19 20:58:19.570 16765 17522 I DFInstaObserve: !toggles +blocked disable_feed=0 disable_explore=0 disable_reels=0 disable_stories=0 disable_adds=1
08-19 20:58:19.744 16765 17578 I DFInstaObserve: !toggles +blocked disable_feed=0 disable_explore=0 disable_reels=0 disable_stories=0 disable_adds=1
08-19 20:58:19.813 16765 17522 I DFInstaObserve: !toggles +blocked disable_feed=0 disable_explore=0 disable_reels=0 disable_stories=0 disable_adds=1
08-19 20:58:19.870 16765 17580 I DFInstaObserve: !toggles +blocked disable_feed=0 disable_explore=0 disable_reels=0 disable_stories=0 disable_adds=1
08-19 20:58:19.874 16765 16946 I DFInstaObserve: !toggles +blocked disable_feed=0 disable_explore=0 disable_reels=0 disable_stories=0 disable_adds=1
08-19 20:58:19.941 16765 17580 I DFInstaObserve: !toggles +blocked disable_feed=0 disable_explore=0 disable_reels=0 disable_stories=0 disable_adds=1
08-19 20:58:19.955 16765 17523 I DFInstaObserve: !toggles +blocked disable_feed=0 disable_explore=0 disable_reels=0 disable_stories=0 disable_adds=1
08-19 20:58:19.955 16765 17523 I DFInstaObserve: /discover/topical_explore
08-19 20:58:19.966 16765 16946 I DFInstaObserve: !toggles +blocked disable_feed=0 disable_explore=0 disable_reels=0 disable_stories=0 disable_adds=1
08-19 20:58:19.980 16765 17612 I DFInstaObserve: !toggles +blocked disable_feed=0 disable_explore=0 disable_reels=0 disable_stories=0 disable_adds=1
08-19 20:58:20.016 16765 17506 I DFInstaObserve: !toggles +blocked disable_feed=0 disable_explore=0 disable_reels=0 disable_stories=0 disable_adds=1
08-19 20:58:20.039 16765 16946 I DFInstaObserve: !toggles +blocked disable_feed=0 disable_explore=0 disable_reels=0 disable_stories=0 disable_adds=1
08-19 20:58:20.089 16765 17506 I DFInstaObserve: !toggles +blocked disable_feed=0 disable_explore=0 disable_reels=0 disable_stories=0 disable_adds=1
08-19 20:58:20.095 16765 16946 I DFInstaObserve: !toggles +blocked disable_feed=0 disable_explore=0 disable_reels=0 disable_stories=0 disable_adds=1
08-19 20:58:20.166 16765 17612 I DFInstaObserve: !toggles +blocked disable_feed=0 disable_explore=0 disable_reels=0 disable_stories=0 disable_adds=1
08-19 20:58:20.448 16765 17672 I DFInstaObserve: !toggles +blocked disable_feed=0 disable_explore=0 disable_reels=0 disable_stories=0 disable_adds=1
08-19 20:58:20.515 16765 16946 I DFInstaObserve: !toggles +blocked disable_feed=0 disable_explore=0 disable_reels=0 disable_stories=0 disable_adds=1
08-19 20:58:20.583 16765 16946 I DFInstaObserve: !toggles +blocked disable_feed=0 disable_explore=0 disable_reels=0 disable_stories=0 disable_adds=1
08-19 20:58:21.033 16765 16946 I DFInstaObserve: !toggles +blocked disable_feed=0 disable_explore=0 disable_reels=0 disable_stories=0 disable_adds=1
08-19 20:58:22.327 16765 16802 I DFInstaObserve: !toggles +blocked disable_feed=0 disable_explore=0 disable_reels=0 disable_stories=0 disable_adds=1
08-19 20:58:22.331 16765 17260 I DFInstaObserve: !toggles +blocked disable_feed=0 disable_explore=0 disable_reels=0 disable_stories=0 disable_adds=1
08-19 20:58:22.362 16765 16946 I DFInstaObserve: !toggles +blocked disable_feed=0 disable_explore=0 disable_reels=0 disable_stories=0 disable_adds=1
08-19 20:58:22.443 16765 17686 I DFInstaObserve: !toggles +blocked disable_feed=0 disable_explore=0 disable_reels=0 disable_stories=0 disable_adds=1
08-19 20:58:22.529 16765 17578 I DFInstaObserve: !toggles +blocked disable_feed=0 disable_explore=0 disable_reels=0 disable_stories=0 disable_adds=1
08-19 20:58:22.536 16765 16946 I DFInstaObserve: !toggles +blocked disable_feed=0 disable_explore=0 disable_reels=0 disable_stories=0 disable_adds=1
08-19 20:58:22.621 16765 17580 I DFInstaObserve: !toggles +blocked disable_feed=0 disable_explore=0 disable_reels=0 disable_stories=0 disable_adds=1
08-19 20:58:22.663 16765 17671 I DFInstaObserve: !toggles +blocked disable_feed=0 disable_explore=0 disable_reels=0 disable_stories=0 disable_adds=1
08-19 20:58:22.770 16765 17679 I DFInstaObserve: !toggles +blocked disable_feed=0 disable_explore=0 disable_reels=0 disable_stories=0 disable_adds=1
08-19 20:58:22.899 16765 16946 I DFInstaObserve: !toggles +blocked disable_feed=0 disable_explore=0 disable_reels=0 disable_stories=0 disable_adds=1
08-19 20:58:22.938 16765 17580 I DFInstaObserve: !toggles +blocked disable_feed=0 disable_explore=0 disable_reels=0 disable_stories=0 disable_adds=1
08-19 20:58:23.015 16765 17579 I DFInstaObserve: !toggles +blocked disable_feed=0 disable_explore=0 disable_reels=0 disable_stories=0 disable_adds=1
08-19 20:58:23.322 16765 17687 I DFInstaObserve: !toggles +blocked disable_feed=0 disable_explore=0 disable_reels=0 disable_stories=0 disable_adds=1
08-19 20:58:23.329 16765 17579 I DFInstaObserve: !toggles +blocked disable_feed=0 disable_explore=0 disable_reels=0 disable_stories=0 disable_adds=1
08-19 20:58:23.329 16765 17579 I DFInstaObserve: /discover/topical_explore
08-19 20:58:23.366 16765 17686 I DFInstaObserve: !toggles +blocked disable_feed=0 disable_explore=0 disable_reels=0 disable_stories=0 disable_adds=1
08-19 20:58:23.485 16765 17629 I DFInstaObserve: !toggles +blocked disable_feed=0 disable_explore=0 disable_reels=0 disable_stories=0 disable_adds=1
08-19 20:58:23.510 16765 16946 I DFInstaObserve: !toggles +blocked disable_feed=0 disable_explore=0 disable_reels=0 disable_stories=0 disable_adds=1
08-19 20:58:23.533 16765 17704 I DFInstaObserve: !toggles +blocked disable_feed=0 disable_explore=0 disable_reels=0 disable_stories=0 disable_adds=1
08-19 20:58:23.635 16765 16946 I DFInstaObserve: !toggles +blocked disable_feed=0 disable_explore=0 disable_reels=0 disable_stories=0 disable_adds=1
08-19 20:58:23.643 16765 17704 I DFInstaObserve: !toggles +blocked disable_feed=0 disable_explore=0 disable_reels=0 disable_stories=0 disable_adds=1
08-19 20:58:23.676 16765 17687 I DFInstaObserve: !toggles +blocked disable_feed=0 disable_explore=0 disable_reels=0 disable_stories=0 disable_adds=1
08-19 20:58:23.723 16765 16946 I DFInstaObserve: !toggles +blocked disable_feed=0 disable_explore=0 disable_reels=0 disable_stories=0 disable_adds=1
08-19 20:58:23.817 16765 17687 I DFInstaObserve: !toggles +blocked disable_feed=0 disable_explore=0 disable_reels=0 disable_stories=0 disable_adds=1
08-19 20:58:23.860 16765 16946 I DFInstaObserve: !toggles +blocked disable_feed=0 disable_explore=0 disable_reels=0 disable_stories=0 disable_adds=1
08-19 20:58:23.891 16765 17705 I DFInstaObserve: !toggles +blocked disable_feed=0 disable_explore=0 disable_reels=0 disable_stories=0 disable_adds=1
08-19 20:58:24.070 16765 17701 I DFInstaObserve: !toggles +blocked disable_feed=0 disable_explore=0 disable_reels=0 disable_stories=0 disable_adds=1
08-19 20:58:24.094 16765 17629 I DFInstaObserve: !toggles +blocked disable_feed=0 disable_explore=0 disable_reels=0 disable_stories=0 disable_adds=1
08-19 20:58:24.220 16765 16946 I DFInstaObserve: !toggles +blocked disable_feed=0 disable_explore=0 disable_reels=0 disable_stories=0 disable_adds=1
08-19 20:58:24.255 16765 17701 I DFInstaObserve: !toggles +blocked disable_feed=0 disable_explore=0 disable_reels=0 disable_stories=0 disable_adds=1
08-19 20:58:24.576 16765 16946 I DFInstaObserve: !toggles +blocked disable_feed=0 disable_explore=0 disable_reels=0 disable_stories=0 disable_adds=1
08-19 20:58:24.645 16765 16946 I DFInstaObserve: !toggles +blocked disable_feed=0 disable_explore=0 disable_reels=0 disable_stories=0 disable_adds=1
08-19 20:58:25.742 16765 17708 I DFInstaObserve: !toggles +blocked disable_feed=0 disable_explore=0 disable_reels=0 disable_stories=0 disable_adds=1
08-19 20:58:25.804 16765 16802 I DFInstaObserve: !toggles +blocked disable_feed=0 disable_explore=0 disable_reels=0 disable_stories=0 disable_adds=1
08-19 20:58:25.808 16765 17260 I DFInstaObserve: !toggles +blocked disable_feed=0 disable_explore=0 disable_reels=0 disable_stories=0 disable_adds=1
08-19 20:58:25.830 16765 16946 I DFInstaObserve: !toggles +blocked disable_feed=0 disable_explore=0 disable_reels=0 disable_stories=0 disable_adds=1
08-19 20:58:25.843 16765 17708 I DFInstaObserve: !toggles +blocked disable_feed=0 disable_explore=0 disable_reels=0 disable_stories=0 disable_adds=1
08-19 20:58:25.901 16765 17714 I DFInstaObserve: !toggles +blocked disable_feed=0 disable_explore=0 disable_reels=0 disable_stories=0 disable_adds=1
08-19 20:58:25.943 16765 17579 I DFInstaObserve: !toggles +blocked disable_feed=0 disable_explore=0 disable_reels=0 disable_stories=0 disable_adds=1
08-19 20:58:25.979 16765 17629 I DFInstaObserve: !toggles +blocked disable_feed=0 disable_explore=0 disable_reels=0 disable_stories=0 disable_adds=1
08-19 20:58:26.424 16765 17733 I DFInstaObserve: !toggles +blocked disable_feed=0 disable_explore=0 disable_reels=0 disable_stories=0 disable_adds=1
08-19 20:58:26.457 16765 17629 I DFInstaObserve: !toggles +blocked disable_feed=0 disable_explore=0 disable_reels=0 disable_stories=0 disable_adds=1
08-19 20:58:26.539 16765 17735 I DFInstaObserve: !toggles +blocked disable_feed=0 disable_explore=0 disable_reels=0 disable_stories=0 disable_adds=1
08-19 20:58:26.604 16765 16946 I DFInstaObserve: !toggles +blocked disable_feed=0 disable_explore=0 disable_reels=0 disable_stories=0 disable_adds=1
08-19 20:58:26.646 16765 17629 I DFInstaObserve: !toggles +blocked disable_feed=0 disable_explore=0 disable_reels=0 disable_stories=0 disable_adds=1
08-19 20:58:26.667 16765 16946 I DFInstaObserve: !toggles +blocked disable_feed=0 disable_explore=0 disable_reels=0 disable_stories=0 disable_adds=1
08-19 20:58:26.675 16765 17736 I DFInstaObserve: !toggles +blocked disable_feed=0 disable_explore=0 disable_reels=0 disable_stories=0 disable_adds=1
08-19 20:58:26.725 16765 17736 I DFInstaObserve: !toggles +blocked disable_feed=0 disable_explore=0 disable_reels=0 disable_stories=0 disable_adds=1
08-19 20:58:26.781 16765 16946 I DFInstaObserve: !toggles +blocked disable_feed=0 disable_explore=0 disable_reels=0 disable_stories=0 disable_adds=1
08-19 20:58:26.789 16765 17734 I DFInstaObserve: !toggles +blocked disable_feed=0 disable_explore=0 disable_reels=0 disable_stories=0 disable_adds=1
08-19 20:58:26.789 16765 17734 I DFInstaObserve: /discover/topical_explore
08-19 20:58:26.799 16765 17704 I DFInstaObserve: !toggles +blocked disable_feed=0 disable_explore=0 disable_reels=0 disable_stories=0 disable_adds=1
08-19 20:58:26.847 16765 16946 I DFInstaObserve: !toggles +blocked disable_feed=0 disable_explore=0 disable_reels=0 disable_stories=0 disable_adds=1
08-19 20:58:26.853 16765 17747 I DFInstaObserve: !toggles +blocked disable_feed=0 disable_explore=0 disable_reels=0 disable_stories=0 disable_adds=1
08-19 20:58:26.871 16765 17733 I DFInstaObserve: !toggles +blocked disable_feed=0 disable_explore=0 disable_reels=0 disable_stories=0 disable_adds=1
08-19 20:58:26.915 16765 17687 I DFInstaObserve: !toggles +blocked disable_feed=0 disable_explore=0 disable_reels=0 disable_stories=0 disable_adds=1
08-19 20:58:26.921 16765 16946 I DFInstaObserve: !toggles +blocked disable_feed=0 disable_explore=0 disable_reels=0 disable_stories=0 disable_adds=1
08-19 20:58:26.991 16765 16946 I DFInstaObserve: !toggles +blocked disable_feed=0 disable_explore=0 disable_reels=0 disable_stories=0 disable_adds=1
08-19 20:58:27.003 16765 17701 I DFInstaObserve: !toggles +blocked disable_feed=0 disable_explore=0 disable_reels=0 disable_stories=0 disable_adds=1
08-19 20:58:27.073 16765 17701 I DFInstaObserve: !toggles +blocked disable_feed=0 disable_explore=0 disable_reels=0 disable_stories=0 disable_adds=1
08-19 20:58:27.108 16765 17702 I DFInstaObserve: !toggles +blocked disable_feed=0 disable_explore=0 disable_reels=0 disable_stories=0 disable_adds=1
08-19 20:58:27.173 16765 17701 I DFInstaObserve: !toggles +blocked disable_feed=0 disable_explore=0 disable_reels=0 disable_stories=0 disable_adds=1
08-19 20:58:27.200 16765 16946 I DFInstaObserve: !toggles +blocked disable_feed=0 disable_explore=0 disable_reels=0 disable_stories=0 disable_adds=1
08-19 20:58:27.248 16765 17770 I DFInstaObserve: !toggles +blocked disable_feed=0 disable_explore=0 disable_reels=0 disable_stories=0 disable_adds=1
08-19 20:58:27.252 16765 17735 I DFInstaObserve: !toggles +blocked disable_feed=0 disable_explore=0 disable_reels=0 disable_stories=0 disable_adds=1
08-19 20:58:27.261 16765 16946 I DFInstaObserve: !toggles +blocked disable_feed=0 disable_explore=0 disable_reels=0 disable_stories=0 disable_adds=1
08-19 20:58:27.529 16765 17779 I DFInstaObserve: !toggles +blocked disable_feed=0 disable_explore=0 disable_reels=0 disable_stories=0 disable_adds=1
08-19 20:58:27.908 16765 16946 I DFInstaObserve: !toggles +blocked disable_feed=0 disable_explore=0 disable_reels=0 disable_stories=0 disable_adds=1
08-19 20:58:29.203 16765 17760 I DFInstaObserve: !toggles +blocked disable_feed=0 disable_explore=0 disable_reels=0 disable_stories=0 disable_adds=1
08-19 20:58:29.373 16765 17760 I DFInstaObserve: !toggles +blocked disable_feed=0 disable_explore=0 disable_reels=0 disable_stories=0 disable_adds=1
08-19 20:58:29.518 16765 17769 I DFInstaObserve: !toggles +blocked disable_feed=0 disable_explore=0 disable_reels=0 disable_stories=0 disable_adds=1
08-19 20:58:30.229 16765 17736 I DFInstaObserve: !toggles +blocked disable_feed=0 disable_explore=0 disable_reels=0 disable_stories=0 disable_adds=1
08-19 20:58:30.229 16765 17736 I DFInstaObserve: /discover/topical_explore
08-19 20:58:30.243 16765 16802 I DFInstaObserve: !toggles +blocked disable_feed=0 disable_explore=0 disable_reels=0 disable_stories=0 disable_adds=1
08-19 20:58:30.247 16765 17260 I DFInstaObserve: !toggles +blocked disable_feed=0 disable_explore=0 disable_reels=0 disable_stories=0 disable_adds=1
08-19 20:58:30.280 16765 16946 I DFInstaObserve: !toggles +blocked disable_feed=0 disable_explore=0 disable_reels=0 disable_stories=0 disable_adds=1
08-19 20:58:30.358 16765 17806 I DFInstaObserve: !toggles +blocked disable_feed=0 disable_explore=0 disable_reels=0 disable_stories=0 disable_adds=1
08-19 20:58:30.368 16765 17774 I DFInstaObserve: !toggles +blocked disable_feed=0 disable_explore=0 disable_reels=0 disable_stories=0 disable_adds=1
08-19 20:58:30.426 16765 17786 I DFInstaObserve: !toggles +blocked disable_feed=0 disable_explore=0 disable_reels=0 disable_stories=0 disable_adds=1
08-19 20:58:30.447 16765 16946 I DFInstaObserve: !toggles +blocked disable_feed=0 disable_explore=0 disable_reels=0 disable_stories=0 disable_adds=1
08-19 20:58:30.473 16765 17814 I DFInstaObserve: !toggles +blocked disable_feed=0 disable_explore=0 disable_reels=0 disable_stories=0 disable_adds=1
08-19 20:58:30.504 16765 17328 I DFInstaObserve: !toggles +blocked disable_feed=0 disable_explore=0 disable_reels=0 disable_stories=0 disable_adds=1
08-19 20:58:30.514 16765 16946 I DFInstaObserve: !toggles +blocked disable_feed=0 disable_explore=0 disable_reels=0 disable_stories=0 disable_adds=1
08-19 20:58:30.519 16765 17703 I DFInstaObserve: !toggles +blocked disable_feed=0 disable_explore=0 disable_reels=0 disable_stories=0 disable_adds=1
08-19 20:58:30.564 16765 17774 I DFInstaObserve: !toggles +blocked disable_feed=0 disable_explore=0 disable_reels=0 disable_stories=0 disable_adds=1
08-19 20:58:30.588 16765 16946 I DFInstaObserve: !toggles +blocked disable_feed=0 disable_explore=0 disable_reels=0 disable_stories=0 disable_adds=1
08-19 20:58:30.646 16765 16946 I DFInstaObserve: !toggles +blocked disable_feed=0 disable_explore=0 disable_reels=0 disable_stories=0 disable_adds=1
08-19 20:58:30.683 16765 17703 I DFInstaObserve: !toggles +blocked disable_feed=0 disable_explore=0 disable_reels=0 disable_stories=0 disable_adds=1
08-19 20:58:30.688 16765 16946 I DFInstaObserve: !toggles +blocked disable_feed=0 disable_explore=0 disable_reels=0 disable_stories=0 disable_adds=1
08-19 20:58:30.695 16765 17831 I DFInstaObserve: !toggles +blocked disable_feed=0 disable_explore=0 disable_reels=0 disable_stories=0 disable_adds=1
08-19 20:58:30.739 16765 17774 I DFInstaObserve: !toggles +blocked disable_feed=0 disable_explore=0 disable_reels=0 disable_stories=0 disable_adds=1
08-19 20:58:30.777 16765 17703 I DFInstaObserve: !toggles +blocked disable_feed=0 disable_explore=0 disable_reels=0 disable_stories=0 disable_adds=1
08-19 20:58:30.874 16765 17735 I DFInstaObserve: !toggles +blocked disable_feed=0 disable_explore=0 disable_reels=0 disable_stories=0 disable_adds=1
08-19 20:58:30.901 16765 17579 I DFInstaObserve: !toggles +blocked disable_feed=0 disable_explore=0 disable_reels=0 disable_stories=0 disable_adds=1
08-19 20:58:30.923 16765 17785 I DFInstaObserve: !toggles +blocked disable_feed=0 disable_explore=0 disable_reels=0 disable_stories=0 disable_adds=1
08-19 20:58:30.969 16765 17579 I DFInstaObserve: !toggles +blocked disable_feed=0 disable_explore=0 disable_reels=0 disable_stories=0 disable_adds=1
08-19 20:58:31.001 16765 17735 I DFInstaObserve: !toggles +blocked disable_feed=0 disable_explore=0 disable_reels=0 disable_stories=0 disable_adds=1
08-19 20:58:31.024 16765 17735 I DFInstaObserve: !toggles +blocked disable_feed=0 disable_explore=0 disable_reels=0 disable_stories=0 disable_adds=1
08-19 20:58:31.124 16765 17735 I DFInstaObserve: !toggles +blocked disable_feed=0 disable_explore=0 disable_reels=0 disable_stories=0 disable_adds=1
08-19 20:58:32.579 16765 17813 I DFInstaObserve: !toggles +blocked disable_feed=0 disable_explore=0 disable_reels=0 disable_stories=0 disable_adds=1
08-19 20:58:32.668 16765 17821 I DFInstaObserve: !toggles +blocked disable_feed=0 disable_explore=0 disable_reels=0 disable_stories=0 disable_adds=1
08-19 20:58:33.304 17841 17841 I DFInstaWalk: surface=Reels
08-19 20:58:33.487 16765 17785 I DFInstaObserve: !toggles +blocked disable_feed=0 disable_explore=0 disable_reels=0 disable_stories=0 disable_adds=1
08-19 20:58:33.589 16765 16802 I DFInstaObserve: !toggles +blocked disable_feed=0 disable_explore=0 disable_reels=0 disable_stories=0 disable_adds=1
08-19 20:58:33.594 16765 17849 I DFInstaObserve: !toggles +blocked disable_feed=0 disable_explore=0 disable_reels=0 disable_stories=0 disable_adds=1
08-19 20:58:33.634 16765 16946 I DFInstaObserve: !toggles +blocked disable_feed=0 disable_explore=0 disable_reels=0 disable_stories=0 disable_adds=1
08-19 20:58:33.691 16765 16802 I DFInstaObserve: !toggles +blocked disable_feed=0 disable_explore=0 disable_reels=0 disable_stories=0 disable_adds=1
08-19 20:58:33.691 16765 17849 I DFInstaObserve: !toggles +blocked disable_feed=0 disable_explore=0 disable_reels=0 disable_stories=0 disable_adds=1
08-19 20:58:33.702 16765 17736 I DFInstaObserve: !toggles +blocked disable_feed=0 disable_explore=0 disable_reels=0 disable_stories=0 disable_adds=1
08-19 20:58:33.749 16765 17856 I DFInstaObserve: !toggles +blocked disable_feed=0 disable_explore=0 disable_reels=0 disable_stories=0 disable_adds=1
08-19 20:58:33.756 16765 17328 I DFInstaObserve: !toggles +blocked disable_feed=0 disable_explore=0 disable_reels=0 disable_stories=0 disable_adds=1
08-19 20:58:33.789 16765 16802 I DFInstaObserve: !toggles +blocked disable_feed=0 disable_explore=0 disable_reels=0 disable_stories=0 disable_adds=1
08-19 20:58:33.888 16765 16802 I DFInstaObserve: !toggles +blocked disable_feed=0 disable_explore=0 disable_reels=0 disable_stories=0 disable_adds=1
08-19 20:58:33.903 16765 17784 I DFInstaObserve: !toggles +blocked disable_feed=0 disable_explore=0 disable_reels=0 disable_stories=0 disable_adds=1
08-19 20:58:33.957 16765 17036 I DFInstaObserve: !toggles +blocked disable_feed=0 disable_explore=0 disable_reels=0 disable_stories=0 disable_adds=1
08-19 20:58:34.077 16765 17853 I DFInstaObserve: !toggles +blocked disable_feed=0 disable_explore=0 disable_reels=0 disable_stories=0 disable_adds=1
08-19 20:58:34.180 16765 17703 I DFInstaObserve: !toggles +blocked disable_feed=0 disable_explore=0 disable_reels=0 disable_stories=0 disable_adds=1
08-19 20:58:34.325 16765 17786 I DFInstaObserve: !toggles +blocked disable_feed=0 disable_explore=0 disable_reels=0 disable_stories=0 disable_adds=1
08-19 20:58:34.343 16765 17036 I DFInstaObserve: !toggles +blocked disable_feed=0 disable_explore=0 disable_reels=0 disable_stories=0 disable_adds=1
08-19 20:58:34.363 16765 17704 I DFInstaObserve: !toggles +blocked disable_feed=0 disable_explore=0 disable_reels=0 disable_stories=0 disable_adds=1
08-19 20:58:34.415 16765 17703 I DFInstaObserve: !toggles +blocked disable_feed=0 disable_explore=0 disable_reels=0 disable_stories=0 disable_adds=1
08-19 20:58:34.535 16765 16946 I DFInstaObserve: !toggles +blocked disable_feed=0 disable_explore=0 disable_reels=0 disable_stories=0 disable_adds=1
08-19 20:58:34.578 16765 17036 I DFInstaObserve: !toggles +blocked disable_feed=0 disable_explore=0 disable_reels=0 disable_stories=0 disable_adds=1
08-19 20:58:34.579 16765 16946 I DFInstaObserve: !toggles +blocked disable_feed=0 disable_explore=0 disable_reels=0 disable_stories=0 disable_adds=1
08-19 20:58:34.590 16765 17854 I DFInstaObserve: !toggles +blocked disable_feed=0 disable_explore=0 disable_reels=0 disable_stories=0 disable_adds=1
08-19 20:58:34.630 16765 17704 I DFInstaObserve: !toggles +blocked disable_feed=0 disable_explore=0 disable_reels=0 disable_stories=0 disable_adds=1
08-19 20:58:34.661 16765 17785 I DFInstaObserve: !toggles +blocked disable_feed=0 disable_explore=0 disable_reels=0 disable_stories=0 disable_adds=1
08-19 20:58:34.675 16765 17036 I DFInstaObserve: !toggles +blocked disable_feed=0 disable_explore=0 disable_reels=0 disable_stories=0 disable_adds=1
08-19 20:58:34.683 16765 17785 I DFInstaObserve: !toggles +blocked disable_feed=0 disable_explore=0 disable_reels=0 disable_stories=0 disable_adds=1
08-19 20:58:34.713 16765 17854 I DFInstaObserve: !toggles +blocked disable_feed=0 disable_explore=0 disable_reels=0 disable_stories=0 disable_adds=1
08-19 20:58:34.796 16765 17036 I DFInstaObserve: !toggles +blocked disable_feed=0 disable_explore=0 disable_reels=0 disable_stories=0 disable_adds=1
08-19 20:58:34.823 16765 17704 I DFInstaObserve: !toggles +blocked disable_feed=0 disable_explore=0 disable_reels=0 disable_stories=0 disable_adds=1
08-19 20:58:34.867 16765 16946 I DFInstaObserve: !toggles +blocked disable_feed=0 disable_explore=0 disable_reels=0 disable_stories=0 disable_adds=1
08-19 20:58:34.884 16765 17036 I DFInstaObserve: !toggles +blocked disable_feed=0 disable_explore=0 disable_reels=0 disable_stories=0 disable_adds=1
08-19 20:58:34.900 16765 17736 I DFInstaObserve: !toggles +blocked disable_feed=0 disable_explore=0 disable_reels=0 disable_stories=0 disable_adds=1
08-19 20:58:34.906 16765 16946 I DFInstaObserve: !toggles +blocked disable_feed=0 disable_explore=0 disable_reels=0 disable_stories=0 disable_adds=1
08-19 20:58:34.988 16765 17774 I DFInstaObserve: !toggles +blocked disable_feed=0 disable_explore=0 disable_reels=0 disable_stories=0 disable_adds=1
08-19 20:58:35.033 16765 17854 I DFInstaObserve: !toggles +blocked disable_feed=0 disable_explore=0 disable_reels=0 disable_stories=0 disable_adds=1
08-19 20:58:35.070 16765 17774 I DFInstaObserve: !toggles +blocked disable_feed=0 disable_explore=0 disable_reels=0 disable_stories=0 disable_adds=1
08-19 20:58:35.104 16765 17852 I DFInstaObserve: !toggles +blocked disable_feed=0 disable_explore=0 disable_reels=0 disable_stories=0 disable_adds=1
08-19 20:58:35.156 16765 16946 I DFInstaObserve: !toggles +blocked disable_feed=0 disable_explore=0 disable_reels=0 disable_stories=0 disable_adds=1
08-19 20:58:35.185 16765 17853 I DFInstaObserve: !toggles +blocked disable_feed=0 disable_explore=0 disable_reels=0 disable_stories=0 disable_adds=1
08-19 20:58:36.071 16765 17876 I DFInstaObserve: !toggles +blocked disable_feed=0 disable_explore=0 disable_reels=0 disable_stories=0 disable_adds=1
08-19 20:58:36.076 16765 17875 I DFInstaObserve: !toggles +blocked disable_feed=0 disable_explore=0 disable_reels=0 disable_stories=0 disable_adds=1
08-19 20:58:36.130 16765 17875 I DFInstaObserve: !toggles +blocked disable_feed=0 disable_explore=0 disable_reels=0 disable_stories=0 disable_adds=1
08-19 20:58:41.553 16765 17785 I DFInstaObserve: !toggles +blocked disable_feed=0 disable_explore=0 disable_reels=0 disable_stories=0 disable_adds=1
08-19 20:58:41.553 16765 17785 I DFInstaObserve: /clips/discover
08-19 20:58:41.553 16765 17785 I DFInstaObserve: /clips/discover/stream/
08-19 20:58:41.953 16765 16802 I DFInstaObserve: !toggles +blocked disable_feed=0 disable_explore=0 disable_reels=0 disable_stories=0 disable_adds=1
08-19 20:58:42.003 16765 17849 I DFInstaObserve: !toggles +blocked disable_feed=0 disable_explore=0 disable_reels=0 disable_stories=0 disable_adds=1
08-19 20:58:44.071 16765 17925 I DFInstaObserve: !toggles +blocked disable_feed=0 disable_explore=0 disable_reels=0 disable_stories=0 disable_adds=1
08-19 20:58:44.078 16765 17926 I DFInstaObserve: !toggles +blocked disable_feed=0 disable_explore=0 disable_reels=0 disable_stories=0 disable_adds=1
08-19 20:58:44.208 16765 17925 I DFInstaObserve: !toggles +blocked disable_feed=0 disable_explore=0 disable_reels=0 disable_stories=0 disable_adds=1
08-19 20:58:44.209 16765 17926 I DFInstaObserve: !toggles +blocked disable_feed=0 disable_explore=0 disable_reels=0 disable_stories=0 disable_adds=1
08-19 20:58:45.861 16765 16802 I DFInstaObserve: !toggles +blocked disable_feed=0 disable_explore=0 disable_reels=0 disable_stories=0 disable_adds=1
08-19 20:58:45.869 16765 16802 I DFInstaObserve: !toggles +blocked disable_feed=0 disable_explore=0 disable_reels=0 disable_stories=0 disable_adds=1
08-19 20:58:45.899 16765 16946 I DFInstaObserve: !toggles +blocked disable_feed=0 disable_explore=0 disable_reels=0 disable_stories=0 disable_adds=1
08-19 20:58:45.917 16765 17849 I DFInstaObserve: !toggles +blocked disable_feed=0 disable_explore=0 disable_reels=0 disable_stories=0 disable_adds=1
08-19 20:58:46.002 16765 17913 I DFInstaObserve: !toggles +blocked disable_feed=0 disable_explore=0 disable_reels=0 disable_stories=0 disable_adds=1
08-19 20:58:46.289 16765 16802 I DFInstaObserve: !toggles +blocked disable_feed=0 disable_explore=0 disable_reels=0 disable_stories=0 disable_adds=1
08-19 20:58:46.299 16765 16802 I DFInstaObserve: !toggles +blocked disable_feed=0 disable_explore=0 disable_reels=0 disable_stories=0 disable_adds=1
08-19 20:58:46.887 16765 16946 I DFInstaObserve: !toggles +blocked disable_feed=0 disable_explore=0 disable_reels=0 disable_stories=0 disable_adds=1
08-19 20:58:46.931 16765 16946 I DFInstaObserve: !toggles +blocked disable_feed=0 disable_explore=0 disable_reels=0 disable_stories=0 disable_adds=1
08-19 20:58:47.211 16765 16946 I DFInstaObserve: !toggles +blocked disable_feed=0 disable_explore=0 disable_reels=0 disable_stories=0 disable_adds=1
08-19 20:58:47.265 16765 16946 I DFInstaObserve: !toggles +blocked disable_feed=0 disable_explore=0 disable_reels=0 disable_stories=0 disable_adds=1
08-19 20:58:47.423 16765 17961 I DFInstaObserve: !toggles +blocked disable_feed=0 disable_explore=0 disable_reels=0 disable_stories=0 disable_adds=1
08-19 20:58:47.425 16765 17960 I DFInstaObserve: !toggles +blocked disable_feed=0 disable_explore=0 disable_reels=0 disable_stories=0 disable_adds=1
08-19 20:58:47.712 16765 17960 I DFInstaObserve: !toggles +blocked disable_feed=0 disable_explore=0 disable_reels=0 disable_stories=0 disable_adds=1
08-19 20:58:47.839 16765 16946 I DFInstaObserve: !toggles +blocked disable_feed=0 disable_explore=0 disable_reels=0 disable_stories=0 disable_adds=1
08-19 20:58:47.889 16765 16946 I DFInstaObserve: !toggles +blocked disable_feed=0 disable_explore=0 disable_reels=0 disable_stories=0 disable_adds=1
08-19 20:58:48.668 16765 17849 I DFInstaObserve: !toggles +blocked disable_feed=0 disable_explore=0 disable_reels=0 disable_stories=0 disable_adds=1
08-19 20:58:49.260 16765 16946 I DFInstaObserve: !toggles +blocked disable_feed=0 disable_explore=0 disable_reels=0 disable_stories=0 disable_adds=1
08-19 20:58:50.793 16765 17991 I DFInstaObserve: !toggles +blocked disable_feed=0 disable_explore=0 disable_reels=0 disable_stories=0 disable_adds=1
08-19 20:58:50.924 16765 17991 I DFInstaObserve: !toggles +blocked disable_feed=0 disable_explore=0 disable_reels=0 disable_stories=0 disable_adds=1
08-19 20:58:50.925 16765 17990 I DFInstaObserve: !toggles +blocked disable_feed=0 disable_explore=0 disable_reels=0 disable_stories=0 disable_adds=1
08-19 20:58:51.010 16765 17990 I DFInstaObserve: !toggles +blocked disable_feed=0 disable_explore=0 disable_reels=0 disable_stories=0 disable_adds=1
08-19 20:58:54.147 16765 18030 I DFInstaObserve: !toggles +blocked disable_feed=0 disable_explore=0 disable_reels=0 disable_stories=0 disable_adds=1
08-19 20:58:54.147 16765 18031 I DFInstaObserve: !toggles +blocked disable_feed=0 disable_explore=0 disable_reels=0 disable_stories=0 disable_adds=1
08-19 20:58:54.987 16765 17977 I DFInstaObserve: !toggles +blocked disable_feed=0 disable_explore=0 disable_reels=0 disable_stories=0 disable_adds=1
08-19 20:58:54.988 16765 17977 I DFInstaObserve: /clips/discover
08-19 20:58:54.988 16765 17977 I DFInstaObserve: /clips/discover/stream/
08-19 20:58:55.395 16765 16802 I DFInstaObserve: !toggles +blocked disable_feed=0 disable_explore=0 disable_reels=0 disable_stories=0 disable_adds=1
08-19 20:58:57.508 16765 18064 I DFInstaObserve: !toggles +blocked disable_feed=0 disable_explore=0 disable_reels=0 disable_stories=0 disable_adds=1
08-19 20:58:57.508 16765 18063 I DFInstaObserve: !toggles +blocked disable_feed=0 disable_explore=0 disable_reels=0 disable_stories=0 disable_adds=1
08-19 20:58:58.260 18092 18092 I DFInstaWalk: surface=Home
08-19 20:58:58.354 16765 18048 I DFInstaObserve: !toggles +blocked disable_feed=0 disable_explore=0 disable_reels=0 disable_stories=0 disable_adds=1
08-19 20:58:58.553 16765 17036 I DFInstaObserve: !toggles +blocked disable_feed=0 disable_explore=0 disable_reels=0 disable_stories=0 disable_adds=1
08-19 20:58:58.664 16765 17036 I DFInstaObserve: !toggles +blocked disable_feed=0 disable_explore=0 disable_reels=0 disable_stories=0 disable_adds=1
08-19 20:58:58.753 16765 17036 I DFInstaObserve: !toggles +blocked disable_feed=0 disable_explore=0 disable_reels=0 disable_stories=0 disable_adds=1
08-19 20:58:59.176 16765 17849 I DFInstaObserve: !toggles +blocked disable_feed=0 disable_explore=0 disable_reels=0 disable_stories=0 disable_adds=1
08-19 20:58:59.180 16765 17849 I DFInstaObserve: !toggles +blocked disable_feed=0 disable_explore=0 disable_reels=0 disable_stories=0 disable_adds=1
08-19 20:58:59.184 16765 17849 I DFInstaObserve: !toggles +blocked disable_feed=0 disable_explore=0 disable_reels=0 disable_stories=0 disable_adds=1
08-19 20:58:59.187 16765 17849 I DFInstaObserve: !toggles +blocked disable_feed=0 disable_explore=0 disable_reels=0 disable_stories=0 disable_adds=1
08-19 20:58:59.207 16765 16946 I DFInstaObserve: !toggles +blocked disable_feed=0 disable_explore=0 disable_reels=0 disable_stories=0 disable_adds=1
08-19 20:58:59.510 16765 17849 I DFInstaObserve: !toggles +blocked disable_feed=0 disable_explore=0 disable_reels=0 disable_stories=0 disable_adds=1
08-19 20:58:59.514 16765 17849 I DFInstaObserve: !toggles +blocked disable_feed=0 disable_explore=0 disable_reels=0 disable_stories=0 disable_adds=1
08-19 20:59:00.962 16765 16946 I DFInstaObserve: !toggles +blocked disable_feed=0 disable_explore=0 disable_reels=0 disable_stories=0 disable_adds=1
08-19 20:59:01.046 16765 16946 I DFInstaObserve: !toggles +blocked disable_feed=0 disable_explore=0 disable_reels=0 disable_stories=0 disable_adds=1
08-19 20:59:01.511 16765 16946 I DFInstaObserve: !toggles +blocked disable_feed=0 disable_explore=0 disable_reels=0 disable_stories=0 disable_adds=1
08-19 20:59:01.646 16765 16946 I DFInstaObserve: !toggles +blocked disable_feed=0 disable_explore=0 disable_reels=0 disable_stories=0 disable_adds=1
08-19 20:59:02.178 16765 16946 I DFInstaObserve: !toggles +blocked disable_feed=0 disable_explore=0 disable_reels=0 disable_stories=0 disable_adds=1
08-19 20:59:02.216 16765 16946 I DFInstaObserve: !toggles +blocked disable_feed=0 disable_explore=0 disable_reels=0 disable_stories=0 disable_adds=1
08-19 20:59:02.505 16765 16946 I DFInstaObserve: !toggles +blocked disable_feed=0 disable_explore=0 disable_reels=0 disable_stories=0 disable_adds=1
08-19 20:59:03.794 16765 18111 I DFInstaObserve: !toggles +blocked disable_feed=0 disable_explore=0 disable_reels=0 disable_stories=0 disable_adds=1
08-19 20:59:03.794 16765 18111 I DFInstaObserve: /clips/discover
08-19 20:59:03.794 16765 18111 I DFInstaObserve: /clips/discover/stream/
08-19 20:59:07.215 16765 16946 I DFInstaObserve: !toggles +blocked disable_feed=0 disable_explore=0 disable_reels=0 disable_stories=0 disable_adds=1
08-19 20:59:08.866 16765 16946 I DFInstaObserve: !toggles +blocked disable_feed=0 disable_explore=0 disable_reels=0 disable_stories=0 disable_adds=1
08-19 20:59:09.574 16765 16946 I DFInstaObserve: !toggles +blocked disable_feed=0 disable_explore=0 disable_reels=0 disable_stories=0 disable_adds=1
08-19 20:59:10.998 16765 16946 I DFInstaObserve: !toggles +blocked disable_feed=0 disable_explore=0 disable_reels=0 disable_stories=0 disable_adds=1
08-19 20:59:11.134 16765 16946 I DFInstaObserve: !toggles +blocked disable_feed=0 disable_explore=0 disable_reels=0 disable_stories=0 disable_adds=1
08-19 20:59:12.931 16765 16946 I DFInstaObserve: !toggles +blocked disable_feed=0 disable_explore=0 disable_reels=0 disable_stories=0 disable_adds=1
08-19 20:59:18.152 16765 16802 I DFInstaObserve: !toggles +blocked disable_feed=0 disable_explore=0 disable_reels=0 disable_stories=0 disable_adds=1
08-19 20:59:21.306 16765 17849 I DFInstaObserve: !toggles +blocked disable_feed=0 disable_explore=0 disable_reels=0 disable_stories=0 disable_adds=1
08-19 20:59:21.497 16765 16802 I DFInstaObserve: !toggles +blocked disable_feed=0 disable_explore=0 disable_reels=0 disable_stories=0 disable_adds=1
08-19 20:59:24.860 16765 17849 I DFInstaObserve: !toggles +blocked disable_feed=0 disable_explore=0 disable_reels=0 disable_stories=0 disable_adds=1
08-19 20:59:24.864 16765 16802 I DFInstaObserve: !toggles +blocked disable_feed=0 disable_explore=0 disable_reels=0 disable_stories=0 disable_adds=1
08-19 20:59:25.244 16765 18234 I DFInstaObserve: !toggles +blocked disable_feed=0 disable_explore=0 disable_reels=0 disable_stories=0 disable_adds=1
08-19 20:59:28.245 16765 16802 I DFInstaObserve: !toggles +blocked disable_feed=0 disable_explore=0 disable_reels=0 disable_stories=0 disable_adds=1
08-19 20:59:31.548 16765 18244 I DFInstaObserve: !toggles +blocked disable_feed=0 disable_explore=0 disable_reels=0 disable_stories=0 disable_adds=1
08-19 20:59:31.548 16765 18244 I DFInstaObserve: /feed/timeline/
08-19 20:59:33.549 16765 17849 I DFInstaObserve: !toggles +blocked disable_feed=0 disable_explore=0 disable_reels=0 disable_stories=0 disable_adds=1
08-19 20:59:33.555 16765 17849 I DFInstaObserve: !toggles +blocked disable_feed=0 disable_explore=0 disable_reels=0 disable_stories=0 disable_adds=1
08-19 20:59:33.594 16765 17849 I DFInstaObserve: !toggles +blocked disable_feed=0 disable_explore=0 disable_reels=0 disable_stories=0 disable_adds=1
08-19 20:59:33.603 16765 17849 I DFInstaObserve: !toggles +blocked disable_feed=0 disable_explore=0 disable_reels=0 disable_stories=0 disable_adds=1
08-19 20:59:33.608 16765 18233 I DFInstaObserve: !toggles +blocked disable_feed=0 disable_explore=0 disable_reels=0 disable_stories=0 disable_adds=1
08-19 20:59:33.749 16765 18233 I DFInstaObserve: !toggles +blocked disable_feed=0 disable_explore=0 disable_reels=0 disable_stories=0 disable_adds=1
08-19 20:59:33.908 16765 18248 I DFInstaObserve: !toggles +blocked disable_feed=0 disable_explore=0 disable_reels=0 disable_stories=0 disable_adds=1
08-19 20:59:34.137 16765 18342 I DFInstaObserve: !toggles +blocked disable_feed=0 disable_explore=0 disable_reels=0 disable_stories=0 disable_adds=1
08-19 20:59:34.664 18411 18411 I DFInstaWalk: surface=Search and explore
08-19 20:59:35.186 16765 17036 I DFInstaObserve: !toggles +blocked disable_feed=0 disable_explore=0 disable_reels=0 disable_stories=0 disable_adds=1
08-19 20:59:35.334 16765 17036 I DFInstaObserve: !toggles +blocked disable_feed=0 disable_explore=0 disable_reels=0 disable_stories=0 disable_adds=1
08-19 20:59:36.886 16765 18424 I DFInstaObserve: !toggles +blocked disable_feed=0 disable_explore=0 disable_reels=0 disable_stories=0 disable_adds=1
08-19 20:59:37.157 16765 18424 I DFInstaObserve: !toggles +blocked disable_feed=0 disable_explore=0 disable_reels=0 disable_stories=0 disable_adds=1
08-19 20:59:39.357 16765 18423 I DFInstaObserve: !toggles +blocked disable_feed=0 disable_explore=0 disable_reels=0 disable_stories=0 disable_adds=1
08-19 20:59:39.393 16765 18424 I DFInstaObserve: !toggles +blocked disable_feed=0 disable_explore=0 disable_reels=0 disable_stories=0 disable_adds=1
08-19 20:59:39.457 16765 18423 I DFInstaObserve: !toggles +blocked disable_feed=0 disable_explore=0 disable_reels=0 disable_stories=0 disable_adds=1
08-19 20:59:43.168 16765 18486 I DFInstaObserve: !toggles +blocked disable_feed=0 disable_explore=0 disable_reels=0 disable_stories=0 disable_adds=1
08-19 20:59:43.228 16765 18336 I DFInstaObserve: !toggles +blocked disable_feed=0 disable_explore=0 disable_reels=0 disable_stories=0 disable_adds=1
08-19 20:59:43.228 16765 18336 I DFInstaObserve: /discover/topical_explore
08-19 20:59:45.349 16765 18485 I DFInstaObserve: !toggles +blocked disable_feed=0 disable_explore=0 disable_reels=0 disable_stories=0 disable_adds=1
08-19 20:59:45.401 16765 18485 I DFInstaObserve: !toggles +blocked disable_feed=0 disable_explore=0 disable_reels=0 disable_stories=0 disable_adds=1
08-19 20:59:46.457 16765 18498 I DFInstaObserve: !toggles +blocked disable_feed=0 disable_explore=0 disable_reels=0 disable_stories=0 disable_adds=1
08-19 20:59:46.457 16765 18498 I DFInstaObserve: /discover/topical_explore
08-19 20:59:47.175 16765 18527 I DFInstaObserve: !toggles +blocked disable_feed=0 disable_explore=0 disable_reels=0 disable_stories=0 disable_adds=1
08-19 20:59:47.200 16765 16802 I DFInstaObserve: !toggles +blocked disable_feed=0 disable_explore=0 disable_reels=0 disable_stories=0 disable_adds=1
08-19 20:59:47.243 16765 16946 I DFInstaObserve: !toggles +blocked disable_feed=0 disable_explore=0 disable_reels=0 disable_stories=0 disable_adds=1
08-19 20:59:47.257 16765 18532 I DFInstaObserve: !toggles +blocked disable_feed=0 disable_explore=0 disable_reels=0 disable_stories=0 disable_adds=1
08-19 20:59:47.379 16765 18455 I DFInstaObserve: !toggles +blocked disable_feed=0 disable_explore=0 disable_reels=0 disable_stories=0 disable_adds=1
08-19 20:59:47.379 16765 16946 I DFInstaObserve: !toggles +blocked disable_feed=0 disable_explore=0 disable_reels=0 disable_stories=0 disable_adds=1
08-19 20:59:47.416 16765 18448 I DFInstaObserve: !toggles +blocked disable_feed=0 disable_explore=0 disable_reels=0 disable_stories=0 disable_adds=1
08-19 20:59:47.579 16765 16946 I DFInstaObserve: !toggles +blocked disable_feed=0 disable_explore=0 disable_reels=0 disable_stories=0 disable_adds=1
08-19 20:59:47.588 16765 18449 I DFInstaObserve: !toggles +blocked disable_feed=0 disable_explore=0 disable_reels=0 disable_stories=0 disable_adds=1
08-19 20:59:47.638 16765 18449 I DFInstaObserve: !toggles +blocked disable_feed=0 disable_explore=0 disable_reels=0 disable_stories=0 disable_adds=1
08-19 20:59:47.697 16765 18460 I DFInstaObserve: !toggles +blocked disable_feed=0 disable_explore=0 disable_reels=0 disable_stories=0 disable_adds=1
08-19 20:59:47.723 16765 16946 I DFInstaObserve: !toggles +blocked disable_feed=0 disable_explore=0 disable_reels=0 disable_stories=0 disable_adds=1
08-19 20:59:47.831 16765 18242 I DFInstaObserve: !toggles +blocked disable_feed=0 disable_explore=0 disable_reels=0 disable_stories=0 disable_adds=1
08-19 20:59:47.855 16765 16946 I DFInstaObserve: !toggles +blocked disable_feed=0 disable_explore=0 disable_reels=0 disable_stories=0 disable_adds=1
08-19 20:59:47.879 16765 18242 I DFInstaObserve: !toggles +blocked disable_feed=0 disable_explore=0 disable_reels=0 disable_stories=0 disable_adds=1
08-19 20:59:48.011 16765 16946 I DFInstaObserve: !toggles +blocked disable_feed=0 disable_explore=0 disable_reels=0 disable_stories=0 disable_adds=1
08-19 20:59:48.013 16765 18537 I DFInstaObserve: !toggles +blocked disable_feed=0 disable_explore=0 disable_reels=0 disable_stories=0 disable_adds=1
08-19 20:59:48.105 16765 18242 I DFInstaObserve: !toggles +blocked disable_feed=0 disable_explore=0 disable_reels=0 disable_stories=0 disable_adds=1
08-19 20:59:48.288 16765 18540 I DFInstaObserve: !toggles +blocked disable_feed=0 disable_explore=0 disable_reels=0 disable_stories=0 disable_adds=1
08-19 20:59:48.467 16765 18540 I DFInstaObserve: !toggles +blocked disable_feed=0 disable_explore=0 disable_reels=0 disable_stories=0 disable_adds=1
08-19 20:59:48.505 16765 18242 I DFInstaObserve: !toggles +blocked disable_feed=0 disable_explore=0 disable_reels=0 disable_stories=0 disable_adds=1
08-19 20:59:48.597 16765 18448 I DFInstaObserve: !toggles +blocked disable_feed=0 disable_explore=0 disable_reels=0 disable_stories=0 disable_adds=1
08-19 20:59:48.625 16765 18448 I DFInstaObserve: !toggles +blocked disable_feed=0 disable_explore=0 disable_reels=0 disable_stories=0 disable_adds=1
08-19 20:59:48.726 16765 18492 I DFInstaObserve: !toggles +blocked disable_feed=0 disable_explore=0 disable_reels=0 disable_stories=0 disable_adds=1
08-19 20:59:48.778 16765 18536 I DFInstaObserve: !toggles +blocked disable_feed=0 disable_explore=0 disable_reels=0 disable_stories=0 disable_adds=1
08-19 20:59:48.786 16765 18517 I DFInstaObserve: !toggles +blocked disable_feed=0 disable_explore=0 disable_reels=0 disable_stories=0 disable_adds=1
08-19 20:59:48.856 16765 18517 I DFInstaObserve: !toggles +blocked disable_feed=0 disable_explore=0 disable_reels=0 disable_stories=0 disable_adds=1
08-19 20:59:49.116 16765 18522 I DFInstaObserve: !toggles +blocked disable_feed=0 disable_explore=0 disable_reels=0 disable_stories=0 disable_adds=1
08-19 20:59:49.209 16765 18522 I DFInstaObserve: !toggles +blocked disable_feed=0 disable_explore=0 disable_reels=0 disable_stories=0 disable_adds=1
08-19 20:59:50.151 16765 18527 I DFInstaObserve: !toggles +blocked disable_feed=0 disable_explore=0 disable_reels=0 disable_stories=0 disable_adds=1
08-19 20:59:50.155 16765 18563 I DFInstaObserve: !toggles +blocked disable_feed=0 disable_explore=0 disable_reels=0 disable_stories=0 disable_adds=1
08-19 20:59:50.182 16765 16946 I DFInstaObserve: !toggles +blocked disable_feed=0 disable_explore=0 disable_reels=0 disable_stories=0 disable_adds=1
08-19 20:59:50.378 16765 18502 I DFInstaObserve: !toggles +blocked disable_feed=0 disable_explore=0 disable_reels=0 disable_stories=0 disable_adds=1
08-19 20:59:50.545 16765 18502 I DFInstaObserve: !toggles +blocked disable_feed=0 disable_explore=0 disable_reels=0 disable_stories=0 disable_adds=1
08-19 20:59:50.686 16765 18460 I DFInstaObserve: !toggles +blocked disable_feed=0 disable_explore=0 disable_reels=0 disable_stories=0 disable_adds=1
08-19 20:59:50.819 16765 18537 I DFInstaObserve: !toggles +blocked disable_feed=0 disable_explore=0 disable_reels=0 disable_stories=0 disable_adds=1
08-19 20:59:50.942 16765 18498 I DFInstaObserve: !toggles +blocked disable_feed=0 disable_explore=0 disable_reels=0 disable_stories=0 disable_adds=1
08-19 20:59:51.534 16765 18498 I DFInstaObserve: !toggles +blocked disable_feed=0 disable_explore=0 disable_reels=0 disable_stories=0 disable_adds=1
08-19 20:59:51.575 16765 18536 I DFInstaObserve: !toggles +blocked disable_feed=0 disable_explore=0 disable_reels=0 disable_stories=0 disable_adds=1
08-19 20:59:51.630 16765 16946 I DFInstaObserve: !toggles +blocked disable_feed=0 disable_explore=0 disable_reels=0 disable_stories=0 disable_adds=1
08-19 20:59:51.690 16765 18498 I DFInstaObserve: !toggles +blocked disable_feed=0 disable_explore=0 disable_reels=0 disable_stories=0 disable_adds=1
08-19 20:59:51.696 16765 16946 I DFInstaObserve: !toggles +blocked disable_feed=0 disable_explore=0 disable_reels=0 disable_stories=0 disable_adds=1
08-19 20:59:51.763 16765 16946 I DFInstaObserve: !toggles +blocked disable_feed=0 disable_explore=0 disable_reels=0 disable_stories=0 disable_adds=1
08-19 20:59:51.767 16765 18539 I DFInstaObserve: !toggles +blocked disable_feed=0 disable_explore=0 disable_reels=0 disable_stories=0 disable_adds=1
08-19 20:59:51.801 16765 18536 I DFInstaObserve: !toggles +blocked disable_feed=0 disable_explore=0 disable_reels=0 disable_stories=0 disable_adds=1
08-19 20:59:51.830 16765 16946 I DFInstaObserve: !toggles +blocked disable_feed=0 disable_explore=0 disable_reels=0 disable_stories=0 disable_adds=1
08-19 20:59:51.860 16765 18492 I DFInstaObserve: !toggles +blocked disable_feed=0 disable_explore=0 disable_reels=0 disable_stories=0 disable_adds=1
08-19 20:59:51.901 16765 18242 I DFInstaObserve: !toggles +blocked disable_feed=0 disable_explore=0 disable_reels=0 disable_stories=0 disable_adds=1
08-19 20:59:51.997 16765 18531 I DFInstaObserve: !toggles +blocked disable_feed=0 disable_explore=0 disable_reels=0 disable_stories=0 disable_adds=1
08-19 20:59:52.017 16765 18492 I DFInstaObserve: !toggles +blocked disable_feed=0 disable_explore=0 disable_reels=0 disable_stories=0 disable_adds=1
08-19 20:59:52.107 16765 18540 I DFInstaObserve: !toggles +blocked disable_feed=0 disable_explore=0 disable_reels=0 disable_stories=0 disable_adds=1
08-19 20:59:52.124 16765 16946 I DFInstaObserve: !toggles +blocked disable_feed=0 disable_explore=0 disable_reels=0 disable_stories=0 disable_adds=1
08-19 20:59:52.129 16765 18557 I DFInstaObserve: !toggles +blocked disable_feed=0 disable_explore=0 disable_reels=0 disable_stories=0 disable_adds=1
08-19 20:59:52.174 16765 18338 I DFInstaObserve: !toggles +blocked disable_feed=0 disable_explore=0 disable_reels=0 disable_stories=0 disable_adds=1
08-19 20:59:53.005 16765 18460 I DFInstaObserve: !toggles +blocked disable_feed=0 disable_explore=0 disable_reels=0 disable_stories=0 disable_adds=1
08-19 20:59:53.005 16765 18460 I DFInstaObserve: /discover/topical_explore
08-19 20:59:53.218 16765 18593 I DFInstaObserve: !toggles +blocked disable_feed=0 disable_explore=0 disable_reels=0 disable_stories=0 disable_adds=1
08-19 20:59:55.416 16765 18563 I DFInstaObserve: !toggles +blocked disable_feed=0 disable_explore=0 disable_reels=0 disable_stories=0 disable_adds=1
08-19 20:59:55.420 16765 18563 I DFInstaObserve: !toggles +blocked disable_feed=0 disable_explore=0 disable_reels=0 disable_stories=0 disable_adds=1
08-19 20:59:55.437 16765 18592 I DFInstaObserve: !toggles +blocked disable_feed=0 disable_explore=0 disable_reels=0 disable_stories=0 disable_adds=1
08-19 20:59:55.442 16765 16946 I DFInstaObserve: !toggles +blocked disable_feed=0 disable_explore=0 disable_reels=0 disable_stories=0 disable_adds=1
08-19 20:59:55.477 16765 18338 I DFInstaObserve: !toggles +blocked disable_feed=0 disable_explore=0 disable_reels=0 disable_stories=0 disable_adds=1
08-19 20:59:55.536 16765 18536 I DFInstaObserve: !toggles +blocked disable_feed=0 disable_explore=0 disable_reels=0 disable_stories=0 disable_adds=1
08-19 20:59:55.670 16765 18338 I DFInstaObserve: !toggles +blocked disable_feed=0 disable_explore=0 disable_reels=0 disable_stories=0 disable_adds=1
08-19 20:59:55.751 16765 16946 I DFInstaObserve: !toggles +blocked disable_feed=0 disable_explore=0 disable_reels=0 disable_stories=0 disable_adds=1
08-19 20:59:55.811 16765 18492 I DFInstaObserve: !toggles +blocked disable_feed=0 disable_explore=0 disable_reels=0 disable_stories=0 disable_adds=1
08-19 20:59:55.897 16765 18492 I DFInstaObserve: !toggles +blocked disable_feed=0 disable_explore=0 disable_reels=0 disable_stories=0 disable_adds=1
08-19 20:59:55.899 16765 18601 I DFInstaObserve: !toggles +blocked disable_feed=0 disable_explore=0 disable_reels=0 disable_stories=0 disable_adds=1
08-19 20:59:55.905 16765 16946 I DFInstaObserve: !toggles +blocked disable_feed=0 disable_explore=0 disable_reels=0 disable_stories=0 disable_adds=1
08-19 20:59:56.013 16765 18620 I DFInstaObserve: !toggles +blocked disable_feed=0 disable_explore=0 disable_reels=0 disable_stories=0 disable_adds=1
08-19 20:59:56.049 16765 18492 I DFInstaObserve: !toggles +blocked disable_feed=0 disable_explore=0 disable_reels=0 disable_stories=0 disable_adds=1
08-19 20:59:56.151 16765 18620 I DFInstaObserve: !toggles +blocked disable_feed=0 disable_explore=0 disable_reels=0 disable_stories=0 disable_adds=1
08-19 20:59:56.241 16765 18619 I DFInstaObserve: !toggles +blocked disable_feed=0 disable_explore=0 disable_reels=0 disable_stories=0 disable_adds=1
08-19 20:59:56.308 16765 18539 I DFInstaObserve: !toggles +blocked disable_feed=0 disable_explore=0 disable_reels=0 disable_stories=0 disable_adds=1
08-19 20:59:56.367 16765 18539 I DFInstaObserve: !toggles +blocked disable_feed=0 disable_explore=0 disable_reels=0 disable_stories=0 disable_adds=1
08-19 20:59:56.393 16765 18622 I DFInstaObserve: !toggles +blocked disable_feed=0 disable_explore=0 disable_reels=0 disable_stories=0 disable_adds=1
08-19 20:59:56.483 16765 16946 I DFInstaObserve: !toggles +blocked disable_feed=0 disable_explore=0 disable_reels=0 disable_stories=0 disable_adds=1
08-19 20:59:56.487 16765 18620 I DFInstaObserve: !toggles +blocked disable_feed=0 disable_explore=0 disable_reels=0 disable_stories=0 disable_adds=1
08-19 20:59:56.487 16765 18620 I DFInstaObserve: /discover/topical_explore
08-19 20:59:56.533 16765 18492 I DFInstaObserve: !toggles +blocked disable_feed=0 disable_explore=0 disable_reels=0 disable_stories=0 disable_adds=1
08-19 20:59:56.565 16765 18502 I DFInstaObserve: !toggles +blocked disable_feed=0 disable_explore=0 disable_reels=0 disable_stories=0 disable_adds=1
08-19 20:59:56.593 16765 16946 I DFInstaObserve: !toggles +blocked disable_feed=0 disable_explore=0 disable_reels=0 disable_stories=0 disable_adds=1
08-19 20:59:56.620 16765 18502 I DFInstaObserve: !toggles +blocked disable_feed=0 disable_explore=0 disable_reels=0 disable_stories=0 disable_adds=1
08-19 20:59:56.714 16765 18502 I DFInstaObserve: !toggles +blocked disable_feed=0 disable_explore=0 disable_reels=0 disable_stories=0 disable_adds=1
08-19 20:59:56.872 16765 16946 I DFInstaObserve: !toggles +blocked disable_feed=0 disable_explore=0 disable_reels=0 disable_stories=0 disable_adds=1
08-19 20:59:56.930 16765 16946 I DFInstaObserve: !toggles +blocked disable_feed=0 disable_explore=0 disable_reels=0 disable_stories=0 disable_adds=1
08-19 20:59:56.953 16765 18645 I DFInstaObserve: !toggles +blocked disable_feed=0 disable_explore=0 disable_reels=0 disable_stories=0 disable_adds=1
08-19 20:59:57.604 16765 16946 I DFInstaObserve: !toggles +blocked disable_feed=0 disable_explore=0 disable_reels=0 disable_stories=0 disable_adds=1
08-19 20:59:57.690 16765 16946 I DFInstaObserve: !toggles +blocked disable_feed=0 disable_explore=0 disable_reels=0 disable_stories=0 disable_adds=1
08-19 20:59:58.616 16765 18613 I DFInstaObserve: !toggles +blocked disable_feed=0 disable_explore=0 disable_reels=0 disable_stories=0 disable_adds=1
08-19 20:59:58.906 16765 16946 I DFInstaObserve: !toggles +blocked disable_feed=0 disable_explore=0 disable_reels=0 disable_stories=0 disable_adds=1
08-19 20:59:58.939 16765 18636 I DFInstaObserve: !toggles +blocked disable_feed=0 disable_explore=0 disable_reels=0 disable_stories=0 disable_adds=1
08-19 20:59:59.178 16765 18527 I DFInstaObserve: !toggles +blocked disable_feed=0 disable_explore=0 disable_reels=0 disable_stories=0 disable_adds=1
08-19 20:59:59.188 16765 18658 I DFInstaObserve: !toggles +blocked disable_feed=0 disable_explore=0 disable_reels=0 disable_stories=0 disable_adds=1
08-19 20:59:59.210 16765 16946 I DFInstaObserve: !toggles +blocked disable_feed=0 disable_explore=0 disable_reels=0 disable_stories=0 disable_adds=1
08-19 20:59:59.355 16765 18536 I DFInstaObserve: !toggles +blocked disable_feed=0 disable_explore=0 disable_reels=0 disable_stories=0 disable_adds=1
08-19 20:59:59.419 16765 18570 I DFInstaObserve: !toggles +blocked disable_feed=0 disable_explore=0 disable_reels=0 disable_stories=0 disable_adds=1
08-19 20:59:59.580 18661 18661 I DFInstaWalk: surface=Reels
08-19 20:59:59.644 16765 18492 I DFInstaObserve: !toggles +blocked disable_feed=0 disable_explore=0 disable_reels=0 disable_stories=0 disable_adds=1
08-19 20:59:59.749 16765 18536 I DFInstaObserve: !toggles +blocked disable_feed=0 disable_explore=0 disable_reels=0 disable_stories=0 disable_adds=1
08-19 20:59:59.841 16765 16946 I DFInstaObserve: !toggles +blocked disable_feed=0 disable_explore=0 disable_reels=0 disable_stories=0 disable_adds=1
08-19 20:59:59.857 16765 18539 I DFInstaObserve: !toggles +blocked disable_feed=0 disable_explore=0 disable_reels=0 disable_stories=0 disable_adds=1
08-19 20:59:59.901 16765 18536 I DFInstaObserve: !toggles +blocked disable_feed=0 disable_explore=0 disable_reels=0 disable_stories=0 disable_adds=1
08-19 20:59:59.913 16765 18527 I DFInstaObserve: !toggles +blocked disable_feed=0 disable_explore=0 disable_reels=0 disable_stories=0 disable_adds=1
08-19 20:59:59.932 16765 17036 I DFInstaObserve: !toggles +blocked disable_feed=0 disable_explore=0 disable_reels=0 disable_stories=0 disable_adds=1
08-19 20:59:59.937 16765 16946 I DFInstaObserve: !toggles +blocked disable_feed=0 disable_explore=0 disable_reels=0 disable_stories=0 disable_adds=1
08-19 21:00:00.061 16765 18539 I DFInstaObserve: !toggles +blocked disable_feed=0 disable_explore=0 disable_reels=0 disable_stories=0 disable_adds=1
08-19 21:00:00.102 16765 18570 I DFInstaObserve: !toggles +blocked disable_feed=0 disable_explore=0 disable_reels=0 disable_stories=0 disable_adds=1
08-19 21:00:00.108 16765 17036 I DFInstaObserve: !toggles +blocked disable_feed=0 disable_explore=0 disable_reels=0 disable_stories=0 disable_adds=1
08-19 21:00:00.242 16765 18652 I DFInstaObserve: !toggles +blocked disable_feed=0 disable_explore=0 disable_reels=0 disable_stories=0 disable_adds=1
08-19 21:00:00.246 16765 17036 I DFInstaObserve: !toggles +blocked disable_feed=0 disable_explore=0 disable_reels=0 disable_stories=0 disable_adds=1
08-19 21:00:00.291 16765 18539 I DFInstaObserve: !toggles +blocked disable_feed=0 disable_explore=0 disable_reels=0 disable_stories=0 disable_adds=1
08-19 21:00:00.370 16765 18680 I DFInstaObserve: !toggles +blocked disable_feed=0 disable_explore=0 disable_reels=0 disable_stories=0 disable_adds=1
08-19 21:00:00.438 16765 18620 I DFInstaObserve: !toggles +blocked disable_feed=0 disable_explore=0 disable_reels=0 disable_stories=0 disable_adds=1
08-19 21:00:00.456 16765 16946 I DFInstaObserve: !toggles +blocked disable_feed=0 disable_explore=0 disable_reels=0 disable_stories=0 disable_adds=1
08-19 21:00:00.479 16765 18620 I DFInstaObserve: !toggles +blocked disable_feed=0 disable_explore=0 disable_reels=0 disable_stories=0 disable_adds=1
08-19 21:00:00.560 16765 16946 I DFInstaObserve: !toggles +blocked disable_feed=0 disable_explore=0 disable_reels=0 disable_stories=0 disable_adds=1
08-19 21:00:00.630 16765 18674 I DFInstaObserve: !toggles +blocked disable_feed=0 disable_explore=0 disable_reels=0 disable_stories=0 disable_adds=1
08-19 21:00:00.673 16765 18680 I DFInstaObserve: !toggles +blocked disable_feed=0 disable_explore=0 disable_reels=0 disable_stories=0 disable_adds=1
08-19 21:00:00.701 16765 17036 I DFInstaObserve: !toggles +blocked disable_feed=0 disable_explore=0 disable_reels=0 disable_stories=0 disable_adds=1
08-19 21:00:00.847 16765 18498 I DFInstaObserve: !toggles +blocked disable_feed=0 disable_explore=0 disable_reels=0 disable_stories=0 disable_adds=1
08-19 21:00:00.875 16765 17036 I DFInstaObserve: !toggles +blocked disable_feed=0 disable_explore=0 disable_reels=0 disable_stories=0 disable_adds=1
08-19 21:00:01.994 16765 18694 I DFInstaObserve: !toggles +blocked disable_feed=0 disable_explore=0 disable_reels=0 disable_stories=0 disable_adds=1
08-19 21:00:01.995 16765 18693 I DFInstaObserve: !toggles +blocked disable_feed=0 disable_explore=0 disable_reels=0 disable_stories=0 disable_adds=1
08-19 21:00:02.256 16765 16946 I DFInstaObserve: !toggles +blocked disable_feed=0 disable_explore=0 disable_reels=0 disable_stories=0 disable_adds=1
08-19 21:00:02.560 16765 16946 I DFInstaObserve: !toggles +blocked disable_feed=0 disable_explore=0 disable_reels=0 disable_stories=0 disable_adds=1
08-19 21:00:03.629 16765 16946 I DFInstaObserve: !toggles +blocked disable_feed=0 disable_explore=0 disable_reels=0 disable_stories=0 disable_adds=1
08-19 21:00:04.454 16765 18694 I DFInstaObserve: !toggles +blocked disable_feed=0 disable_explore=0 disable_reels=0 disable_stories=0 disable_adds=1
08-19 21:00:04.457 16765 18693 I DFInstaObserve: !toggles +blocked disable_feed=0 disable_explore=0 disable_reels=0 disable_stories=0 disable_adds=1
08-19 21:00:08.227 16765 18527 I DFInstaObserve: !toggles +blocked disable_feed=0 disable_explore=0 disable_reels=0 disable_stories=0 disable_adds=1
08-19 21:00:08.261 16765 18810 I DFInstaObserve: !toggles +blocked disable_feed=0 disable_explore=0 disable_reels=0 disable_stories=0 disable_adds=1
08-19 21:00:10.310 16765 18831 I DFInstaObserve: !toggles +blocked disable_feed=0 disable_explore=0 disable_reels=0 disable_stories=0 disable_adds=1
08-19 21:00:10.311 16765 18829 I DFInstaObserve: !toggles +blocked disable_feed=0 disable_explore=0 disable_reels=0 disable_stories=0 disable_adds=1
08-19 21:00:11.615 16765 18527 I DFInstaObserve: !toggles +blocked disable_feed=0 disable_explore=0 disable_reels=0 disable_stories=0 disable_adds=1
08-19 21:00:13.717 16765 18878 I DFInstaObserve: !toggles +blocked disable_feed=0 disable_explore=0 disable_reels=0 disable_stories=0 disable_adds=1
08-19 21:00:13.720 16765 18879 I DFInstaObserve: !toggles +blocked disable_feed=0 disable_explore=0 disable_reels=0 disable_stories=0 disable_adds=1
08-19 21:00:14.519 16765 18915 I DFInstaObserve: !toggles +blocked disable_feed=0 disable_explore=0 disable_reels=0 disable_stories=0 disable_adds=1
08-19 21:00:14.519 16765 18915 I DFInstaObserve: /clips/discover
08-19 21:00:14.519 16765 18915 I DFInstaObserve: /clips/discover/stream/
08-19 21:00:17.032 16765 18919 I DFInstaObserve: !toggles +blocked disable_feed=0 disable_explore=0 disable_reels=0 disable_stories=0 disable_adds=1
08-19 21:00:17.033 16765 18918 I DFInstaObserve: !toggles +blocked disable_feed=0 disable_explore=0 disable_reels=0 disable_stories=0 disable_adds=1
08-19 21:00:18.896 16765 18658 I DFInstaObserve: !toggles +blocked disable_feed=0 disable_explore=0 disable_reels=0 disable_stories=0 disable_adds=1
08-19 21:00:18.901 16765 18658 I DFInstaObserve: !toggles +blocked disable_feed=0 disable_explore=0 disable_reels=0 disable_stories=0 disable_adds=1
08-19 21:00:18.961 16765 16946 I DFInstaObserve: !toggles +blocked disable_feed=0 disable_explore=0 disable_reels=0 disable_stories=0 disable_adds=1
08-19 21:00:19.276 16765 18527 I DFInstaObserve: !toggles +blocked disable_feed=0 disable_explore=0 disable_reels=0 disable_stories=0 disable_adds=1
08-19 21:00:19.284 16765 18527 I DFInstaObserve: !toggles +blocked disable_feed=0 disable_explore=0 disable_reels=0 disable_stories=0 disable_adds=1
08-19 21:00:19.289 16765 18527 I DFInstaObserve: !toggles +blocked disable_feed=0 disable_explore=0 disable_reels=0 disable_stories=0 disable_adds=1
08-19 21:00:19.293 16765 18527 I DFInstaObserve: !toggles +blocked disable_feed=0 disable_explore=0 disable_reels=0 disable_stories=0 disable_adds=1
08-19 21:00:19.355 16765 16946 I DFInstaObserve: !toggles +blocked disable_feed=0 disable_explore=0 disable_reels=0 disable_stories=0 disable_adds=1
08-19 21:00:19.439 16765 16946 I DFInstaObserve: !toggles +blocked disable_feed=0 disable_explore=0 disable_reels=0 disable_stories=0 disable_adds=1
08-19 21:00:19.760 16765 16946 I DFInstaObserve: !toggles +blocked disable_feed=0 disable_explore=0 disable_reels=0 disable_stories=0 disable_adds=1
08-19 21:00:19.829 16765 16946 I DFInstaObserve: !toggles +blocked disable_feed=0 disable_explore=0 disable_reels=0 disable_stories=0 disable_adds=1
08-19 21:00:20.058 16765 16946 I DFInstaObserve: !toggles +blocked disable_feed=0 disable_explore=0 disable_reels=0 disable_stories=0 disable_adds=1
08-19 21:00:20.397 16765 18952 I DFInstaObserve: !toggles +blocked disable_feed=0 disable_explore=0 disable_reels=0 disable_stories=0 disable_adds=1
08-19 21:00:20.400 16765 18951 I DFInstaObserve: !toggles +blocked disable_feed=0 disable_explore=0 disable_reels=0 disable_stories=0 disable_adds=1
08-19 21:00:21.708 16765 18527 I DFInstaObserve: !toggles +blocked disable_feed=0 disable_explore=0 disable_reels=0 disable_stories=0 disable_adds=1
08-19 21:00:23.760 16765 18980 I DFInstaObserve: !toggles +blocked disable_feed=0 disable_explore=0 disable_reels=0 disable_stories=0 disable_adds=1
08-19 21:00:23.772 16765 18979 I DFInstaObserve: !toggles +blocked disable_feed=0 disable_explore=0 disable_reels=0 disable_stories=0 disable_adds=1
08-19 21:00:24.520 18997 18997 I DFInstaWalk: surface=Home
08-19 21:00:24.639 16765 18937 I DFInstaObserve: !toggles +blocked disable_feed=0 disable_explore=0 disable_reels=0 disable_stories=0 disable_adds=1
08-19 21:00:25.032 16765 17036 I DFInstaObserve: !toggles +blocked disable_feed=0 disable_explore=0 disable_reels=0 disable_stories=0 disable_adds=1
08-19 21:00:25.137 16765 17036 I DFInstaObserve: !toggles +blocked disable_feed=0 disable_explore=0 disable_reels=0 disable_stories=0 disable_adds=1
08-19 21:00:25.249 16765 17036 I DFInstaObserve: !toggles +blocked disable_feed=0 disable_explore=0 disable_reels=0 disable_stories=0 disable_adds=1
08-19 21:00:29.293 16765 19010 I DFInstaObserve: !toggles +blocked disable_feed=0 disable_explore=0 disable_reels=0 disable_stories=0 disable_adds=1
08-19 21:00:29.817 16765 19016 I DFInstaObserve: !toggles +blocked disable_feed=0 disable_explore=0 disable_reels=0 disable_stories=0 disable_adds=1
08-19 21:00:29.817 16765 19016 I DFInstaObserve: /clips/discover
08-19 21:00:29.817 16765 19016 I DFInstaObserve: /clips/discover/stream/
08-19 21:00:34.579 16765 16946 I DFInstaObserve: !toggles +blocked disable_feed=0 disable_explore=0 disable_reels=0 disable_stories=0 disable_adds=1
08-19 21:00:35.303 16765 16946 I DFInstaObserve: !toggles +blocked disable_feed=0 disable_explore=0 disable_reels=0 disable_stories=0 disable_adds=1
08-19 21:00:35.370 16765 16946 I DFInstaObserve: !toggles +blocked disable_feed=0 disable_explore=0 disable_reels=0 disable_stories=0 disable_adds=1
08-19 21:00:37.758 16765 16946 I DFInstaObserve: !toggles +blocked disable_feed=0 disable_explore=0 disable_reels=0 disable_stories=0 disable_adds=1
08-19 21:00:37.924 16765 16946 I DFInstaObserve: !toggles +blocked disable_feed=0 disable_explore=0 disable_reels=0 disable_stories=0 disable_adds=1
08-19 21:00:38.738 16765 16946 I DFInstaObserve: !toggles +blocked disable_feed=0 disable_explore=0 disable_reels=0 disable_stories=0 disable_adds=1
08-19 21:00:44.499 16765 18527 I DFInstaObserve: !toggles +blocked disable_feed=0 disable_explore=0 disable_reels=0 disable_stories=0 disable_adds=1
08-19 21:00:47.847 16765 18527 I DFInstaObserve: !toggles +blocked disable_feed=0 disable_explore=0 disable_reels=0 disable_stories=0 disable_adds=1
08-19 21:00:51.177 16765 18527 I DFInstaObserve: !toggles +blocked disable_feed=0 disable_explore=0 disable_reels=0 disable_stories=0 disable_adds=1
08-19 21:00:51.198 16765 18658 I DFInstaObserve: !toggles +blocked disable_feed=0 disable_explore=0 disable_reels=0 disable_stories=0 disable_adds=1
08-19 21:00:54.578 16765 18527 I DFInstaObserve: !toggles +blocked disable_feed=0 disable_explore=0 disable_reels=0 disable_stories=0 disable_adds=1
08-19 21:00:57.962 16765 19088 I DFInstaObserve: !toggles +blocked disable_feed=0 disable_explore=0 disable_reels=0 disable_stories=0 disable_adds=1
08-19 21:00:57.962 16765 19088 I DFInstaObserve: /feed/timeline/
08-19 21:01:00.993 19146 19146 I DFInstaWalk: surface=Search and explore
08-19 21:01:01.144 16765 18527 I DFInstaObserve: !toggles +blocked disable_feed=0 disable_explore=0 disable_reels=0 disable_stories=0 disable_adds=1
08-19 21:01:01.152 16765 18527 I DFInstaObserve: !toggles +blocked disable_feed=0 disable_explore=0 disable_reels=0 disable_stories=0 disable_adds=1
08-19 21:01:01.262 16765 19142 I DFInstaObserve: !toggles +blocked disable_feed=0 disable_explore=0 disable_reels=0 disable_stories=0 disable_adds=1
08-19 21:01:01.518 16765 19123 I DFInstaObserve: !toggles +blocked disable_feed=0 disable_explore=0 disable_reels=0 disable_stories=0 disable_adds=1
08-19 21:01:01.560 16765 16946 I DFInstaObserve: !toggles +blocked disable_feed=0 disable_explore=0 disable_reels=0 disable_stories=0 disable_adds=1
08-19 21:01:01.661 16765 17036 I DFInstaObserve: !toggles +blocked disable_feed=0 disable_explore=0 disable_reels=0 disable_stories=0 disable_adds=1
08-19 21:01:01.899 16765 17036 I DFInstaObserve: !toggles +blocked disable_feed=0 disable_explore=0 disable_reels=0 disable_stories=0 disable_adds=1
08-19 21:01:02.087 16765 16946 I DFInstaObserve: !toggles +blocked disable_feed=0 disable_explore=0 disable_reels=0 disable_stories=0 disable_adds=1
08-19 21:01:09.495 16765 19233 I DFInstaObserve: !toggles +blocked disable_feed=0 disable_explore=0 disable_reels=0 disable_stories=0 disable_adds=1
08-19 21:01:09.557 16765 19035 I DFInstaObserve: !toggles +blocked disable_feed=0 disable_explore=0 disable_reels=0 disable_stories=0 disable_adds=1
08-19 21:01:09.557 16765 19035 I DFInstaObserve: /discover/topical_explore
08-19 21:01:11.731 16765 19240 I DFInstaObserve: !toggles +blocked disable_feed=0 disable_explore=0 disable_reels=0 disable_stories=0 disable_adds=1
08-19 21:01:11.974 16765 19247 I DFInstaObserve: !toggles +blocked disable_feed=0 disable_explore=0 disable_reels=0 disable_stories=0 disable_adds=1
08-19 21:01:12.853 16765 19299 I DFInstaObserve: !toggles +blocked disable_feed=0 disable_explore=0 disable_reels=0 disable_stories=0 disable_adds=1
08-19 21:01:13.202 16765 19203 I DFInstaObserve: !toggles +blocked disable_feed=0 disable_explore=0 disable_reels=0 disable_stories=0 disable_adds=1
08-19 21:01:13.202 16765 19203 I DFInstaObserve: /discover/topical_explore
08-19 21:01:13.703 16765 18527 I DFInstaObserve: !toggles +blocked disable_feed=0 disable_explore=0 disable_reels=0 disable_stories=0 disable_adds=1
08-19 21:01:13.707 16765 19319 I DFInstaObserve: !toggles +blocked disable_feed=0 disable_explore=0 disable_reels=0 disable_stories=0 disable_adds=1
08-19 21:01:13.733 16765 16946 I DFInstaObserve: !toggles +blocked disable_feed=0 disable_explore=0 disable_reels=0 disable_stories=0 disable_adds=1
08-19 21:01:13.811 16765 19208 I DFInstaObserve: !toggles +blocked disable_feed=0 disable_explore=0 disable_reels=0 disable_stories=0 disable_adds=1
08-19 21:01:13.847 16765 19035 I DFInstaObserve: !toggles +blocked disable_feed=0 disable_explore=0 disable_reels=0 disable_stories=0 disable_adds=1
08-19 21:01:13.857 16765 16946 I DFInstaObserve: !toggles +blocked disable_feed=0 disable_explore=0 disable_reels=0 disable_stories=0 disable_adds=1
08-19 21:01:14.093 16765 16946 I DFInstaObserve: !toggles +blocked disable_feed=0 disable_explore=0 disable_reels=0 disable_stories=0 disable_adds=1
08-19 21:01:14.108 16765 19346 I DFInstaObserve: !toggles +blocked disable_feed=0 disable_explore=0 disable_reels=0 disable_stories=0 disable_adds=1
08-19 21:01:14.191 16765 19361 I DFInstaObserve: !toggles +blocked disable_feed=0 disable_explore=0 disable_reels=0 disable_stories=0 disable_adds=1
08-19 21:01:14.345 16765 19347 I DFInstaObserve: !toggles +blocked disable_feed=0 disable_explore=0 disable_reels=0 disable_stories=0 disable_adds=1
08-19 21:01:14.422 16765 19361 I DFInstaObserve: !toggles +blocked disable_feed=0 disable_explore=0 disable_reels=0 disable_stories=0 disable_adds=1
08-19 21:01:14.459 16765 19208 I DFInstaObserve: !toggles +blocked disable_feed=0 disable_explore=0 disable_reels=0 disable_stories=0 disable_adds=1
08-19 21:01:14.629 16765 16946 I DFInstaObserve: !toggles +blocked disable_feed=0 disable_explore=0 disable_reels=0 disable_stories=0 disable_adds=1
08-19 21:01:14.691 16765 19210 I DFInstaObserve: !toggles +blocked disable_feed=0 disable_explore=0 disable_reels=0 disable_stories=0 disable_adds=1
08-19 21:01:14.721 16765 19190 I DFInstaObserve: !toggles +blocked disable_feed=0 disable_explore=0 disable_reels=0 disable_stories=0 disable_adds=1
08-19 21:01:14.751 16765 16946 I DFInstaObserve: !toggles +blocked disable_feed=0 disable_explore=0 disable_reels=0 disable_stories=0 disable_adds=1
08-19 21:01:14.871 16765 19346 I DFInstaObserve: !toggles +blocked disable_feed=0 disable_explore=0 disable_reels=0 disable_stories=0 disable_adds=1
08-19 21:01:14.964 16765 19190 I DFInstaObserve: !toggles +blocked disable_feed=0 disable_explore=0 disable_reels=0 disable_stories=0 disable_adds=1
08-19 21:01:14.966 16765 19298 I DFInstaObserve: !toggles +blocked disable_feed=0 disable_explore=0 disable_reels=0 disable_stories=0 disable_adds=1
08-19 21:01:15.090 16765 19346 I DFInstaObserve: !toggles +blocked disable_feed=0 disable_explore=0 disable_reels=0 disable_stories=0 disable_adds=1
08-19 21:01:15.103 16765 16946 I DFInstaObserve: !toggles +blocked disable_feed=0 disable_explore=0 disable_reels=0 disable_stories=0 disable_adds=1
08-19 21:01:15.129 16765 19125 I DFInstaObserve: !toggles +blocked disable_feed=0 disable_explore=0 disable_reels=0 disable_stories=0 disable_adds=1
08-19 21:01:15.200 16765 19315 I DFInstaObserve: !toggles +blocked disable_feed=0 disable_explore=0 disable_reels=0 disable_stories=0 disable_adds=1
08-19 21:01:15.315 16765 19208 I DFInstaObserve: !toggles +blocked disable_feed=0 disable_explore=0 disable_reels=0 disable_stories=0 disable_adds=1
08-19 21:01:15.363 16765 19348 I DFInstaObserve: !toggles +blocked disable_feed=0 disable_explore=0 disable_reels=0 disable_stories=0 disable_adds=1
08-19 21:01:15.391 16765 19315 I DFInstaObserve: !toggles +blocked disable_feed=0 disable_explore=0 disable_reels=0 disable_stories=0 disable_adds=1
08-19 21:01:15.440 16765 16946 I DFInstaObserve: !toggles +blocked disable_feed=0 disable_explore=0 disable_reels=0 disable_stories=0 disable_adds=1
08-19 21:01:15.549 16765 19210 I DFInstaObserve: !toggles +blocked disable_feed=0 disable_explore=0 disable_reels=0 disable_stories=0 disable_adds=1
08-19 21:01:15.747 16765 16946 I DFInstaObserve: !toggles +blocked disable_feed=0 disable_explore=0 disable_reels=0 disable_stories=0 disable_adds=1
08-19 21:01:16.216 16765 18527 I DFInstaObserve: !toggles +blocked disable_feed=0 disable_explore=0 disable_reels=0 disable_stories=0 disable_adds=1
08-19 21:01:16.221 16765 19378 I DFInstaObserve: !toggles +blocked disable_feed=0 disable_explore=0 disable_reels=0 disable_stories=0 disable_adds=1
08-19 21:01:16.256 16765 16946 I DFInstaObserve: !toggles +blocked disable_feed=0 disable_explore=0 disable_reels=0 disable_stories=0 disable_adds=1
08-19 21:01:16.269 16765 19385 I DFInstaObserve: !toggles +blocked disable_feed=0 disable_explore=0 disable_reels=0 disable_stories=0 disable_adds=1
08-19 21:01:16.387 16765 19208 I DFInstaObserve: !toggles +blocked disable_feed=0 disable_explore=0 disable_reels=0 disable_stories=0 disable_adds=1
08-19 21:01:16.423 16765 19210 I DFInstaObserve: !toggles +blocked disable_feed=0 disable_explore=0 disable_reels=0 disable_stories=0 disable_adds=1
08-19 21:01:16.530 16765 19361 I DFInstaObserve: !toggles +blocked disable_feed=0 disable_explore=0 disable_reels=0 disable_stories=0 disable_adds=1
08-19 21:01:16.579 16765 19346 I DFInstaObserve: !toggles +blocked disable_feed=0 disable_explore=0 disable_reels=0 disable_stories=0 disable_adds=1
08-19 21:01:16.581 16765 16946 I DFInstaObserve: !toggles +blocked disable_feed=0 disable_explore=0 disable_reels=0 disable_stories=0 disable_adds=1
08-19 21:01:16.618 16765 19210 I DFInstaObserve: !toggles +blocked disable_feed=0 disable_explore=0 disable_reels=0 disable_stories=0 disable_adds=1
08-19 21:01:16.661 16765 16946 I DFInstaObserve: !toggles +blocked disable_feed=0 disable_explore=0 disable_reels=0 disable_stories=0 disable_adds=1
08-19 21:01:16.673 16765 19210 I DFInstaObserve: !toggles +blocked disable_feed=0 disable_explore=0 disable_reels=0 disable_stories=0 disable_adds=1
08-19 21:01:16.766 16765 19356 I DFInstaObserve: !toggles +blocked disable_feed=0 disable_explore=0 disable_reels=0 disable_stories=0 disable_adds=1
08-19 21:01:16.829 16765 19346 I DFInstaObserve: !toggles +blocked disable_feed=0 disable_explore=0 disable_reels=0 disable_stories=0 disable_adds=1
08-19 21:01:16.876 16765 19208 I DFInstaObserve: !toggles +blocked disable_feed=0 disable_explore=0 disable_reels=0 disable_stories=0 disable_adds=1
08-19 21:01:16.963 16765 19356 I DFInstaObserve: !toggles +blocked disable_feed=0 disable_explore=0 disable_reels=0 disable_stories=0 disable_adds=1
08-19 21:01:16.997 16765 19360 I DFInstaObserve: !toggles +blocked disable_feed=0 disable_explore=0 disable_reels=0 disable_stories=0 disable_adds=1
08-19 21:01:17.031 16765 19360 I DFInstaObserve: !toggles +blocked disable_feed=0 disable_explore=0 disable_reels=0 disable_stories=0 disable_adds=1
08-19 21:01:17.068 16765 19348 I DFInstaObserve: !toggles +blocked disable_feed=0 disable_explore=0 disable_reels=0 disable_stories=0 disable_adds=1
08-19 21:01:17.164 16765 16946 I DFInstaObserve: !toggles +blocked disable_feed=0 disable_explore=0 disable_reels=0 disable_stories=0 disable_adds=1
08-19 21:01:17.173 16765 19348 I DFInstaObserve: !toggles +blocked disable_feed=0 disable_explore=0 disable_reels=0 disable_stories=0 disable_adds=1
08-19 21:01:17.193 16765 19210 I DFInstaObserve: !toggles +blocked disable_feed=0 disable_explore=0 disable_reels=0 disable_stories=0 disable_adds=1
08-19 21:01:17.217 16765 16946 I DFInstaObserve: !toggles +blocked disable_feed=0 disable_explore=0 disable_reels=0 disable_stories=0 disable_adds=1
08-19 21:01:17.282 16765 19035 I DFInstaObserve: !toggles +blocked disable_feed=0 disable_explore=0 disable_reels=0 disable_stories=0 disable_adds=1
08-19 21:01:17.606 16765 16946 I DFInstaObserve: !toggles +blocked disable_feed=0 disable_explore=0 disable_reels=0 disable_stories=0 disable_adds=1
08-19 21:01:17.662 16765 16946 I DFInstaObserve: !toggles +blocked disable_feed=0 disable_explore=0 disable_reels=0 disable_stories=0 disable_adds=1
08-19 21:01:18.426 16765 19400 I DFInstaObserve: !toggles +blocked disable_feed=0 disable_explore=0 disable_reels=0 disable_stories=0 disable_adds=1
08-19 21:01:18.579 16765 16946 I DFInstaObserve: !toggles +blocked disable_feed=0 disable_explore=0 disable_reels=0 disable_stories=0 disable_adds=1
08-19 21:01:18.987 16765 19406 I DFInstaObserve: !toggles +blocked disable_feed=0 disable_explore=0 disable_reels=0 disable_stories=0 disable_adds=1
08-19 21:01:19.321 16765 19348 I DFInstaObserve: !toggles +blocked disable_feed=0 disable_explore=0 disable_reels=0 disable_stories=0 disable_adds=1
08-19 21:01:19.321 16765 19348 I DFInstaObserve: /discover/topical_explore
08-19 21:01:19.713 16765 19476 I DFInstaObserve: !toggles +blocked disable_feed=0 disable_explore=0 disable_reels=0 disable_stories=0 disable_adds=1
08-19 21:01:20.049 16765 19506 I DFInstaObserve: !toggles +blocked disable_feed=0 disable_explore=0 disable_reels=0 disable_stories=0 disable_adds=1
08-19 21:01:21.817 16765 19473 I DFInstaObserve: !toggles +blocked disable_feed=0 disable_explore=0 disable_reels=0 disable_stories=0 disable_adds=1
08-19 21:01:22.049 16765 19494 I DFInstaObserve: !toggles +blocked disable_feed=0 disable_explore=0 disable_reels=0 disable_stories=0 disable_adds=1
08-19 21:01:22.969 16765 19534 I DFInstaObserve: !toggles +blocked disable_feed=0 disable_explore=0 disable_reels=0 disable_stories=0 disable_adds=1
08-19 21:01:23.739 16765 19378 I DFInstaObserve: !toggles +blocked disable_feed=0 disable_explore=0 disable_reels=0 disable_stories=0 disable_adds=1
08-19 21:01:23.744 16765 19378 I DFInstaObserve: !toggles +blocked disable_feed=0 disable_explore=0 disable_reels=0 disable_stories=0 disable_adds=1
08-19 21:01:23.752 16765 19378 I DFInstaObserve: !toggles +blocked disable_feed=0 disable_explore=0 disable_reels=0 disable_stories=0 disable_adds=1
08-19 21:01:24.219 16765 19539 I DFInstaObserve: !toggles +blocked disable_feed=0 disable_explore=0 disable_reels=0 disable_stories=0 disable_adds=1
08-19 21:01:24.224 16765 19378 I DFInstaObserve: !toggles +blocked disable_feed=0 disable_explore=0 disable_reels=0 disable_stories=0 disable_adds=1
08-19 21:01:24.243 16765 16946 I DFInstaObserve: !toggles +blocked disable_feed=0 disable_explore=0 disable_reels=0 disable_stories=0 disable_adds=1
08-19 21:01:24.311 16765 19210 I DFInstaObserve: !toggles +blocked disable_feed=0 disable_explore=0 disable_reels=0 disable_stories=0 disable_adds=1
08-19 21:01:24.397 16765 19514 I DFInstaObserve: !toggles +blocked disable_feed=0 disable_explore=0 disable_reels=0 disable_stories=0 disable_adds=1
08-19 21:01:24.450 16765 19518 I DFInstaObserve: !toggles +blocked disable_feed=0 disable_explore=0 disable_reels=0 disable_stories=0 disable_adds=1
08-19 21:01:24.501 16765 16946 I DFInstaObserve: !toggles +blocked disable_feed=0 disable_explore=0 disable_reels=0 disable_stories=0 disable_adds=1
08-19 21:01:24.552 16765 19514 I DFInstaObserve: !toggles +blocked disable_feed=0 disable_explore=0 disable_reels=0 disable_stories=0 disable_adds=1
08-19 21:01:24.571 16765 16946 I DFInstaObserve: !toggles +blocked disable_feed=0 disable_explore=0 disable_reels=0 disable_stories=0 disable_adds=1
08-19 21:01:24.623 16765 19348 I DFInstaObserve: !toggles +blocked disable_feed=0 disable_explore=0 disable_reels=0 disable_stories=0 disable_adds=1
08-19 21:01:24.668 16765 19514 I DFInstaObserve: !toggles +blocked disable_feed=0 disable_explore=0 disable_reels=0 disable_stories=0 disable_adds=1
08-19 21:01:24.702 16765 16946 I DFInstaObserve: !toggles +blocked disable_feed=0 disable_explore=0 disable_reels=0 disable_stories=0 disable_adds=1
08-19 21:01:24.798 16765 19514 I DFInstaObserve: !toggles +blocked disable_feed=0 disable_explore=0 disable_reels=0 disable_stories=0 disable_adds=1
08-19 21:01:24.816 16765 16946 I DFInstaObserve: !toggles +blocked disable_feed=0 disable_explore=0 disable_reels=0 disable_stories=0 disable_adds=1
08-19 21:01:24.927 16765 19035 I DFInstaObserve: !toggles +blocked disable_feed=0 disable_explore=0 disable_reels=0 disable_stories=0 disable_adds=1
08-19 21:01:25.074 16765 19035 I DFInstaObserve: !toggles +blocked disable_feed=0 disable_explore=0 disable_reels=0 disable_stories=0 disable_adds=1
08-19 21:01:25.104 16765 19467 I DFInstaObserve: !toggles +blocked disable_feed=0 disable_explore=0 disable_reels=0 disable_stories=0 disable_adds=1
08-19 21:01:25.175 16765 19533 I DFInstaObserve: !toggles +blocked disable_feed=0 disable_explore=0 disable_reels=0 disable_stories=0 disable_adds=1
08-19 21:01:25.208 16765 19518 I DFInstaObserve: !toggles +blocked disable_feed=0 disable_explore=0 disable_reels=0 disable_stories=0 disable_adds=1
08-19 21:01:25.292 16765 19512 I DFInstaObserve: !toggles +blocked disable_feed=0 disable_explore=0 disable_reels=0 disable_stories=0 disable_adds=1
08-19 21:01:25.937 19547 19547 I DFInstaWalk: surface=Reels
08-19 21:01:26.242 16765 19378 I DFInstaObserve: !toggles +blocked disable_feed=0 disable_explore=0 disable_reels=0 disable_stories=0 disable_adds=1
08-19 21:01:26.368 16765 17036 I DFInstaObserve: !toggles +blocked disable_feed=0 disable_explore=0 disable_reels=0 disable_stories=0 disable_adds=1
08-19 21:01:26.847 16765 17036 I DFInstaObserve: !toggles +blocked disable_feed=0 disable_explore=0 disable_reels=0 disable_stories=0 disable_adds=1
08-19 21:01:27.143 16765 17036 I DFInstaObserve: !toggles +blocked disable_feed=0 disable_explore=0 disable_reels=0 disable_stories=0 disable_adds=1
08-19 21:01:27.223 16765 17036 I DFInstaObserve: !toggles +blocked disable_feed=0 disable_explore=0 disable_reels=0 disable_stories=0 disable_adds=1
08-19 21:01:27.368 16765 17036 I DFInstaObserve: !toggles +blocked disable_feed=0 disable_explore=0 disable_reels=0 disable_stories=0 disable_adds=1
08-19 21:01:28.010 16765 16946 I DFInstaObserve: !toggles +blocked disable_feed=0 disable_explore=0 disable_reels=0 disable_stories=0 disable_adds=1
08-19 21:01:28.068 16765 16946 I DFInstaObserve: !toggles +blocked disable_feed=0 disable_explore=0 disable_reels=0 disable_stories=0 disable_adds=1
08-19 21:01:28.140 16765 16946 I DFInstaObserve: !toggles +blocked disable_feed=0 disable_explore=0 disable_reels=0 disable_stories=0 disable_adds=1
08-19 21:01:28.202 16765 16946 I DFInstaObserve: !toggles +blocked disable_feed=0 disable_explore=0 disable_reels=0 disable_stories=0 disable_adds=1
08-19 21:01:28.324 16765 19589 I DFInstaObserve: !toggles +blocked disable_feed=0 disable_explore=0 disable_reels=0 disable_stories=0 disable_adds=1
08-19 21:01:28.325 16765 19590 I DFInstaObserve: !toggles +blocked disable_feed=0 disable_explore=0 disable_reels=0 disable_stories=0 disable_adds=1
08-19 21:01:28.374 16765 16946 I DFInstaObserve: !toggles +blocked disable_feed=0 disable_explore=0 disable_reels=0 disable_stories=0 disable_adds=1
08-19 21:01:30.783 16765 19590 I DFInstaObserve: !toggles +blocked disable_feed=0 disable_explore=0 disable_reels=0 disable_stories=0 disable_adds=1
08-19 21:01:30.785 16765 19589 I DFInstaObserve: !toggles +blocked disable_feed=0 disable_explore=0 disable_reels=0 disable_stories=0 disable_adds=1
08-19 21:01:34.160 16765 19517 I DFInstaObserve: !toggles +blocked disable_feed=0 disable_explore=0 disable_reels=0 disable_stories=0 disable_adds=1
08-19 21:01:34.160 16765 19517 I DFInstaObserve: /clips/discover
08-19 21:01:34.160 16765 19517 I DFInstaObserve: /clips/discover/stream/
08-19 21:01:34.567 16765 19378 I DFInstaObserve: !toggles +blocked disable_feed=0 disable_explore=0 disable_reels=0 disable_stories=0 disable_adds=1
08-19 21:01:36.685 16765 19617 I DFInstaObserve: !toggles +blocked disable_feed=0 disable_explore=0 disable_reels=0 disable_stories=0 disable_adds=1
08-19 21:01:36.690 16765 19618 I DFInstaObserve: !toggles +blocked disable_feed=0 disable_explore=0 disable_reels=0 disable_stories=0 disable_adds=1
08-19 21:01:37.943 16765 19637 I DFInstaObserve: !toggles +blocked disable_feed=0 disable_explore=0 disable_reels=0 disable_stories=0 disable_adds=1
08-19 21:01:38.185 16765 19378 I DFInstaObserve: !toggles +blocked disable_feed=0 disable_explore=0 disable_reels=0 disable_stories=0 disable_adds=1
08-19 21:01:38.192 16765 19378 I DFInstaObserve: !toggles +blocked disable_feed=0 disable_explore=0 disable_reels=0 disable_stories=0 disable_adds=1
08-19 21:01:38.225 16765 19378 I DFInstaObserve: !toggles +blocked disable_feed=0 disable_explore=0 disable_reels=0 disable_stories=0 disable_adds=1
08-19 21:01:38.250 16765 16946 I DFInstaObserve: !toggles +blocked disable_feed=0 disable_explore=0 disable_reels=0 disable_stories=0 disable_adds=1
08-19 21:01:38.313 16765 19605 I DFInstaObserve: !toggles +blocked disable_feed=0 disable_explore=0 disable_reels=0 disable_stories=0 disable_adds=1
08-19 21:01:38.530 16765 19378 I DFInstaObserve: !toggles +blocked disable_feed=0 disable_explore=0 disable_reels=0 disable_stories=0 disable_adds=1
08-19 21:01:38.534 16765 19378 I DFInstaObserve: !toggles +blocked disable_feed=0 disable_explore=0 disable_reels=0 disable_stories=0 disable_adds=1
08-19 21:01:38.687 16765 19520 I DFInstaObserve: !toggles +blocked disable_feed=0 disable_explore=0 disable_reels=0 disable_stories=0 disable_adds=1
08-19 21:01:38.768 16765 16946 I DFInstaObserve: !toggles +blocked disable_feed=0 disable_explore=0 disable_reels=0 disable_stories=0 disable_adds=1
08-19 21:01:38.848 16765 16946 I DFInstaObserve: !toggles +blocked disable_feed=0 disable_explore=0 disable_reels=0 disable_stories=0 disable_adds=1
08-19 21:01:39.166 16765 16946 I DFInstaObserve: !toggles +blocked disable_feed=0 disable_explore=0 disable_reels=0 disable_stories=0 disable_adds=1
08-19 21:01:39.216 16765 16946 I DFInstaObserve: !toggles +blocked disable_feed=0 disable_explore=0 disable_reels=0 disable_stories=0 disable_adds=1
08-19 21:01:39.499 16765 16946 I DFInstaObserve: !toggles +blocked disable_feed=0 disable_explore=0 disable_reels=0 disable_stories=0 disable_adds=1
08-19 21:01:39.551 16765 16946 I DFInstaObserve: !toggles +blocked disable_feed=0 disable_explore=0 disable_reels=0 disable_stories=0 disable_adds=1
08-19 21:01:39.801 16765 16946 I DFInstaObserve: !toggles +blocked disable_feed=0 disable_explore=0 disable_reels=0 disable_stories=0 disable_adds=1
08-19 21:01:40.043 16765 19652 I DFInstaObserve: !toggles +blocked disable_feed=0 disable_explore=0 disable_reels=0 disable_stories=0 disable_adds=1
08-19 21:01:40.044 16765 19651 I DFInstaObserve: !toggles +blocked disable_feed=0 disable_explore=0 disable_reels=0 disable_stories=0 disable_adds=1
08-19 21:01:41.275 16765 19539 I DFInstaObserve: !toggles +blocked disable_feed=0 disable_explore=0 disable_reels=0 disable_stories=0 disable_adds=1
08-19 21:01:41.301 16765 19378 I DFInstaObserve: !toggles +blocked disable_feed=0 disable_explore=0 disable_reels=0 disable_stories=0 disable_adds=1
08-19 21:01:43.365 16765 19687 I DFInstaObserve: !toggles +blocked disable_feed=0 disable_explore=0 disable_reels=0 disable_stories=0 disable_adds=1
08-19 21:01:43.368 16765 19688 I DFInstaObserve: !toggles +blocked disable_feed=0 disable_explore=0 disable_reels=0 disable_stories=0 disable_adds=1
08-19 21:01:46.782 16765 19715 I DFInstaObserve: !toggles +blocked disable_feed=0 disable_explore=0 disable_reels=0 disable_stories=0 disable_adds=1
08-19 21:01:46.782 16765 19716 I DFInstaObserve: !toggles +blocked disable_feed=0 disable_explore=0 disable_reels=0 disable_stories=0 disable_adds=1
08-19 21:01:46.865 16765 19715 I DFInstaObserve: !toggles +blocked disable_feed=0 disable_explore=0 disable_reels=0 disable_stories=0 disable_adds=1
08-19 21:01:47.586 16765 19732 I DFInstaObserve: !toggles +blocked disable_feed=0 disable_explore=0 disable_reels=0 disable_stories=0 disable_adds=1
08-19 21:01:47.586 16765 19732 I DFInstaObserve: /clips/discover
08-19 21:01:47.586 16765 19732 I DFInstaObserve: /clips/discover/stream/
08-19 21:01:48.000 16765 19378 I DFInstaObserve: !toggles +blocked disable_feed=0 disable_explore=0 disable_reels=0 disable_stories=0 disable_adds=1
08-19 21:01:48.039 16765 19378 I DFInstaObserve: !toggles +blocked disable_feed=0 disable_explore=0 disable_reels=0 disable_stories=0 disable_adds=1
08-19 21:01:50.135 16765 19745 I DFInstaObserve: !toggles +blocked disable_feed=0 disable_explore=0 disable_reels=0 disable_stories=0 disable_adds=1
08-19 21:01:50.138 16765 19744 I DFInstaObserve: !toggles +blocked disable_feed=0 disable_explore=0 disable_reels=0 disable_stories=0 disable_adds=1
