08-19 21:25:28.958  4572  4572 I DFInstaProbe: set_app_context
08-19 21:25:29.120  4572  4738 I DFInstaProbe: replace_reels_stream_endpoint
08-19 21:25:29.342  4572  4798 I DFInstaProbe: tigon_url_block
08-19 21:25:29.342  4572  4798 I DFInstaObserve: !toggles +blocked disable_feed=1 disable_explore=0 disable_reels=0 disable_stories=0 disable_adds=0
08-19 21:25:29.342  4572  4798 I DFInstaObserve: /feed/reels_tray/
08-19 21:25:29.377  4572  4721 I DFInstaObserve: !toggles +blocked disable_feed=1 disable_explore=0 disable_reels=0 disable_stories=0 disable_adds=0
08-19 21:25:29.377  4572  4721 I DFInstaObserve: /feed/timeline/
08-19 21:25:29.377  4572  4721 I DFInstaObserve: !blocked /feed/timeline/
08-19 21:25:29.699  4572  4874 I DFInstaObserve: !toggles +blocked disable_feed=1 disable_explore=0 disable_reels=0 disable_stories=0 disable_adds=0
08-19 21:25:29.727  4572  4572 E IgFunctionalErrorEvent: FEED_NOT_LOADING
08-19 21:25:29.728  4572  4572 E IgFunctionalErrorEvent: java.io.IOException: Blocked by DFInsta setting
08-19 21:25:29.954  4884  4884 I DFInstaProbe: set_app_context
08-19 21:25:29.967  4572  4798 I DFInstaObserve: !toggles +blocked disable_feed=1 disable_explore=0 disable_reels=0 disable_stories=0 disable_adds=0
08-19 21:25:30.206  4572  4874 I DFInstaObserve: !toggles +blocked disable_feed=1 disable_explore=0 disable_reels=0 disable_stories=0 disable_adds=0
08-19 21:25:30.831  4572  4874 I DFInstaObserve: !toggles +blocked disable_feed=1 disable_explore=0 disable_reels=0 disable_stories=0 disable_adds=0
08-19 21:25:32.272  4572  4948 I DFInstaObserve: !toggles +blocked disable_feed=1 disable_explore=0 disable_reels=0 disable_stories=0 disable_adds=0
08-19 21:25:32.497  4572  4948 I DFInstaObserve: !toggles +blocked disable_feed=1 disable_explore=0 disable_reels=0 disable_stories=0 disable_adds=0
08-19 21:25:32.743  4572  4986 I DFInstaObserve: !toggles +blocked disable_feed=1 disable_explore=0 disable_reels=0 disable_stories=0 disable_adds=0
08-19 21:25:32.743  4572  4986 I DFInstaObserve: /feed/timeline/
08-19 21:25:32.743  4572  4986 I DFInstaObserve: !blocked /feed/timeline/
08-19 21:25:32.758  4572  4572 E IgFunctionalErrorEvent: FEED_NOT_LOADING
08-19 21:25:32.758  4572  4572 E IgFunctionalErrorEvent: java.io.IOException: Blocked by DFInsta setting
08-19 21:25:34.769  4572  4948 I DFInstaObserve: !toggles +blocked disable_feed=1 disable_explore=0 disable_reels=0 disable_stories=0 disable_adds=0
08-19 21:25:35.771  4572  5000 I DFInstaObserve: !toggles +blocked disable_feed=1 disable_explore=0 disable_reels=0 disable_stories=0 disable_adds=0
08-19 21:25:35.771  4572  5000 I DFInstaObserve: /feed/timeline/
08-19 21:25:35.771  4572  5000 I DFInstaObserve: !blocked /feed/timeline/
08-19 21:25:35.774  4572  4572 E IgFunctionalErrorEvent: FEED_NOT_LOADING
08-19 21:25:35.774  4572  4572 E IgFunctionalErrorEvent: java.io.IOException: Blocked by DFInsta setting
08-19 21:25:36.086  4572  5001 I DFInstaObserve: !toggles +blocked disable_feed=1 disable_explore=0 disable_reels=0 disable_stories=0 disable_adds=0
08-19 21:25:36.180  4572  4617 I DFInstaObserve: !toggles +blocked disable_feed=1 disable_explore=0 disable_reels=0 disable_stories=0 disable_adds=0
08-19 21:25:36.467  4572  5003 I DFInstaObserve: !toggles +blocked disable_feed=1 disable_explore=0 disable_reels=0 disable_stories=0 disable_adds=0
08-19 21:25:37.017  4572  5003 I DFInstaObserve: !toggles +blocked disable_feed=1 disable_explore=0 disable_reels=0 disable_stories=0 disable_adds=0
08-19 21:25:37.021  4572  4617 I DFInstaObserve: !toggles +blocked disable_feed=1 disable_explore=0 disable_reels=0 disable_stories=0 disable_adds=0
08-19 21:25:37.068  4572  5048 I DFInstaObserve: !toggles +blocked disable_feed=1 disable_explore=0 disable_reels=0 disable_stories=0 disable_adds=0
08-19 21:25:38.793  4572  5003 I DFInstaObserve: !toggles +blocked disable_feed=1 disable_explore=0 disable_reels=0 disable_stories=0 disable_adds=0
08-19 21:25:38.793  4572  5003 I DFInstaObserve: /feed/timeline/
08-19 21:25:38.793  4572  5003 I DFInstaObserve: !blocked /feed/timeline/
08-19 21:25:38.795  4572  4572 E IgFunctionalErrorEvent: FEED_NOT_LOADING
08-19 21:25:38.795  4572  4572 E IgFunctionalErrorEvent: java.io.IOException: Blocked by DFInsta setting
08-19 21:25:39.273  4572  4948 I DFInstaObserve: !toggles +blocked disable_feed=1 disable_explore=0 disable_reels=0 disable_stories=0 disable_adds=0
08-19 21:25:40.404  4572  5072 I DFInstaObserve: !toggles +blocked disable_feed=1 disable_explore=0 disable_reels=0 disable_stories=0 disable_adds=0
08-19 21:25:40.507  4572  5075 I DFInstaObserve: !toggles +blocked disable_feed=1 disable_explore=0 disable_reels=0 disable_stories=0 disable_adds=0
08-19 21:25:41.011  4572  4874 I DFInstaObserve: !toggles +blocked disable_feed=1 disable_explore=0 disable_reels=0 disable_stories=0 disable_adds=0
08-19 21:25:42.002  4572  4874 I DFInstaObserve: !toggles +blocked disable_feed=1 disable_explore=0 disable_reels=0 disable_stories=0 disable_adds=0
08-19 21:25:44.266  4572  4948 I DFInstaObserve: !toggles +blocked disable_feed=1 disable_explore=0 disable_reels=0 disable_stories=0 disable_adds=0
08-19 21:25:46.956  5146  5146 I DFInstaWalk: surface=Home
08-19 21:25:47.089  4572  5072 I DFInstaObserve: !toggles +blocked disable_feed=1 disable_explore=0 disable_reels=0 disable_stories=0 disable_adds=0
08-19 21:25:47.089  4572  5072 I DFInstaObserve: /feed/timeline/
08-19 21:25:47.090  4572  5072 I DFInstaObserve: !blocked /feed/timeline/
08-19 21:25:47.090  4572  5139 I DFInstaObserve: !toggles +blocked disable_feed=1 disable_explore=0 disable_reels=0 disable_stories=0 disable_adds=0
08-19 21:25:47.090  4572  5139 I DFInstaObserve: /feed/reels_tray/
08-19 21:25:47.095  4572  4572 E IgFunctionalErrorEvent: FEED_NOT_LOADING
08-19 21:25:47.095  4572  4572 E IgFunctionalErrorEvent: java.io.IOException: Blocked by DFInsta setting
08-19 21:25:48.504  4572  4874 I DFInstaObserve: !toggles +blocked disable_feed=1 disable_explore=0 disable_reels=0 disable_stories=0 disable_adds=0
08-19 21:25:49.271  4572  4948 I DFInstaObserve: !toggles +blocked disable_feed=1 disable_explore=0 disable_reels=0 disable_stories=0 disable_adds=0
08-19 21:25:50.106  4572  5161 I DFInstaObserve: !toggles +blocked disable_feed=1 disable_explore=0 disable_reels=0 disable_stories=0 disable_adds=0
08-19 21:25:50.106  4572  5161 I DFInstaObserve: /feed/timeline/
08-19 21:25:50.106  4572  5161 I DFInstaObserve: !blocked /feed/timeline/
08-19 21:25:50.116  4572  4572 E IgFunctionalErrorEvent: FEED_NOT_LOADING
08-19 21:25:50.116  4572  4572 E IgFunctionalErrorEvent: java.io.IOException: Blocked by DFInsta setting
08-19 21:25:53.134  4572  5157 I DFInstaObserve: !toggles +blocked disable_feed=1 disable_explore=0 disable_reels=0 disable_stories=0 disable_adds=0
08-19 21:25:53.134  4572  5157 I DFInstaObserve: /feed/timeline/
08-19 21:25:53.134  4572  5157 I DFInstaObserve: !blocked /feed/timeline/
08-19 21:25:53.149  4572  4572 E IgFunctionalErrorEvent: FEED_NOT_LOADING
08-19 21:25:53.149  4572  4572 E IgFunctionalErrorEvent: java.io.IOException: Blocked by DFInsta setting
08-19 21:25:54.269  4572  4948 I DFInstaObserve: !toggles +blocked disable_feed=1 disable_explore=0 disable_reels=0 disable_stories=0 disable_adds=0
08-19 21:25:55.213  4572  5142 I DFInstaObserve: !toggles +blocked disable_feed=1 disable_explore=0 disable_reels=0 disable_stories=0 disable_adds=0
08-19 21:25:55.213  4572  5142 I DFInstaObserve: /feed/reels_tray/
08-19 21:25:55.219  4572  5116 I DFInstaObserve: !toggles +blocked disable_feed=1 disable_explore=0 disable_reels=0 disable_stories=0 disable_adds=0
08-19 21:25:55.219  4572  5116 I DFInstaObserve: /feed/timeline/
08-19 21:25:55.219  4572  5116 I DFInstaObserve: !blocked /feed/timeline/
08-19 21:25:55.222  4572  4572 E IgFunctionalErrorEvent: FEED_NOT_LOADING
08-19 21:25:55.222  4572  4572 E IgFunctionalErrorEvent: java.io.IOException: Blocked by DFInsta setting
08-19 21:25:55.238  4572  5116 I DFInstaObserve: !toggles +blocked disable_feed=1 disable_explore=0 disable_reels=0 disable_stories=0 disable_adds=0
08-19 21:25:55.238  4572  5116 I DFInstaObserve: /feed/timeline/
08-19 21:25:55.238  4572  5116 I DFInstaObserve: !blocked /feed/timeline/
08-19 21:25:55.256  4572  4572 E IgFunctionalErrorEvent: FEED_NOT_LOADING
08-19 21:25:55.256  4572  4572 E IgFunctionalErrorEvent: java.io.IOException: Blocked by DFInsta setting
08-19 21:25:55.275  4572  5157 I DFInstaObserve: !toggles +blocked disable_feed=1 disable_explore=0 disable_reels=0 disable_stories=0 disable_adds=0
08-19 21:25:55.275  4572  5157 I DFInstaObserve: /feed/timeline/
08-19 21:25:55.275  4572  5157 I DFInstaObserve: !blocked /feed/timeline/
08-19 21:25:55.299  4572  4572 E IgFunctionalErrorEvent: FEED_NOT_LOADING
08-19 21:25:55.299  4572  4572 E IgFunctionalErrorEvent: java.io.IOException: Blocked by DFInsta setting
08-19 21:25:55.328  4572  5116 I DFInstaObserve: !toggles +blocked disable_feed=1 disable_explore=0 disable_reels=0 disable_stories=0 disable_adds=0
08-19 21:25:55.328  4572  5116 I DFInstaObserve: /feed/timeline/
08-19 21:25:55.328  4572  5116 I DFInstaObserve: !blocked /feed/timeline/
08-19 21:25:55.351  4572  4572 E IgFunctionalErrorEvent: FEED_NOT_LOADING
08-19 21:25:55.351  4572  4572 E IgFunctionalErrorEvent: java.io.IOException: Blocked by DFInsta setting
08-19 21:25:55.368  4572  5157 I DFInstaObserve: !toggles +blocked disable_feed=1 disable_explore=0 disable_reels=0 disable_stories=0 disable_adds=0
08-19 21:25:55.368  4572  5157 I DFInstaObserve: /feed/timeline/
08-19 21:25:55.368  4572  5157 I DFInstaObserve: !blocked /feed/timeline/
08-19 21:25:55.383  4572  4572 E IgFunctionalErrorEvent: FEED_NOT_LOADING
08-19 21:25:55.383  4572  4572 E IgFunctionalErrorEvent: java.io.IOException: Blocked by DFInsta setting
08-19 21:25:55.404  4572  5157 I DFInstaObserve: !toggles +blocked disable_feed=1 disable_explore=0 disable_reels=0 disable_stories=0 disable_adds=0
08-19 21:25:55.404  4572  5157 I DFInstaObserve: /feed/timeline/
08-19 21:25:55.404  4572  5157 I DFInstaObserve: !blocked /feed/timeline/
08-19 21:25:55.429  4572  4572 E IgFunctionalErrorEvent: FEED_NOT_LOADING
08-19 21:25:55.429  4572  4572 E IgFunctionalErrorEvent: java.io.IOException: Blocked by DFInsta setting
08-19 21:25:55.448  4572  5072 I DFInstaObserve: !toggles +blocked disable_feed=1 disable_explore=0 disable_reels=0 disable_stories=0 disable_adds=0
08-19 21:25:55.448  4572  5072 I DFInstaObserve: /feed/timeline/
08-19 21:25:55.448  4572  5072 I DFInstaObserve: !blocked /feed/timeline/
08-19 21:25:55.471  4572  4572 E IgFunctionalErrorEvent: FEED_NOT_LOADING
08-19 21:25:55.471  4572  4572 E IgFunctionalErrorEvent: java.io.IOException: Blocked by DFInsta setting
08-19 21:25:55.491  4572  5177 I DFInstaObserve: !toggles +blocked disable_feed=1 disable_explore=0 disable_reels=0 disable_stories=0 disable_adds=0
08-19 21:25:55.491  4572  5177 I DFInstaObserve: /feed/timeline/
08-19 21:25:55.491  4572  5177 I DFInstaObserve: !blocked /feed/timeline/
08-19 21:25:55.519  4572  4572 E IgFunctionalErrorEvent: FEED_NOT_LOADING
08-19 21:25:55.520  4572  4572 E IgFunctionalErrorEvent: java.io.IOException: Blocked by DFInsta setting
08-19 21:25:56.161  4572  5142 I DFInstaObserve: !toggles +blocked disable_feed=1 disable_explore=0 disable_reels=0 disable_stories=0 disable_adds=0
08-19 21:25:56.161  4572  5142 I DFInstaObserve: /feed/timeline/
08-19 21:25:56.162  4572  5142 I DFInstaObserve: !blocked /feed/timeline/
08-19 21:25:56.167  4572  4572 E IgFunctionalErrorEvent: FEED_NOT_LOADING
08-19 21:25:56.167  4572  4572 E IgFunctionalErrorEvent: java.io.IOException: Blocked by DFInsta setting
08-19 21:25:56.600  4572  4874 I DFInstaObserve: !toggles +blocked disable_feed=1 disable_explore=0 disable_reels=0 disable_stories=0 disable_adds=0
08-19 21:26:08.885  4572  5228 I DFInstaObserve: !toggles +blocked disable_feed=1 disable_explore=0 disable_reels=0 disable_stories=0 disable_adds=0
08-19 21:26:08.984  4572  5228 I DFInstaObserve: !toggles +blocked disable_feed=1 disable_explore=0 disable_reels=0 disable_stories=0 disable_adds=0
08-19 21:26:10.942  4572  5228 I DFInstaObserve: !toggles +blocked disable_feed=1 disable_explore=0 disable_reels=0 disable_stories=0 disable_adds=0
08-19 21:26:11.044  4572  5228 I DFInstaObserve: !toggles +blocked disable_feed=1 disable_explore=0 disable_reels=0 disable_stories=0 disable_adds=0
08-19 21:26:15.881  4572  5228 I DFInstaObserve: !toggles +blocked disable_feed=1 disable_explore=0 disable_reels=0 disable_stories=0 disable_adds=0
08-19 21:26:20.879  4572  5228 I DFInstaObserve: !toggles +blocked disable_feed=1 disable_explore=0 disable_reels=0 disable_stories=0 disable_adds=0
08-19 21:26:23.356  5321  5321 I DFInstaWalk: surface=Search and explore
08-19 21:26:23.511  4572  5274 I DFInstaObserve: !toggles +blocked disable_feed=1 disable_explore=0 disable_reels=0 disable_stories=0 disable_adds=0
08-19 21:26:23.600  4572  5306 I DFInstaObserve: !toggles +blocked disable_feed=1 disable_explore=0 disable_reels=0 disable_stories=0 disable_adds=0
08-19 21:26:23.600  4572  5306 I DFInstaObserve: /discover/topical_explore
08-19 21:26:23.600  4572  5219 I DFInstaObserve: !toggles +blocked disable_feed=1 disable_explore=0 disable_reels=0 disable_stories=0 disable_adds=0
08-19 21:26:24.529  4572  4874 I DFInstaObserve: !toggles +blocked disable_feed=1 disable_explore=0 disable_reels=0 disable_stories=0 disable_adds=0
08-19 21:26:27.501  4572  4615 I DFInstaObserve: !toggles +blocked disable_feed=1 disable_explore=0 disable_reels=0 disable_stories=0 disable_adds=0
08-19 21:26:27.512  4572  4615 I DFInstaObserve: !toggles +blocked disable_feed=1 disable_explore=0 disable_reels=0 disable_stories=0 disable_adds=0
08-19 21:26:27.524  4572  4616 I DFInstaObserve: !toggles +blocked disable_feed=1 disable_explore=0 disable_reels=0 disable_stories=0 disable_adds=0
08-19 21:26:27.534  4572  4615 I DFInstaObserve: !toggles +blocked disable_feed=1 disable_explore=0 disable_reels=0 disable_stories=0 disable_adds=0
08-19 21:26:27.539  4572  4616 I DFInstaObserve: !toggles +blocked disable_feed=1 disable_explore=0 disable_reels=0 disable_stories=0 disable_adds=0
08-19 21:26:27.543  4572  4615 I DFInstaObserve: !toggles +blocked disable_feed=1 disable_explore=0 disable_reels=0 disable_stories=0 disable_adds=0
08-19 21:26:27.560  4572  5048 I DFInstaObserve: !toggles +blocked disable_feed=1 disable_explore=0 disable_reels=0 disable_stories=0 disable_adds=0
08-19 21:26:27.563  4572  4829 I DFInstaObserve: !toggles +blocked disable_feed=1 disable_explore=0 disable_reels=0 disable_stories=0 disable_adds=0
08-19 21:26:27.568  4572  5048 I DFInstaObserve: !toggles +blocked disable_feed=1 disable_explore=0 disable_reels=0 disable_stories=0 disable_adds=0
08-19 21:26:27.569  4572  5352 I DFInstaObserve: !toggles +blocked disable_feed=1 disable_explore=0 disable_reels=0 disable_stories=0 disable_adds=0
08-19 21:26:27.572  4572  5353 I DFInstaObserve: !toggles +blocked disable_feed=1 disable_explore=0 disable_reels=0 disable_stories=0 disable_adds=0
08-19 21:26:27.578  4572  5048 I DFInstaObserve: !toggles +blocked disable_feed=1 disable_explore=0 disable_reels=0 disable_stories=0 disable_adds=0
08-19 21:26:27.588  4572  5048 I DFInstaObserve: !toggles +blocked disable_feed=1 disable_explore=0 disable_reels=0 disable_stories=0 disable_adds=0
08-19 21:26:27.594  4572  5048 I DFInstaObserve: !toggles +blocked disable_feed=1 disable_explore=0 disable_reels=0 disable_stories=0 disable_adds=0
08-19 21:26:27.599  4572  5048 I DFInstaObserve: !toggles +blocked disable_feed=1 disable_explore=0 disable_reels=0 disable_stories=0 disable_adds=0
08-19 21:26:27.690  4572  4829 I DFInstaObserve: !toggles +blocked disable_feed=1 disable_explore=0 disable_reels=0 disable_stories=0 disable_adds=0
08-19 21:26:27.738  4572  5333 I DFInstaObserve: !toggles +blocked disable_feed=1 disable_explore=0 disable_reels=0 disable_stories=0 disable_adds=0
08-19 21:26:27.753  4572  5366 I DFInstaObserve: !toggles +blocked disable_feed=1 disable_explore=0 disable_reels=0 disable_stories=0 disable_adds=0
08-19 21:26:27.810  4572  4829 I DFInstaObserve: !toggles +blocked disable_feed=1 disable_explore=0 disable_reels=0 disable_stories=0 disable_adds=0
08-19 21:26:27.919  4572  5378 I DFInstaObserve: !toggles +blocked disable_feed=1 disable_explore=0 disable_reels=0 disable_stories=0 disable_adds=0
08-19 21:26:27.920  4572  5377 I DFInstaObserve: !toggles +blocked disable_feed=1 disable_explore=0 disable_reels=0 disable_stories=0 disable_adds=0
08-19 21:26:28.294  4572  5243 I DFInstaObserve: !toggles +blocked disable_feed=1 disable_explore=0 disable_reels=0 disable_stories=0 disable_adds=0
08-19 21:26:28.314  4572  5306 I DFInstaObserve: !toggles +blocked disable_feed=1 disable_explore=0 disable_reels=0 disable_stories=0 disable_adds=0
08-19 21:26:28.459  4572  4829 I DFInstaObserve: !toggles +blocked disable_feed=1 disable_explore=0 disable_reels=0 disable_stories=0 disable_adds=0
08-19 21:26:28.496  4572  5243 I DFInstaObserve: !toggles +blocked disable_feed=1 disable_explore=0 disable_reels=0 disable_stories=0 disable_adds=0
08-19 21:26:28.531  4572  5331 I DFInstaObserve: !toggles +blocked disable_feed=1 disable_explore=0 disable_reels=0 disable_stories=0 disable_adds=0
08-19 21:26:28.562  4572  4829 I DFInstaObserve: !toggles +blocked disable_feed=1 disable_explore=0 disable_reels=0 disable_stories=0 disable_adds=0
08-19 21:26:28.662  4572  5331 I DFInstaObserve: !toggles +blocked disable_feed=1 disable_explore=0 disable_reels=0 disable_stories=0 disable_adds=0
08-19 21:26:28.670  4572  4829 I DFInstaObserve: !toggles +blocked disable_feed=1 disable_explore=0 disable_reels=0 disable_stories=0 disable_adds=0
08-19 21:26:28.704  4572  5242 I DFInstaObserve: !toggles +blocked disable_feed=1 disable_explore=0 disable_reels=0 disable_stories=0 disable_adds=0
08-19 21:26:28.790  4572  5382 I DFInstaObserve: !toggles +blocked disable_feed=1 disable_explore=0 disable_reels=0 disable_stories=0 disable_adds=0
08-19 21:26:28.836  4572  5382 I DFInstaObserve: !toggles +blocked disable_feed=1 disable_explore=0 disable_reels=0 disable_stories=0 disable_adds=0
08-19 21:26:28.949  4572  5331 I DFInstaObserve: !toggles +blocked disable_feed=1 disable_explore=0 disable_reels=0 disable_stories=0 disable_adds=0
08-19 21:26:29.006  4572  5307 I DFInstaObserve: !toggles +blocked disable_feed=1 disable_explore=0 disable_reels=0 disable_stories=0 disable_adds=0
08-19 21:26:29.070  4572  4829 I DFInstaObserve: !toggles +blocked disable_feed=1 disable_explore=0 disable_reels=0 disable_stories=0 disable_adds=0
08-19 21:26:29.108  4572  5382 I DFInstaObserve: !toggles +blocked disable_feed=1 disable_explore=0 disable_reels=0 disable_stories=0 disable_adds=0
08-19 21:26:29.173  4572  4829 I DFInstaObserve: !toggles +blocked disable_feed=1 disable_explore=0 disable_reels=0 disable_stories=0 disable_adds=0
08-19 21:26:29.273  4572  4829 I DFInstaObserve: !toggles +blocked disable_feed=1 disable_explore=0 disable_reels=0 disable_stories=0 disable_adds=0
08-19 21:26:29.754  4572  5342 I DFInstaObserve: !toggles +blocked disable_feed=1 disable_explore=0 disable_reels=0 disable_stories=0 disable_adds=0
08-19 21:26:29.890  4572  5366 I DFInstaObserve: !toggles +blocked disable_feed=1 disable_explore=0 disable_reels=0 disable_stories=0 disable_adds=0
08-19 21:26:31.570  4572  5393 I DFInstaObserve: !toggles +blocked disable_feed=1 disable_explore=0 disable_reels=0 disable_stories=0 disable_adds=0
08-19 21:26:31.570  4572  5393 I DFInstaObserve: /discover/topical_explore
08-19 21:26:32.388  4572  5366 I DFInstaObserve: !toggles +blocked disable_feed=1 disable_explore=0 disable_reels=0 disable_stories=0 disable_adds=0
08-19 21:26:33.692  4572  4615 I DFInstaObserve: !toggles +blocked disable_feed=1 disable_explore=0 disable_reels=0 disable_stories=0 disable_adds=0
08-19 21:26:33.696  4572  4616 I DFInstaObserve: !toggles +blocked disable_feed=1 disable_explore=0 disable_reels=0 disable_stories=0 disable_adds=0
08-19 21:26:33.723  4572  4829 I DFInstaObserve: !toggles +blocked disable_feed=1 disable_explore=0 disable_reels=0 disable_stories=0 disable_adds=0
08-19 21:26:33.779  4572  5331 I DFInstaObserve: !toggles +blocked disable_feed=1 disable_explore=0 disable_reels=0 disable_stories=0 disable_adds=0
08-19 21:26:33.808  4572  5377 I DFInstaObserve: !toggles +blocked disable_feed=1 disable_explore=0 disable_reels=0 disable_stories=0 disable_adds=0
08-19 21:26:33.816  4572  5393 I DFInstaObserve: !toggles +blocked disable_feed=1 disable_explore=0 disable_reels=0 disable_stories=0 disable_adds=0
08-19 21:26:33.850  4572  5358 I DFInstaObserve: !toggles +blocked disable_feed=1 disable_explore=0 disable_reels=0 disable_stories=0 disable_adds=0
08-19 21:26:33.958  4572  5306 I DFInstaObserve: !toggles +blocked disable_feed=1 disable_explore=0 disable_reels=0 disable_stories=0 disable_adds=0
08-19 21:26:33.986  4572  5243 I DFInstaObserve: !toggles +blocked disable_feed=1 disable_explore=0 disable_reels=0 disable_stories=0 disable_adds=0
08-19 21:26:34.019  4572  4829 I DFInstaObserve: !toggles +blocked disable_feed=1 disable_explore=0 disable_reels=0 disable_stories=0 disable_adds=0
08-19 21:26:34.061  4572  5306 I DFInstaObserve: !toggles +blocked disable_feed=1 disable_explore=0 disable_reels=0 disable_stories=0 disable_adds=0
08-19 21:26:34.065  4572  4829 I DFInstaObserve: !toggles +blocked disable_feed=1 disable_explore=0 disable_reels=0 disable_stories=0 disable_adds=0
08-19 21:26:34.099  4572  5393 I DFInstaObserve: !toggles +blocked disable_feed=1 disable_explore=0 disable_reels=0 disable_stories=0 disable_adds=0
08-19 21:26:34.193  4572  5358 I DFInstaObserve: !toggles +blocked disable_feed=1 disable_explore=0 disable_reels=0 disable_stories=0 disable_adds=0
08-19 21:26:34.242  4572  4829 I DFInstaObserve: !toggles +blocked disable_feed=1 disable_explore=0 disable_reels=0 disable_stories=0 disable_adds=0
08-19 21:26:34.253  4572  5406 I DFInstaObserve: !toggles +blocked disable_feed=1 disable_explore=0 disable_reels=0 disable_stories=0 disable_adds=0
08-19 21:26:34.288  4572  4829 I DFInstaObserve: !toggles +blocked disable_feed=1 disable_explore=0 disable_reels=0 disable_stories=0 disable_adds=0
08-19 21:26:34.297  4572  5410 I DFInstaObserve: !toggles +blocked disable_feed=1 disable_explore=0 disable_reels=0 disable_stories=0 disable_adds=0
08-19 21:26:34.374  4572  5358 I DFInstaObserve: !toggles +blocked disable_feed=1 disable_explore=0 disable_reels=0 disable_stories=0 disable_adds=0
08-19 21:26:34.399  4572  4829 I DFInstaObserve: !toggles +blocked disable_feed=1 disable_explore=0 disable_reels=0 disable_stories=0 disable_adds=0
08-19 21:26:34.404  4572  5403 I DFInstaObserve: !toggles +blocked disable_feed=1 disable_explore=0 disable_reels=0 disable_stories=0 disable_adds=0
08-19 21:26:34.443  4572  4829 I DFInstaObserve: !toggles +blocked disable_feed=1 disable_explore=0 disable_reels=0 disable_stories=0 disable_adds=0
08-19 21:26:34.469  4572  5410 I DFInstaObserve: !toggles +blocked disable_feed=1 disable_explore=0 disable_reels=0 disable_stories=0 disable_adds=0
08-19 21:26:34.525  4572  5411 I DFInstaObserve: !toggles +blocked disable_feed=1 disable_explore=0 disable_reels=0 disable_stories=0 disable_adds=0
08-19 21:26:34.569  4572  5403 I DFInstaObserve: !toggles +blocked disable_feed=1 disable_explore=0 disable_reels=0 disable_stories=0 disable_adds=0
08-19 21:26:34.941  4572  4829 I DFInstaObserve: !toggles +blocked disable_feed=1 disable_explore=0 disable_reels=0 disable_stories=0 disable_adds=0
08-19 21:26:34.977  4572  4829 I DFInstaObserve: !toggles +blocked disable_feed=1 disable_explore=0 disable_reels=0 disable_stories=0 disable_adds=0
08-19 21:26:35.020  4572  4829 I DFInstaObserve: !toggles +blocked disable_feed=1 disable_explore=0 disable_reels=0 disable_stories=0 disable_adds=0
08-19 21:26:35.052  4572  4829 I DFInstaObserve: !toggles +blocked disable_feed=1 disable_explore=0 disable_reels=0 disable_stories=0 disable_adds=0
08-19 21:26:35.175  4572  5382 I DFInstaObserve: !toggles +blocked disable_feed=1 disable_explore=0 disable_reels=0 disable_stories=0 disable_adds=0
08-19 21:26:35.175  4572  5382 I DFInstaObserve: /discover/topical_explore
08-19 21:26:35.215  4572  4829 I DFInstaObserve: !toggles +blocked disable_feed=1 disable_explore=0 disable_reels=0 disable_stories=0 disable_adds=0
08-19 21:26:35.249  4572  5431 I DFInstaObserve: !toggles +blocked disable_feed=1 disable_explore=0 disable_reels=0 disable_stories=0 disable_adds=0
08-19 21:26:35.463  4572  5439 I DFInstaObserve: !toggles +blocked disable_feed=1 disable_explore=0 disable_reels=0 disable_stories=0 disable_adds=0
08-19 21:26:35.704  4572  5448 I DFInstaObserve: !toggles +blocked disable_feed=1 disable_explore=0 disable_reels=0 disable_stories=0 disable_adds=0
08-19 21:26:37.455  4572  5430 I DFInstaObserve: !toggles +blocked disable_feed=1 disable_explore=0 disable_reels=0 disable_stories=0 disable_adds=0
08-19 21:26:37.603  4572  5430 I DFInstaObserve: !toggles +blocked disable_feed=1 disable_explore=0 disable_reels=0 disable_stories=0 disable_adds=0
08-19 21:26:37.701  4572  5438 I DFInstaObserve: !toggles +blocked disable_feed=1 disable_explore=0 disable_reels=0 disable_stories=0 disable_adds=0
08-19 21:26:37.953  4572  4616 I DFInstaObserve: !toggles +blocked disable_feed=1 disable_explore=0 disable_reels=0 disable_stories=0 disable_adds=0
08-19 21:26:37.958  4572  4615 I DFInstaObserve: !toggles +blocked disable_feed=1 disable_explore=0 disable_reels=0 disable_stories=0 disable_adds=0
08-19 21:26:37.982  4572  4829 I DFInstaObserve: !toggles +blocked disable_feed=1 disable_explore=0 disable_reels=0 disable_stories=0 disable_adds=0
08-19 21:26:38.103  4572  4829 I DFInstaObserve: !toggles +blocked disable_feed=1 disable_explore=0 disable_reels=0 disable_stories=0 disable_adds=0
08-19 21:26:38.113  4572  5219 I DFInstaObserve: !toggles +blocked disable_feed=1 disable_explore=0 disable_reels=0 disable_stories=0 disable_adds=0
08-19 21:26:38.154  4572  4829 I DFInstaObserve: !toggles +blocked disable_feed=1 disable_explore=0 disable_reels=0 disable_stories=0 disable_adds=0
08-19 21:26:38.158  4572  5457 I DFInstaObserve: !toggles +blocked disable_feed=1 disable_explore=0 disable_reels=0 disable_stories=0 disable_adds=0
08-19 21:26:38.232  4572  4829 I DFInstaObserve: !toggles +blocked disable_feed=1 disable_explore=0 disable_reels=0 disable_stories=0 disable_adds=0
08-19 21:26:38.235  4572  5458 I DFInstaObserve: !toggles +blocked disable_feed=1 disable_explore=0 disable_reels=0 disable_stories=0 disable_adds=0
08-19 21:26:38.308  4572  4829 I DFInstaObserve: !toggles +blocked disable_feed=1 disable_explore=0 disable_reels=0 disable_stories=0 disable_adds=0
08-19 21:26:38.310  4572  5219 I DFInstaObserve: !toggles +blocked disable_feed=1 disable_explore=0 disable_reels=0 disable_stories=0 disable_adds=0
08-19 21:26:38.377  4572  5457 I DFInstaObserve: !toggles +blocked disable_feed=1 disable_explore=0 disable_reels=0 disable_stories=0 disable_adds=0
08-19 21:26:38.487  4572  5406 I DFInstaObserve: !toggles +blocked disable_feed=1 disable_explore=0 disable_reels=0 disable_stories=0 disable_adds=0
08-19 21:26:38.526  4572  5382 I DFInstaObserve: !toggles +blocked disable_feed=1 disable_explore=0 disable_reels=0 disable_stories=0 disable_adds=0
08-19 21:26:38.623  4572  5406 I DFInstaObserve: !toggles +blocked disable_feed=1 disable_explore=0 disable_reels=0 disable_stories=0 disable_adds=0
08-19 21:26:38.706  4572  5309 I DFInstaObserve: !toggles +blocked disable_feed=1 disable_explore=0 disable_reels=0 disable_stories=0 disable_adds=0
08-19 21:26:38.707  4572  5309 I DFInstaObserve: /discover/topical_explore
08-19 21:26:38.717  4572  5406 I DFInstaObserve: !toggles +blocked disable_feed=1 disable_explore=0 disable_reels=0 disable_stories=0 disable_adds=0
08-19 21:26:38.856  4572  5219 I DFInstaObserve: !toggles +blocked disable_feed=1 disable_explore=0 disable_reels=0 disable_stories=0 disable_adds=0
08-19 21:26:38.858  4572  5484 I DFInstaObserve: !toggles +blocked disable_feed=1 disable_explore=0 disable_reels=0 disable_stories=0 disable_adds=0
08-19 21:26:39.056  4572  5382 I DFInstaObserve: !toggles +blocked disable_feed=1 disable_explore=0 disable_reels=0 disable_stories=0 disable_adds=0
08-19 21:26:39.101  4572  5219 I DFInstaObserve: !toggles +blocked disable_feed=1 disable_explore=0 disable_reels=0 disable_stories=0 disable_adds=0
08-19 21:26:39.226  4572  5219 I DFInstaObserve: !toggles +blocked disable_feed=1 disable_explore=0 disable_reels=0 disable_stories=0 disable_adds=0
08-19 21:26:39.286  4572  5243 I DFInstaObserve: !toggles +blocked disable_feed=1 disable_explore=0 disable_reels=0 disable_stories=0 disable_adds=0
08-19 21:26:39.361  4572  5243 I DFInstaObserve: !toggles +blocked disable_feed=1 disable_explore=0 disable_reels=0 disable_stories=0 disable_adds=0
08-19 21:26:39.456  4572  5219 I DFInstaObserve: !toggles +blocked disable_feed=1 disable_explore=0 disable_reels=0 disable_stories=0 disable_adds=0
08-19 21:26:39.460  4572  4829 I DFInstaObserve: !toggles +blocked disable_feed=1 disable_explore=0 disable_reels=0 disable_stories=0 disable_adds=0
08-19 21:26:39.583  4572  4829 I DFInstaObserve: !toggles +blocked disable_feed=1 disable_explore=0 disable_reels=0 disable_stories=0 disable_adds=0
08-19 21:26:40.028  4572  4829 I DFInstaObserve: !toggles +blocked disable_feed=1 disable_explore=0 disable_reels=0 disable_stories=0 disable_adds=0
08-19 21:26:40.147  4572  4829 I DFInstaObserve: !toggles +blocked disable_feed=1 disable_explore=0 disable_reels=0 disable_stories=0 disable_adds=0
08-19 21:26:40.262  4572  4829 I DFInstaObserve: !toggles +blocked disable_feed=1 disable_explore=0 disable_reels=0 disable_stories=0 disable_adds=0
08-19 21:26:40.814  4572  5475 I DFInstaObserve: !toggles +blocked disable_feed=1 disable_explore=0 disable_reels=0 disable_stories=0 disable_adds=0
08-19 21:26:40.898  4572  5482 I DFInstaObserve: !toggles +blocked disable_feed=1 disable_explore=0 disable_reels=0 disable_stories=0 disable_adds=0
08-19 21:26:41.185  4572  4616 I DFInstaObserve: !toggles +blocked disable_feed=1 disable_explore=0 disable_reels=0 disable_stories=0 disable_adds=0
08-19 21:26:41.189  4572  4615 I DFInstaObserve: !toggles +blocked disable_feed=1 disable_explore=0 disable_reels=0 disable_stories=0 disable_adds=0
08-19 21:26:41.207  4572  4829 I DFInstaObserve: !toggles +blocked disable_feed=1 disable_explore=0 disable_reels=0 disable_stories=0 disable_adds=0
08-19 21:26:41.318  4572  5309 I DFInstaObserve: !toggles +blocked disable_feed=1 disable_explore=0 disable_reels=0 disable_stories=0 disable_adds=0
08-19 21:26:41.355  4572  5403 I DFInstaObserve: !toggles +blocked disable_feed=1 disable_explore=0 disable_reels=0 disable_stories=0 disable_adds=0
08-19 21:26:41.458  4572  5508 I DFInstaObserve: !toggles +blocked disable_feed=1 disable_explore=0 disable_reels=0 disable_stories=0 disable_adds=0
08-19 21:26:41.468  4572  4829 I DFInstaObserve: !toggles +blocked disable_feed=1 disable_explore=0 disable_reels=0 disable_stories=0 disable_adds=0
08-19 21:26:41.534  4572  5505 I DFInstaObserve: !toggles +blocked disable_feed=1 disable_explore=0 disable_reels=0 disable_stories=0 disable_adds=0
08-19 21:26:41.570  4572  4829 I DFInstaObserve: !toggles +blocked disable_feed=1 disable_explore=0 disable_reels=0 disable_stories=0 disable_adds=0
08-19 21:26:41.651  4572  5403 I DFInstaObserve: !toggles +blocked disable_feed=1 disable_explore=0 disable_reels=0 disable_stories=0 disable_adds=0
08-19 21:26:41.689  4572  5458 I DFInstaObserve: !toggles +blocked disable_feed=1 disable_explore=0 disable_reels=0 disable_stories=0 disable_adds=0
08-19 21:26:41.792  4572  5403 I DFInstaObserve: !toggles +blocked disable_feed=1 disable_explore=0 disable_reels=0 disable_stories=0 disable_adds=0
08-19 21:26:41.819  4572  5506 I DFInstaObserve: !toggles +blocked disable_feed=1 disable_explore=0 disable_reels=0 disable_stories=0 disable_adds=0
08-19 21:26:41.948  4572  5458 I DFInstaObserve: !toggles +blocked disable_feed=1 disable_explore=0 disable_reels=0 disable_stories=0 disable_adds=0
08-19 21:26:41.979  4572  5506 I DFInstaObserve: !toggles +blocked disable_feed=1 disable_explore=0 disable_reels=0 disable_stories=0 disable_adds=0
08-19 21:26:41.997  4572  5528 I DFInstaObserve: !toggles +blocked disable_feed=1 disable_explore=0 disable_reels=0 disable_stories=0 disable_adds=0
08-19 21:26:42.117  4572  5458 I DFInstaObserve: !toggles +blocked disable_feed=1 disable_explore=0 disable_reels=0 disable_stories=0 disable_adds=0
08-19 21:26:42.177  4572  5507 I DFInstaObserve: !toggles +blocked disable_feed=1 disable_explore=0 disable_reels=0 disable_stories=0 disable_adds=0
08-19 21:26:42.286  4572  5403 I DFInstaObserve: !toggles +blocked disable_feed=1 disable_explore=0 disable_reels=0 disable_stories=0 disable_adds=0
08-19 21:26:42.286  4572  5403 I DFInstaObserve: /discover/topical_explore
08-19 21:26:42.349  4572  5458 I DFInstaObserve: !toggles +blocked disable_feed=1 disable_explore=0 disable_reels=0 disable_stories=0 disable_adds=0
08-19 21:26:42.381  4572  5508 I DFInstaObserve: !toggles +blocked disable_feed=1 disable_explore=0 disable_reels=0 disable_stories=0 disable_adds=0
08-19 21:26:42.505  4572  5508 I DFInstaObserve: !toggles +blocked disable_feed=1 disable_explore=0 disable_reels=0 disable_stories=0 disable_adds=0
08-19 21:26:42.597  4572  5458 I DFInstaObserve: !toggles +blocked disable_feed=1 disable_explore=0 disable_reels=0 disable_stories=0 disable_adds=0
08-19 21:26:42.647  4572  5549 I DFInstaObserve: !toggles +blocked disable_feed=1 disable_explore=0 disable_reels=0 disable_stories=0 disable_adds=0
08-19 21:26:42.855  4572  4829 I DFInstaObserve: !toggles +blocked disable_feed=1 disable_explore=0 disable_reels=0 disable_stories=0 disable_adds=0
08-19 21:26:42.948  4572  4829 I DFInstaObserve: !toggles +blocked disable_feed=1 disable_explore=0 disable_reels=0 disable_stories=0 disable_adds=0
08-19 21:26:43.095  4572  4829 I DFInstaObserve: !toggles +blocked disable_feed=1 disable_explore=0 disable_reels=0 disable_stories=0 disable_adds=0
08-19 21:26:43.203  4572  4829 I DFInstaObserve: !toggles +blocked disable_feed=1 disable_explore=0 disable_reels=0 disable_stories=0 disable_adds=0
08-19 21:26:43.303  4572  4829 I DFInstaObserve: !toggles +blocked disable_feed=1 disable_explore=0 disable_reels=0 disable_stories=0 disable_adds=0
08-19 21:26:43.408  4572  4829 I DFInstaObserve: !toggles +blocked disable_feed=1 disable_explore=0 disable_reels=0 disable_stories=0 disable_adds=0
08-19 21:26:44.023  4572  4829 I DFInstaObserve: !toggles +blocked disable_feed=1 disable_explore=0 disable_reels=0 disable_stories=0 disable_adds=0
08-19 21:26:44.219  4572  5534 I DFInstaObserve: !toggles +blocked disable_feed=1 disable_explore=0 disable_reels=0 disable_stories=0 disable_adds=0
08-19 21:26:44.598  4572  4615 I DFInstaObserve: !toggles +blocked disable_feed=1 disable_explore=0 disable_reels=0 disable_stories=0 disable_adds=0
08-19 21:26:44.603  4572  4616 I DFInstaObserve: !toggles +blocked disable_feed=1 disable_explore=0 disable_reels=0 disable_stories=0 disable_adds=0
08-19 21:26:44.621  4572  4829 I DFInstaObserve: !toggles +blocked disable_feed=1 disable_explore=0 disable_reels=0 disable_stories=0 disable_adds=0
08-19 21:26:44.662  4572  5555 I DFInstaObserve: !toggles +blocked disable_feed=1 disable_explore=0 disable_reels=0 disable_stories=0 disable_adds=0
08-19 21:26:44.692  4572  5505 I DFInstaObserve: !toggles +blocked disable_feed=1 disable_explore=0 disable_reels=0 disable_stories=0 disable_adds=0
08-19 21:26:44.778  4572  5508 I DFInstaObserve: !toggles +blocked disable_feed=1 disable_explore=0 disable_reels=0 disable_stories=0 disable_adds=0
08-19 21:26:44.825  4572  5505 I DFInstaObserve: !toggles +blocked disable_feed=1 disable_explore=0 disable_reels=0 disable_stories=0 disable_adds=0
08-19 21:26:44.909  4572  5508 I DFInstaObserve: !toggles +blocked disable_feed=1 disable_explore=0 disable_reels=0 disable_stories=0 disable_adds=0
08-19 21:26:44.985  4572  5410 I DFInstaObserve: !toggles +blocked disable_feed=1 disable_explore=0 disable_reels=0 disable_stories=0 disable_adds=0
08-19 21:26:44.997  4572  4829 I DFInstaObserve: !toggles +blocked disable_feed=1 disable_explore=0 disable_reels=0 disable_stories=0 disable_adds=0
08-19 21:26:45.017  4572  5508 I DFInstaObserve: !toggles +blocked disable_feed=1 disable_explore=0 disable_reels=0 disable_stories=0 disable_adds=0
08-19 21:26:45.051  4572  4829 I DFInstaObserve: !toggles +blocked disable_feed=1 disable_explore=0 disable_reels=0 disable_stories=0 disable_adds=0
08-19 21:26:45.101  4572  5505 I DFInstaObserve: !toggles +blocked disable_feed=1 disable_explore=0 disable_reels=0 disable_stories=0 disable_adds=0
08-19 21:26:45.184  4572  5554 I DFInstaObserve: !toggles +blocked disable_feed=1 disable_explore=0 disable_reels=0 disable_stories=0 disable_adds=0
08-19 21:26:45.268  4572  5410 I DFInstaObserve: !toggles +blocked disable_feed=1 disable_explore=0 disable_reels=0 disable_stories=0 disable_adds=0
08-19 21:26:45.326  4572  5555 I DFInstaObserve: !toggles +blocked disable_feed=1 disable_explore=0 disable_reels=0 disable_stories=0 disable_adds=0
08-19 21:26:45.409  4572  5563 I DFInstaObserve: !toggles +blocked disable_feed=1 disable_explore=0 disable_reels=0 disable_stories=0 disable_adds=0
08-19 21:26:45.459  4572  5410 I DFInstaObserve: !toggles +blocked disable_feed=1 disable_explore=0 disable_reels=0 disable_stories=0 disable_adds=0
08-19 21:26:45.466  4572  4829 I DFInstaObserve: !toggles +blocked disable_feed=1 disable_explore=0 disable_reels=0 disable_stories=0 disable_adds=0
08-19 21:26:45.535  4572  5506 I DFInstaObserve: !toggles +blocked disable_feed=1 disable_explore=0 disable_reels=0 disable_stories=0 disable_adds=0
08-19 21:26:45.545  4572  4829 I DFInstaObserve: !toggles +blocked disable_feed=1 disable_explore=0 disable_reels=0 disable_stories=0 disable_adds=0
08-19 21:26:45.555  4572  5586 I DFInstaObserve: !toggles +blocked disable_feed=1 disable_explore=0 disable_reels=0 disable_stories=0 disable_adds=0
08-19 21:26:45.722  4572  5243 I DFInstaObserve: !toggles +blocked disable_feed=1 disable_explore=0 disable_reels=0 disable_stories=0 disable_adds=0
08-19 21:26:45.739  4572  4829 I DFInstaObserve: !toggles +blocked disable_feed=1 disable_explore=0 disable_reels=0 disable_stories=0 disable_adds=0
08-19 21:26:45.825  4572  4829 I DFInstaObserve: !toggles +blocked disable_feed=1 disable_explore=0 disable_reels=0 disable_stories=0 disable_adds=0
08-19 21:26:46.338  4572  4829 I DFInstaObserve: !toggles +blocked disable_feed=1 disable_explore=0 disable_reels=0 disable_stories=0 disable_adds=0
08-19 21:26:46.379  4572  4829 I DFInstaObserve: !toggles +blocked disable_feed=1 disable_explore=0 disable_reels=0 disable_stories=0 disable_adds=0
08-19 21:26:46.683  4572  4829 I DFInstaObserve: !toggles +blocked disable_feed=1 disable_explore=0 disable_reels=0 disable_stories=0 disable_adds=0
08-19 21:26:47.495  4572  5577 I DFInstaObserve: !toggles +blocked disable_feed=1 disable_explore=0 disable_reels=0 disable_stories=0 disable_adds=0
08-19 21:26:47.530  4572  5577 I DFInstaObserve: !toggles +blocked disable_feed=1 disable_explore=0 disable_reels=0 disable_stories=0 disable_adds=0
08-19 21:26:47.701  4572  5584 I DFInstaObserve: !toggles +blocked disable_feed=1 disable_explore=0 disable_reels=0 disable_stories=0 disable_adds=0
08-19 21:26:47.866  4572  5602 I DFInstaObserve: !toggles +blocked disable_feed=1 disable_explore=0 disable_reels=0 disable_stories=0 disable_adds=0
08-19 21:26:47.982  4572  5602 I DFInstaObserve: !toggles +blocked disable_feed=1 disable_explore=0 disable_reels=0 disable_stories=0 disable_adds=0
08-19 21:26:48.296  5619  5619 I DFInstaWalk: surface=Reels
08-19 21:26:48.514  4572  5592 I DFInstaObserve: !toggles +blocked disable_feed=1 disable_explore=0 disable_reels=0 disable_stories=0 disable_adds=0
08-19 21:26:48.649  4572  4615 I DFInstaObserve: !toggles +blocked disable_feed=1 disable_explore=0 disable_reels=0 disable_stories=0 disable_adds=0
08-19 21:26:48.655  4572  4616 I DFInstaObserve: !toggles +blocked disable_feed=1 disable_explore=0 disable_reels=0 disable_stories=0 disable_adds=0
08-19 21:26:48.722  4572  5048 I DFInstaObserve: !toggles +blocked disable_feed=1 disable_explore=0 disable_reels=0 disable_stories=0 disable_adds=0
08-19 21:26:48.730  4572  5048 I DFInstaObserve: !toggles +blocked disable_feed=1 disable_explore=0 disable_reels=0 disable_stories=0 disable_adds=0
08-19 21:26:48.753  4572  5643 I DFInstaObserve: !toggles +blocked disable_feed=1 disable_explore=0 disable_reels=0 disable_stories=0 disable_adds=0
08-19 21:26:48.870  4572  4616 I DFInstaObserve: !toggles +blocked disable_feed=1 disable_explore=0 disable_reels=0 disable_stories=0 disable_adds=0
08-19 21:26:48.886  4572  4874 I DFInstaObserve: !toggles +blocked disable_feed=1 disable_explore=0 disable_reels=0 disable_stories=0 disable_adds=0
08-19 21:26:48.913  4572  5649 I DFInstaObserve: !toggles +blocked disable_feed=1 disable_explore=0 disable_reels=0 disable_stories=0 disable_adds=0
08-19 21:26:48.989  4572  4874 I DFInstaObserve: !toggles +blocked disable_feed=1 disable_explore=0 disable_reels=0 disable_stories=0 disable_adds=0
08-19 21:26:49.004  4572  5637 I DFInstaObserve: !toggles +blocked disable_feed=1 disable_explore=0 disable_reels=0 disable_stories=0 disable_adds=0
08-19 21:26:49.116  4572  4874 I DFInstaObserve: !toggles +blocked disable_feed=1 disable_explore=0 disable_reels=0 disable_stories=0 disable_adds=0
08-19 21:26:49.207  4572  4874 I DFInstaObserve: !toggles +blocked disable_feed=1 disable_explore=0 disable_reels=0 disable_stories=0 disable_adds=0
08-19 21:26:49.303  4572  4874 I DFInstaObserve: !toggles +blocked disable_feed=1 disable_explore=0 disable_reels=0 disable_stories=0 disable_adds=0
08-19 21:26:49.414  4572  5637 I DFInstaObserve: !toggles +blocked disable_feed=1 disable_explore=0 disable_reels=0 disable_stories=0 disable_adds=0
08-19 21:26:49.458  4572  4874 I DFInstaObserve: !toggles +blocked disable_feed=1 disable_explore=0 disable_reels=0 disable_stories=0 disable_adds=0
08-19 21:26:51.006  4572  5655 I DFInstaObserve: !toggles +blocked disable_feed=1 disable_explore=0 disable_reels=0 disable_stories=0 disable_adds=0
08-19 21:26:51.008  4572  5657 I DFInstaObserve: !toggles +blocked disable_feed=1 disable_explore=0 disable_reels=0 disable_stories=0 disable_adds=0
08-19 21:26:53.479  4572  5655 I DFInstaObserve: !toggles +blocked disable_feed=1 disable_explore=0 disable_reels=0 disable_stories=0 disable_adds=0
08-19 21:26:53.486  4572  5657 I DFInstaObserve: !toggles +blocked disable_feed=1 disable_explore=0 disable_reels=0 disable_stories=0 disable_adds=0
08-19 21:26:56.539  4572  5638 I DFInstaObserve: !toggles +blocked disable_feed=1 disable_explore=0 disable_reels=0 disable_stories=0 disable_adds=0
08-19 21:26:56.539  4572  5638 I DFInstaObserve: /clips/discover
08-19 21:26:56.539  4572  5638 I DFInstaObserve: /clips/discover/stream/
08-19 21:26:56.936  4572  4616 I DFInstaObserve: !toggles +blocked disable_feed=1 disable_explore=0 disable_reels=0 disable_stories=0 disable_adds=0
08-19 21:26:56.974  4572  4616 I DFInstaObserve: !toggles +blocked disable_feed=1 disable_explore=0 disable_reels=0 disable_stories=0 disable_adds=0
08-19 21:26:59.049  4572  5698 I DFInstaObserve: !toggles +blocked disable_feed=1 disable_explore=0 disable_reels=0 disable_stories=0 disable_adds=0
08-19 21:26:59.052  4572  5699 I DFInstaObserve: !toggles +blocked disable_feed=1 disable_explore=0 disable_reels=0 disable_stories=0 disable_adds=0
08-19 21:27:01.190  4572  4615 I DFInstaObserve: !toggles +blocked disable_feed=1 disable_explore=0 disable_reels=0 disable_stories=0 disable_adds=0
08-19 21:27:01.195  4572  4615 I DFInstaObserve: !toggles +blocked disable_feed=1 disable_explore=0 disable_reels=0 disable_stories=0 disable_adds=0
08-19 21:27:01.200  4572  4615 I DFInstaObserve: !toggles +blocked disable_feed=1 disable_explore=0 disable_reels=0 disable_stories=0 disable_adds=0
08-19 21:27:01.205  4572  4615 I DFInstaObserve: !toggles +blocked disable_feed=1 disable_explore=0 disable_reels=0 disable_stories=0 disable_adds=0
08-19 21:27:01.226  4572  4829 I DFInstaObserve: !toggles +blocked disable_feed=1 disable_explore=0 disable_reels=0 disable_stories=0 disable_adds=0
08-19 21:27:01.261  4572  4615 I DFInstaObserve: !toggles +blocked disable_feed=1 disable_explore=0 disable_reels=0 disable_stories=0 disable_adds=0
08-19 21:27:01.483  4572  4615 I DFInstaObserve: !toggles +blocked disable_feed=1 disable_explore=0 disable_reels=0 disable_stories=0 disable_adds=0
08-19 21:27:01.496  4572  4615 I DFInstaObserve: !toggles +blocked disable_feed=1 disable_explore=0 disable_reels=0 disable_stories=0 disable_adds=0
08-19 21:27:01.789  4572  4829 I DFInstaObserve: !toggles +blocked disable_feed=1 disable_explore=0 disable_reels=0 disable_stories=0 disable_adds=0
08-19 21:27:01.834  4572  4829 I DFInstaObserve: !toggles +blocked disable_feed=1 disable_explore=0 disable_reels=0 disable_stories=0 disable_adds=0
08-19 21:27:02.116  4572  4829 I DFInstaObserve: !toggles +blocked disable_feed=1 disable_explore=0 disable_reels=0 disable_stories=0 disable_adds=0
08-19 21:27:02.156  4572  4829 I DFInstaObserve: !toggles +blocked disable_feed=1 disable_explore=0 disable_reels=0 disable_stories=0 disable_adds=0
08-19 21:27:02.402  4572  5732 I DFInstaObserve: !toggles +blocked disable_feed=1 disable_explore=0 disable_reels=0 disable_stories=0 disable_adds=0
08-19 21:27:02.402  4572  5731 I DFInstaObserve: !toggles +blocked disable_feed=1 disable_explore=0 disable_reels=0 disable_stories=0 disable_adds=0
08-19 21:27:03.062  4572  4829 I DFInstaObserve: !toggles +blocked disable_feed=1 disable_explore=0 disable_reels=0 disable_stories=0 disable_adds=0
08-19 21:27:03.182  4572  4829 I DFInstaObserve: !toggles +blocked disable_feed=1 disable_explore=0 disable_reels=0 disable_stories=0 disable_adds=0
08-19 21:27:03.668  4572  4616 I DFInstaObserve: !toggles +blocked disable_feed=1 disable_explore=0 disable_reels=0 disable_stories=0 disable_adds=0
08-19 21:27:03.712  4572  4615 I DFInstaObserve: !toggles +blocked disable_feed=1 disable_explore=0 disable_reels=0 disable_stories=0 disable_adds=0
08-19 21:27:04.917  4572  4829 I DFInstaObserve: !toggles +blocked disable_feed=1 disable_explore=0 disable_reels=0 disable_stories=0 disable_adds=0
08-19 21:27:05.772  4572  5763 I DFInstaObserve: !toggles +blocked disable_feed=1 disable_explore=0 disable_reels=0 disable_stories=0 disable_adds=0
08-19 21:27:05.772  4572  5764 I DFInstaObserve: !toggles +blocked disable_feed=1 disable_explore=0 disable_reels=0 disable_stories=0 disable_adds=0
08-19 21:27:09.139  4572  5794 I DFInstaObserve: !toggles +blocked disable_feed=1 disable_explore=0 disable_reels=0 disable_stories=0 disable_adds=0
08-19 21:27:09.143  4572  5793 I DFInstaObserve: !toggles +blocked disable_feed=1 disable_explore=0 disable_reels=0 disable_stories=0 disable_adds=0
08-19 21:27:09.960  4572  5809 I DFInstaObserve: !toggles +blocked disable_feed=1 disable_explore=0 disable_reels=0 disable_stories=0 disable_adds=0
08-19 21:27:09.960  4572  5809 I DFInstaObserve: /clips/discover
08-19 21:27:09.960  4572  5809 I DFInstaObserve: /clips/discover/stream/
08-19 21:27:10.371  4572  4615 I DFInstaObserve: !toggles +blocked disable_feed=1 disable_explore=0 disable_reels=0 disable_stories=0 disable_adds=0
08-19 21:27:10.408  4572  4616 I DFInstaObserve: !toggles +blocked disable_feed=1 disable_explore=0 disable_reels=0 disable_stories=0 disable_adds=0
08-19 21:27:12.485  4572  5823 I DFInstaObserve: !toggles +blocked disable_feed=1 disable_explore=0 disable_reels=0 disable_stories=0 disable_adds=0
08-19 21:27:12.485  4572  5822 I DFInstaObserve: !toggles +blocked disable_feed=1 disable_explore=0 disable_reels=0 disable_stories=0 disable_adds=0
08-19 21:27:13.219  5862  5862 I DFInstaWalk: surface=Home
08-19 21:27:13.308  4572  5782 I DFInstaObserve: !toggles +blocked disable_feed=1 disable_explore=0 disable_reels=0 disable_stories=0 disable_adds=0
08-19 21:27:13.472  4572  4874 I DFInstaObserve: !toggles +blocked disable_feed=1 disable_explore=0 disable_reels=0 disable_stories=0 disable_adds=0
08-19 21:27:13.555  4572  4874 I DFInstaObserve: !toggles +blocked disable_feed=1 disable_explore=0 disable_reels=0 disable_stories=0 disable_adds=0
08-19 21:27:13.989  4572  4615 I DFInstaObserve: !toggles +blocked disable_feed=1 disable_explore=0 disable_reels=0 disable_stories=0 disable_adds=0
08-19 21:27:13.992  4572  4615 I DFInstaObserve: !toggles +blocked disable_feed=1 disable_explore=0 disable_reels=0 disable_stories=0 disable_adds=0
08-19 21:27:13.998  4572  4829 I DFInstaObserve: !toggles +blocked disable_feed=1 disable_explore=0 disable_reels=0 disable_stories=0 disable_adds=0
08-19 21:27:14.078  4572  5637 I DFInstaObserve: !toggles +blocked disable_feed=1 disable_explore=0 disable_reels=0 disable_stories=0 disable_adds=0
08-19 21:27:14.280  4572  4616 I DFInstaObserve: !toggles +blocked disable_feed=1 disable_explore=0 disable_reels=0 disable_stories=0 disable_adds=0
08-19 21:27:14.286  4572  4615 I DFInstaObserve: !toggles +blocked disable_feed=1 disable_explore=0 disable_reels=0 disable_stories=0 disable_adds=0
08-19 21:27:14.406  4572  5888 I DFInstaObserve: !toggles +blocked disable_feed=1 disable_explore=0 disable_reels=0 disable_stories=0 disable_adds=0
08-19 21:27:14.452  4572  4829 I DFInstaObserve: !toggles +blocked disable_feed=1 disable_explore=0 disable_reels=0 disable_stories=0 disable_adds=0
08-19 21:27:14.494  4572  4829 I DFInstaObserve: !toggles +blocked disable_feed=1 disable_explore=0 disable_reels=0 disable_stories=0 disable_adds=0
08-19 21:27:14.684  4572  4829 I DFInstaObserve: !toggles +blocked disable_feed=1 disable_explore=0 disable_reels=0 disable_stories=0 disable_adds=0
08-19 21:27:14.716  4572  4829 I DFInstaObserve: !toggles +blocked disable_feed=1 disable_explore=0 disable_reels=0 disable_stories=0 disable_adds=0
08-19 21:27:15.075  4572  4829 I DFInstaObserve: !toggles +blocked disable_feed=1 disable_explore=0 disable_reels=0 disable_stories=0 disable_adds=0
08-19 21:27:15.110  4572  4829 I DFInstaObserve: !toggles +blocked disable_feed=1 disable_explore=0 disable_reels=0 disable_stories=0 disable_adds=0
08-19 21:27:15.290  4572  4829 I DFInstaObserve: !toggles +blocked disable_feed=1 disable_explore=0 disable_reels=0 disable_stories=0 disable_adds=0
08-19 21:27:18.754  4572  5884 I DFInstaObserve: !toggles +blocked disable_feed=1 disable_explore=0 disable_reels=0 disable_stories=0 disable_adds=0
08-19 21:27:18.754  4572  5884 I DFInstaObserve: /clips/discover
08-19 21:27:18.754  4572  5884 I DFInstaObserve: /clips/discover/stream/
08-19 21:27:21.446  4572  5951 I DFInstaObserve: !toggles +blocked disable_feed=1 disable_explore=0 disable_reels=0 disable_stories=0 disable_adds=0
08-19 21:27:21.990  4572  4829 I DFInstaObserve: !toggles +blocked disable_feed=1 disable_explore=0 disable_reels=0 disable_stories=0 disable_adds=0
08-19 21:27:22.143  4572  4829 I DFInstaObserve: !toggles +blocked disable_feed=1 disable_explore=0 disable_reels=0 disable_stories=0 disable_adds=0
08-19 21:27:22.477  4572  4829 I DFInstaObserve: !toggles +blocked disable_feed=1 disable_explore=0 disable_reels=0 disable_stories=0 disable_adds=0
08-19 21:27:22.564  4572  4874 I DFInstaObserve: !toggles +blocked disable_feed=1 disable_explore=0 disable_reels=0 disable_stories=0 disable_adds=0
08-19 21:27:22.982  4572  4829 I DFInstaObserve: !toggles +blocked disable_feed=1 disable_explore=0 disable_reels=0 disable_stories=0 disable_adds=0
08-19 21:27:23.033  4572  4829 I DFInstaObserve: !toggles +blocked disable_feed=1 disable_explore=0 disable_reels=0 disable_stories=0 disable_adds=0
08-19 21:27:23.567  4572  4829 I DFInstaObserve: !toggles +blocked disable_feed=1 disable_explore=0 disable_reels=0 disable_stories=0 disable_adds=0
08-19 21:27:23.608  4572  4829 I DFInstaObserve: !toggles +blocked disable_feed=1 disable_explore=0 disable_reels=0 disable_stories=0 disable_adds=0
08-19 21:27:24.122  4572  4829 I DFInstaObserve: !toggles +blocked disable_feed=1 disable_explore=0 disable_reels=0 disable_stories=0 disable_adds=0
08-19 21:27:49.628  6124  6124 I DFInstaWalk: surface=Search and explore
08-19 21:27:50.081  4572  4874 I DFInstaObserve: !toggles +blocked disable_feed=1 disable_explore=0 disable_reels=0 disable_stories=0 disable_adds=0
08-19 21:27:54.316  4572  6148 I DFInstaObserve: !toggles +blocked disable_feed=1 disable_explore=0 disable_reels=0 disable_stories=0 disable_adds=0
08-19 21:27:54.336  4572  6155 I DFInstaObserve: !toggles +blocked disable_feed=1 disable_explore=0 disable_reels=0 disable_stories=0 disable_adds=0
08-19 21:27:54.368  4572  6155 I DFInstaObserve: !toggles +blocked disable_feed=1 disable_explore=0 disable_reels=0 disable_stories=0 disable_adds=0
08-19 21:27:54.389  4572  6163 I DFInstaObserve: !toggles +blocked disable_feed=1 disable_explore=0 disable_reels=0 disable_stories=0 disable_adds=0
08-19 21:27:57.895  4572  6096 I DFInstaObserve: !toggles +blocked disable_feed=1 disable_explore=0 disable_reels=0 disable_stories=0 disable_adds=0
08-19 21:27:57.895  4572  6096 I DFInstaObserve: /discover/topical_explore
08-19 21:27:58.498  4572  6241 I DFInstaObserve: !toggles +blocked disable_feed=1 disable_explore=0 disable_reels=0 disable_stories=0 disable_adds=0
08-19 21:28:00.445  4572  6231 I DFInstaObserve: !toggles +blocked disable_feed=1 disable_explore=0 disable_reels=0 disable_stories=0 disable_adds=0
08-19 21:28:00.572  4572  6249 I DFInstaObserve: !toggles +blocked disable_feed=1 disable_explore=0 disable_reels=0 disable_stories=0 disable_adds=0
08-19 21:28:00.636  4572  6249 I DFInstaObserve: !toggles +blocked disable_feed=1 disable_explore=0 disable_reels=0 disable_stories=0 disable_adds=0
08-19 21:28:00.637  4572  6231 I DFInstaObserve: !toggles +blocked disable_feed=1 disable_explore=0 disable_reels=0 disable_stories=0 disable_adds=0
08-19 21:28:01.902  4572  4615 I DFInstaObserve: !toggles +blocked disable_feed=1 disable_explore=0 disable_reels=0 disable_stories=0 disable_adds=0
08-19 21:28:01.913  4572  4615 I DFInstaObserve: !toggles +blocked disable_feed=1 disable_explore=0 disable_reels=0 disable_stories=0 disable_adds=0
08-19 21:28:01.917  4572  4615 I DFInstaObserve: !toggles +blocked disable_feed=1 disable_explore=0 disable_reels=0 disable_stories=0 disable_adds=0
08-19 21:28:02.224  4572  6297 I DFInstaObserve: !toggles +blocked disable_feed=1 disable_explore=0 disable_reels=0 disable_stories=0 disable_adds=0
08-19 21:28:02.230  4572  6297 I DFInstaObserve: !toggles +blocked disable_feed=1 disable_explore=0 disable_reels=0 disable_stories=0 disable_adds=0
08-19 21:28:02.308  4572  4829 I DFInstaObserve: !toggles +blocked disable_feed=1 disable_explore=0 disable_reels=0 disable_stories=0 disable_adds=0
08-19 21:28:02.441  4572  6264 I DFInstaObserve: !toggles +blocked disable_feed=1 disable_explore=0 disable_reels=0 disable_stories=0 disable_adds=0
08-19 21:28:02.500  4572  6224 I DFInstaObserve: !toggles +blocked disable_feed=1 disable_explore=0 disable_reels=0 disable_stories=0 disable_adds=0
08-19 21:28:02.623  4572  6264 I DFInstaObserve: !toggles +blocked disable_feed=1 disable_explore=0 disable_reels=0 disable_stories=0 disable_adds=0
08-19 21:28:02.665  4572  6264 I DFInstaObserve: !toggles +blocked disable_feed=1 disable_explore=0 disable_reels=0 disable_stories=0 disable_adds=0
08-19 21:28:02.745  4572  4829 I DFInstaObserve: !toggles +blocked disable_feed=1 disable_explore=0 disable_reels=0 disable_stories=0 disable_adds=0
08-19 21:28:02.786  4572  6267 I DFInstaObserve: !toggles +blocked disable_feed=1 disable_explore=0 disable_reels=0 disable_stories=0 disable_adds=0
08-19 21:28:02.828  4572  6096 I DFInstaObserve: !toggles +blocked disable_feed=1 disable_explore=0 disable_reels=0 disable_stories=0 disable_adds=0
08-19 21:28:02.872  4572  4829 I DFInstaObserve: !toggles +blocked disable_feed=1 disable_explore=0 disable_reels=0 disable_stories=0 disable_adds=0
08-19 21:28:02.930  4572  6096 I DFInstaObserve: !toggles +blocked disable_feed=1 disable_explore=0 disable_reels=0 disable_stories=0 disable_adds=0
08-19 21:28:02.977  4572  6229 I DFInstaObserve: !toggles +blocked disable_feed=1 disable_explore=0 disable_reels=0 disable_stories=0 disable_adds=0
08-19 21:28:02.983  4572  4829 I DFInstaObserve: !toggles +blocked disable_feed=1 disable_explore=0 disable_reels=0 disable_stories=0 disable_adds=0
08-19 21:28:03.083  4572  6267 I DFInstaObserve: !toggles +blocked disable_feed=1 disable_explore=0 disable_reels=0 disable_stories=0 disable_adds=0
08-19 21:28:03.134  4572  4829 I DFInstaObserve: !toggles +blocked disable_feed=1 disable_explore=0 disable_reels=0 disable_stories=0 disable_adds=0
08-19 21:28:03.237  4572  6229 I DFInstaObserve: !toggles +blocked disable_feed=1 disable_explore=0 disable_reels=0 disable_stories=0 disable_adds=0
08-19 21:28:03.261  4572  6267 I DFInstaObserve: !toggles +blocked disable_feed=1 disable_explore=0 disable_reels=0 disable_stories=0 disable_adds=0
08-19 21:28:03.376  4572  6229 I DFInstaObserve: !toggles +blocked disable_feed=1 disable_explore=0 disable_reels=0 disable_stories=0 disable_adds=0
08-19 21:28:03.460  4572  6268 I DFInstaObserve: !toggles +blocked disable_feed=1 disable_explore=0 disable_reels=0 disable_stories=0 disable_adds=0
08-19 21:28:03.508  4572  6286 I DFInstaObserve: !toggles +blocked disable_feed=1 disable_explore=0 disable_reels=0 disable_stories=0 disable_adds=0
08-19 21:28:03.621  4572  6286 I DFInstaObserve: !toggles +blocked disable_feed=1 disable_explore=0 disable_reels=0 disable_stories=0 disable_adds=0
08-19 21:28:03.748  4572  6292 I DFInstaObserve: !toggles +blocked disable_feed=1 disable_explore=0 disable_reels=0 disable_stories=0 disable_adds=0
08-19 21:28:03.846  4572  6292 I DFInstaObserve: !toggles +blocked disable_feed=1 disable_explore=0 disable_reels=0 disable_stories=0 disable_adds=0
08-19 21:28:04.398  4572  4829 I DFInstaObserve: !toggles +blocked disable_feed=1 disable_explore=0 disable_reels=0 disable_stories=0 disable_adds=0
08-19 21:28:04.553  4572  6264 I DFInstaObserve: !toggles +blocked disable_feed=1 disable_explore=0 disable_reels=0 disable_stories=0 disable_adds=0
08-19 21:28:04.553  4572  6264 I DFInstaObserve: /discover/topical_explore
08-19 21:28:05.048  4572  6338 I DFInstaObserve: !toggles +blocked disable_feed=1 disable_explore=0 disable_reels=0 disable_stories=0 disable_adds=0
08-19 21:28:07.032  4572  6327 I DFInstaObserve: !toggles +blocked disable_feed=1 disable_explore=0 disable_reels=0 disable_stories=0 disable_adds=0
08-19 21:28:07.366  4572  6336 I DFInstaObserve: !toggles +blocked disable_feed=1 disable_explore=0 disable_reels=0 disable_stories=0 disable_adds=0
08-19 21:28:07.931  4572  6347 I DFInstaObserve: !toggles +blocked disable_feed=1 disable_explore=0 disable_reels=0 disable_stories=0 disable_adds=0
08-19 21:28:07.931  4572  6347 I DFInstaObserve: /discover/topical_explore
08-19 21:28:07.992  4572  4615 I DFInstaObserve: !toggles +blocked disable_feed=1 disable_explore=0 disable_reels=0 disable_stories=0 disable_adds=0
08-19 21:28:07.998  4572  4615 I DFInstaObserve: !toggles +blocked disable_feed=1 disable_explore=0 disable_reels=0 disable_stories=0 disable_adds=0
08-19 21:28:08.003  4572  4615 I DFInstaObserve: !toggles +blocked disable_feed=1 disable_explore=0 disable_reels=0 disable_stories=0 disable_adds=0
08-19 21:28:08.109  4572  6297 I DFInstaObserve: !toggles +blocked disable_feed=1 disable_explore=0 disable_reels=0 disable_stories=0 disable_adds=0
08-19 21:28:08.113  4572  6297 I DFInstaObserve: !toggles +blocked disable_feed=1 disable_explore=0 disable_reels=0 disable_stories=0 disable_adds=0
08-19 21:28:08.117  4572  6297 I DFInstaObserve: !toggles +blocked disable_feed=1 disable_explore=0 disable_reels=0 disable_stories=0 disable_adds=0
08-19 21:28:08.152  4572  4615 I DFInstaObserve: !toggles +blocked disable_feed=1 disable_explore=0 disable_reels=0 disable_stories=0 disable_adds=0
08-19 21:28:08.160  4572  6297 I DFInstaObserve: !toggles +blocked disable_feed=1 disable_explore=0 disable_reels=0 disable_stories=0 disable_adds=0
08-19 21:28:08.189  4572  4829 I DFInstaObserve: !toggles +blocked disable_feed=1 disable_explore=0 disable_reels=0 disable_stories=0 disable_adds=0
08-19 21:28:08.229  4572  5048 I DFInstaObserve: !toggles +blocked disable_feed=1 disable_explore=0 disable_reels=0 disable_stories=0 disable_adds=0
08-19 21:28:08.265  4572  6376 I DFInstaObserve: !toggles +blocked disable_feed=1 disable_explore=0 disable_reels=0 disable_stories=0 disable_adds=0
08-19 21:28:08.373  4572  5048 I DFInstaObserve: !toggles +blocked disable_feed=1 disable_explore=0 disable_reels=0 disable_stories=0 disable_adds=0
08-19 21:28:08.378  4572  5048 I DFInstaObserve: !toggles +blocked disable_feed=1 disable_explore=0 disable_reels=0 disable_stories=0 disable_adds=0
08-19 21:28:08.381  4572  5048 I DFInstaObserve: !toggles +blocked disable_feed=1 disable_explore=0 disable_reels=0 disable_stories=0 disable_adds=0
08-19 21:28:08.418  4572  6383 I DFInstaObserve: !toggles +blocked disable_feed=1 disable_explore=0 disable_reels=0 disable_stories=0 disable_adds=0
08-19 21:28:08.472  4572  6096 I DFInstaObserve: !toggles +blocked disable_feed=1 disable_explore=0 disable_reels=0 disable_stories=0 disable_adds=0
08-19 21:28:08.533  4572  6318 I DFInstaObserve: !toggles +blocked disable_feed=1 disable_explore=0 disable_reels=0 disable_stories=0 disable_adds=0
08-19 21:28:08.694  4572  6395 I DFInstaObserve: !toggles +blocked disable_feed=1 disable_explore=0 disable_reels=0 disable_stories=0 disable_adds=0
08-19 21:28:08.696  4572  6394 I DFInstaObserve: !toggles +blocked disable_feed=1 disable_explore=0 disable_reels=0 disable_stories=0 disable_adds=0
08-19 21:28:08.848  4572  5048 I DFInstaObserve: !toggles +blocked disable_feed=1 disable_explore=0 disable_reels=0 disable_stories=0 disable_adds=0
08-19 21:28:08.946  4572  6390 I DFInstaObserve: !toggles +blocked disable_feed=1 disable_explore=0 disable_reels=0 disable_stories=0 disable_adds=0
08-19 21:28:08.992  4572  6361 I DFInstaObserve: !toggles +blocked disable_feed=1 disable_explore=0 disable_reels=0 disable_stories=0 disable_adds=0
08-19 21:28:09.093  4572  4829 I DFInstaObserve: !toggles +blocked disable_feed=1 disable_explore=0 disable_reels=0 disable_stories=0 disable_adds=0
08-19 21:28:09.128  4572  4829 I DFInstaObserve: !toggles +blocked disable_feed=1 disable_explore=0 disable_reels=0 disable_stories=0 disable_adds=0
08-19 21:28:09.142  4572  6303 I DFInstaObserve: !toggles +blocked disable_feed=1 disable_explore=0 disable_reels=0 disable_stories=0 disable_adds=0
08-19 21:28:09.168  4572  4829 I DFInstaObserve: !toggles +blocked disable_feed=1 disable_explore=0 disable_reels=0 disable_stories=0 disable_adds=0
08-19 21:28:10.376  4572  6376 I DFInstaObserve: !toggles +blocked disable_feed=1 disable_explore=0 disable_reels=0 disable_stories=0 disable_adds=0
08-19 21:28:10.400  4572  4615 I DFInstaObserve: !toggles +blocked disable_feed=1 disable_explore=0 disable_reels=0 disable_stories=0 disable_adds=0
08-19 21:28:10.403  4572  6297 I DFInstaObserve: !toggles +blocked disable_feed=1 disable_explore=0 disable_reels=0 disable_stories=0 disable_adds=0
08-19 21:28:10.425  4572  4829 I DFInstaObserve: !toggles +blocked disable_feed=1 disable_explore=0 disable_reels=0 disable_stories=0 disable_adds=0
08-19 21:28:10.633  4572  6383 I DFInstaObserve: !toggles +blocked disable_feed=1 disable_explore=0 disable_reels=0 disable_stories=0 disable_adds=0
08-19 21:28:10.676  4572  6370 I DFInstaObserve: !toggles +blocked disable_feed=1 disable_explore=0 disable_reels=0 disable_stories=0 disable_adds=0
08-19 21:28:10.754  4572  6264 I DFInstaObserve: !toggles +blocked disable_feed=1 disable_explore=0 disable_reels=0 disable_stories=0 disable_adds=0
08-19 21:28:10.821  4572  6385 I DFInstaObserve: !toggles +blocked disable_feed=1 disable_explore=0 disable_reels=0 disable_stories=0 disable_adds=0
08-19 21:28:10.898  4572  6346 I DFInstaObserve: !toggles +blocked disable_feed=1 disable_explore=0 disable_reels=0 disable_stories=0 disable_adds=0
08-19 21:28:10.927  4572  6385 I DFInstaObserve: !toggles +blocked disable_feed=1 disable_explore=0 disable_reels=0 disable_stories=0 disable_adds=0
08-19 21:28:11.070  4572  6347 I DFInstaObserve: !toggles +blocked disable_feed=1 disable_explore=0 disable_reels=0 disable_stories=0 disable_adds=0
08-19 21:28:11.081  4572  4829 I DFInstaObserve: !toggles +blocked disable_feed=1 disable_explore=0 disable_reels=0 disable_stories=0 disable_adds=0
08-19 21:28:11.098  4572  6372 I DFInstaObserve: !toggles +blocked disable_feed=1 disable_explore=0 disable_reels=0 disable_stories=0 disable_adds=0
08-19 21:28:11.118  4572  4829 I DFInstaObserve: !toggles +blocked disable_feed=1 disable_explore=0 disable_reels=0 disable_stories=0 disable_adds=0
08-19 21:28:11.163  4572  4829 I DFInstaObserve: !toggles +blocked disable_feed=1 disable_explore=0 disable_reels=0 disable_stories=0 disable_adds=0
08-19 21:28:11.170  4572  6264 I DFInstaObserve: !toggles +blocked disable_feed=1 disable_explore=0 disable_reels=0 disable_stories=0 disable_adds=0
08-19 21:28:11.211  4572  4829 I DFInstaObserve: !toggles +blocked disable_feed=1 disable_explore=0 disable_reels=0 disable_stories=0 disable_adds=0
08-19 21:28:11.239  4572  6373 I DFInstaObserve: !toggles +blocked disable_feed=1 disable_explore=0 disable_reels=0 disable_stories=0 disable_adds=0
08-19 21:28:11.304  4572  4829 I DFInstaObserve: !toggles +blocked disable_feed=1 disable_explore=0 disable_reels=0 disable_stories=0 disable_adds=0
08-19 21:28:11.316  4572  6411 I DFInstaObserve: !toggles +blocked disable_feed=1 disable_explore=0 disable_reels=0 disable_stories=0 disable_adds=0
08-19 21:28:11.341  4572  4829 I DFInstaObserve: !toggles +blocked disable_feed=1 disable_explore=0 disable_reels=0 disable_stories=0 disable_adds=0
08-19 21:28:11.356  4572  6347 I DFInstaObserve: !toggles +blocked disable_feed=1 disable_explore=0 disable_reels=0 disable_stories=0 disable_adds=0
08-19 21:28:11.397  4572  6373 I DFInstaObserve: !toggles +blocked disable_feed=1 disable_explore=0 disable_reels=0 disable_stories=0 disable_adds=0
08-19 21:28:11.410  4572  6347 I DFInstaObserve: !toggles +blocked disable_feed=1 disable_explore=0 disable_reels=0 disable_stories=0 disable_adds=0
08-19 21:28:11.410  4572  6347 I DFInstaObserve: /discover/topical_explore
08-19 21:28:11.497  4572  4829 I DFInstaObserve: !toggles +blocked disable_feed=1 disable_explore=0 disable_reels=0 disable_stories=0 disable_adds=0
08-19 21:28:11.516  4572  6372 I DFInstaObserve: !toggles +blocked disable_feed=1 disable_explore=0 disable_reels=0 disable_stories=0 disable_adds=0
08-19 21:28:11.546  4572  4829 I DFInstaObserve: !toggles +blocked disable_feed=1 disable_explore=0 disable_reels=0 disable_stories=0 disable_adds=0
08-19 21:28:11.580  4572  6424 I DFInstaObserve: !toggles +blocked disable_feed=1 disable_explore=0 disable_reels=0 disable_stories=0 disable_adds=0
08-19 21:28:11.588  4572  6373 I DFInstaObserve: !toggles +blocked disable_feed=1 disable_explore=0 disable_reels=0 disable_stories=0 disable_adds=0
08-19 21:28:11.634  4572  6373 I DFInstaObserve: !toggles +blocked disable_feed=1 disable_explore=0 disable_reels=0 disable_stories=0 disable_adds=0
08-19 21:28:11.689  4572  6380 I DFInstaObserve: !toggles +blocked disable_feed=1 disable_explore=0 disable_reels=0 disable_stories=0 disable_adds=0
08-19 21:28:11.801  4572  6433 I DFInstaObserve: !toggles +blocked disable_feed=1 disable_explore=0 disable_reels=0 disable_stories=0 disable_adds=0
08-19 21:28:11.929  4572  4829 I DFInstaObserve: !toggles +blocked disable_feed=1 disable_explore=0 disable_reels=0 disable_stories=0 disable_adds=0
08-19 21:28:13.786  4572  6422 I DFInstaObserve: !toggles +blocked disable_feed=1 disable_explore=0 disable_reels=0 disable_stories=0 disable_adds=0
08-19 21:28:14.114  4572  6432 I DFInstaObserve: !toggles +blocked disable_feed=1 disable_explore=0 disable_reels=0 disable_stories=0 disable_adds=0
08-19 21:28:14.594  6458  6458 I DFInstaWalk: surface=Reels
08-19 21:28:14.931  4572  4615 I DFInstaObserve: !toggles +blocked disable_feed=1 disable_explore=0 disable_reels=0 disable_stories=0 disable_adds=0
08-19 21:28:14.936  4572  6297 I DFInstaObserve: !toggles +blocked disable_feed=1 disable_explore=0 disable_reels=0 disable_stories=0 disable_adds=0
08-19 21:28:15.012  4572  4829 I DFInstaObserve: !toggles +blocked disable_feed=1 disable_explore=0 disable_reels=0 disable_stories=0 disable_adds=0
08-19 21:28:15.027  4572  6488 I DFInstaObserve: !toggles +blocked disable_feed=1 disable_explore=0 disable_reels=0 disable_stories=0 disable_adds=0
08-19 21:28:15.064  4572  6346 I DFInstaObserve: !toggles +blocked disable_feed=1 disable_explore=0 disable_reels=0 disable_stories=0 disable_adds=0
08-19 21:28:15.154  4572  6347 I DFInstaObserve: !toggles +blocked disable_feed=1 disable_explore=0 disable_reels=0 disable_stories=0 disable_adds=0
08-19 21:28:15.190  4572  6490 I DFInstaObserve: !toggles +blocked disable_feed=1 disable_explore=0 disable_reels=0 disable_stories=0 disable_adds=0
08-19 21:28:15.195  4572  4829 I DFInstaObserve: !toggles +blocked disable_feed=1 disable_explore=0 disable_reels=0 disable_stories=0 disable_adds=0
08-19 21:28:15.242  4572  4829 I DFInstaObserve: !toggles +blocked disable_feed=1 disable_explore=0 disable_reels=0 disable_stories=0 disable_adds=0
08-19 21:28:15.271  4572  6483 I DFInstaObserve: !toggles +blocked disable_feed=1 disable_explore=0 disable_reels=0 disable_stories=0 disable_adds=0
08-19 21:28:15.340  4572  6361 I DFInstaObserve: !toggles +blocked disable_feed=1 disable_explore=0 disable_reels=0 disable_stories=0 disable_adds=0
08-19 21:28:15.377  4572  4829 I DFInstaObserve: !toggles +blocked disable_feed=1 disable_explore=0 disable_reels=0 disable_stories=0 disable_adds=0
08-19 21:28:15.413  4572  6370 I DFInstaObserve: !toggles +blocked disable_feed=1 disable_explore=0 disable_reels=0 disable_stories=0 disable_adds=0
08-19 21:28:15.416  4572  4829 I DFInstaObserve: !toggles +blocked disable_feed=1 disable_explore=0 disable_reels=0 disable_stories=0 disable_adds=0
08-19 21:28:15.417  4572  4874 I DFInstaObserve: !toggles +blocked disable_feed=1 disable_explore=0 disable_reels=0 disable_stories=0 disable_adds=0
08-19 21:28:15.493  4572  6455 I DFInstaObserve: !toggles +blocked disable_feed=1 disable_explore=0 disable_reels=0 disable_stories=0 disable_adds=0
08-19 21:28:15.513  4572  4874 I DFInstaObserve: !toggles +blocked disable_feed=1 disable_explore=0 disable_reels=0 disable_stories=0 disable_adds=0
08-19 21:28:15.538  4572  6493 I DFInstaObserve: !toggles +blocked disable_feed=1 disable_explore=0 disable_reels=0 disable_stories=0 disable_adds=0
08-19 21:28:15.573  4572  6488 I DFInstaObserve: !toggles +blocked disable_feed=1 disable_explore=0 disable_reels=0 disable_stories=0 disable_adds=0
08-19 21:28:15.629  4572  6493 I DFInstaObserve: !toggles +blocked disable_feed=1 disable_explore=0 disable_reels=0 disable_stories=0 disable_adds=0
08-19 21:28:15.639  4572  4874 I DFInstaObserve: !toggles +blocked disable_feed=1 disable_explore=0 disable_reels=0 disable_stories=0 disable_adds=0
08-19 21:28:15.663  4572  4829 I DFInstaObserve: !toggles +blocked disable_feed=1 disable_explore=0 disable_reels=0 disable_stories=0 disable_adds=0
08-19 21:28:15.675  4572  6455 I DFInstaObserve: !toggles +blocked disable_feed=1 disable_explore=0 disable_reels=0 disable_stories=0 disable_adds=0
08-19 21:28:15.712  4572  6370 I DFInstaObserve: !toggles +blocked disable_feed=1 disable_explore=0 disable_reels=0 disable_stories=0 disable_adds=0
08-19 21:28:15.714  4572  4829 I DFInstaObserve: !toggles +blocked disable_feed=1 disable_explore=0 disable_reels=0 disable_stories=0 disable_adds=0
08-19 21:28:15.730  4572  4874 I DFInstaObserve: !toggles +blocked disable_feed=1 disable_explore=0 disable_reels=0 disable_stories=0 disable_adds=0
08-19 21:28:15.767  4572  4829 I DFInstaObserve: !toggles +blocked disable_feed=1 disable_explore=0 disable_reels=0 disable_stories=0 disable_adds=0
08-19 21:28:15.802  4572  6455 I DFInstaObserve: !toggles +blocked disable_feed=1 disable_explore=0 disable_reels=0 disable_stories=0 disable_adds=0
08-19 21:28:15.810  4572  4829 I DFInstaObserve: !toggles +blocked disable_feed=1 disable_explore=0 disable_reels=0 disable_stories=0 disable_adds=0
08-19 21:28:15.817  4572  4874 I DFInstaObserve: !toggles +blocked disable_feed=1 disable_explore=0 disable_reels=0 disable_stories=0 disable_adds=0
08-19 21:28:15.841  4572  6490 I DFInstaObserve: !toggles +blocked disable_feed=1 disable_explore=0 disable_reels=0 disable_stories=0 disable_adds=0
08-19 21:28:15.868  4572  6483 I DFInstaObserve: !toggles +blocked disable_feed=1 disable_explore=0 disable_reels=0 disable_stories=0 disable_adds=0
08-19 21:28:15.911  4572  4829 I DFInstaObserve: !toggles +blocked disable_feed=1 disable_explore=0 disable_reels=0 disable_stories=0 disable_adds=0
08-19 21:28:15.935  4572  4829 I DFInstaObserve: !toggles +blocked disable_feed=1 disable_explore=0 disable_reels=0 disable_stories=0 disable_adds=0
08-19 21:28:15.974  4572  4829 I DFInstaObserve: !toggles +blocked disable_feed=1 disable_explore=0 disable_reels=0 disable_stories=0 disable_adds=0
08-19 21:28:17.090  4572  6497 I DFInstaObserve: !toggles +blocked disable_feed=1 disable_explore=0 disable_reels=0 disable_stories=0 disable_adds=0
08-19 21:28:17.096  4572  6496 I DFInstaObserve: !toggles +blocked disable_feed=1 disable_explore=0 disable_reels=0 disable_stories=0 disable_adds=0
08-19 21:28:23.265  4572  6361 I DFInstaObserve: !toggles +blocked disable_feed=1 disable_explore=0 disable_reels=0 disable_stories=0 disable_adds=0
08-19 21:28:23.270  4572  4615 I DFInstaObserve: !toggles +blocked disable_feed=1 disable_explore=0 disable_reels=0 disable_stories=0 disable_adds=0
08-19 21:28:25.323  4572  6549 I DFInstaObserve: !toggles +blocked disable_feed=1 disable_explore=0 disable_reels=0 disable_stories=0 disable_adds=0
08-19 21:28:25.325  4572  6548 I DFInstaObserve: !toggles +blocked disable_feed=1 disable_explore=0 disable_reels=0 disable_stories=0 disable_adds=0
08-19 21:28:28.689  4572  6579 I DFInstaObserve: !toggles +blocked disable_feed=1 disable_explore=0 disable_reels=0 disable_stories=0 disable_adds=0
08-19 21:28:28.689  4572  6578 I DFInstaObserve: !toggles +blocked disable_feed=1 disable_explore=0 disable_reels=0 disable_stories=0 disable_adds=0
08-19 21:28:29.507  4572  6564 I DFInstaObserve: !toggles +blocked disable_feed=1 disable_explore=0 disable_reels=0 disable_stories=0 disable_adds=0
08-19 21:28:29.507  4572  6564 I DFInstaObserve: /clips/discover
08-19 21:28:29.507  4572  6564 I DFInstaObserve: /clips/discover/stream/
08-19 21:28:29.920  4572  4615 I DFInstaObserve: !toggles +blocked disable_feed=1 disable_explore=0 disable_reels=0 disable_stories=0 disable_adds=0
08-19 21:28:32.048  4572  6612 I DFInstaObserve: !toggles +blocked disable_feed=1 disable_explore=0 disable_reels=0 disable_stories=0 disable_adds=0
08-19 21:28:32.052  4572  6613 I DFInstaObserve: !toggles +blocked disable_feed=1 disable_explore=0 disable_reels=0 disable_stories=0 disable_adds=0
08-19 21:28:34.076  4572  4615 I DFInstaObserve: !toggles +blocked disable_feed=1 disable_explore=0 disable_reels=0 disable_stories=0 disable_adds=0
08-19 21:28:34.092  4572  4615 I DFInstaObserve: !toggles +blocked disable_feed=1 disable_explore=0 disable_reels=0 disable_stories=0 disable_adds=0
08-19 21:28:34.123  4572  4829 I DFInstaObserve: !toggles +blocked disable_feed=1 disable_explore=0 disable_reels=0 disable_stories=0 disable_adds=0
08-19 21:28:34.144  4572  6297 I DFInstaObserve: !toggles +blocked disable_feed=1 disable_explore=0 disable_reels=0 disable_stories=0 disable_adds=0
08-19 21:28:34.152  4572  6361 I DFInstaObserve: !toggles +blocked disable_feed=1 disable_explore=0 disable_reels=0 disable_stories=0 disable_adds=0
08-19 21:28:34.209  4572  4829 I DFInstaObserve: !toggles +blocked disable_feed=1 disable_explore=0 disable_reels=0 disable_stories=0 disable_adds=0
08-19 21:28:34.253  4572  4829 I DFInstaObserve: !toggles +blocked disable_feed=1 disable_explore=0 disable_reels=0 disable_stories=0 disable_adds=0
08-19 21:28:34.509  4572  4829 I DFInstaObserve: !toggles +blocked disable_feed=1 disable_explore=0 disable_reels=0 disable_stories=0 disable_adds=0
08-19 21:28:34.749  4572  4615 I DFInstaObserve: !toggles +blocked disable_feed=1 disable_explore=0 disable_reels=0 disable_stories=0 disable_adds=0
08-19 21:28:34.757  4572  4615 I DFInstaObserve: !toggles +blocked disable_feed=1 disable_explore=0 disable_reels=0 disable_stories=0 disable_adds=0
08-19 21:28:34.808  4572  4829 I DFInstaObserve: !toggles +blocked disable_feed=1 disable_explore=0 disable_reels=0 disable_stories=0 disable_adds=0
08-19 21:28:34.838  4572  6634 I DFInstaObserve: !toggles +blocked disable_feed=1 disable_explore=0 disable_reels=0 disable_stories=0 disable_adds=0
08-19 21:28:35.011  4572  4829 I DFInstaObserve: !toggles +blocked disable_feed=1 disable_explore=0 disable_reels=0 disable_stories=0 disable_adds=0
08-19 21:28:35.085  4572  4829 I DFInstaObserve: !toggles +blocked disable_feed=1 disable_explore=0 disable_reels=0 disable_stories=0 disable_adds=0
08-19 21:28:35.363  4572  6647 I DFInstaObserve: !toggles +blocked disable_feed=1 disable_explore=0 disable_reels=0 disable_stories=0 disable_adds=0
08-19 21:28:35.368  4572  6646 I DFInstaObserve: !toggles +blocked disable_feed=1 disable_explore=0 disable_reels=0 disable_stories=0 disable_adds=0
08-19 21:28:35.650  4572  4829 I DFInstaObserve: !toggles +blocked disable_feed=1 disable_explore=0 disable_reels=0 disable_stories=0 disable_adds=0
08-19 21:28:36.632  4572  6297 I DFInstaObserve: !toggles +blocked disable_feed=1 disable_explore=0 disable_reels=0 disable_stories=0 disable_adds=0
08-19 21:28:38.723  4572  6672 I DFInstaObserve: !toggles +blocked disable_feed=1 disable_explore=0 disable_reels=0 disable_stories=0 disable_adds=0
08-19 21:28:38.724  4572  6671 I DFInstaObserve: !toggles +blocked disable_feed=1 disable_explore=0 disable_reels=0 disable_stories=0 disable_adds=0
08-19 21:28:39.484  6707  6707 I DFInstaWalk: surface=Home
08-19 21:28:39.572  4572  6701 I DFInstaObserve: !toggles +blocked disable_feed=1 disable_explore=0 disable_reels=0 disable_stories=0 disable_adds=0
08-19 21:28:40.043  4572  4874 I DFInstaObserve: !toggles +blocked disable_feed=1 disable_explore=0 disable_reels=0 disable_stories=0 disable_adds=0
08-19 21:28:40.209  4572  4874 I DFInstaObserve: !toggles +blocked disable_feed=1 disable_explore=0 disable_reels=0 disable_stories=0 disable_adds=0
08-19 21:28:48.678  4572  4874 I DFInstaObserve: !toggles +blocked disable_feed=1 disable_explore=0 disable_reels=0 disable_stories=0 disable_adds=0
08-19 21:29:15.867  6837  6837 I DFInstaWalk: surface=Search and explore
08-19 21:29:16.145  4572  4874 I DFInstaObserve: !toggles +blocked disable_feed=1 disable_explore=0 disable_reels=0 disable_stories=0 disable_adds=0
08-19 21:29:20.587  4572  6853 I DFInstaObserve: !toggles +blocked disable_feed=1 disable_explore=0 disable_reels=0 disable_stories=0 disable_adds=0
08-19 21:29:20.613  4572  6853 I DFInstaObserve: !toggles +blocked disable_feed=1 disable_explore=0 disable_reels=0 disable_stories=0 disable_adds=0
08-19 21:29:24.343  4572  6975 I DFInstaObserve: !toggles +blocked disable_feed=1 disable_explore=0 disable_reels=0 disable_stories=0 disable_adds=0
08-19 21:29:24.343  4572  6975 I DFInstaObserve: /discover/topical_explore
08-19 21:29:24.513  4572  7002 I DFInstaObserve: !toggles +blocked disable_feed=1 disable_explore=0 disable_reels=0 disable_stories=0 disable_adds=0
08-19 21:29:26.502  4572  6993 I DFInstaObserve: !toggles +blocked disable_feed=1 disable_explore=0 disable_reels=0 disable_stories=0 disable_adds=0
08-19 21:29:26.738  4572  7001 I DFInstaObserve: !toggles +blocked disable_feed=1 disable_explore=0 disable_reels=0 disable_stories=0 disable_adds=0
08-19 21:29:27.754  4572  6297 I DFInstaObserve: !toggles +blocked disable_feed=1 disable_explore=0 disable_reels=0 disable_stories=0 disable_adds=0
08-19 21:29:27.760  4572  7033 I DFInstaObserve: !toggles +blocked disable_feed=1 disable_explore=0 disable_reels=0 disable_stories=0 disable_adds=0
08-19 21:29:27.851  4572  4829 I DFInstaObserve: !toggles +blocked disable_feed=1 disable_explore=0 disable_reels=0 disable_stories=0 disable_adds=0
08-19 21:29:27.869  4572  6958 I DFInstaObserve: !toggles +blocked disable_feed=1 disable_explore=0 disable_reels=0 disable_stories=0 disable_adds=0
08-19 21:29:27.923  4572  7045 I DFInstaObserve: !toggles +blocked disable_feed=1 disable_explore=0 disable_reels=0 disable_stories=0 disable_adds=0
08-19 21:29:27.945  4572  6897 I DFInstaObserve: !toggles +blocked disable_feed=1 disable_explore=0 disable_reels=0 disable_stories=0 disable_adds=0
08-19 21:29:27.945  4572  6897 I DFInstaObserve: /discover/topical_explore
08-19 21:29:28.019  4572  4829 I DFInstaObserve: !toggles +blocked disable_feed=1 disable_explore=0 disable_reels=0 disable_stories=0 disable_adds=0
08-19 21:29:28.077  4572  4829 I DFInstaObserve: !toggles +blocked disable_feed=1 disable_explore=0 disable_reels=0 disable_stories=0 disable_adds=0
08-19 21:29:28.121  4572  5048 I DFInstaObserve: !toggles +blocked disable_feed=1 disable_explore=0 disable_reels=0 disable_stories=0 disable_adds=0
08-19 21:29:28.194  4572  6968 I DFInstaObserve: !toggles +blocked disable_feed=1 disable_explore=0 disable_reels=0 disable_stories=0 disable_adds=0
08-19 21:29:28.261  4572  4829 I DFInstaObserve: !toggles +blocked disable_feed=1 disable_explore=0 disable_reels=0 disable_stories=0 disable_adds=0
08-19 21:29:28.301  4572  4829 I DFInstaObserve: !toggles +blocked disable_feed=1 disable_explore=0 disable_reels=0 disable_stories=0 disable_adds=0
08-19 21:29:28.373  4572  7021 I DFInstaObserve: !toggles +blocked disable_feed=1 disable_explore=0 disable_reels=0 disable_stories=0 disable_adds=0
08-19 21:29:28.399  4572  7062 I DFInstaObserve: !toggles +blocked disable_feed=1 disable_explore=0 disable_reels=0 disable_stories=0 disable_adds=0
08-19 21:29:28.405  4572  4829 I DFInstaObserve: !toggles +blocked disable_feed=1 disable_explore=0 disable_reels=0 disable_stories=0 disable_adds=0
08-19 21:29:28.439  4572  6958 I DFInstaObserve: !toggles +blocked disable_feed=1 disable_explore=0 disable_reels=0 disable_stories=0 disable_adds=0
08-19 21:29:28.468  4572  6968 I DFInstaObserve: !toggles +blocked disable_feed=1 disable_explore=0 disable_reels=0 disable_stories=0 disable_adds=0
08-19 21:29:28.506  4572  6968 I DFInstaObserve: !toggles +blocked disable_feed=1 disable_explore=0 disable_reels=0 disable_stories=0 disable_adds=0
08-19 21:29:28.549  4572  7062 I DFInstaObserve: !toggles +blocked disable_feed=1 disable_explore=0 disable_reels=0 disable_stories=0 disable_adds=0
08-19 21:29:28.585  4572  7063 I DFInstaObserve: !toggles +blocked disable_feed=1 disable_explore=0 disable_reels=0 disable_stories=0 disable_adds=0
08-19 21:29:28.623  4572  6968 I DFInstaObserve: !toggles +blocked disable_feed=1 disable_explore=0 disable_reels=0 disable_stories=0 disable_adds=0
08-19 21:29:28.657  4572  7062 I DFInstaObserve: !toggles +blocked disable_feed=1 disable_explore=0 disable_reels=0 disable_stories=0 disable_adds=0
08-19 21:29:28.696  4572  6965 I DFInstaObserve: !toggles +blocked disable_feed=1 disable_explore=0 disable_reels=0 disable_stories=0 disable_adds=0
08-19 21:29:28.839  4572  6968 I DFInstaObserve: !toggles +blocked disable_feed=1 disable_explore=0 disable_reels=0 disable_stories=0 disable_adds=0
08-19 21:29:28.865  4572  7063 I DFInstaObserve: !toggles +blocked disable_feed=1 disable_explore=0 disable_reels=0 disable_stories=0 disable_adds=0
08-19 21:29:29.845  4572  7036 I DFInstaObserve: !toggles +blocked disable_feed=1 disable_explore=0 disable_reels=0 disable_stories=0 disable_adds=0
08-19 21:29:29.899  4572  7036 I DFInstaObserve: !toggles +blocked disable_feed=1 disable_explore=0 disable_reels=0 disable_stories=0 disable_adds=0
08-19 21:29:30.053  4572  7054 I DFInstaObserve: !toggles +blocked disable_feed=1 disable_explore=0 disable_reels=0 disable_stories=0 disable_adds=0
08-19 21:29:30.751  4572  7033 I DFInstaObserve: !toggles +blocked disable_feed=1 disable_explore=0 disable_reels=0 disable_stories=0 disable_adds=0
08-19 21:29:30.760  4572  7083 I DFInstaObserve: !toggles +blocked disable_feed=1 disable_explore=0 disable_reels=0 disable_stories=0 disable_adds=0
08-19 21:29:30.795  4572  4829 I DFInstaObserve: !toggles +blocked disable_feed=1 disable_explore=0 disable_reels=0 disable_stories=0 disable_adds=0
08-19 21:29:30.885  4572  6958 I DFInstaObserve: !toggles +blocked disable_feed=1 disable_explore=0 disable_reels=0 disable_stories=0 disable_adds=0
08-19 21:29:30.917  4572  7086 I DFInstaObserve: !toggles +blocked disable_feed=1 disable_explore=0 disable_reels=0 disable_stories=0 disable_adds=0
08-19 21:29:31.004  4572  6958 I DFInstaObserve: !toggles +blocked disable_feed=1 disable_explore=0 disable_reels=0 disable_stories=0 disable_adds=0
08-19 21:29:31.068  4572  4829 I DFInstaObserve: !toggles +blocked disable_feed=1 disable_explore=0 disable_reels=0 disable_stories=0 disable_adds=0
08-19 21:29:31.124  4572  4829 I DFInstaObserve: !toggles +blocked disable_feed=1 disable_explore=0 disable_reels=0 disable_stories=0 disable_adds=0
08-19 21:29:31.176  4572  7061 I DFInstaObserve: !toggles +blocked disable_feed=1 disable_explore=0 disable_reels=0 disable_stories=0 disable_adds=0
08-19 21:29:31.216  4572  7099 I DFInstaObserve: !toggles +blocked disable_feed=1 disable_explore=0 disable_reels=0 disable_stories=0 disable_adds=0
08-19 21:29:31.294  4572  7099 I DFInstaObserve: !toggles +blocked disable_feed=1 disable_explore=0 disable_reels=0 disable_stories=0 disable_adds=0
08-19 21:29:31.312  4572  4829 I DFInstaObserve: !toggles +blocked disable_feed=1 disable_explore=0 disable_reels=0 disable_stories=0 disable_adds=0
08-19 21:29:31.347  4572  7087 I DFInstaObserve: !toggles +blocked disable_feed=1 disable_explore=0 disable_reels=0 disable_stories=0 disable_adds=0
08-19 21:29:31.366  4572  4829 I DFInstaObserve: !toggles +blocked disable_feed=1 disable_explore=0 disable_reels=0 disable_stories=0 disable_adds=0
08-19 21:29:31.428  4572  7062 I DFInstaObserve: !toggles +blocked disable_feed=1 disable_explore=0 disable_reels=0 disable_stories=0 disable_adds=0
08-19 21:29:31.459  4572  4829 I DFInstaObserve: !toggles +blocked disable_feed=1 disable_explore=0 disable_reels=0 disable_stories=0 disable_adds=0
08-19 21:29:31.515  4572  7061 I DFInstaObserve: !toggles +blocked disable_feed=1 disable_explore=0 disable_reels=0 disable_stories=0 disable_adds=0
08-19 21:29:31.603  4572  7087 I DFInstaObserve: !toggles +blocked disable_feed=1 disable_explore=0 disable_reels=0 disable_stories=0 disable_adds=0
08-19 21:29:31.603  4572  7087 I DFInstaObserve: /discover/topical_explore
08-19 21:29:31.607  4572  7095 I DFInstaObserve: !toggles +blocked disable_feed=1 disable_explore=0 disable_reels=0 disable_stories=0 disable_adds=0
08-19 21:29:31.688  4572  7062 I DFInstaObserve: !toggles +blocked disable_feed=1 disable_explore=0 disable_reels=0 disable_stories=0 disable_adds=0
08-19 21:29:31.724  4572  7128 I DFInstaObserve: !toggles +blocked disable_feed=1 disable_explore=0 disable_reels=0 disable_stories=0 disable_adds=0
08-19 21:29:31.756  4572  7099 I DFInstaObserve: !toggles +blocked disable_feed=1 disable_explore=0 disable_reels=0 disable_stories=0 disable_adds=0
08-19 21:29:31.788  4572  7062 I DFInstaObserve: !toggles +blocked disable_feed=1 disable_explore=0 disable_reels=0 disable_stories=0 disable_adds=0
08-19 21:29:31.841  4572  7095 I DFInstaObserve: !toggles +blocked disable_feed=1 disable_explore=0 disable_reels=0 disable_stories=0 disable_adds=0
08-19 21:29:31.921  4572  7061 I DFInstaObserve: !toggles +blocked disable_feed=1 disable_explore=0 disable_reels=0 disable_stories=0 disable_adds=0
08-19 21:29:31.990  4572  7062 I DFInstaObserve: !toggles +blocked disable_feed=1 disable_explore=0 disable_reels=0 disable_stories=0 disable_adds=0
08-19 21:29:33.323  4572  7110 I DFInstaObserve: !toggles +blocked disable_feed=1 disable_explore=0 disable_reels=0 disable_stories=0 disable_adds=0
08-19 21:29:33.418  4572  7110 I DFInstaObserve: !toggles +blocked disable_feed=1 disable_explore=0 disable_reels=0 disable_stories=0 disable_adds=0
08-19 21:29:33.691  4572  7120 I DFInstaObserve: !toggles +blocked disable_feed=1 disable_explore=0 disable_reels=0 disable_stories=0 disable_adds=0
08-19 21:29:34.085  4572  7033 I DFInstaObserve: !toggles +blocked disable_feed=1 disable_explore=0 disable_reels=0 disable_stories=0 disable_adds=0
08-19 21:29:34.089  4572  7083 I DFInstaObserve: !toggles +blocked disable_feed=1 disable_explore=0 disable_reels=0 disable_stories=0 disable_adds=0
08-19 21:29:34.112  4572  4829 I DFInstaObserve: !toggles +blocked disable_feed=1 disable_explore=0 disable_reels=0 disable_stories=0 disable_adds=0
08-19 21:29:34.250  4572  4829 I DFInstaObserve: !toggles +blocked disable_feed=1 disable_explore=0 disable_reels=0 disable_stories=0 disable_adds=0
08-19 21:29:34.322  4572  7086 I DFInstaObserve: !toggles +blocked disable_feed=1 disable_explore=0 disable_reels=0 disable_stories=0 disable_adds=0
08-19 21:29:34.391  4572  6897 I DFInstaObserve: !toggles +blocked disable_feed=1 disable_explore=0 disable_reels=0 disable_stories=0 disable_adds=0
08-19 21:29:34.636  4572  4829 I DFInstaObserve: !toggles +blocked disable_feed=1 disable_explore=0 disable_reels=0 disable_stories=0 disable_adds=0
08-19 21:29:34.669  4572  7157 I DFInstaObserve: !toggles +blocked disable_feed=1 disable_explore=0 disable_reels=0 disable_stories=0 disable_adds=0
08-19 21:29:34.709  4572  7087 I DFInstaObserve: !toggles +blocked disable_feed=1 disable_explore=0 disable_reels=0 disable_stories=0 disable_adds=0
08-19 21:29:34.815  4572  7087 I DFInstaObserve: !toggles +blocked disable_feed=1 disable_explore=0 disable_reels=0 disable_stories=0 disable_adds=0
08-19 21:29:34.852  4572  7099 I DFInstaObserve: !toggles +blocked disable_feed=1 disable_explore=0 disable_reels=0 disable_stories=0 disable_adds=0
08-19 21:29:34.971  4572  7156 I DFInstaObserve: !toggles +blocked disable_feed=1 disable_explore=0 disable_reels=0 disable_stories=0 disable_adds=0
08-19 21:29:35.050  4572  7087 I DFInstaObserve: !toggles +blocked disable_feed=1 disable_explore=0 disable_reels=0 disable_stories=0 disable_adds=0
08-19 21:29:35.125  4572  7156 I DFInstaObserve: !toggles +blocked disable_feed=1 disable_explore=0 disable_reels=0 disable_stories=0 disable_adds=0
08-19 21:29:35.160  4572  4829 I DFInstaObserve: !toggles +blocked disable_feed=1 disable_explore=0 disable_reels=0 disable_stories=0 disable_adds=0
08-19 21:29:35.173  4572  7087 I DFInstaObserve: !toggles +blocked disable_feed=1 disable_explore=0 disable_reels=0 disable_stories=0 disable_adds=0
08-19 21:29:35.236  4572  6897 I DFInstaObserve: !toggles +blocked disable_feed=1 disable_explore=0 disable_reels=0 disable_stories=0 disable_adds=0
08-19 21:29:35.262  4572  4829 I DFInstaObserve: !toggles +blocked disable_feed=1 disable_explore=0 disable_reels=0 disable_stories=0 disable_adds=0
08-19 21:29:35.288  4572  7095 I DFInstaObserve: !toggles +blocked disable_feed=1 disable_explore=0 disable_reels=0 disable_stories=0 disable_adds=0
08-19 21:29:35.390  4572  7087 I DFInstaObserve: !toggles +blocked disable_feed=1 disable_explore=0 disable_reels=0 disable_stories=0 disable_adds=0
08-19 21:29:35.471  4572  7099 I DFInstaObserve: !toggles +blocked disable_feed=1 disable_explore=0 disable_reels=0 disable_stories=0 disable_adds=0
08-19 21:29:35.558  4572  7087 I DFInstaObserve: !toggles +blocked disable_feed=1 disable_explore=0 disable_reels=0 disable_stories=0 disable_adds=0
08-19 21:29:36.046  4572  4829 I DFInstaObserve: !toggles +blocked disable_feed=1 disable_explore=0 disable_reels=0 disable_stories=0 disable_adds=0
08-19 21:29:36.156  4572  4829 I DFInstaObserve: !toggles +blocked disable_feed=1 disable_explore=0 disable_reels=0 disable_stories=0 disable_adds=0
08-19 21:29:36.510  4572  7127 I DFInstaObserve: !toggles +blocked disable_feed=1 disable_explore=0 disable_reels=0 disable_stories=0 disable_adds=0
08-19 21:29:36.800  4572  4829 I DFInstaObserve: !toggles +blocked disable_feed=1 disable_explore=0 disable_reels=0 disable_stories=0 disable_adds=0
08-19 21:29:36.852  4572  7148 I DFInstaObserve: !toggles +blocked disable_feed=1 disable_explore=0 disable_reels=0 disable_stories=0 disable_adds=0
08-19 21:29:36.908  4572  4829 I DFInstaObserve: !toggles +blocked disable_feed=1 disable_explore=0 disable_reels=0 disable_stories=0 disable_adds=0
08-19 21:29:37.476  4572  4829 I DFInstaObserve: !toggles +blocked disable_feed=1 disable_explore=0 disable_reels=0 disable_stories=0 disable_adds=0
08-19 21:29:37.657  4572  7166 I DFInstaObserve: !toggles +blocked disable_feed=1 disable_explore=0 disable_reels=0 disable_stories=0 disable_adds=0
08-19 21:29:37.657  4572  7166 I DFInstaObserve: /discover/topical_explore
08-19 21:29:37.891  4572  7188 I DFInstaObserve: !toggles +blocked disable_feed=1 disable_explore=0 disable_reels=0 disable_stories=0 disable_adds=0
08-19 21:29:38.089  4572  7197 I DFInstaObserve: !toggles +blocked disable_feed=1 disable_explore=0 disable_reels=0 disable_stories=0 disable_adds=0
08-19 21:29:40.071  4572  7187 I DFInstaObserve: !toggles +blocked disable_feed=1 disable_explore=0 disable_reels=0 disable_stories=0 disable_adds=0
08-19 21:29:40.310  4572  7196 I DFInstaObserve: !toggles +blocked disable_feed=1 disable_explore=0 disable_reels=0 disable_stories=0 disable_adds=0
08-19 21:29:40.762  4572  7033 I DFInstaObserve: !toggles +blocked disable_feed=1 disable_explore=0 disable_reels=0 disable_stories=0 disable_adds=0
08-19 21:29:40.765  4572  7033 I DFInstaObserve: !toggles +blocked disable_feed=1 disable_explore=0 disable_reels=0 disable_stories=0 disable_adds=0
08-19 21:29:40.787  4572  4829 I DFInstaObserve: !toggles +blocked disable_feed=1 disable_explore=0 disable_reels=0 disable_stories=0 disable_adds=0
08-19 21:29:40.804  4572  7087 I DFInstaObserve: !toggles +blocked disable_feed=1 disable_explore=0 disable_reels=0 disable_stories=0 disable_adds=0
08-19 21:29:40.830  7213  7213 I DFInstaWalk: surface=Reels
08-19 21:29:40.884  4572  7166 I DFInstaObserve: !toggles +blocked disable_feed=1 disable_explore=0 disable_reels=0 disable_stories=0 disable_adds=0
08-19 21:29:40.927  4572  7097 I DFInstaObserve: !toggles +blocked disable_feed=1 disable_explore=0 disable_reels=0 disable_stories=0 disable_adds=0
08-19 21:29:40.970  4572  4829 I DFInstaObserve: !toggles +blocked disable_feed=1 disable_explore=0 disable_reels=0 disable_stories=0 disable_adds=0
08-19 21:29:41.001  4572  6897 I DFInstaObserve: !toggles +blocked disable_feed=1 disable_explore=0 disable_reels=0 disable_stories=0 disable_adds=0
08-19 21:29:41.016  4572  4829 I DFInstaObserve: !toggles +blocked disable_feed=1 disable_explore=0 disable_reels=0 disable_stories=0 disable_adds=0
08-19 21:29:41.159  4572  7207 I DFInstaObserve: !toggles +blocked disable_feed=1 disable_explore=0 disable_reels=0 disable_stories=0 disable_adds=0
08-19 21:29:41.211  4572  4829 I DFInstaObserve: !toggles +blocked disable_feed=1 disable_explore=0 disable_reels=0 disable_stories=0 disable_adds=0
08-19 21:29:41.242  4572  7166 I DFInstaObserve: !toggles +blocked disable_feed=1 disable_explore=0 disable_reels=0 disable_stories=0 disable_adds=0
08-19 21:29:41.265  4572  4829 I DFInstaObserve: !toggles +blocked disable_feed=1 disable_explore=0 disable_reels=0 disable_stories=0 disable_adds=0
08-19 21:29:41.359  4572  7247 I DFInstaObserve: !toggles +blocked disable_feed=1 disable_explore=0 disable_reels=0 disable_stories=0 disable_adds=0
08-19 21:29:41.375  4572  4874 I DFInstaObserve: !toggles +blocked disable_feed=1 disable_explore=0 disable_reels=0 disable_stories=0 disable_adds=0
08-19 21:29:41.402  4572  7240 I DFInstaObserve: !toggles +blocked disable_feed=1 disable_explore=0 disable_reels=0 disable_stories=0 disable_adds=0
08-19 21:29:41.524  4572  4874 I DFInstaObserve: !toggles +blocked disable_feed=1 disable_explore=0 disable_reels=0 disable_stories=0 disable_adds=0
08-19 21:29:41.554  4572  7207 I DFInstaObserve: !toggles +blocked disable_feed=1 disable_explore=0 disable_reels=0 disable_stories=0 disable_adds=0
08-19 21:29:41.633  4572  4874 I DFInstaObserve: !toggles +blocked disable_feed=1 disable_explore=0 disable_reels=0 disable_stories=0 disable_adds=0
08-19 21:29:41.636  4572  7247 I DFInstaObserve: !toggles +blocked disable_feed=1 disable_explore=0 disable_reels=0 disable_stories=0 disable_adds=0
08-19 21:29:41.662  4572  7246 I DFInstaObserve: !toggles +blocked disable_feed=1 disable_explore=0 disable_reels=0 disable_stories=0 disable_adds=0
08-19 21:29:41.735  4572  4874 I DFInstaObserve: !toggles +blocked disable_feed=1 disable_explore=0 disable_reels=0 disable_stories=0 disable_adds=0
08-19 21:29:41.766  4572  7097 I DFInstaObserve: !toggles +blocked disable_feed=1 disable_explore=0 disable_reels=0 disable_stories=0 disable_adds=0
08-19 21:29:41.827  4572  7240 I DFInstaObserve: !toggles +blocked disable_feed=1 disable_explore=0 disable_reels=0 disable_stories=0 disable_adds=0
08-19 21:29:41.857  4572  4829 I DFInstaObserve: !toggles +blocked disable_feed=1 disable_explore=0 disable_reels=0 disable_stories=0 disable_adds=0
08-19 21:29:41.857  4572  4874 I DFInstaObserve: !toggles +blocked disable_feed=1 disable_explore=0 disable_reels=0 disable_stories=0 disable_adds=0
08-19 21:29:41.866  4572  7245 I DFInstaObserve: !toggles +blocked disable_feed=1 disable_explore=0 disable_reels=0 disable_stories=0 disable_adds=0
08-19 21:29:41.902  4572  7166 I DFInstaObserve: !toggles +blocked disable_feed=1 disable_explore=0 disable_reels=0 disable_stories=0 disable_adds=0
08-19 21:29:41.913  4572  4829 I DFInstaObserve: !toggles +blocked disable_feed=1 disable_explore=0 disable_reels=0 disable_stories=0 disable_adds=0
08-19 21:29:41.990  4572  7240 I DFInstaObserve: !toggles +blocked disable_feed=1 disable_explore=0 disable_reels=0 disable_stories=0 disable_adds=0
08-19 21:29:42.004  4572  4829 I DFInstaObserve: !toggles +blocked disable_feed=1 disable_explore=0 disable_reels=0 disable_stories=0 disable_adds=0
08-19 21:29:43.299  4572  7254 I DFInstaObserve: !toggles +blocked disable_feed=1 disable_explore=0 disable_reels=0 disable_stories=0 disable_adds=0
08-19 21:29:43.303  4572  7238 I DFInstaObserve: !toggles +blocked disable_feed=1 disable_explore=0 disable_reels=0 disable_stories=0 disable_adds=0
08-19 21:29:49.066  4572  7247 I DFInstaObserve: !toggles +blocked disable_feed=1 disable_explore=0 disable_reels=0 disable_stories=0 disable_adds=0
08-19 21:29:49.067  4572  7247 I DFInstaObserve: /clips/discover
08-19 21:29:49.067  4572  7247 I DFInstaObserve: /clips/discover/stream/
08-19 21:29:49.463  4572  7208 I DFInstaObserve: !toggles +blocked disable_feed=1 disable_explore=0 disable_reels=0 disable_stories=0 disable_adds=0
08-19 21:29:49.521  4572  7033 I DFInstaObserve: !toggles +blocked disable_feed=1 disable_explore=0 disable_reels=0 disable_stories=0 disable_adds=0
08-19 21:29:51.572  4572  7303 I DFInstaObserve: !toggles +blocked disable_feed=1 disable_explore=0 disable_reels=0 disable_stories=0 disable_adds=0
08-19 21:29:51.582  4572  7302 I DFInstaObserve: !toggles +blocked disable_feed=1 disable_explore=0 disable_reels=0 disable_stories=0 disable_adds=0
08-19 21:29:52.850  4572  7319 I DFInstaObserve: !toggles +blocked disable_feed=1 disable_explore=0 disable_reels=0 disable_stories=0 disable_adds=0
08-19 21:29:53.212  4572  7033 I DFInstaObserve: !toggles +blocked disable_feed=1 disable_explore=0 disable_reels=0 disable_stories=0 disable_adds=0
08-19 21:29:53.221  4572  7033 I DFInstaObserve: !toggles +blocked disable_feed=1 disable_explore=0 disable_reels=0 disable_stories=0 disable_adds=0
08-19 21:29:53.285  4572  5048 I DFInstaObserve: !toggles +blocked disable_feed=1 disable_explore=0 disable_reels=0 disable_stories=0 disable_adds=0
08-19 21:29:53.289  4572  4829 I DFInstaObserve: !toggles +blocked disable_feed=1 disable_explore=0 disable_reels=0 disable_stories=0 disable_adds=0
08-19 21:29:53.497  4572  7033 I DFInstaObserve: !toggles +blocked disable_feed=1 disable_explore=0 disable_reels=0 disable_stories=0 disable_adds=0
08-19 21:29:53.501  4572  7033 I DFInstaObserve: !toggles +blocked disable_feed=1 disable_explore=0 disable_reels=0 disable_stories=0 disable_adds=0
08-19 21:29:53.617  4572  7278 I DFInstaObserve: !toggles +blocked disable_feed=1 disable_explore=0 disable_reels=0 disable_stories=0 disable_adds=0
08-19 21:29:53.965  4572  4829 I DFInstaObserve: !toggles +blocked disable_feed=1 disable_explore=0 disable_reels=0 disable_stories=0 disable_adds=0
08-19 21:29:54.240  4572  4829 I DFInstaObserve: !toggles +blocked disable_feed=1 disable_explore=0 disable_reels=0 disable_stories=0 disable_adds=0
08-19 21:29:54.338  4572  4829 I DFInstaObserve: !toggles +blocked disable_feed=1 disable_explore=0 disable_reels=0 disable_stories=0 disable_adds=0
08-19 21:29:54.386  4572  4829 I DFInstaObserve: !toggles +blocked disable_feed=1 disable_explore=0 disable_reels=0 disable_stories=0 disable_adds=0
08-19 21:29:54.506  4572  4829 I DFInstaObserve: !toggles +blocked disable_feed=1 disable_explore=0 disable_reels=0 disable_stories=0 disable_adds=0
08-19 21:29:54.560  4572  4829 I DFInstaObserve: !toggles +blocked disable_feed=1 disable_explore=0 disable_reels=0 disable_stories=0 disable_adds=0
08-19 21:29:54.709  4572  4829 I DFInstaObserve: !toggles +blocked disable_feed=1 disable_explore=0 disable_reels=0 disable_stories=0 disable_adds=0
08-19 21:29:54.932  4572  7332 I DFInstaObserve: !toggles +blocked disable_feed=1 disable_explore=0 disable_reels=0 disable_stories=0 disable_adds=0
08-19 21:29:54.932  4572  7331 I DFInstaObserve: !toggles +blocked disable_feed=1 disable_explore=0 disable_reels=0 disable_stories=0 disable_adds=0
08-19 21:29:56.152  4572  7033 I DFInstaObserve: !toggles +blocked disable_feed=1 disable_explore=0 disable_reels=0 disable_stories=0 disable_adds=0
08-19 21:29:56.163  4572  7208 I DFInstaObserve: !toggles +blocked disable_feed=1 disable_explore=0 disable_reels=0 disable_stories=0 disable_adds=0
08-19 21:29:58.295  4572  7394 I DFInstaObserve: !toggles +blocked disable_feed=1 disable_explore=0 disable_reels=0 disable_stories=0 disable_adds=0
08-19 21:29:58.301  4572  7392 I DFInstaObserve: !toggles +blocked disable_feed=1 disable_explore=0 disable_reels=0 disable_stories=0 disable_adds=0
08-19 21:30:01.609  4572  7433 I DFInstaObserve: !toggles +blocked disable_feed=1 disable_explore=0 disable_reels=0 disable_stories=0 disable_adds=0
08-19 21:30:01.615  4572  7434 I DFInstaObserve: !toggles +blocked disable_feed=1 disable_explore=0 disable_reels=0 disable_stories=0 disable_adds=0
08-19 21:30:02.463  4572  7319 I DFInstaObserve: !toggles +blocked disable_feed=1 disable_explore=0 disable_reels=0 disable_stories=0 disable_adds=0
08-19 21:30:02.463  4572  7319 I DFInstaObserve: /clips/discover
08-19 21:30:02.463  4572  7319 I DFInstaObserve: /clips/discover/stream/
08-19 21:30:02.885  4572  7033 I DFInstaObserve: !toggles +blocked disable_feed=1 disable_explore=0 disable_reels=0 disable_stories=0 disable_adds=0
08-19 21:30:04.969  4572  7469 I DFInstaObserve: !toggles +blocked disable_feed=1 disable_explore=0 disable_reels=0 disable_stories=0 disable_adds=0
08-19 21:30:04.973  4572  7468 I DFInstaObserve: !toggles +blocked disable_feed=1 disable_explore=0 disable_reels=0 disable_stories=0 disable_adds=0
