08-19 20:45:51.714  9546  9546 I DFInstaProbe: set_app_context
08-19 20:45:51.866  9546  9708 I DFInstaProbe: replace_reels_stream_endpoint
08-19 20:45:52.102  9546  9751 I DFInstaProbe: tigon_url_block
08-19 20:45:52.102  9546  9751 I DFInstaObserve: !toggles +blocked disable_feed=0 disable_explore=0 disable_reels=1 disable_stories=0 disable_adds=0
08-19 20:45:52.102  9546  9751 I DFInstaObserve: /feed/timeline/
08-19 20:45:52.117  9546  9708 I DFInstaObserve: !toggles +blocked disable_feed=0 disable_explore=0 disable_reels=1 disable_stories=0 disable_adds=0
08-19 20:45:52.117  9546  9708 I DFInstaObserve: /feed/reels_tray/
08-19 20:45:52.178  9546  9801 I DFInstaObserve: !toggles +blocked disable_feed=0 disable_explore=0 disable_reels=1 disable_stories=0 disable_adds=0
08-19 20:45:52.478  9546  9843 I DFInstaObserve: !toggles +blocked disable_feed=0 disable_explore=0 disable_reels=1 disable_stories=0 disable_adds=0
08-19 20:45:52.603  9851  9851 I DFInstaProbe: set_app_context
08-19 20:45:52.815  9546  9772 I DFInstaObserve: !toggles +blocked disable_feed=0 disable_explore=0 disable_reels=1 disable_stories=0 disable_adds=0
08-19 20:45:52.956  9546  9843 I DFInstaObserve: !toggles +blocked disable_feed=0 disable_explore=0 disable_reels=1 disable_stories=0 disable_adds=0
08-19 20:45:53.394  9546  9801 I DFInstaObserve: !toggles +blocked disable_feed=0 disable_explore=0 disable_reels=1 disable_stories=0 disable_adds=0
08-19 20:45:53.476  9546  9584 I DFInstaObserve: !toggles +blocked disable_feed=0 disable_explore=0 disable_reels=1 disable_stories=0 disable_adds=0
08-19 20:45:53.739  9546  9843 I DFInstaObserve: !toggles +blocked disable_feed=0 disable_explore=0 disable_reels=1 disable_stories=0 disable_adds=0
08-19 20:45:54.135  9546  9584 I DFInstaObserve: !toggles +blocked disable_feed=0 disable_explore=0 disable_reels=1 disable_stories=0 disable_adds=0
08-19 20:45:54.142  9546  9779 I DFInstaObserve: !toggles +blocked disable_feed=0 disable_explore=0 disable_reels=1 disable_stories=0 disable_adds=0
08-19 20:45:54.224  9546  9751 I DFInstaObserve: !toggles +blocked disable_feed=0 disable_explore=0 disable_reels=1 disable_stories=0 disable_adds=0
08-19 20:45:54.224  9546  9751 I DFInstaObserve: /feed/timeline/
08-19 20:45:55.948  9546  9801 I DFInstaObserve: !toggles +blocked disable_feed=0 disable_explore=0 disable_reels=1 disable_stories=0 disable_adds=0
08-19 20:45:55.950  9546  9918 I DFInstaObserve: !toggles +blocked disable_feed=0 disable_explore=0 disable_reels=1 disable_stories=0 disable_adds=0
08-19 20:45:56.051  9546  9918 I DFInstaObserve: !toggles +blocked disable_feed=0 disable_explore=0 disable_reels=1 disable_stories=0 disable_adds=0
08-19 20:45:56.216  9546  9801 I DFInstaObserve: !toggles +blocked disable_feed=0 disable_explore=0 disable_reels=1 disable_stories=0 disable_adds=0
08-19 20:45:56.934  9546  9801 I DFInstaObserve: !toggles +blocked disable_feed=0 disable_explore=0 disable_reels=1 disable_stories=0 disable_adds=0
08-19 20:45:57.508  9546  9801 I DFInstaObserve: !toggles +blocked disable_feed=0 disable_explore=0 disable_reels=1 disable_stories=0 disable_adds=0
08-19 20:45:57.851  9546  9586 I DFInstaObserve: !toggles +blocked disable_feed=0 disable_explore=0 disable_reels=1 disable_stories=0 disable_adds=0
08-19 20:45:57.855  9546  9586 I DFInstaObserve: !toggles +blocked disable_feed=0 disable_explore=0 disable_reels=1 disable_stories=0 disable_adds=0
08-19 20:45:58.147  9546  9801 I DFInstaObserve: !toggles +blocked disable_feed=0 disable_explore=0 disable_reels=1 disable_stories=0 disable_adds=0
08-19 20:45:58.382  9546  9772 I DFInstaObserve: !toggles +blocked disable_feed=0 disable_explore=0 disable_reels=1 disable_stories=0 disable_adds=0
08-19 20:45:58.415  9546  9918 I DFInstaObserve: !toggles +blocked disable_feed=0 disable_explore=0 disable_reels=1 disable_stories=0 disable_adds=0
08-19 20:45:58.615  9546  9774 I DFInstaObserve: !toggles +blocked disable_feed=0 disable_explore=0 disable_reels=1 disable_stories=0 disable_adds=0
08-19 20:45:58.889  9546  9774 I DFInstaObserve: !toggles +blocked disable_feed=0 disable_explore=0 disable_reels=1 disable_stories=0 disable_adds=0
08-19 20:45:58.938  9546  9772 I DFInstaObserve: !toggles +blocked disable_feed=0 disable_explore=0 disable_reels=1 disable_stories=0 disable_adds=0
08-19 20:45:58.938  9546  9772 I DFInstaObserve: /discover/topical_explore
08-19 20:45:59.087  9546  9958 I DFInstaObserve: !toggles +blocked disable_feed=0 disable_explore=0 disable_reels=1 disable_stories=0 disable_adds=0
08-19 20:45:59.194  9546  9777 I DFInstaObserve: !toggles +blocked disable_feed=0 disable_explore=0 disable_reels=1 disable_stories=0 disable_adds=0
08-19 20:45:59.840  9546  9777 I DFInstaObserve: !toggles +blocked disable_feed=0 disable_explore=0 disable_reels=1 disable_stories=0 disable_adds=0
08-19 20:45:59.926  9546  9587 I DFInstaObserve: !toggles +blocked disable_feed=0 disable_explore=0 disable_reels=1 disable_stories=0 disable_adds=0
08-19 20:46:00.184  9546  9762 I DFInstaObserve: !toggles +blocked disable_feed=0 disable_explore=0 disable_reels=1 disable_stories=0 disable_adds=0
08-19 20:46:00.268  9546  9587 I DFInstaObserve: !toggles +blocked disable_feed=0 disable_explore=0 disable_reels=1 disable_stories=0 disable_adds=0
08-19 20:46:00.789  9546  9990 I DFInstaObserve: !toggles +blocked disable_feed=0 disable_explore=0 disable_reels=1 disable_stories=0 disable_adds=0
08-19 20:46:00.809  9546  9999 I DFInstaObserve: !toggles +blocked disable_feed=0 disable_explore=0 disable_reels=1 disable_stories=0 disable_adds=0
08-19 20:46:03.147  9546  9584 I DFInstaObserve: !toggles +blocked disable_feed=0 disable_explore=0 disable_reels=1 disable_stories=0 disable_adds=0
08-19 20:46:03.154  9546  9584 I DFInstaObserve: !toggles +blocked disable_feed=0 disable_explore=0 disable_reels=1 disable_stories=0 disable_adds=0
08-19 20:46:03.252  9546  9987 I DFInstaObserve: !toggles +blocked disable_feed=0 disable_explore=0 disable_reels=1 disable_stories=0 disable_adds=0
08-19 20:46:03.285  9546  9801 I DFInstaObserve: !toggles +blocked disable_feed=0 disable_explore=0 disable_reels=1 disable_stories=0 disable_adds=0
08-19 20:46:03.380  9546  9772 I DFInstaObserve: !toggles +blocked disable_feed=0 disable_explore=0 disable_reels=1 disable_stories=0 disable_adds=0
08-19 20:46:03.415  9546  9780 I DFInstaObserve: !toggles +blocked disable_feed=0 disable_explore=0 disable_reels=1 disable_stories=0 disable_adds=0
08-19 20:46:03.585  9546  9766 I DFInstaObserve: !toggles +blocked disable_feed=0 disable_explore=0 disable_reels=1 disable_stories=0 disable_adds=0
08-19 20:46:03.623  9546  9959 I DFInstaObserve: !toggles +blocked disable_feed=0 disable_explore=0 disable_reels=1 disable_stories=0 disable_adds=0
08-19 20:46:03.707  9546  9766 I DFInstaObserve: !toggles +blocked disable_feed=0 disable_explore=0 disable_reels=1 disable_stories=0 disable_adds=0
08-19 20:46:03.857  9546  9777 I DFInstaObserve: !toggles +blocked disable_feed=0 disable_explore=0 disable_reels=1 disable_stories=0 disable_adds=0
08-19 20:46:03.966  9546  9988 I DFInstaObserve: !toggles +blocked disable_feed=0 disable_explore=0 disable_reels=1 disable_stories=0 disable_adds=0
08-19 20:46:04.011  9546  9766 I DFInstaObserve: !toggles +blocked disable_feed=0 disable_explore=0 disable_reels=1 disable_stories=0 disable_adds=0
08-19 20:46:04.024  9546  9988 I DFInstaObserve: !toggles +blocked disable_feed=0 disable_explore=0 disable_reels=1 disable_stories=0 disable_adds=0
08-19 20:46:04.026  9546  9959 I DFInstaObserve: !toggles +blocked disable_feed=0 disable_explore=0 disable_reels=1 disable_stories=0 disable_adds=0
08-19 20:46:04.273  9546  9780 I DFInstaObserve: !toggles +blocked disable_feed=0 disable_explore=0 disable_reels=1 disable_stories=0 disable_adds=0
08-19 20:46:04.316  9546  9777 I DFInstaObserve: !toggles +blocked disable_feed=0 disable_explore=0 disable_reels=1 disable_stories=0 disable_adds=0
08-19 20:46:04.406  9546  9801 I DFInstaObserve: !toggles +blocked disable_feed=0 disable_explore=0 disable_reels=1 disable_stories=0 disable_adds=0
08-19 20:46:04.414  9546  9780 I DFInstaObserve: !toggles +blocked disable_feed=0 disable_explore=0 disable_reels=1 disable_stories=0 disable_adds=0
08-19 20:46:04.464  9546  9988 I DFInstaObserve: !toggles +blocked disable_feed=0 disable_explore=0 disable_reels=1 disable_stories=0 disable_adds=0
08-19 20:46:04.510  9546  9774 I DFInstaObserve: !toggles +blocked disable_feed=0 disable_explore=0 disable_reels=1 disable_stories=0 disable_adds=0
08-19 20:46:04.562  9546  9801 I DFInstaObserve: !toggles +blocked disable_feed=0 disable_explore=0 disable_reels=1 disable_stories=0 disable_adds=0
08-19 20:46:04.779  9546  9843 I DFInstaObserve: !toggles +blocked disable_feed=0 disable_explore=0 disable_reels=1 disable_stories=0 disable_adds=0
08-19 20:46:04.788  9546  9958 I DFInstaObserve: !toggles +blocked disable_feed=0 disable_explore=0 disable_reels=1 disable_stories=0 disable_adds=0
08-19 20:46:04.999  9546  9959 I DFInstaObserve: !toggles +blocked disable_feed=0 disable_explore=0 disable_reels=1 disable_stories=0 disable_adds=0
08-19 20:46:05.194  9546  9958 I DFInstaObserve: !toggles +blocked disable_feed=0 disable_explore=0 disable_reels=1 disable_stories=0 disable_adds=0
08-19 20:46:05.630  9546  9801 I DFInstaObserve: !toggles +blocked disable_feed=0 disable_explore=0 disable_reels=1 disable_stories=0 disable_adds=0
08-19 20:46:05.784  9546  9801 I DFInstaObserve: !toggles +blocked disable_feed=0 disable_explore=0 disable_reels=1 disable_stories=0 disable_adds=0
08-19 20:46:06.042  9546  9801 I DFInstaObserve: !toggles +blocked disable_feed=0 disable_explore=0 disable_reels=1 disable_stories=0 disable_adds=0
08-19 20:46:06.160  9546  9801 I DFInstaObserve: !toggles +blocked disable_feed=0 disable_explore=0 disable_reels=1 disable_stories=0 disable_adds=0
08-19 20:46:06.657  9546  9801 I DFInstaObserve: !toggles +blocked disable_feed=0 disable_explore=0 disable_reels=1 disable_stories=0 disable_adds=0
08-19 20:46:06.769  9546  9843 I DFInstaObserve: !toggles +blocked disable_feed=0 disable_explore=0 disable_reels=1 disable_stories=0 disable_adds=0
08-19 20:46:06.809  9546  9801 I DFInstaObserve: !toggles +blocked disable_feed=0 disable_explore=0 disable_reels=1 disable_stories=0 disable_adds=0
08-19 20:46:07.033  9546  9801 I DFInstaObserve: !toggles +blocked disable_feed=0 disable_explore=0 disable_reels=1 disable_stories=0 disable_adds=0
08-19 20:46:07.140  9546  9801 I DFInstaObserve: !toggles +blocked disable_feed=0 disable_explore=0 disable_reels=1 disable_stories=0 disable_adds=0
08-19 20:46:07.844  9546  9801 I DFInstaObserve: !toggles +blocked disable_feed=0 disable_explore=0 disable_reels=1 disable_stories=0 disable_adds=0
08-19 20:46:09.707 10082 10082 I DFInstaWalk: surface=Home
08-19 20:46:09.808  9546  9987 I DFInstaObserve: !toggles +blocked disable_feed=0 disable_explore=0 disable_reels=1 disable_stories=0 disable_adds=0
08-19 20:46:09.808  9546  9987 I DFInstaObserve: /feed/timeline/
08-19 20:46:09.808  9546 10067 I DFInstaObserve: !toggles +blocked disable_feed=0 disable_explore=0 disable_reels=1 disable_stories=0 disable_adds=0
08-19 20:46:09.808  9546 10067 I DFInstaObserve: /feed/reels_tray/
08-19 20:46:10.863  9546  9584 I DFInstaObserve: !toggles +blocked disable_feed=0 disable_explore=0 disable_reels=1 disable_stories=0 disable_adds=0
08-19 20:46:11.182  9546 10000 I DFInstaObserve: !toggles +blocked disable_feed=0 disable_explore=0 disable_reels=1 disable_stories=0 disable_adds=0
08-19 20:46:11.217  9546  9584 I DFInstaObserve: !toggles +blocked disable_feed=0 disable_explore=0 disable_reels=1 disable_stories=0 disable_adds=0
08-19 20:46:11.218  9546 10000 I DFInstaObserve: !toggles +blocked disable_feed=0 disable_explore=0 disable_reels=1 disable_stories=0 disable_adds=0
08-19 20:46:11.270  9546  9843 I DFInstaObserve: !toggles +blocked disable_feed=0 disable_explore=0 disable_reels=1 disable_stories=0 disable_adds=0
08-19 20:46:11.492  9546  9987 I DFInstaObserve: !toggles +blocked disable_feed=0 disable_explore=0 disable_reels=1 disable_stories=0 disable_adds=0
08-19 20:46:11.492  9546  9987 I DFInstaObserve: /feed/timeline/
08-19 20:46:13.748  9546 10000 I DFInstaObserve: !toggles +blocked disable_feed=0 disable_explore=0 disable_reels=1 disable_stories=0 disable_adds=0
08-19 20:46:13.757  9546 10000 I DFInstaObserve: !toggles +blocked disable_feed=0 disable_explore=0 disable_reels=1 disable_stories=0 disable_adds=0
08-19 20:46:14.127  9546 10078 I DFInstaObserve: !toggles +blocked disable_feed=0 disable_explore=0 disable_reels=1 disable_stories=0 disable_adds=0
08-19 20:46:17.965  9546 10099 I DFInstaObserve: !toggles +blocked disable_feed=0 disable_explore=0 disable_reels=1 disable_stories=0 disable_adds=0
08-19 20:46:17.965  9546 10099 I DFInstaObserve: /feed/timeline/
08-19 20:46:17.967  9546 10111 I DFInstaObserve: !toggles +blocked disable_feed=0 disable_explore=0 disable_reels=1 disable_stories=0 disable_adds=0
08-19 20:46:17.967  9546 10111 I DFInstaObserve: /feed/reels_tray/
08-19 20:46:18.878  9546  9843 I DFInstaObserve: !toggles +blocked disable_feed=0 disable_explore=0 disable_reels=1 disable_stories=0 disable_adds=0
08-19 20:46:18.959  9546  9584 I DFInstaObserve: !toggles +blocked disable_feed=0 disable_explore=0 disable_reels=1 disable_stories=0 disable_adds=0
08-19 20:46:18.977  9546  9584 I DFInstaObserve: !toggles +blocked disable_feed=0 disable_explore=0 disable_reels=1 disable_stories=0 disable_adds=0
08-19 20:46:19.544  9546 10000 I DFInstaObserve: !toggles +blocked disable_feed=0 disable_explore=0 disable_reels=1 disable_stories=0 disable_adds=0
08-19 20:46:19.550  9546 10000 I DFInstaObserve: !toggles +blocked disable_feed=0 disable_explore=0 disable_reels=1 disable_stories=0 disable_adds=0
08-19 20:46:19.683  9546 10111 I DFInstaObserve: !toggles +blocked disable_feed=0 disable_explore=0 disable_reels=1 disable_stories=0 disable_adds=0
08-19 20:46:19.683  9546 10111 I DFInstaObserve: /feed/timeline/
08-19 20:46:22.244  9546  9584 I DFInstaObserve: !toggles +blocked disable_feed=0 disable_explore=0 disable_reels=1 disable_stories=0 disable_adds=0
08-19 20:46:22.247  9546  9584 I DFInstaObserve: !toggles +blocked disable_feed=0 disable_explore=0 disable_reels=1 disable_stories=0 disable_adds=0
08-19 20:46:22.380  9546  9801 I DFInstaObserve: !toggles +blocked disable_feed=0 disable_explore=0 disable_reels=1 disable_stories=0 disable_adds=0
08-19 20:46:22.454  9546 10111 I DFInstaObserve: !toggles +blocked disable_feed=0 disable_explore=0 disable_reels=1 disable_stories=0 disable_adds=0
08-19 20:46:22.684  9546 10129 I DFInstaObserve: !toggles +blocked disable_feed=0 disable_explore=0 disable_reels=1 disable_stories=0 disable_adds=0
08-19 20:46:29.425  9546 10000 I DFInstaObserve: !toggles +blocked disable_feed=0 disable_explore=0 disable_reels=1 disable_stories=0 disable_adds=0
08-19 20:46:29.636  9546  9584 I DFInstaObserve: !toggles +blocked disable_feed=0 disable_explore=0 disable_reels=1 disable_stories=0 disable_adds=0
08-19 20:46:29.641  9546 10000 I DFInstaObserve: !toggles +blocked disable_feed=0 disable_explore=0 disable_reels=1 disable_stories=0 disable_adds=0
08-19 20:46:32.983  9546 10000 I DFInstaObserve: !toggles +blocked disable_feed=0 disable_explore=0 disable_reels=1 disable_stories=0 disable_adds=0
08-19 20:46:32.994  9546  9584 I DFInstaObserve: !toggles +blocked disable_feed=0 disable_explore=0 disable_reels=1 disable_stories=0 disable_adds=0
08-19 20:46:36.159  9546  9584 I DFInstaObserve: !toggles +blocked disable_feed=0 disable_explore=0 disable_reels=1 disable_stories=0 disable_adds=0
08-19 20:46:43.091  9546 10000 I DFInstaObserve: !toggles +blocked disable_feed=0 disable_explore=0 disable_reels=1 disable_stories=0 disable_adds=0
08-19 20:46:46.130 10252 10252 I DFInstaWalk: surface=Search and explore
08-19 20:46:46.256  9546 10182 I DFInstaObserve: !toggles +blocked disable_feed=0 disable_explore=0 disable_reels=1 disable_stories=0 disable_adds=0
08-19 20:46:46.351  9546 10259 I DFInstaObserve: !toggles +blocked disable_feed=0 disable_explore=0 disable_reels=1 disable_stories=0 disable_adds=0
08-19 20:46:46.986  9546 10000 I DFInstaObserve: !toggles +blocked disable_feed=0 disable_explore=0 disable_reels=1 disable_stories=0 disable_adds=0
08-19 20:46:46.990  9546  9584 I DFInstaObserve: !toggles +blocked disable_feed=0 disable_explore=0 disable_reels=1 disable_stories=0 disable_adds=0
08-19 20:46:47.033  9546  9801 I DFInstaObserve: !toggles +blocked disable_feed=0 disable_explore=0 disable_reels=1 disable_stories=0 disable_adds=0
08-19 20:46:47.107  9546 10158 I DFInstaObserve: !toggles +blocked disable_feed=0 disable_explore=0 disable_reels=1 disable_stories=0 disable_adds=0
08-19 20:46:47.140  9546 10260 I DFInstaObserve: !toggles +blocked disable_feed=0 disable_explore=0 disable_reels=1 disable_stories=0 disable_adds=0
08-19 20:46:47.255  9546 10260 I DFInstaObserve: !toggles +blocked disable_feed=0 disable_explore=0 disable_reels=1 disable_stories=0 disable_adds=0
08-19 20:46:47.359  9546 10231 I DFInstaObserve: !toggles +blocked disable_feed=0 disable_explore=0 disable_reels=1 disable_stories=0 disable_adds=0
08-19 20:46:47.365  9546  9843 I DFInstaObserve: !toggles +blocked disable_feed=0 disable_explore=0 disable_reels=1 disable_stories=0 disable_adds=0
08-19 20:46:47.465  9546 10260 I DFInstaObserve: !toggles +blocked disable_feed=0 disable_explore=0 disable_reels=1 disable_stories=0 disable_adds=0
08-19 20:46:47.563  9546  9843 I DFInstaObserve: !toggles +blocked disable_feed=0 disable_explore=0 disable_reels=1 disable_stories=0 disable_adds=0
08-19 20:46:48.308  9546  9801 I DFInstaObserve: !toggles +blocked disable_feed=0 disable_explore=0 disable_reels=1 disable_stories=0 disable_adds=0
08-19 20:46:48.657  9546 10266 I DFInstaObserve: !toggles +blocked disable_feed=0 disable_explore=0 disable_reels=1 disable_stories=0 disable_adds=0
08-19 20:46:48.691  9546 10266 I DFInstaObserve: !toggles +blocked disable_feed=0 disable_explore=0 disable_reels=1 disable_stories=0 disable_adds=0
08-19 20:46:48.759  9546 10273 I DFInstaObserve: !toggles +blocked disable_feed=0 disable_explore=0 disable_reels=1 disable_stories=0 disable_adds=0
08-19 20:46:48.832  9546 10273 I DFInstaObserve: !toggles +blocked disable_feed=0 disable_explore=0 disable_reels=1 disable_stories=0 disable_adds=0
08-19 20:46:51.159  9546 10266 I DFInstaObserve: !toggles +blocked disable_feed=0 disable_explore=0 disable_reels=1 disable_stories=0 disable_adds=0
08-19 20:46:51.270  9546 10273 I DFInstaObserve: !toggles +blocked disable_feed=0 disable_explore=0 disable_reels=1 disable_stories=0 disable_adds=0
08-19 20:46:54.330  9546 10244 I DFInstaObserve: !toggles +blocked disable_feed=0 disable_explore=0 disable_reels=1 disable_stories=0 disable_adds=0
08-19 20:46:54.330  9546 10244 I DFInstaObserve: /discover/topical_explore
08-19 20:46:56.642  9546 10281 I DFInstaObserve: !toggles +blocked disable_feed=0 disable_explore=0 disable_reels=1 disable_stories=0 disable_adds=0
08-19 20:46:56.872  9546 10323 I DFInstaObserve: !toggles +blocked disable_feed=0 disable_explore=0 disable_reels=1 disable_stories=0 disable_adds=0
08-19 20:46:56.911  9546 10323 I DFInstaObserve: !toggles +blocked disable_feed=0 disable_explore=0 disable_reels=1 disable_stories=0 disable_adds=0
08-19 20:46:57.530  9546 10000 I DFInstaObserve: !toggles +blocked disable_feed=0 disable_explore=0 disable_reels=1 disable_stories=0 disable_adds=0
08-19 20:46:57.536  9546 10000 I DFInstaObserve: !toggles +blocked disable_feed=0 disable_explore=0 disable_reels=1 disable_stories=0 disable_adds=0
08-19 20:46:57.548  9546 10000 I DFInstaObserve: !toggles +blocked disable_feed=0 disable_explore=0 disable_reels=1 disable_stories=0 disable_adds=0
08-19 20:46:57.666  9546 10290 I DFInstaObserve: !toggles +blocked disable_feed=0 disable_explore=0 disable_reels=1 disable_stories=0 disable_adds=0
08-19 20:46:57.666  9546 10290 I DFInstaObserve: /discover/topical_explore
08-19 20:46:57.700  9546 10000 I DFInstaObserve: !toggles +blocked disable_feed=0 disable_explore=0 disable_reels=1 disable_stories=0 disable_adds=0
08-19 20:46:57.706  9546 10000 I DFInstaObserve: !toggles +blocked disable_feed=0 disable_explore=0 disable_reels=1 disable_stories=0 disable_adds=0
08-19 20:46:57.712  9546 10000 I DFInstaObserve: !toggles +blocked disable_feed=0 disable_explore=0 disable_reels=1 disable_stories=0 disable_adds=0
08-19 20:46:57.818  9546 10355 I DFInstaObserve: !toggles +blocked disable_feed=0 disable_explore=0 disable_reels=1 disable_stories=0 disable_adds=0
08-19 20:46:57.821  9546 10000 I DFInstaObserve: !toggles +blocked disable_feed=0 disable_explore=0 disable_reels=1 disable_stories=0 disable_adds=0
08-19 20:46:57.829  9546 10000 I DFInstaObserve: !toggles +blocked disable_feed=0 disable_explore=0 disable_reels=1 disable_stories=0 disable_adds=0
08-19 20:46:57.873  9546 10355 I DFInstaObserve: !toggles +blocked disable_feed=0 disable_explore=0 disable_reels=1 disable_stories=0 disable_adds=0
08-19 20:46:57.877  9546 10000 I DFInstaObserve: !toggles +blocked disable_feed=0 disable_explore=0 disable_reels=1 disable_stories=0 disable_adds=0
08-19 20:46:57.921  9546  9801 I DFInstaObserve: !toggles +blocked disable_feed=0 disable_explore=0 disable_reels=1 disable_stories=0 disable_adds=0
08-19 20:46:57.926  9546 10358 I DFInstaObserve: !toggles +blocked disable_feed=0 disable_explore=0 disable_reels=1 disable_stories=0 disable_adds=0
08-19 20:46:57.956  9546 10066 I DFInstaObserve: !toggles +blocked disable_feed=0 disable_explore=0 disable_reels=1 disable_stories=0 disable_adds=0
08-19 20:46:58.028  9546 10369 I DFInstaObserve: !toggles +blocked disable_feed=0 disable_explore=0 disable_reels=1 disable_stories=0 disable_adds=0
08-19 20:46:58.030  9546  9801 I DFInstaObserve: !toggles +blocked disable_feed=0 disable_explore=0 disable_reels=1 disable_stories=0 disable_adds=0
08-19 20:46:58.069  9546 10066 I DFInstaObserve: !toggles +blocked disable_feed=0 disable_explore=0 disable_reels=1 disable_stories=0 disable_adds=0
08-19 20:46:58.073  9546 10066 I DFInstaObserve: !toggles +blocked disable_feed=0 disable_explore=0 disable_reels=1 disable_stories=0 disable_adds=0
08-19 20:46:58.078  9546 10066 I DFInstaObserve: !toggles +blocked disable_feed=0 disable_explore=0 disable_reels=1 disable_stories=0 disable_adds=0
08-19 20:46:58.088  9546 10300 I DFInstaObserve: !toggles +blocked disable_feed=0 disable_explore=0 disable_reels=1 disable_stories=0 disable_adds=0
08-19 20:46:58.150  9546  9801 I DFInstaObserve: !toggles +blocked disable_feed=0 disable_explore=0 disable_reels=1 disable_stories=0 disable_adds=0
08-19 20:46:58.187  9546 10314 I DFInstaObserve: !toggles +blocked disable_feed=0 disable_explore=0 disable_reels=1 disable_stories=0 disable_adds=0
08-19 20:46:58.187  9546 10375 I DFInstaObserve: !toggles +blocked disable_feed=0 disable_explore=0 disable_reels=1 disable_stories=0 disable_adds=0
08-19 20:46:58.385  9546 10066 I DFInstaObserve: !toggles +blocked disable_feed=0 disable_explore=0 disable_reels=1 disable_stories=0 disable_adds=0
08-19 20:46:58.567  9546 10386 I DFInstaObserve: !toggles +blocked disable_feed=0 disable_explore=0 disable_reels=1 disable_stories=0 disable_adds=0
08-19 20:46:58.568  9546 10385 I DFInstaObserve: !toggles +blocked disable_feed=0 disable_explore=0 disable_reels=1 disable_stories=0 disable_adds=0
08-19 20:46:58.794  9546 10393 I DFInstaObserve: !toggles +blocked disable_feed=0 disable_explore=0 disable_reels=1 disable_stories=0 disable_adds=0
08-19 20:46:59.353  9546  9801 I DFInstaObserve: !toggles +blocked disable_feed=0 disable_explore=0 disable_reels=1 disable_stories=0 disable_adds=0
08-19 20:46:59.451  9546  9801 I DFInstaObserve: !toggles +blocked disable_feed=0 disable_explore=0 disable_reels=1 disable_stories=0 disable_adds=0
08-19 20:46:59.497  9546  9801 I DFInstaObserve: !toggles +blocked disable_feed=0 disable_explore=0 disable_reels=1 disable_stories=0 disable_adds=0
08-19 20:46:59.566  9546  9801 I DFInstaObserve: !toggles +blocked disable_feed=0 disable_explore=0 disable_reels=1 disable_stories=0 disable_adds=0
08-19 20:47:00.238  9546 10355 I DFInstaObserve: !toggles +blocked disable_feed=0 disable_explore=0 disable_reels=1 disable_stories=0 disable_adds=0
08-19 20:47:00.243  9546 10000 I DFInstaObserve: !toggles +blocked disable_feed=0 disable_explore=0 disable_reels=1 disable_stories=0 disable_adds=0
08-19 20:47:00.276  9546  9801 I DFInstaObserve: !toggles +blocked disable_feed=0 disable_explore=0 disable_reels=1 disable_stories=0 disable_adds=0
08-19 20:47:00.319  9546 10314 I DFInstaObserve: !toggles +blocked disable_feed=0 disable_explore=0 disable_reels=1 disable_stories=0 disable_adds=0
08-19 20:47:00.347  9546  9801 I DFInstaObserve: !toggles +blocked disable_feed=0 disable_explore=0 disable_reels=1 disable_stories=0 disable_adds=0
08-19 20:47:00.351  9546 10330 I DFInstaObserve: !toggles +blocked disable_feed=0 disable_explore=0 disable_reels=1 disable_stories=0 disable_adds=0
08-19 20:47:00.474  9546 10314 I DFInstaObserve: !toggles +blocked disable_feed=0 disable_explore=0 disable_reels=1 disable_stories=0 disable_adds=0
08-19 20:47:00.499  9546 10286 I DFInstaObserve: !toggles +blocked disable_feed=0 disable_explore=0 disable_reels=1 disable_stories=0 disable_adds=0
08-19 20:47:00.533  9546 10375 I DFInstaObserve: !toggles +blocked disable_feed=0 disable_explore=0 disable_reels=1 disable_stories=0 disable_adds=0
08-19 20:47:00.624  9546 10286 I DFInstaObserve: !toggles +blocked disable_feed=0 disable_explore=0 disable_reels=1 disable_stories=0 disable_adds=0
08-19 20:47:00.629  9546  9801 I DFInstaObserve: !toggles +blocked disable_feed=0 disable_explore=0 disable_reels=1 disable_stories=0 disable_adds=0
08-19 20:47:00.708  9546 10300 I DFInstaObserve: !toggles +blocked disable_feed=0 disable_explore=0 disable_reels=1 disable_stories=0 disable_adds=0
08-19 20:47:00.734  9546 10314 I DFInstaObserve: !toggles +blocked disable_feed=0 disable_explore=0 disable_reels=1 disable_stories=0 disable_adds=0
08-19 20:47:00.766  9546 10386 I DFInstaObserve: !toggles +blocked disable_feed=0 disable_explore=0 disable_reels=1 disable_stories=0 disable_adds=0
08-19 20:47:00.893  9546 10300 I DFInstaObserve: !toggles +blocked disable_feed=0 disable_explore=0 disable_reels=1 disable_stories=0 disable_adds=0
08-19 20:47:00.973  9546  9801 I DFInstaObserve: !toggles +blocked disable_feed=0 disable_explore=0 disable_reels=1 disable_stories=0 disable_adds=0
08-19 20:47:00.975  9546 10286 I DFInstaObserve: !toggles +blocked disable_feed=0 disable_explore=0 disable_reels=1 disable_stories=0 disable_adds=0
08-19 20:47:01.003  9546 10403 I DFInstaObserve: !toggles +blocked disable_feed=0 disable_explore=0 disable_reels=1 disable_stories=0 disable_adds=0
08-19 20:47:01.027  9546 10397 I DFInstaObserve: !toggles +blocked disable_feed=0 disable_explore=0 disable_reels=1 disable_stories=0 disable_adds=0
08-19 20:47:01.027  9546 10397 I DFInstaObserve: /discover/topical_explore
08-19 20:47:01.038  9546  9801 I DFInstaObserve: !toggles +blocked disable_feed=0 disable_explore=0 disable_reels=1 disable_stories=0 disable_adds=0
08-19 20:47:01.055  9546 10286 I DFInstaObserve: !toggles +blocked disable_feed=0 disable_explore=0 disable_reels=1 disable_stories=0 disable_adds=0
08-19 20:47:01.125  9546 10286 I DFInstaObserve: !toggles +blocked disable_feed=0 disable_explore=0 disable_reels=1 disable_stories=0 disable_adds=0
08-19 20:47:01.183  9546 10401 I DFInstaObserve: !toggles +blocked disable_feed=0 disable_explore=0 disable_reels=1 disable_stories=0 disable_adds=0
08-19 20:47:01.222  9546  9801 I DFInstaObserve: !toggles +blocked disable_feed=0 disable_explore=0 disable_reels=1 disable_stories=0 disable_adds=0
08-19 20:47:01.232  9546 10401 I DFInstaObserve: !toggles +blocked disable_feed=0 disable_explore=0 disable_reels=1 disable_stories=0 disable_adds=0
08-19 20:47:01.290  9546  9801 I DFInstaObserve: !toggles +blocked disable_feed=0 disable_explore=0 disable_reels=1 disable_stories=0 disable_adds=0
08-19 20:47:01.334  9546 10330 I DFInstaObserve: !toggles +blocked disable_feed=0 disable_explore=0 disable_reels=1 disable_stories=0 disable_adds=0
08-19 20:47:01.367  9546 10290 I DFInstaObserve: !toggles +blocked disable_feed=0 disable_explore=0 disable_reels=1 disable_stories=0 disable_adds=0
08-19 20:47:01.373  9546 10416 I DFInstaObserve: !toggles +blocked disable_feed=0 disable_explore=0 disable_reels=1 disable_stories=0 disable_adds=0
08-19 20:47:01.447  9546  9801 I DFInstaObserve: !toggles +blocked disable_feed=0 disable_explore=0 disable_reels=1 disable_stories=0 disable_adds=0
08-19 20:47:01.599  9546 10426 I DFInstaObserve: !toggles +blocked disable_feed=0 disable_explore=0 disable_reels=1 disable_stories=0 disable_adds=0
08-19 20:47:03.559  9546 10415 I DFInstaObserve: !toggles +blocked disable_feed=0 disable_explore=0 disable_reels=1 disable_stories=0 disable_adds=0
08-19 20:47:03.667  9546 10423 I DFInstaObserve: !toggles +blocked disable_feed=0 disable_explore=0 disable_reels=1 disable_stories=0 disable_adds=0
08-19 20:47:04.415  9546 10397 I DFInstaObserve: !toggles +blocked disable_feed=0 disable_explore=0 disable_reels=1 disable_stories=0 disable_adds=0
08-19 20:47:04.415  9546 10397 I DFInstaObserve: /discover/topical_explore
08-19 20:47:04.585  9546 10355 I DFInstaObserve: !toggles +blocked disable_feed=0 disable_explore=0 disable_reels=1 disable_stories=0 disable_adds=0
08-19 20:47:04.591  9546 10355 I DFInstaObserve: !toggles +blocked disable_feed=0 disable_explore=0 disable_reels=1 disable_stories=0 disable_adds=0
08-19 20:47:04.595  9546 10355 I DFInstaObserve: !toggles +blocked disable_feed=0 disable_explore=0 disable_reels=1 disable_stories=0 disable_adds=0
08-19 20:47:04.732  9546 10355 I DFInstaObserve: !toggles +blocked disable_feed=0 disable_explore=0 disable_reels=1 disable_stories=0 disable_adds=0
08-19 20:47:04.739  9546 10000 I DFInstaObserve: !toggles +blocked disable_feed=0 disable_explore=0 disable_reels=1 disable_stories=0 disable_adds=0
08-19 20:47:04.739  9546 10355 I DFInstaObserve: !toggles +blocked disable_feed=0 disable_explore=0 disable_reels=1 disable_stories=0 disable_adds=0
08-19 20:47:04.773  9546 10000 I DFInstaObserve: !toggles +blocked disable_feed=0 disable_explore=0 disable_reels=1 disable_stories=0 disable_adds=0
08-19 20:47:04.778  9546 10355 I DFInstaObserve: !toggles +blocked disable_feed=0 disable_explore=0 disable_reels=1 disable_stories=0 disable_adds=0
08-19 20:47:04.803  9546  9801 I DFInstaObserve: !toggles +blocked disable_feed=0 disable_explore=0 disable_reels=1 disable_stories=0 disable_adds=0
08-19 20:47:04.819  9546 10468 I DFInstaObserve: !toggles +blocked disable_feed=0 disable_explore=0 disable_reels=1 disable_stories=0 disable_adds=0
08-19 20:47:04.894  9546 10066 I DFInstaObserve: !toggles +blocked disable_feed=0 disable_explore=0 disable_reels=1 disable_stories=0 disable_adds=0
08-19 20:47:05.022  9546 10314 I DFInstaObserve: !toggles +blocked disable_feed=0 disable_explore=0 disable_reels=1 disable_stories=0 disable_adds=0
08-19 20:47:05.074  9546  9801 I DFInstaObserve: !toggles +blocked disable_feed=0 disable_explore=0 disable_reels=1 disable_stories=0 disable_adds=0
08-19 20:47:05.086  9546 10479 I DFInstaObserve: !toggles +blocked disable_feed=0 disable_explore=0 disable_reels=1 disable_stories=0 disable_adds=0
08-19 20:47:05.100  9546 10405 I DFInstaObserve: !toggles +blocked disable_feed=0 disable_explore=0 disable_reels=1 disable_stories=0 disable_adds=0
08-19 20:47:05.212  9546 10330 I DFInstaObserve: !toggles +blocked disable_feed=0 disable_explore=0 disable_reels=1 disable_stories=0 disable_adds=0
08-19 20:47:05.254  9546 10290 I DFInstaObserve: !toggles +blocked disable_feed=0 disable_explore=0 disable_reels=1 disable_stories=0 disable_adds=0
08-19 20:47:05.358  9546 10405 I DFInstaObserve: !toggles +blocked disable_feed=0 disable_explore=0 disable_reels=1 disable_stories=0 disable_adds=0
08-19 20:47:05.393  9546 10330 I DFInstaObserve: !toggles +blocked disable_feed=0 disable_explore=0 disable_reels=1 disable_stories=0 disable_adds=0
08-19 20:47:05.446  9546 10485 I DFInstaObserve: !toggles +blocked disable_feed=0 disable_explore=0 disable_reels=1 disable_stories=0 disable_adds=0
08-19 20:47:05.531  9546 10476 I DFInstaObserve: !toggles +blocked disable_feed=0 disable_explore=0 disable_reels=1 disable_stories=0 disable_adds=0
08-19 20:47:05.591  9546 10405 I DFInstaObserve: !toggles +blocked disable_feed=0 disable_explore=0 disable_reels=1 disable_stories=0 disable_adds=0
08-19 20:47:05.806  9546  9801 I DFInstaObserve: !toggles +blocked disable_feed=0 disable_explore=0 disable_reels=1 disable_stories=0 disable_adds=0
08-19 20:47:07.049  9546 10467 I DFInstaObserve: !toggles +blocked disable_feed=0 disable_explore=0 disable_reels=1 disable_stories=0 disable_adds=0
08-19 20:47:07.340  9546 10355 I DFInstaObserve: !toggles +blocked disable_feed=0 disable_explore=0 disable_reels=1 disable_stories=0 disable_adds=0
08-19 20:47:07.345  9546 10494 I DFInstaObserve: !toggles +blocked disable_feed=0 disable_explore=0 disable_reels=1 disable_stories=0 disable_adds=0
08-19 20:47:07.438  9546 10479 I DFInstaObserve: !toggles +blocked disable_feed=0 disable_explore=0 disable_reels=1 disable_stories=0 disable_adds=0
08-19 20:47:07.541  9546 10473 I DFInstaObserve: !toggles +blocked disable_feed=0 disable_explore=0 disable_reels=1 disable_stories=0 disable_adds=0
08-19 20:47:07.800  9546 10314 I DFInstaObserve: !toggles +blocked disable_feed=0 disable_explore=0 disable_reels=1 disable_stories=0 disable_adds=0
08-19 20:47:07.876  9546 10475 I DFInstaObserve: !toggles +blocked disable_feed=0 disable_explore=0 disable_reels=1 disable_stories=0 disable_adds=0
08-19 20:47:07.954  9546 10405 I DFInstaObserve: !toggles +blocked disable_feed=0 disable_explore=0 disable_reels=1 disable_stories=0 disable_adds=0
08-19 20:47:07.989  9546  9801 I DFInstaObserve: !toggles +blocked disable_feed=0 disable_explore=0 disable_reels=1 disable_stories=0 disable_adds=0
08-19 20:47:08.000  9546 10405 I DFInstaObserve: !toggles +blocked disable_feed=0 disable_explore=0 disable_reels=1 disable_stories=0 disable_adds=0
08-19 20:47:08.029  9546 10314 I DFInstaObserve: !toggles +blocked disable_feed=0 disable_explore=0 disable_reels=1 disable_stories=0 disable_adds=0
08-19 20:47:08.029  9546 10314 I DFInstaObserve: /discover/topical_explore
08-19 20:47:08.080  9546  9801 I DFInstaObserve: !toggles +blocked disable_feed=0 disable_explore=0 disable_reels=1 disable_stories=0 disable_adds=0
08-19 20:47:08.145  9546 10447 I DFInstaObserve: !toggles +blocked disable_feed=0 disable_explore=0 disable_reels=1 disable_stories=0 disable_adds=0
08-19 20:47:08.187  9546  9801 I DFInstaObserve: !toggles +blocked disable_feed=0 disable_explore=0 disable_reels=1 disable_stories=0 disable_adds=0
08-19 20:47:08.199  9546 10405 I DFInstaObserve: !toggles +blocked disable_feed=0 disable_explore=0 disable_reels=1 disable_stories=0 disable_adds=0
08-19 20:47:08.256  9546  9801 I DFInstaObserve: !toggles +blocked disable_feed=0 disable_explore=0 disable_reels=1 disable_stories=0 disable_adds=0
08-19 20:47:08.280  9546 10490 I DFInstaObserve: !toggles +blocked disable_feed=0 disable_explore=0 disable_reels=1 disable_stories=0 disable_adds=0
08-19 20:47:08.368  9546 10290 I DFInstaObserve: !toggles +blocked disable_feed=0 disable_explore=0 disable_reels=1 disable_stories=0 disable_adds=0
08-19 20:47:08.433  9546 10473 I DFInstaObserve: !toggles +blocked disable_feed=0 disable_explore=0 disable_reels=1 disable_stories=0 disable_adds=0
08-19 20:47:08.476  9546 10506 I DFInstaObserve: !toggles +blocked disable_feed=0 disable_explore=0 disable_reels=1 disable_stories=0 disable_adds=0
08-19 20:47:08.496  9546 10522 I DFInstaObserve: !toggles +blocked disable_feed=0 disable_explore=0 disable_reels=1 disable_stories=0 disable_adds=0
08-19 20:47:08.503  9546 10290 I DFInstaObserve: !toggles +blocked disable_feed=0 disable_explore=0 disable_reels=1 disable_stories=0 disable_adds=0
08-19 20:47:08.645  9546 10290 I DFInstaObserve: !toggles +blocked disable_feed=0 disable_explore=0 disable_reels=1 disable_stories=0 disable_adds=0
08-19 20:47:08.679  9546 10473 I DFInstaObserve: !toggles +blocked disable_feed=0 disable_explore=0 disable_reels=1 disable_stories=0 disable_adds=0
08-19 20:47:08.795  9546 10490 I DFInstaObserve: !toggles +blocked disable_feed=0 disable_explore=0 disable_reels=1 disable_stories=0 disable_adds=0
08-19 20:47:08.841  9546  9801 I DFInstaObserve: !toggles +blocked disable_feed=0 disable_explore=0 disable_reels=1 disable_stories=0 disable_adds=0
08-19 20:47:08.878  9546 10473 I DFInstaObserve: !toggles +blocked disable_feed=0 disable_explore=0 disable_reels=1 disable_stories=0 disable_adds=0
08-19 20:47:09.033  9546  9801 I DFInstaObserve: !toggles +blocked disable_feed=0 disable_explore=0 disable_reels=1 disable_stories=0 disable_adds=0
08-19 20:47:09.100  9546  9801 I DFInstaObserve: !toggles +blocked disable_feed=0 disable_explore=0 disable_reels=1 disable_stories=0 disable_adds=0
08-19 20:47:09.720  9546  9801 I DFInstaObserve: !toggles +blocked disable_feed=0 disable_explore=0 disable_reels=1 disable_stories=0 disable_adds=0
08-19 20:47:09.825  9546  9801 I DFInstaObserve: !toggles +blocked disable_feed=0 disable_explore=0 disable_reels=1 disable_stories=0 disable_adds=0
08-19 20:47:10.381  9546 10510 I DFInstaObserve: !toggles +blocked disable_feed=0 disable_explore=0 disable_reels=1 disable_stories=0 disable_adds=0
08-19 20:47:10.474  9546 10516 I DFInstaObserve: !toggles +blocked disable_feed=0 disable_explore=0 disable_reels=1 disable_stories=0 disable_adds=0
08-19 20:47:10.585  9546  9801 I DFInstaObserve: !toggles +blocked disable_feed=0 disable_explore=0 disable_reels=1 disable_stories=0 disable_adds=0
08-19 20:47:11.000  9546 10355 I DFInstaObserve: !toggles +blocked disable_feed=0 disable_explore=0 disable_reels=1 disable_stories=0 disable_adds=0
08-19 20:47:11.003  9546 10494 I DFInstaObserve: !toggles +blocked disable_feed=0 disable_explore=0 disable_reels=1 disable_stories=0 disable_adds=0
08-19 20:47:11.032  9546  9801 I DFInstaObserve: !toggles +blocked disable_feed=0 disable_explore=0 disable_reels=1 disable_stories=0 disable_adds=0
08-19 20:47:11.096 10536 10536 I DFInstaWalk: surface=Reels
08-19 20:47:11.162  9546 10475 I DFInstaObserve: !toggles +blocked disable_feed=0 disable_explore=0 disable_reels=1 disable_stories=0 disable_adds=0
08-19 20:47:11.234  9546 10473 I DFInstaObserve: !toggles +blocked disable_feed=0 disable_explore=0 disable_reels=1 disable_stories=0 disable_adds=0
08-19 20:47:11.275  9546 10314 I DFInstaObserve: !toggles +blocked disable_feed=0 disable_explore=0 disable_reels=1 disable_stories=0 disable_adds=0
08-19 20:47:11.471  9546 10554 I DFInstaObserve: !toggles +blocked disable_feed=0 disable_explore=0 disable_reels=1 disable_stories=0 disable_adds=0
08-19 20:47:11.480  9546 10066 I DFInstaObserve: !toggles +blocked disable_feed=0 disable_explore=0 disable_reels=1 disable_stories=0 disable_adds=0
08-19 20:47:11.487  9546 10066 I DFInstaObserve: !toggles +blocked disable_feed=0 disable_explore=0 disable_reels=1 disable_stories=0 disable_adds=0
08-19 20:47:11.519  9546 10557 I DFInstaObserve: !toggles +blocked disable_feed=0 disable_explore=0 disable_reels=1 disable_stories=0 disable_adds=0
08-19 20:47:11.575  9546  9843 I DFInstaObserve: !toggles +blocked disable_feed=0 disable_explore=0 disable_reels=1 disable_stories=0 disable_adds=0
08-19 20:47:11.589  9546 10355 I DFInstaObserve: !toggles +blocked disable_feed=0 disable_explore=0 disable_reels=1 disable_stories=0 disable_adds=0
08-19 20:47:11.694  9546 10473 I DFInstaObserve: !toggles +blocked disable_feed=0 disable_explore=0 disable_reels=1 disable_stories=0 disable_adds=0
08-19 20:47:11.711  9546  9843 I DFInstaObserve: !toggles +blocked disable_feed=0 disable_explore=0 disable_reels=1 disable_stories=0 disable_adds=0
08-19 20:47:11.768  9546 10290 I DFInstaObserve: !toggles +blocked disable_feed=0 disable_explore=0 disable_reels=1 disable_stories=0 disable_adds=0
08-19 20:47:11.987  9546 10557 I DFInstaObserve: !toggles +blocked disable_feed=0 disable_explore=0 disable_reels=1 disable_stories=0 disable_adds=0
08-19 20:47:12.066  9546 10554 I DFInstaObserve: !toggles +blocked disable_feed=0 disable_explore=0 disable_reels=1 disable_stories=0 disable_adds=0
08-19 20:47:12.095  9546 10532 I DFInstaObserve: !toggles +blocked disable_feed=0 disable_explore=0 disable_reels=1 disable_stories=0 disable_adds=0
08-19 20:47:12.132  9546 10556 I DFInstaObserve: !toggles +blocked disable_feed=0 disable_explore=0 disable_reels=1 disable_stories=0 disable_adds=0
08-19 20:47:12.132  9546 10532 I DFInstaObserve: !toggles +blocked disable_feed=0 disable_explore=0 disable_reels=1 disable_stories=0 disable_adds=0
08-19 20:47:12.150  9546  9801 I DFInstaObserve: !toggles +blocked disable_feed=0 disable_explore=0 disable_reels=1 disable_stories=0 disable_adds=0
08-19 20:47:12.170  9546 10554 I DFInstaObserve: !toggles +blocked disable_feed=0 disable_explore=0 disable_reels=1 disable_stories=0 disable_adds=0
08-19 20:47:12.192  9546  9801 I DFInstaObserve: !toggles +blocked disable_feed=0 disable_explore=0 disable_reels=1 disable_stories=0 disable_adds=0
08-19 20:47:12.202  9546 10314 I DFInstaObserve: !toggles +blocked disable_feed=0 disable_explore=0 disable_reels=1 disable_stories=0 disable_adds=0
08-19 20:47:12.255  9546  9843 I DFInstaObserve: !toggles +blocked disable_feed=0 disable_explore=0 disable_reels=1 disable_stories=0 disable_adds=0
08-19 20:47:12.292  9546  9801 I DFInstaObserve: !toggles +blocked disable_feed=0 disable_explore=0 disable_reels=1 disable_stories=0 disable_adds=0
08-19 20:47:12.328  9546 10314 I DFInstaObserve: !toggles +blocked disable_feed=0 disable_explore=0 disable_reels=1 disable_stories=0 disable_adds=0
08-19 20:47:12.346  9546  9801 I DFInstaObserve: !toggles +blocked disable_feed=0 disable_explore=0 disable_reels=1 disable_stories=0 disable_adds=0
08-19 20:47:12.357  9546  9843 I DFInstaObserve: !toggles +blocked disable_feed=0 disable_explore=0 disable_reels=1 disable_stories=0 disable_adds=0
08-19 20:47:12.396  9546  9801 I DFInstaObserve: !toggles +blocked disable_feed=0 disable_explore=0 disable_reels=1 disable_stories=0 disable_adds=0
08-19 20:47:12.398  9546 10527 I DFInstaObserve: !toggles +blocked disable_feed=0 disable_explore=0 disable_reels=1 disable_stories=0 disable_adds=0
08-19 20:47:12.443  9546  9843 I DFInstaObserve: !toggles +blocked disable_feed=0 disable_explore=0 disable_reels=1 disable_stories=0 disable_adds=0
08-19 20:47:12.445  9546  9801 I DFInstaObserve: !toggles +blocked disable_feed=0 disable_explore=0 disable_reels=1 disable_stories=0 disable_adds=0
08-19 20:47:12.447  9546 10314 I DFInstaObserve: !toggles +blocked disable_feed=0 disable_explore=0 disable_reels=1 disable_stories=0 disable_adds=0
08-19 20:47:12.525  9546 10558 I DFInstaObserve: !toggles +blocked disable_feed=0 disable_explore=0 disable_reels=1 disable_stories=0 disable_adds=0
08-19 20:47:12.601  9546 10290 I DFInstaObserve: !toggles +blocked disable_feed=0 disable_explore=0 disable_reels=1 disable_stories=0 disable_adds=0
08-19 20:47:12.636  9546  9801 I DFInstaObserve: !toggles +blocked disable_feed=0 disable_explore=0 disable_reels=1 disable_stories=0 disable_adds=0
08-19 20:47:12.651  9546 10528 I DFInstaObserve: !toggles +blocked disable_feed=0 disable_explore=0 disable_reels=1 disable_stories=0 disable_adds=0
08-19 20:47:12.678  9546  9801 I DFInstaObserve: !toggles +blocked disable_feed=0 disable_explore=0 disable_reels=1 disable_stories=0 disable_adds=0
08-19 20:47:12.871  9546  9801 I DFInstaObserve: !toggles +blocked disable_feed=0 disable_explore=0 disable_reels=1 disable_stories=0 disable_adds=0
08-19 20:47:13.746  9546 10564 I DFInstaObserve: !toggles +blocked disable_feed=0 disable_explore=0 disable_reels=1 disable_stories=0 disable_adds=0
08-19 20:47:13.752  9546 10563 I DFInstaObserve: !toggles +blocked disable_feed=0 disable_explore=0 disable_reels=1 disable_stories=0 disable_adds=0
08-19 20:47:14.052  9546 10563 I DFInstaObserve: !toggles +blocked disable_feed=0 disable_explore=0 disable_reels=1 disable_stories=0 disable_adds=0
08-19 20:47:19.311  9546 10527 I DFInstaObserve: !toggles +blocked disable_feed=0 disable_explore=0 disable_reels=1 disable_stories=0 disable_adds=0
08-19 20:47:19.723  9546 10494 I DFInstaObserve: !toggles +blocked disable_feed=0 disable_explore=0 disable_reels=1 disable_stories=0 disable_adds=0
08-19 20:47:19.781  9546 10355 I DFInstaObserve: !toggles +blocked disable_feed=0 disable_explore=0 disable_reels=1 disable_stories=0 disable_adds=0
08-19 20:47:21.864  9546 10603 I DFInstaObserve: !toggles +blocked disable_feed=0 disable_explore=0 disable_reels=1 disable_stories=0 disable_adds=0
08-19 20:47:21.865  9546 10602 I DFInstaObserve: !toggles +blocked disable_feed=0 disable_explore=0 disable_reels=1 disable_stories=0 disable_adds=0
08-19 20:47:22.650  9546 10405 I DFInstaObserve: !toggles +blocked disable_feed=0 disable_explore=0 disable_reels=1 disable_stories=0 disable_adds=0
08-19 20:47:25.191  9546 10634 I DFInstaObserve: !toggles +blocked disable_feed=0 disable_explore=0 disable_reels=1 disable_stories=0 disable_adds=0
08-19 20:47:25.196  9546 10633 I DFInstaObserve: !toggles +blocked disable_feed=0 disable_explore=0 disable_reels=1 disable_stories=0 disable_adds=0
08-19 20:47:26.021  9546 10584 I DFInstaObserve: !toggles +blocked disable_feed=0 disable_explore=0 disable_reels=1 disable_stories=0 disable_adds=0
08-19 20:47:28.542  9546 10664 I DFInstaObserve: !toggles +blocked disable_feed=0 disable_explore=0 disable_reels=1 disable_stories=0 disable_adds=0
08-19 20:47:28.542  9546 10665 I DFInstaObserve: !toggles +blocked disable_feed=0 disable_explore=0 disable_reels=1 disable_stories=0 disable_adds=0
08-19 20:47:29.388  9546 10643 I DFInstaObserve: !toggles +blocked disable_feed=0 disable_explore=0 disable_reels=1 disable_stories=0 disable_adds=0
08-19 20:47:32.752  9546 10708 I DFInstaObserve: !toggles +blocked disable_feed=0 disable_explore=0 disable_reels=1 disable_stories=0 disable_adds=0
08-19 20:47:35.305  9546 10723 I DFInstaObserve: !toggles +blocked disable_feed=0 disable_explore=0 disable_reels=1 disable_stories=0 disable_adds=0
08-19 20:47:35.311  9546 10722 I DFInstaObserve: !toggles +blocked disable_feed=0 disable_explore=0 disable_reels=1 disable_stories=0 disable_adds=0
08-19 20:47:36.021 10749 10749 I DFInstaWalk: surface=Home
08-19 20:47:36.106  9546 10745 I DFInstaObserve: !toggles +blocked disable_feed=0 disable_explore=0 disable_reels=1 disable_stories=0 disable_adds=0
08-19 20:47:36.212  9546  9843 I DFInstaObserve: !toggles +blocked disable_feed=0 disable_explore=0 disable_reels=1 disable_stories=0 disable_adds=0
08-19 20:47:36.346  9546  9843 I DFInstaObserve: !toggles +blocked disable_feed=0 disable_explore=0 disable_reels=1 disable_stories=0 disable_adds=0
08-19 20:47:36.441  9546  9843 I DFInstaObserve: !toggles +blocked disable_feed=0 disable_explore=0 disable_reels=1 disable_stories=0 disable_adds=0
08-19 20:47:41.512  9546 10762 I DFInstaObserve: !toggles +blocked disable_feed=0 disable_explore=0 disable_reels=1 disable_stories=0 disable_adds=0
08-19 20:47:56.154  9546 10355 I DFInstaObserve: !toggles +blocked disable_feed=0 disable_explore=0 disable_reels=1 disable_stories=0 disable_adds=0
08-19 20:47:56.247  9546 10860 I DFInstaObserve: !toggles +blocked disable_feed=0 disable_explore=0 disable_reels=1 disable_stories=0 disable_adds=0
08-19 20:47:56.247  9546 10860 I DFInstaObserve: /feed/timeline/
08-19 20:48:00.568  9546 10355 I DFInstaObserve: !toggles +blocked disable_feed=0 disable_explore=0 disable_reels=1 disable_stories=0 disable_adds=0
08-19 20:48:00.572  9546 10355 I DFInstaObserve: !toggles +blocked disable_feed=0 disable_explore=0 disable_reels=1 disable_stories=0 disable_adds=0
08-19 20:48:00.740  9546  9801 I DFInstaObserve: !toggles +blocked disable_feed=0 disable_explore=0 disable_reels=1 disable_stories=0 disable_adds=0
08-19 20:48:00.919  9546 10860 I DFInstaObserve: !toggles +blocked disable_feed=0 disable_explore=0 disable_reels=1 disable_stories=0 disable_adds=0
08-19 20:48:01.015  9546  9801 I DFInstaObserve: !toggles +blocked disable_feed=0 disable_explore=0 disable_reels=1 disable_stories=0 disable_adds=0
08-19 20:48:01.117  9546 10884 I DFInstaObserve: !toggles +blocked disable_feed=0 disable_explore=0 disable_reels=1 disable_stories=0 disable_adds=0
08-19 20:48:01.153  9546 10884 I DFInstaObserve: !toggles +blocked disable_feed=0 disable_explore=0 disable_reels=1 disable_stories=0 disable_adds=0
08-19 20:48:02.519  9546 10494 I DFInstaObserve: !toggles +blocked disable_feed=0 disable_explore=0 disable_reels=1 disable_stories=0 disable_adds=0
08-19 20:48:02.569  9546 10494 I DFInstaObserve: !toggles +blocked disable_feed=0 disable_explore=0 disable_reels=1 disable_stories=0 disable_adds=0
08-19 20:48:02.630  9546 10494 I DFInstaObserve: !toggles +blocked disable_feed=0 disable_explore=0 disable_reels=1 disable_stories=0 disable_adds=0
08-19 20:48:05.806  9546 10355 I DFInstaObserve: !toggles +blocked disable_feed=0 disable_explore=0 disable_reels=1 disable_stories=0 disable_adds=0
08-19 20:48:05.996  9546 10494 I DFInstaObserve: !toggles +blocked disable_feed=0 disable_explore=0 disable_reels=1 disable_stories=0 disable_adds=0
08-19 20:48:09.350  9546 10494 I DFInstaObserve: !toggles +blocked disable_feed=0 disable_explore=0 disable_reels=1 disable_stories=0 disable_adds=0
08-19 20:48:09.487  9546 10355 I DFInstaObserve: !toggles +blocked disable_feed=0 disable_explore=0 disable_reels=1 disable_stories=0 disable_adds=0
08-19 20:48:12.396 10963 10963 I DFInstaWalk: surface=Search and explore
08-19 20:48:12.828  9546  9843 I DFInstaObserve: !toggles +blocked disable_feed=0 disable_explore=0 disable_reels=1 disable_stories=0 disable_adds=0
08-19 20:48:13.011  9546  9843 I DFInstaObserve: !toggles +blocked disable_feed=0 disable_explore=0 disable_reels=1 disable_stories=0 disable_adds=0
08-19 20:48:14.578  9546 10982 I DFInstaObserve: !toggles +blocked disable_feed=0 disable_explore=0 disable_reels=1 disable_stories=0 disable_adds=0
08-19 20:48:14.689  9546 10982 I DFInstaObserve: !toggles +blocked disable_feed=0 disable_explore=0 disable_reels=1 disable_stories=0 disable_adds=0
08-19 20:48:17.087  9546 10982 I DFInstaObserve: !toggles +blocked disable_feed=0 disable_explore=0 disable_reels=1 disable_stories=0 disable_adds=0
08-19 20:48:20.979  9546 11007 I DFInstaObserve: !toggles +blocked disable_feed=0 disable_explore=0 disable_reels=1 disable_stories=0 disable_adds=0
08-19 20:48:20.979  9546 11007 I DFInstaObserve: /discover/topical_explore
08-19 20:48:23.211  9546 11037 I DFInstaObserve: !toggles +blocked disable_feed=0 disable_explore=0 disable_reels=1 disable_stories=0 disable_adds=0
08-19 20:48:24.643  9546 11007 I DFInstaObserve: !toggles +blocked disable_feed=0 disable_explore=0 disable_reels=1 disable_stories=0 disable_adds=0
08-19 20:48:24.643  9546 11007 I DFInstaObserve: /discover/topical_explore
08-19 20:48:25.410  9546 10494 I DFInstaObserve: !toggles +blocked disable_feed=0 disable_explore=0 disable_reels=1 disable_stories=0 disable_adds=0
08-19 20:48:25.413  9546 10355 I DFInstaObserve: !toggles +blocked disable_feed=0 disable_explore=0 disable_reels=1 disable_stories=0 disable_adds=0
08-19 20:48:25.441  9546  9801 I DFInstaObserve: !toggles +blocked disable_feed=0 disable_explore=0 disable_reels=1 disable_stories=0 disable_adds=0
08-19 20:48:25.502  9546 10915 I DFInstaObserve: !toggles +blocked disable_feed=0 disable_explore=0 disable_reels=1 disable_stories=0 disable_adds=0
08-19 20:48:25.579  9546  9801 I DFInstaObserve: !toggles +blocked disable_feed=0 disable_explore=0 disable_reels=1 disable_stories=0 disable_adds=0
08-19 20:48:25.580  9546 11003 I DFInstaObserve: !toggles +blocked disable_feed=0 disable_explore=0 disable_reels=1 disable_stories=0 disable_adds=0
08-19 20:48:25.653  9546 11006 I DFInstaObserve: !toggles +blocked disable_feed=0 disable_explore=0 disable_reels=1 disable_stories=0 disable_adds=0
08-19 20:48:25.671  9546  9801 I DFInstaObserve: !toggles +blocked disable_feed=0 disable_explore=0 disable_reels=1 disable_stories=0 disable_adds=0
08-19 20:48:25.690  9546 11075 I DFInstaObserve: !toggles +blocked disable_feed=0 disable_explore=0 disable_reels=1 disable_stories=0 disable_adds=0
08-19 20:48:25.808  9546 11006 I DFInstaObserve: !toggles +blocked disable_feed=0 disable_explore=0 disable_reels=1 disable_stories=0 disable_adds=0
08-19 20:48:25.845  9546 11006 I DFInstaObserve: !toggles +blocked disable_feed=0 disable_explore=0 disable_reels=1 disable_stories=0 disable_adds=0
08-19 20:48:25.923  9546 11097 I DFInstaObserve: !toggles +blocked disable_feed=0 disable_explore=0 disable_reels=1 disable_stories=0 disable_adds=0
08-19 20:48:25.940  9546  9801 I DFInstaObserve: !toggles +blocked disable_feed=0 disable_explore=0 disable_reels=1 disable_stories=0 disable_adds=0
08-19 20:48:26.008  9546 11093 I DFInstaObserve: !toggles +blocked disable_feed=0 disable_explore=0 disable_reels=1 disable_stories=0 disable_adds=0
08-19 20:48:26.171  9546 11075 I DFInstaObserve: !toggles +blocked disable_feed=0 disable_explore=0 disable_reels=1 disable_stories=0 disable_adds=0
08-19 20:48:26.407  9546  9801 I DFInstaObserve: !toggles +blocked disable_feed=0 disable_explore=0 disable_reels=1 disable_stories=0 disable_adds=0
08-19 20:48:26.434  9546 11041 I DFInstaObserve: !toggles +blocked disable_feed=0 disable_explore=0 disable_reels=1 disable_stories=0 disable_adds=0
08-19 20:48:26.470  9546 11097 I DFInstaObserve: !toggles +blocked disable_feed=0 disable_explore=0 disable_reels=1 disable_stories=0 disable_adds=0
08-19 20:48:26.495  9546  9801 I DFInstaObserve: !toggles +blocked disable_feed=0 disable_explore=0 disable_reels=1 disable_stories=0 disable_adds=0
08-19 20:48:26.544  9546 11070 I DFInstaObserve: !toggles +blocked disable_feed=0 disable_explore=0 disable_reels=1 disable_stories=0 disable_adds=0
08-19 20:48:26.569  9546 11097 I DFInstaObserve: !toggles +blocked disable_feed=0 disable_explore=0 disable_reels=1 disable_stories=0 disable_adds=0
08-19 20:48:26.597  9546 11076 I DFInstaObserve: !toggles +blocked disable_feed=0 disable_explore=0 disable_reels=1 disable_stories=0 disable_adds=0
08-19 20:48:26.638  9546 11080 I DFInstaObserve: !toggles +blocked disable_feed=0 disable_explore=0 disable_reels=1 disable_stories=0 disable_adds=0
08-19 20:48:26.658  9546 11041 I DFInstaObserve: !toggles +blocked disable_feed=0 disable_explore=0 disable_reels=1 disable_stories=0 disable_adds=0
08-19 20:48:26.683  9546 11080 I DFInstaObserve: !toggles +blocked disable_feed=0 disable_explore=0 disable_reels=1 disable_stories=0 disable_adds=0
08-19 20:48:26.740  9546 11097 I DFInstaObserve: !toggles +blocked disable_feed=0 disable_explore=0 disable_reels=1 disable_stories=0 disable_adds=0
08-19 20:48:27.433  9546 11112 I DFInstaObserve: !toggles +blocked disable_feed=0 disable_explore=0 disable_reels=1 disable_stories=0 disable_adds=0
08-19 20:48:27.443  9546 10494 I DFInstaObserve: !toggles +blocked disable_feed=0 disable_explore=0 disable_reels=1 disable_stories=0 disable_adds=0
08-19 20:48:27.498  9546  9801 I DFInstaObserve: !toggles +blocked disable_feed=0 disable_explore=0 disable_reels=1 disable_stories=0 disable_adds=0
08-19 20:48:27.570  9546 11007 I DFInstaObserve: !toggles +blocked disable_feed=0 disable_explore=0 disable_reels=1 disable_stories=0 disable_adds=0
08-19 20:48:27.611  9546 11097 I DFInstaObserve: !toggles +blocked disable_feed=0 disable_explore=0 disable_reels=1 disable_stories=0 disable_adds=0
08-19 20:48:27.628  9546 11121 I DFInstaObserve: !toggles +blocked disable_feed=0 disable_explore=0 disable_reels=1 disable_stories=0 disable_adds=0
08-19 20:48:27.659  9546  9801 I DFInstaObserve: !toggles +blocked disable_feed=0 disable_explore=0 disable_reels=1 disable_stories=0 disable_adds=0
08-19 20:48:27.691  9546 11006 I DFInstaObserve: !toggles +blocked disable_feed=0 disable_explore=0 disable_reels=1 disable_stories=0 disable_adds=0
08-19 20:48:27.806  9546  9801 I DFInstaObserve: !toggles +blocked disable_feed=0 disable_explore=0 disable_reels=1 disable_stories=0 disable_adds=0
08-19 20:48:27.848  9546 11093 I DFInstaObserve: !toggles +blocked disable_feed=0 disable_explore=0 disable_reels=1 disable_stories=0 disable_adds=0
08-19 20:48:27.941  9546 11113 I DFInstaObserve: !toggles +blocked disable_feed=0 disable_explore=0 disable_reels=1 disable_stories=0 disable_adds=0
08-19 20:48:27.992  9546 11113 I DFInstaObserve: !toggles +blocked disable_feed=0 disable_explore=0 disable_reels=1 disable_stories=0 disable_adds=0
08-19 20:48:28.020  9546 11041 I DFInstaObserve: !toggles +blocked disable_feed=0 disable_explore=0 disable_reels=1 disable_stories=0 disable_adds=0
08-19 20:48:28.051  9546 11113 I DFInstaObserve: !toggles +blocked disable_feed=0 disable_explore=0 disable_reels=1 disable_stories=0 disable_adds=0
08-19 20:48:28.073  9546  9801 I DFInstaObserve: !toggles +blocked disable_feed=0 disable_explore=0 disable_reels=1 disable_stories=0 disable_adds=0
08-19 20:48:28.094  9546 11094 I DFInstaObserve: !toggles +blocked disable_feed=0 disable_explore=0 disable_reels=1 disable_stories=0 disable_adds=0
08-19 20:48:28.127  9546  9801 I DFInstaObserve: !toggles +blocked disable_feed=0 disable_explore=0 disable_reels=1 disable_stories=0 disable_adds=0
08-19 20:48:28.142  9546 11114 I DFInstaObserve: !toggles +blocked disable_feed=0 disable_explore=0 disable_reels=1 disable_stories=0 disable_adds=0
08-19 20:48:28.174  9546 11113 I DFInstaObserve: !toggles +blocked disable_feed=0 disable_explore=0 disable_reels=1 disable_stories=0 disable_adds=0
08-19 20:48:28.183  9546  9801 I DFInstaObserve: !toggles +blocked disable_feed=0 disable_explore=0 disable_reels=1 disable_stories=0 disable_adds=0
08-19 20:48:28.220  9546 11075 I DFInstaObserve: !toggles +blocked disable_feed=0 disable_explore=0 disable_reels=1 disable_stories=0 disable_adds=0
08-19 20:48:28.251  9546 11041 I DFInstaObserve: !toggles +blocked disable_feed=0 disable_explore=0 disable_reels=1 disable_stories=0 disable_adds=0
08-19 20:48:28.296  9546 11114 I DFInstaObserve: !toggles +blocked disable_feed=0 disable_explore=0 disable_reels=1 disable_stories=0 disable_adds=0
08-19 20:48:28.320  9546 11006 I DFInstaObserve: !toggles +blocked disable_feed=0 disable_explore=0 disable_reels=1 disable_stories=0 disable_adds=0
08-19 20:48:29.711  9546 11120 I DFInstaObserve: !toggles +blocked disable_feed=0 disable_explore=0 disable_reels=1 disable_stories=0 disable_adds=0
08-19 20:48:29.822  9546 11127 I DFInstaObserve: !toggles +blocked disable_feed=0 disable_explore=0 disable_reels=1 disable_stories=0 disable_adds=0
08-19 20:48:29.874  9546 11120 I DFInstaObserve: !toggles +blocked disable_feed=0 disable_explore=0 disable_reels=1 disable_stories=0 disable_adds=0
08-19 20:48:30.724  9546 11093 I DFInstaObserve: !toggles +blocked disable_feed=0 disable_explore=0 disable_reels=1 disable_stories=0 disable_adds=0
08-19 20:48:30.724  9546 11093 I DFInstaObserve: /discover/topical_explore
08-19 20:48:33.093  9546 11157 I DFInstaObserve: !toggles +blocked disable_feed=0 disable_explore=0 disable_reels=1 disable_stories=0 disable_adds=0
08-19 20:48:33.540  9546 11166 I DFInstaObserve: !toggles +blocked disable_feed=0 disable_explore=0 disable_reels=1 disable_stories=0 disable_adds=0
08-19 20:48:33.710  9546 10494 I DFInstaObserve: !toggles +blocked disable_feed=0 disable_explore=0 disable_reels=1 disable_stories=0 disable_adds=0
08-19 20:48:33.713  9546 11112 I DFInstaObserve: !toggles +blocked disable_feed=0 disable_explore=0 disable_reels=1 disable_stories=0 disable_adds=0
08-19 20:48:33.735  9546  9801 I DFInstaObserve: !toggles +blocked disable_feed=0 disable_explore=0 disable_reels=1 disable_stories=0 disable_adds=0
08-19 20:48:33.918  9546 11097 I DFInstaObserve: !toggles +blocked disable_feed=0 disable_explore=0 disable_reels=1 disable_stories=0 disable_adds=0
08-19 20:48:33.987  9546 11145 I DFInstaObserve: !toggles +blocked disable_feed=0 disable_explore=0 disable_reels=1 disable_stories=0 disable_adds=0
08-19 20:48:34.088  9546 11141 I DFInstaObserve: !toggles +blocked disable_feed=0 disable_explore=0 disable_reels=1 disable_stories=0 disable_adds=0
08-19 20:48:34.119  9546 11154 I DFInstaObserve: !toggles +blocked disable_feed=0 disable_explore=0 disable_reels=1 disable_stories=0 disable_adds=0
08-19 20:48:34.200  9546 11188 I DFInstaObserve: !toggles +blocked disable_feed=0 disable_explore=0 disable_reels=1 disable_stories=0 disable_adds=0
08-19 20:48:34.201  9546 11188 I DFInstaObserve: /discover/topical_explore
08-19 20:48:34.416  9546 11186 I DFInstaObserve: !toggles +blocked disable_feed=0 disable_explore=0 disable_reels=1 disable_stories=0 disable_adds=0
08-19 20:48:34.534  9546 11189 I DFInstaObserve: !toggles +blocked disable_feed=0 disable_explore=0 disable_reels=1 disable_stories=0 disable_adds=0
08-19 20:48:34.622  9546 11007 I DFInstaObserve: !toggles +blocked disable_feed=0 disable_explore=0 disable_reels=1 disable_stories=0 disable_adds=0
08-19 20:48:34.672  9546 11201 I DFInstaObserve: !toggles +blocked disable_feed=0 disable_explore=0 disable_reels=1 disable_stories=0 disable_adds=0
08-19 20:48:34.672  9546 11202 I DFInstaObserve: !toggles +blocked disable_feed=0 disable_explore=0 disable_reels=1 disable_stories=0 disable_adds=0
08-19 20:48:34.767  9546 11097 I DFInstaObserve: !toggles +blocked disable_feed=0 disable_explore=0 disable_reels=1 disable_stories=0 disable_adds=0
08-19 20:48:34.868  9546 11114 I DFInstaObserve: !toggles +blocked disable_feed=0 disable_explore=0 disable_reels=1 disable_stories=0 disable_adds=0
08-19 20:48:34.886  9546  9801 I DFInstaObserve: !toggles +blocked disable_feed=0 disable_explore=0 disable_reels=1 disable_stories=0 disable_adds=0
08-19 20:48:35.025  9546 11145 I DFInstaObserve: !toggles +blocked disable_feed=0 disable_explore=0 disable_reels=1 disable_stories=0 disable_adds=0
08-19 20:48:35.056  9546 11041 I DFInstaObserve: !toggles +blocked disable_feed=0 disable_explore=0 disable_reels=1 disable_stories=0 disable_adds=0
08-19 20:48:35.123  9546  9801 I DFInstaObserve: !toggles +blocked disable_feed=0 disable_explore=0 disable_reels=1 disable_stories=0 disable_adds=0
08-19 20:48:35.142  9546 11114 I DFInstaObserve: !toggles +blocked disable_feed=0 disable_explore=0 disable_reels=1 disable_stories=0 disable_adds=0
08-19 20:48:35.182  9546  9801 I DFInstaObserve: !toggles +blocked disable_feed=0 disable_explore=0 disable_reels=1 disable_stories=0 disable_adds=0
08-19 20:48:35.204  9546 11041 I DFInstaObserve: !toggles +blocked disable_feed=0 disable_explore=0 disable_reels=1 disable_stories=0 disable_adds=0
08-19 20:48:35.264  9546 11186 I DFInstaObserve: !toggles +blocked disable_feed=0 disable_explore=0 disable_reels=1 disable_stories=0 disable_adds=0
08-19 20:48:35.368  9546 11141 I DFInstaObserve: !toggles +blocked disable_feed=0 disable_explore=0 disable_reels=1 disable_stories=0 disable_adds=0
08-19 20:48:35.446  9546  9801 I DFInstaObserve: !toggles +blocked disable_feed=0 disable_explore=0 disable_reels=1 disable_stories=0 disable_adds=0
08-19 20:48:35.507  9546  9801 I DFInstaObserve: !toggles +blocked disable_feed=0 disable_explore=0 disable_reels=1 disable_stories=0 disable_adds=0
08-19 20:48:35.860  9546  9801 I DFInstaObserve: !toggles +blocked disable_feed=0 disable_explore=0 disable_reels=1 disable_stories=0 disable_adds=0
08-19 20:48:36.342  9546 11173 I DFInstaObserve: !toggles +blocked disable_feed=0 disable_explore=0 disable_reels=1 disable_stories=0 disable_adds=0
08-19 20:48:36.661  9546 11193 I DFInstaObserve: !toggles +blocked disable_feed=0 disable_explore=0 disable_reels=1 disable_stories=0 disable_adds=0
08-19 20:48:36.919  9546 10494 I DFInstaObserve: !toggles +blocked disable_feed=0 disable_explore=0 disable_reels=1 disable_stories=0 disable_adds=0
08-19 20:48:36.922  9546 11211 I DFInstaObserve: !toggles +blocked disable_feed=0 disable_explore=0 disable_reels=1 disable_stories=0 disable_adds=0
08-19 20:48:36.950  9546  9801 I DFInstaObserve: !toggles +blocked disable_feed=0 disable_explore=0 disable_reels=1 disable_stories=0 disable_adds=0
08-19 20:48:36.978  9546 11188 I DFInstaObserve: !toggles +blocked disable_feed=0 disable_explore=0 disable_reels=1 disable_stories=0 disable_adds=0
08-19 20:48:37.048  9546 11094 I DFInstaObserve: !toggles +blocked disable_feed=0 disable_explore=0 disable_reels=1 disable_stories=0 disable_adds=0
08-19 20:48:37.125  9546 11114 I DFInstaObserve: !toggles +blocked disable_feed=0 disable_explore=0 disable_reels=1 disable_stories=0 disable_adds=0
08-19 20:48:37.127  9546  9801 I DFInstaObserve: !toggles +blocked disable_feed=0 disable_explore=0 disable_reels=1 disable_stories=0 disable_adds=0
08-19 20:48:37.187  9546 11188 I DFInstaObserve: !toggles +blocked disable_feed=0 disable_explore=0 disable_reels=1 disable_stories=0 disable_adds=0
08-19 20:48:37.218  9546  9801 I DFInstaObserve: !toggles +blocked disable_feed=0 disable_explore=0 disable_reels=1 disable_stories=0 disable_adds=0
08-19 20:48:37.287 11217 11217 I DFInstaWalk: surface=Reels
08-19 20:48:37.328  9546 11213 I DFInstaObserve: !toggles +blocked disable_feed=0 disable_explore=0 disable_reels=1 disable_stories=0 disable_adds=0
08-19 20:48:37.354  9546 11212 I DFInstaObserve: !toggles +blocked disable_feed=0 disable_explore=0 disable_reels=1 disable_stories=0 disable_adds=0
08-19 20:48:37.471  9546 11141 I DFInstaObserve: !toggles +blocked disable_feed=0 disable_explore=0 disable_reels=1 disable_stories=0 disable_adds=0
08-19 20:48:37.569  9546 11141 I DFInstaObserve: !toggles +blocked disable_feed=0 disable_explore=0 disable_reels=1 disable_stories=0 disable_adds=0
08-19 20:48:37.580  9546  9843 I DFInstaObserve: !toggles +blocked disable_feed=0 disable_explore=0 disable_reels=1 disable_stories=0 disable_adds=0
08-19 20:48:37.684  9546 11094 I DFInstaObserve: !toggles +blocked disable_feed=0 disable_explore=0 disable_reels=1 disable_stories=0 disable_adds=0
08-19 20:48:37.726  9546 11188 I DFInstaObserve: !toggles +blocked disable_feed=0 disable_explore=0 disable_reels=1 disable_stories=0 disable_adds=0
08-19 20:48:37.788  9546  9843 I DFInstaObserve: !toggles +blocked disable_feed=0 disable_explore=0 disable_reels=1 disable_stories=0 disable_adds=0
08-19 20:48:37.880  9546 11094 I DFInstaObserve: !toggles +blocked disable_feed=0 disable_explore=0 disable_reels=1 disable_stories=0 disable_adds=0
08-19 20:48:37.913  9546 11252 I DFInstaObserve: !toggles +blocked disable_feed=0 disable_explore=0 disable_reels=1 disable_stories=0 disable_adds=0
08-19 20:48:38.015  9546  9843 I DFInstaObserve: !toggles +blocked disable_feed=0 disable_explore=0 disable_reels=1 disable_stories=0 disable_adds=0
08-19 20:48:38.102  9546 11252 I DFInstaObserve: !toggles +blocked disable_feed=0 disable_explore=0 disable_reels=1 disable_stories=0 disable_adds=0
08-19 20:48:38.171  9546  9843 I DFInstaObserve: !toggles +blocked disable_feed=0 disable_explore=0 disable_reels=1 disable_stories=0 disable_adds=0
08-19 20:48:38.191  9546 11263 I DFInstaObserve: !toggles +blocked disable_feed=0 disable_explore=0 disable_reels=1 disable_stories=0 disable_adds=0
08-19 20:48:38.295  9546 11188 I DFInstaObserve: !toggles +blocked disable_feed=0 disable_explore=0 disable_reels=1 disable_stories=0 disable_adds=0
08-19 20:48:38.458  9546  9843 I DFInstaObserve: !toggles +blocked disable_feed=0 disable_explore=0 disable_reels=1 disable_stories=0 disable_adds=0
08-19 20:48:38.570  9546  9801 I DFInstaObserve: !toggles +blocked disable_feed=0 disable_explore=0 disable_reels=1 disable_stories=0 disable_adds=0
08-19 20:48:38.928  9546  9801 I DFInstaObserve: !toggles +blocked disable_feed=0 disable_explore=0 disable_reels=1 disable_stories=0 disable_adds=0
08-19 20:48:39.067  9546  9801 I DFInstaObserve: !toggles +blocked disable_feed=0 disable_explore=0 disable_reels=1 disable_stories=0 disable_adds=0
08-19 20:48:39.122  9546  9801 I DFInstaObserve: !toggles +blocked disable_feed=0 disable_explore=0 disable_reels=1 disable_stories=0 disable_adds=0
08-19 20:48:39.362  9546  9801 I DFInstaObserve: !toggles +blocked disable_feed=0 disable_explore=0 disable_reels=1 disable_stories=0 disable_adds=0
08-19 20:48:39.402  9546  9801 I DFInstaObserve: !toggles +blocked disable_feed=0 disable_explore=0 disable_reels=1 disable_stories=0 disable_adds=0
08-19 20:48:39.692  9546  9801 I DFInstaObserve: !toggles +blocked disable_feed=0 disable_explore=0 disable_reels=1 disable_stories=0 disable_adds=0
08-19 20:48:39.727  9546 11243 I DFInstaObserve: !toggles +blocked disable_feed=0 disable_explore=0 disable_reels=1 disable_stories=0 disable_adds=0
08-19 20:48:39.727  9546 11242 I DFInstaObserve: !toggles +blocked disable_feed=0 disable_explore=0 disable_reels=1 disable_stories=0 disable_adds=0
08-19 20:48:42.190  9546 11243 I DFInstaObserve: !toggles +blocked disable_feed=0 disable_explore=0 disable_reels=1 disable_stories=0 disable_adds=0
08-19 20:48:45.743  9546 10494 I DFInstaObserve: !toggles +blocked disable_feed=0 disable_explore=0 disable_reels=1 disable_stories=0 disable_adds=0
08-19 20:48:45.818  9546 11211 I DFInstaObserve: !toggles +blocked disable_feed=0 disable_explore=0 disable_reels=1 disable_stories=0 disable_adds=0
08-19 20:48:45.848  9546  9801 I DFInstaObserve: !toggles +blocked disable_feed=0 disable_explore=0 disable_reels=1 disable_stories=0 disable_adds=0
08-19 20:48:45.930  9546 11207 I DFInstaObserve: !toggles +blocked disable_feed=0 disable_explore=0 disable_reels=1 disable_stories=0 disable_adds=0
08-19 20:48:49.148  9546  9801 I DFInstaObserve: !toggles +blocked disable_feed=0 disable_explore=0 disable_reels=1 disable_stories=0 disable_adds=0
08-19 20:48:52.494  9546  9801 I DFInstaObserve: !toggles +blocked disable_feed=0 disable_explore=0 disable_reels=1 disable_stories=0 disable_adds=0
08-19 20:48:52.732  9546  9801 I DFInstaObserve: !toggles +blocked disable_feed=0 disable_explore=0 disable_reels=1 disable_stories=0 disable_adds=0
08-19 20:48:55.830  9546 10494 I DFInstaObserve: !toggles +blocked disable_feed=0 disable_explore=0 disable_reels=1 disable_stories=0 disable_adds=0
08-19 20:48:55.835  9546 10494 I DFInstaObserve: !toggles +blocked disable_feed=0 disable_explore=0 disable_reels=1 disable_stories=0 disable_adds=0
08-19 20:48:55.897  9546  9801 I DFInstaObserve: !toggles +blocked disable_feed=0 disable_explore=0 disable_reels=1 disable_stories=0 disable_adds=0
08-19 20:48:56.364  9546  9801 I DFInstaObserve: !toggles +blocked disable_feed=0 disable_explore=0 disable_reels=1 disable_stories=0 disable_adds=0
08-19 20:48:58.096  9546 11395 I DFInstaObserve: !toggles +blocked disable_feed=0 disable_explore=0 disable_reels=1 disable_stories=0 disable_adds=0
08-19 20:48:58.107  9546 11394 I DFInstaObserve: !toggles +blocked disable_feed=0 disable_explore=0 disable_reels=1 disable_stories=0 disable_adds=0
08-19 20:48:59.206  9546  9801 I DFInstaObserve: !toggles +blocked disable_feed=0 disable_explore=0 disable_reels=1 disable_stories=0 disable_adds=0
08-19 20:48:59.249  9546  9801 I DFInstaObserve: !toggles +blocked disable_feed=0 disable_explore=0 disable_reels=1 disable_stories=0 disable_adds=0
08-19 20:49:01.446  9546 11423 I DFInstaObserve: !toggles +blocked disable_feed=0 disable_explore=0 disable_reels=1 disable_stories=0 disable_adds=0
08-19 20:49:01.449  9546 11422 I DFInstaObserve: !toggles +blocked disable_feed=0 disable_explore=0 disable_reels=1 disable_stories=0 disable_adds=0
08-19 20:49:02.172 11443 11443 I DFInstaWalk: surface=Home
08-19 20:49:02.265  9546 11439 I DFInstaObserve: !toggles +blocked disable_feed=0 disable_explore=0 disable_reels=1 disable_stories=0 disable_adds=0
08-19 20:49:02.658  9546  9843 I DFInstaObserve: !toggles +blocked disable_feed=0 disable_explore=0 disable_reels=1 disable_stories=0 disable_adds=0
08-19 20:49:02.748  9546  9843 I DFInstaObserve: !toggles +blocked disable_feed=0 disable_explore=0 disable_reels=1 disable_stories=0 disable_adds=0
08-19 20:49:25.344  9546 11514 I DFInstaObserve: !toggles +blocked disable_feed=0 disable_explore=0 disable_reels=1 disable_stories=0 disable_adds=0
08-19 20:49:25.344  9546 11514 I DFInstaObserve: /feed/timeline/
08-19 20:49:27.551  9546 10494 I DFInstaObserve: !toggles +blocked disable_feed=0 disable_explore=0 disable_reels=1 disable_stories=0 disable_adds=0
08-19 20:49:27.555  9546 10494 I DFInstaObserve: !toggles +blocked disable_feed=0 disable_explore=0 disable_reels=1 disable_stories=0 disable_adds=0
08-19 20:49:27.712  9546  9801 I DFInstaObserve: !toggles +blocked disable_feed=0 disable_explore=0 disable_reels=1 disable_stories=0 disable_adds=0
08-19 20:49:27.971  9546 11526 I DFInstaObserve: !toggles +blocked disable_feed=0 disable_explore=0 disable_reels=1 disable_stories=0 disable_adds=0
08-19 20:49:28.598  9546 10494 I DFInstaObserve: !toggles +blocked disable_feed=0 disable_explore=0 disable_reels=1 disable_stories=0 disable_adds=0
08-19 20:49:28.813  9546 10494 I DFInstaObserve: !toggles +blocked disable_feed=0 disable_explore=0 disable_reels=1 disable_stories=0 disable_adds=0
08-19 20:49:32.155  9546 11211 I DFInstaObserve: !toggles +blocked disable_feed=0 disable_explore=0 disable_reels=1 disable_stories=0 disable_adds=0
08-19 20:49:35.519  9546 10494 I DFInstaObserve: !toggles +blocked disable_feed=0 disable_explore=0 disable_reels=1 disable_stories=0 disable_adds=0
08-19 20:49:38.573 11589 11589 I DFInstaWalk: surface=Search and explore
08-19 20:49:38.801  9546  9843 I DFInstaObserve: !toggles +blocked disable_feed=0 disable_explore=0 disable_reels=1 disable_stories=0 disable_adds=0
08-19 20:49:38.931  9546  9843 I DFInstaObserve: !toggles +blocked disable_feed=0 disable_explore=0 disable_reels=1 disable_stories=0 disable_adds=0
08-19 20:49:43.235  9546 11600 I DFInstaObserve: !toggles +blocked disable_feed=0 disable_explore=0 disable_reels=1 disable_stories=0 disable_adds=0
08-19 20:49:43.265  9546 11605 I DFInstaObserve: !toggles +blocked disable_feed=0 disable_explore=0 disable_reels=1 disable_stories=0 disable_adds=0
08-19 20:49:43.295  9546 11605 I DFInstaObserve: !toggles +blocked disable_feed=0 disable_explore=0 disable_reels=1 disable_stories=0 disable_adds=0
08-19 20:49:43.296  9546 11600 I DFInstaObserve: !toggles +blocked disable_feed=0 disable_explore=0 disable_reels=1 disable_stories=0 disable_adds=0
08-19 20:49:47.065  9546 11649 I DFInstaObserve: !toggles +blocked disable_feed=0 disable_explore=0 disable_reels=1 disable_stories=0 disable_adds=0
08-19 20:49:47.147  9546 11575 I DFInstaObserve: !toggles +blocked disable_feed=0 disable_explore=0 disable_reels=1 disable_stories=0 disable_adds=0
08-19 20:49:47.147  9546 11575 I DFInstaObserve: /discover/topical_explore
08-19 20:49:47.621  9546 11670 I DFInstaObserve: !toggles +blocked disable_feed=0 disable_explore=0 disable_reels=1 disable_stories=0 disable_adds=0
08-19 20:49:49.610  9546 11657 I DFInstaObserve: !toggles +blocked disable_feed=0 disable_explore=0 disable_reels=1 disable_stories=0 disable_adds=0
08-19 20:49:50.320  9546 11686 I DFInstaObserve: !toggles +blocked disable_feed=0 disable_explore=0 disable_reels=1 disable_stories=0 disable_adds=0
08-19 20:49:50.849  9546 11575 I DFInstaObserve: !toggles +blocked disable_feed=0 disable_explore=0 disable_reels=1 disable_stories=0 disable_adds=0
08-19 20:49:50.849  9546 11575 I DFInstaObserve: /discover/topical_explore
08-19 20:49:51.491  9546 11211 I DFInstaObserve: !toggles +blocked disable_feed=0 disable_explore=0 disable_reels=1 disable_stories=0 disable_adds=0
08-19 20:49:51.505  9546 11705 I DFInstaObserve: !toggles +blocked disable_feed=0 disable_explore=0 disable_reels=1 disable_stories=0 disable_adds=0
08-19 20:49:51.510  9546 11711 I DFInstaObserve: !toggles +blocked disable_feed=0 disable_explore=0 disable_reels=1 disable_stories=0 disable_adds=0
08-19 20:49:51.566  9546  9801 I DFInstaObserve: !toggles +blocked disable_feed=0 disable_explore=0 disable_reels=1 disable_stories=0 disable_adds=0
08-19 20:49:51.580  9546 11626 I DFInstaObserve: !toggles +blocked disable_feed=0 disable_explore=0 disable_reels=1 disable_stories=0 disable_adds=0
08-19 20:49:51.687  9546 11693 I DFInstaObserve: !toggles +blocked disable_feed=0 disable_explore=0 disable_reels=1 disable_stories=0 disable_adds=0
08-19 20:49:51.856  9546 11576 I DFInstaObserve: !toggles +blocked disable_feed=0 disable_explore=0 disable_reels=1 disable_stories=0 disable_adds=0
08-19 20:49:51.923  9546 11662 I DFInstaObserve: !toggles +blocked disable_feed=0 disable_explore=0 disable_reels=1 disable_stories=0 disable_adds=0
08-19 20:49:52.055  9546 11576 I DFInstaObserve: !toggles +blocked disable_feed=0 disable_explore=0 disable_reels=1 disable_stories=0 disable_adds=0
08-19 20:49:52.222  9546  9801 I DFInstaObserve: !toggles +blocked disable_feed=0 disable_explore=0 disable_reels=1 disable_stories=0 disable_adds=0
08-19 20:49:52.305  9546  9801 I DFInstaObserve: !toggles +blocked disable_feed=0 disable_explore=0 disable_reels=1 disable_stories=0 disable_adds=0
08-19 20:49:52.317  9546 11621 I DFInstaObserve: !toggles +blocked disable_feed=0 disable_explore=0 disable_reels=1 disable_stories=0 disable_adds=0
08-19 20:49:52.348  9546 11717 I DFInstaObserve: !toggles +blocked disable_feed=0 disable_explore=0 disable_reels=1 disable_stories=0 disable_adds=0
08-19 20:49:52.429  9546 11514 I DFInstaObserve: !toggles +blocked disable_feed=0 disable_explore=0 disable_reels=1 disable_stories=0 disable_adds=0
08-19 20:49:52.482  9546  9801 I DFInstaObserve: !toggles +blocked disable_feed=0 disable_explore=0 disable_reels=1 disable_stories=0 disable_adds=0
08-19 20:49:52.503  9546 11693 I DFInstaObserve: !toggles +blocked disable_feed=0 disable_explore=0 disable_reels=1 disable_stories=0 disable_adds=0
08-19 20:49:52.519  9546  9801 I DFInstaObserve: !toggles +blocked disable_feed=0 disable_explore=0 disable_reels=1 disable_stories=0 disable_adds=0
08-19 20:49:52.525  9546 11514 I DFInstaObserve: !toggles +blocked disable_feed=0 disable_explore=0 disable_reels=1 disable_stories=0 disable_adds=0
08-19 20:49:52.580  9546 11514 I DFInstaObserve: !toggles +blocked disable_feed=0 disable_explore=0 disable_reels=1 disable_stories=0 disable_adds=0
08-19 20:49:52.634  9546 11626 I DFInstaObserve: !toggles +blocked disable_feed=0 disable_explore=0 disable_reels=1 disable_stories=0 disable_adds=0
08-19 20:49:52.675  9546 11621 I DFInstaObserve: !toggles +blocked disable_feed=0 disable_explore=0 disable_reels=1 disable_stories=0 disable_adds=0
08-19 20:49:52.729  9546  9801 I DFInstaObserve: !toggles +blocked disable_feed=0 disable_explore=0 disable_reels=1 disable_stories=0 disable_adds=0
08-19 20:49:52.740  9546 11514 I DFInstaObserve: !toggles +blocked disable_feed=0 disable_explore=0 disable_reels=1 disable_stories=0 disable_adds=0
08-19 20:49:52.808  9546 11701 I DFInstaObserve: !toggles +blocked disable_feed=0 disable_explore=0 disable_reels=1 disable_stories=0 disable_adds=0
08-19 20:49:52.815  9546 11716 I DFInstaObserve: !toggles +blocked disable_feed=0 disable_explore=0 disable_reels=1 disable_stories=0 disable_adds=0
08-19 20:49:52.852  9546 11701 I DFInstaObserve: !toggles +blocked disable_feed=0 disable_explore=0 disable_reels=1 disable_stories=0 disable_adds=0
08-19 20:49:52.891  9546 11696 I DFInstaObserve: !toggles +blocked disable_feed=0 disable_explore=0 disable_reels=1 disable_stories=0 disable_adds=0
08-19 20:49:52.928  9546 11716 I DFInstaObserve: !toggles +blocked disable_feed=0 disable_explore=0 disable_reels=1 disable_stories=0 disable_adds=0
08-19 20:49:53.840  9546 11514 I DFInstaObserve: !toggles +blocked disable_feed=0 disable_explore=0 disable_reels=1 disable_stories=0 disable_adds=0
08-19 20:49:53.840  9546 11514 I DFInstaObserve: /discover/topical_explore
08-19 20:49:54.497  9546 11705 I DFInstaObserve: !toggles +blocked disable_feed=0 disable_explore=0 disable_reels=1 disable_stories=0 disable_adds=0
08-19 20:49:54.500  9546 11745 I DFInstaObserve: !toggles +blocked disable_feed=0 disable_explore=0 disable_reels=1 disable_stories=0 disable_adds=0
08-19 20:49:54.528  9546  9801 I DFInstaObserve: !toggles +blocked disable_feed=0 disable_explore=0 disable_reels=1 disable_stories=0 disable_adds=0
08-19 20:49:54.540  9546 11750 I DFInstaObserve: !toggles +blocked disable_feed=0 disable_explore=0 disable_reels=1 disable_stories=0 disable_adds=0
08-19 20:49:54.595  9546 11626 I DFInstaObserve: !toggles +blocked disable_feed=0 disable_explore=0 disable_reels=1 disable_stories=0 disable_adds=0
08-19 20:49:54.670  9546 11626 I DFInstaObserve: !toggles +blocked disable_feed=0 disable_explore=0 disable_reels=1 disable_stories=0 disable_adds=0
08-19 20:49:54.740  9546  9801 I DFInstaObserve: !toggles +blocked disable_feed=0 disable_explore=0 disable_reels=1 disable_stories=0 disable_adds=0
08-19 20:49:54.819  9546 11715 I DFInstaObserve: !toggles +blocked disable_feed=0 disable_explore=0 disable_reels=1 disable_stories=0 disable_adds=0
08-19 20:49:54.902  9546 11575 I DFInstaObserve: !toggles +blocked disable_feed=0 disable_explore=0 disable_reels=1 disable_stories=0 disable_adds=0
08-19 20:49:54.970  9546 11577 I DFInstaObserve: !toggles +blocked disable_feed=0 disable_explore=0 disable_reels=1 disable_stories=0 disable_adds=0
08-19 20:49:55.040  9546 11575 I DFInstaObserve: !toggles +blocked disable_feed=0 disable_explore=0 disable_reels=1 disable_stories=0 disable_adds=0
08-19 20:49:55.116  9546  9801 I DFInstaObserve: !toggles +blocked disable_feed=0 disable_explore=0 disable_reels=1 disable_stories=0 disable_adds=0
08-19 20:49:55.195  9546 11662 I DFInstaObserve: !toggles +blocked disable_feed=0 disable_explore=0 disable_reels=1 disable_stories=0 disable_adds=0
08-19 20:49:55.497  9546 11662 I DFInstaObserve: !toggles +blocked disable_feed=0 disable_explore=0 disable_reels=1 disable_stories=0 disable_adds=0
08-19 20:49:55.677  9546 11575 I DFInstaObserve: !toggles +blocked disable_feed=0 disable_explore=0 disable_reels=1 disable_stories=0 disable_adds=0
08-19 20:49:55.705  9546 11626 I DFInstaObserve: !toggles +blocked disable_feed=0 disable_explore=0 disable_reels=1 disable_stories=0 disable_adds=0
08-19 20:49:55.813  9546 11662 I DFInstaObserve: !toggles +blocked disable_feed=0 disable_explore=0 disable_reels=1 disable_stories=0 disable_adds=0
08-19 20:49:55.854  9546 11716 I DFInstaObserve: !toggles +blocked disable_feed=0 disable_explore=0 disable_reels=1 disable_stories=0 disable_adds=0
08-19 20:49:55.992  9546 11755 I DFInstaObserve: !toggles +blocked disable_feed=0 disable_explore=0 disable_reels=1 disable_stories=0 disable_adds=0
08-19 20:49:56.036  9546 11626 I DFInstaObserve: !toggles +blocked disable_feed=0 disable_explore=0 disable_reels=1 disable_stories=0 disable_adds=0
08-19 20:49:56.042  9546 11739 I DFInstaObserve: !toggles +blocked disable_feed=0 disable_explore=0 disable_reels=1 disable_stories=0 disable_adds=0
08-19 20:49:56.283  9546 11514 I DFInstaObserve: !toggles +blocked disable_feed=0 disable_explore=0 disable_reels=1 disable_stories=0 disable_adds=0
08-19 20:49:56.483  9546  9801 I DFInstaObserve: !toggles +blocked disable_feed=0 disable_explore=0 disable_reels=1 disable_stories=0 disable_adds=0
08-19 20:49:56.496  9546 11705 I DFInstaObserve: !toggles +blocked disable_feed=0 disable_explore=0 disable_reels=1 disable_stories=0 disable_adds=0
08-19 20:49:56.499  9546 11761 I DFInstaObserve: !toggles +blocked disable_feed=0 disable_explore=0 disable_reels=1 disable_stories=0 disable_adds=0
08-19 20:49:56.523  9546  9801 I DFInstaObserve: !toggles +blocked disable_feed=0 disable_explore=0 disable_reels=1 disable_stories=0 disable_adds=0
08-19 20:49:56.584  9546 11716 I DFInstaObserve: !toggles +blocked disable_feed=0 disable_explore=0 disable_reels=1 disable_stories=0 disable_adds=0
08-19 20:49:56.659  9546 11758 I DFInstaObserve: !toggles +blocked disable_feed=0 disable_explore=0 disable_reels=1 disable_stories=0 disable_adds=0
08-19 20:49:56.729  9546 11755 I DFInstaObserve: !toggles +blocked disable_feed=0 disable_explore=0 disable_reels=1 disable_stories=0 disable_adds=0
08-19 20:49:56.734  9546  9801 I DFInstaObserve: !toggles +blocked disable_feed=0 disable_explore=0 disable_reels=1 disable_stories=0 disable_adds=0
08-19 20:49:56.762  9546 11716 I DFInstaObserve: !toggles +blocked disable_feed=0 disable_explore=0 disable_reels=1 disable_stories=0 disable_adds=0
08-19 20:49:56.785  9546  9801 I DFInstaObserve: !toggles +blocked disable_feed=0 disable_explore=0 disable_reels=1 disable_stories=0 disable_adds=0
08-19 20:49:56.820  9546 11754 I DFInstaObserve: !toggles +blocked disable_feed=0 disable_explore=0 disable_reels=1 disable_stories=0 disable_adds=0
08-19 20:49:56.899  9546 11755 I DFInstaObserve: !toggles +blocked disable_feed=0 disable_explore=0 disable_reels=1 disable_stories=0 disable_adds=0
08-19 20:49:56.936  9546 11757 I DFInstaObserve: !toggles +blocked disable_feed=0 disable_explore=0 disable_reels=1 disable_stories=0 disable_adds=0
08-19 20:49:57.052  9546 11772 I DFInstaObserve: !toggles +blocked disable_feed=0 disable_explore=0 disable_reels=1 disable_stories=0 disable_adds=0
08-19 20:49:57.106  9546 11757 I DFInstaObserve: !toggles +blocked disable_feed=0 disable_explore=0 disable_reels=1 disable_stories=0 disable_adds=0
08-19 20:49:57.150  9546 11759 I DFInstaObserve: !toggles +blocked disable_feed=0 disable_explore=0 disable_reels=1 disable_stories=0 disable_adds=0
08-19 20:49:57.224  9546 11757 I DFInstaObserve: !toggles +blocked disable_feed=0 disable_explore=0 disable_reels=1 disable_stories=0 disable_adds=0
08-19 20:49:57.253  9546 11760 I DFInstaObserve: !toggles +blocked disable_feed=0 disable_explore=0 disable_reels=1 disable_stories=0 disable_adds=0
08-19 20:49:57.280  9546 11781 I DFInstaObserve: !toggles +blocked disable_feed=0 disable_explore=0 disable_reels=1 disable_stories=0 disable_adds=0
08-19 20:49:57.331  9546 11759 I DFInstaObserve: !toggles +blocked disable_feed=0 disable_explore=0 disable_reels=1 disable_stories=0 disable_adds=0
08-19 20:49:57.344  9546  9801 I DFInstaObserve: !toggles +blocked disable_feed=0 disable_explore=0 disable_reels=1 disable_stories=0 disable_adds=0
08-19 20:49:57.369  9546 11755 I DFInstaObserve: !toggles +blocked disable_feed=0 disable_explore=0 disable_reels=1 disable_stories=0 disable_adds=0
08-19 20:49:57.395  9546 11758 I DFInstaObserve: !toggles +blocked disable_feed=0 disable_explore=0 disable_reels=1 disable_stories=0 disable_adds=0
08-19 20:49:57.402  9546  9801 I DFInstaObserve: !toggles +blocked disable_feed=0 disable_explore=0 disable_reels=1 disable_stories=0 disable_adds=0
08-19 20:49:57.461  9546 11716 I DFInstaObserve: !toggles +blocked disable_feed=0 disable_explore=0 disable_reels=1 disable_stories=0 disable_adds=0
08-19 20:49:57.559  9546 11755 I DFInstaObserve: !toggles +blocked disable_feed=0 disable_explore=0 disable_reels=1 disable_stories=0 disable_adds=0
08-19 20:49:57.618  9546  9801 I DFInstaObserve: !toggles +blocked disable_feed=0 disable_explore=0 disable_reels=1 disable_stories=0 disable_adds=0
08-19 20:49:57.624  9546 11789 I DFInstaObserve: !toggles +blocked disable_feed=0 disable_explore=0 disable_reels=1 disable_stories=0 disable_adds=0
08-19 20:49:57.676  9546  9801 I DFInstaObserve: !toggles +blocked disable_feed=0 disable_explore=0 disable_reels=1 disable_stories=0 disable_adds=0
08-19 20:49:57.950  9546  9801 I DFInstaObserve: !toggles +blocked disable_feed=0 disable_explore=0 disable_reels=1 disable_stories=0 disable_adds=0
08-19 20:49:58.049  9546  9801 I DFInstaObserve: !toggles +blocked disable_feed=0 disable_explore=0 disable_reels=1 disable_stories=0 disable_adds=0
08-19 20:49:58.089  9546  9801 I DFInstaObserve: !toggles +blocked disable_feed=0 disable_explore=0 disable_reels=1 disable_stories=0 disable_adds=0
08-19 20:49:58.150  9546  9801 I DFInstaObserve: !toggles +blocked disable_feed=0 disable_explore=0 disable_reels=1 disable_stories=0 disable_adds=0
08-19 20:49:59.265  9546 11771 I DFInstaObserve: !toggles +blocked disable_feed=0 disable_explore=0 disable_reels=1 disable_stories=0 disable_adds=0
08-19 20:49:59.399  9546  9801 I DFInstaObserve: !toggles +blocked disable_feed=0 disable_explore=0 disable_reels=1 disable_stories=0 disable_adds=0
08-19 20:49:59.608  9546 11780 I DFInstaObserve: !toggles +blocked disable_feed=0 disable_explore=0 disable_reels=1 disable_stories=0 disable_adds=0
08-19 20:50:00.394  9546 11626 I DFInstaObserve: !toggles +blocked disable_feed=0 disable_explore=0 disable_reels=1 disable_stories=0 disable_adds=0
08-19 20:50:00.394  9546 11626 I DFInstaObserve: /discover/topical_explore
08-19 20:50:00.531  9546 11816 I DFInstaObserve: !toggles +blocked disable_feed=0 disable_explore=0 disable_reels=1 disable_stories=0 disable_adds=0
08-19 20:50:02.778  9546 11821 I DFInstaObserve: !toggles +blocked disable_feed=0 disable_explore=0 disable_reels=1 disable_stories=0 disable_adds=0
08-19 20:50:02.867  9546 11815 I DFInstaObserve: !toggles +blocked disable_feed=0 disable_explore=0 disable_reels=1 disable_stories=0 disable_adds=0
08-19 20:50:02.869  9546 11821 I DFInstaObserve: !toggles +blocked disable_feed=0 disable_explore=0 disable_reels=1 disable_stories=0 disable_adds=0
08-19 20:50:03.508  9546 11705 I DFInstaObserve: !toggles +blocked disable_feed=0 disable_explore=0 disable_reels=1 disable_stories=0 disable_adds=0
08-19 20:50:03.508 11841 11841 I DFInstaWalk: surface=Reels
08-19 20:50:03.513  9546 11705 I DFInstaObserve: !toggles +blocked disable_feed=0 disable_explore=0 disable_reels=1 disable_stories=0 disable_adds=0
08-19 20:50:03.539  9546  9801 I DFInstaObserve: !toggles +blocked disable_feed=0 disable_explore=0 disable_reels=1 disable_stories=0 disable_adds=0
08-19 20:50:03.617  9546 11809 I DFInstaObserve: !toggles +blocked disable_feed=0 disable_explore=0 disable_reels=1 disable_stories=0 disable_adds=0
08-19 20:50:03.709  9546 11794 I DFInstaObserve: !toggles +blocked disable_feed=0 disable_explore=0 disable_reels=1 disable_stories=0 disable_adds=0
08-19 20:50:03.751  9546 11873 I DFInstaObserve: !toggles +blocked disable_feed=0 disable_explore=0 disable_reels=1 disable_stories=0 disable_adds=0
08-19 20:50:03.759  9546  9801 I DFInstaObserve: !toggles +blocked disable_feed=0 disable_explore=0 disable_reels=1 disable_stories=0 disable_adds=0
08-19 20:50:03.766  9546 11872 I DFInstaObserve: !toggles +blocked disable_feed=0 disable_explore=0 disable_reels=1 disable_stories=0 disable_adds=0
08-19 20:50:03.841  9546 11807 I DFInstaObserve: !toggles +blocked disable_feed=0 disable_explore=0 disable_reels=1 disable_stories=0 disable_adds=0
08-19 20:50:03.848  9546  9924 I DFInstaObserve: !toggles +blocked disable_feed=0 disable_explore=0 disable_reels=1 disable_stories=0 disable_adds=0
08-19 20:50:03.852  9546 10066 I DFInstaObserve: !toggles +blocked disable_feed=0 disable_explore=0 disable_reels=1 disable_stories=0 disable_adds=0
08-19 20:50:03.876  9546  9801 I DFInstaObserve: !toggles +blocked disable_feed=0 disable_explore=0 disable_reels=1 disable_stories=0 disable_adds=0
08-19 20:50:03.930  9546 11808 I DFInstaObserve: !toggles +blocked disable_feed=0 disable_explore=0 disable_reels=1 disable_stories=0 disable_adds=0
08-19 20:50:04.049  9546  9843 I DFInstaObserve: !toggles +blocked disable_feed=0 disable_explore=0 disable_reels=1 disable_stories=0 disable_adds=0
08-19 20:50:04.074  9546 11866 I DFInstaObserve: !toggles +blocked disable_feed=0 disable_explore=0 disable_reels=1 disable_stories=0 disable_adds=0
08-19 20:50:04.086  9546 11879 I DFInstaObserve: !toggles +blocked disable_feed=0 disable_explore=0 disable_reels=1 disable_stories=0 disable_adds=0
08-19 20:50:04.086  9546 11880 I DFInstaObserve: !toggles +blocked disable_feed=0 disable_explore=0 disable_reels=1 disable_stories=0 disable_adds=0
08-19 20:50:04.120  9546  9801 I DFInstaObserve: !toggles +blocked disable_feed=0 disable_explore=0 disable_reels=1 disable_stories=0 disable_adds=0
08-19 20:50:04.123  9546 11867 I DFInstaObserve: !toggles +blocked disable_feed=0 disable_explore=0 disable_reels=1 disable_stories=0 disable_adds=0
08-19 20:50:04.149  9546 11626 I DFInstaObserve: !toggles +blocked disable_feed=0 disable_explore=0 disable_reels=1 disable_stories=0 disable_adds=0
08-19 20:50:04.149  9546  9843 I DFInstaObserve: !toggles +blocked disable_feed=0 disable_explore=0 disable_reels=1 disable_stories=0 disable_adds=0
08-19 20:50:04.168  9546 11880 I DFInstaObserve: !toggles +blocked disable_feed=0 disable_explore=0 disable_reels=1 disable_stories=0 disable_adds=0
08-19 20:50:04.212  9546  9801 I DFInstaObserve: !toggles +blocked disable_feed=0 disable_explore=0 disable_reels=1 disable_stories=0 disable_adds=0
08-19 20:50:04.269  9546 11866 I DFInstaObserve: !toggles +blocked disable_feed=0 disable_explore=0 disable_reels=1 disable_stories=0 disable_adds=0
08-19 20:50:04.347  9546 11858 I DFInstaObserve: !toggles +blocked disable_feed=0 disable_explore=0 disable_reels=1 disable_stories=0 disable_adds=0
08-19 20:50:04.555  9546 11626 I DFInstaObserve: !toggles +blocked disable_feed=0 disable_explore=0 disable_reels=1 disable_stories=0 disable_adds=0
08-19 20:50:04.592  9546  9843 I DFInstaObserve: !toggles +blocked disable_feed=0 disable_explore=0 disable_reels=1 disable_stories=0 disable_adds=0
08-19 20:50:04.595  9546 11626 I DFInstaObserve: !toggles +blocked disable_feed=0 disable_explore=0 disable_reels=1 disable_stories=0 disable_adds=0
08-19 20:50:04.681  9546 11858 I DFInstaObserve: !toggles +blocked disable_feed=0 disable_explore=0 disable_reels=1 disable_stories=0 disable_adds=0
08-19 20:50:04.713  9546  9843 I DFInstaObserve: !toggles +blocked disable_feed=0 disable_explore=0 disable_reels=1 disable_stories=0 disable_adds=0
08-19 20:50:04.717  9546 11809 I DFInstaObserve: !toggles +blocked disable_feed=0 disable_explore=0 disable_reels=1 disable_stories=0 disable_adds=0
08-19 20:50:04.787  9546  9801 I DFInstaObserve: !toggles +blocked disable_feed=0 disable_explore=0 disable_reels=1 disable_stories=0 disable_adds=0
08-19 20:50:04.801  9546  9843 I DFInstaObserve: !toggles +blocked disable_feed=0 disable_explore=0 disable_reels=1 disable_stories=0 disable_adds=0
08-19 20:50:04.810  9546 11807 I DFInstaObserve: !toggles +blocked disable_feed=0 disable_explore=0 disable_reels=1 disable_stories=0 disable_adds=0
08-19 20:50:04.850  9546 11626 I DFInstaObserve: !toggles +blocked disable_feed=0 disable_explore=0 disable_reels=1 disable_stories=0 disable_adds=0
08-19 20:50:04.852  9546  9801 I DFInstaObserve: !toggles +blocked disable_feed=0 disable_explore=0 disable_reels=1 disable_stories=0 disable_adds=0
08-19 20:50:05.198  9546  9801 I DFInstaObserve: !toggles +blocked disable_feed=0 disable_explore=0 disable_reels=1 disable_stories=0 disable_adds=0
08-19 20:50:05.292  9546  9801 I DFInstaObserve: !toggles +blocked disable_feed=0 disable_explore=0 disable_reels=1 disable_stories=0 disable_adds=0
08-19 20:50:05.905  9546  9801 I DFInstaObserve: !toggles +blocked disable_feed=0 disable_explore=0 disable_reels=1 disable_stories=0 disable_adds=0
08-19 20:50:05.921  9546 11880 I DFInstaObserve: !toggles +blocked disable_feed=0 disable_explore=0 disable_reels=1 disable_stories=0 disable_adds=0
08-19 20:50:05.921  9546 11879 I DFInstaObserve: !toggles +blocked disable_feed=0 disable_explore=0 disable_reels=1 disable_stories=0 disable_adds=0
08-19 20:50:06.182  9546 11880 I DFInstaObserve: !toggles +blocked disable_feed=0 disable_explore=0 disable_reels=1 disable_stories=0 disable_adds=0
08-19 20:50:06.184  9546  9801 I DFInstaObserve: !toggles +blocked disable_feed=0 disable_explore=0 disable_reels=1 disable_stories=0 disable_adds=0
08-19 20:50:06.735  9546  9801 I DFInstaObserve: !toggles +blocked disable_feed=0 disable_explore=0 disable_reels=1 disable_stories=0 disable_adds=0
08-19 20:50:06.965  9546  9801 I DFInstaObserve: !toggles +blocked disable_feed=0 disable_explore=0 disable_reels=1 disable_stories=0 disable_adds=0
08-19 20:50:07.392  9546  9801 I DFInstaObserve: !toggles +blocked disable_feed=0 disable_explore=0 disable_reels=1 disable_stories=0 disable_adds=0
08-19 20:50:07.926  9546 11880 I DFInstaObserve: !toggles +blocked disable_feed=0 disable_explore=0 disable_reels=1 disable_stories=0 disable_adds=0
08-19 20:50:11.992  9546 11705 I DFInstaObserve: !toggles +blocked disable_feed=0 disable_explore=0 disable_reels=1 disable_stories=0 disable_adds=0
08-19 20:50:12.003  9546  9801 I DFInstaObserve: !toggles +blocked disable_feed=0 disable_explore=0 disable_reels=1 disable_stories=0 disable_adds=0
08-19 20:50:12.809  9546  9801 I DFInstaObserve: !toggles +blocked disable_feed=0 disable_explore=0 disable_reels=1 disable_stories=0 disable_adds=0
08-19 20:50:14.239  9546 11921 I DFInstaObserve: !toggles +blocked disable_feed=0 disable_explore=0 disable_reels=1 disable_stories=0 disable_adds=0
08-19 20:50:14.241  9546 11919 I DFInstaObserve: !toggles +blocked disable_feed=0 disable_explore=0 disable_reels=1 disable_stories=0 disable_adds=0
08-19 20:50:15.340  9546 11705 I DFInstaObserve: !toggles +blocked disable_feed=0 disable_explore=0 disable_reels=1 disable_stories=0 disable_adds=0
08-19 20:50:15.394  9546  9801 I DFInstaObserve: !toggles +blocked disable_feed=0 disable_explore=0 disable_reels=1 disable_stories=0 disable_adds=0
08-19 20:50:15.523  9546 11807 I DFInstaObserve: !toggles +blocked disable_feed=0 disable_explore=0 disable_reels=1 disable_stories=0 disable_adds=0
08-19 20:50:16.404  9546  9801 I DFInstaObserve: !toggles +blocked disable_feed=0 disable_explore=0 disable_reels=1 disable_stories=0 disable_adds=0
08-19 20:50:17.602  9546 11966 I DFInstaObserve: !toggles +blocked disable_feed=0 disable_explore=0 disable_reels=1 disable_stories=0 disable_adds=0
08-19 20:50:17.603  9546 11964 I DFInstaObserve: !toggles +blocked disable_feed=0 disable_explore=0 disable_reels=1 disable_stories=0 disable_adds=0
08-19 20:50:18.702  9546 11839 I DFInstaObserve: !toggles +blocked disable_feed=0 disable_explore=0 disable_reels=1 disable_stories=0 disable_adds=0
08-19 20:50:18.715  9546 11839 I DFInstaObserve: !toggles +blocked disable_feed=0 disable_explore=0 disable_reels=1 disable_stories=0 disable_adds=0
08-19 20:50:18.750  9546  9801 I DFInstaObserve: !toggles +blocked disable_feed=0 disable_explore=0 disable_reels=1 disable_stories=0 disable_adds=0
08-19 20:50:19.587  9546  9801 I DFInstaObserve: !toggles +blocked disable_feed=0 disable_explore=0 disable_reels=1 disable_stories=0 disable_adds=0
08-19 20:50:20.952  9546 11996 I DFInstaObserve: !toggles +blocked disable_feed=0 disable_explore=0 disable_reels=1 disable_stories=0 disable_adds=0
08-19 20:50:20.953  9546 11995 I DFInstaObserve: !toggles +blocked disable_feed=0 disable_explore=0 disable_reels=1 disable_stories=0 disable_adds=0
08-19 20:50:22.127  9546  9801 I DFInstaObserve: !toggles +blocked disable_feed=0 disable_explore=0 disable_reels=1 disable_stories=0 disable_adds=0
08-19 20:50:22.213  9546  9801 I DFInstaObserve: !toggles +blocked disable_feed=0 disable_explore=0 disable_reels=1 disable_stories=0 disable_adds=0
08-19 20:50:24.364  9546 12046 I DFInstaObserve: !toggles +blocked disable_feed=0 disable_explore=0 disable_reels=1 disable_stories=0 disable_adds=0
08-19 20:50:24.365  9546 12047 I DFInstaObserve: !toggles +blocked disable_feed=0 disable_explore=0 disable_reels=1 disable_stories=0 disable_adds=0
08-19 20:50:25.180  9546 12078 I DFInstaObserve: !toggles +blocked disable_feed=0 disable_explore=0 disable_reels=1 disable_stories=0 disable_adds=0
08-19 20:50:25.181  9546 12079 I DFInstaObserve: !toggles +blocked disable_feed=0 disable_explore=0 disable_reels=1 disable_stories=0 disable_adds=0
08-19 20:50:25.216  9546  9924 I DFInstaObserve: !toggles +blocked disable_feed=0 disable_explore=0 disable_reels=1 disable_stories=0 disable_adds=0
08-19 20:50:25.505  9546  9801 I DFInstaObserve: !toggles +blocked disable_feed=0 disable_explore=0 disable_reels=1 disable_stories=0 disable_adds=0
08-19 20:50:25.557  9546  9801 I DFInstaObserve: !toggles +blocked disable_feed=0 disable_explore=0 disable_reels=1 disable_stories=0 disable_adds=0
08-19 20:50:25.581  9546 12084 I DFInstaObserve: !toggles +blocked disable_feed=0 disable_explore=0 disable_reels=1 disable_stories=0 disable_adds=0
08-19 20:50:25.583  9546 12085 I DFInstaObserve: !toggles +blocked disable_feed=0 disable_explore=0 disable_reels=1 disable_stories=0 disable_adds=0
08-19 20:50:27.841  9546 12084 I DFInstaObserve: !toggles +blocked disable_feed=0 disable_explore=0 disable_reels=1 disable_stories=0 disable_adds=0
08-19 20:50:27.846  9546 12085 I DFInstaObserve: !toggles +blocked disable_feed=0 disable_explore=0 disable_reels=1 disable_stories=0 disable_adds=0
