08-19 21:02:44.510 20950 20950 I DFInstaProbe: set_app_context
08-19 21:02:44.660 20950 21051 I DFInstaProbe: replace_reels_stream_endpoint
08-19 21:02:44.885 20950 21102 I DFInstaProbe: tigon_url_block
08-19 21:02:44.885 20950 21102 I DFInstaObserve: !toggles +blocked disable_feed=0 disable_explore=0 disable_reels=0 disable_stories=0 disable_adds=1
08-19 21:02:44.885 20950 21102 I DFInstaObserve: /feed/reels_tray/
08-19 21:02:44.890 20950 21136 I DFInstaObserve: !toggles +blocked disable_feed=0 disable_explore=0 disable_reels=0 disable_stories=0 disable_adds=1
08-19 21:02:44.890 20950 21136 I DFInstaObserve: /feed/timeline/
08-19 21:02:45.050 20950 21154 I DFInstaObserve: !toggles +blocked disable_feed=0 disable_explore=0 disable_reels=0 disable_stories=0 disable_adds=1
08-19 21:02:45.196 20950 21154 I DFInstaObserve: !toggles +blocked disable_feed=0 disable_explore=0 disable_reels=0 disable_stories=0 disable_adds=1
08-19 21:02:45.274 20950 21186 I DFInstaObserve: !toggles +blocked disable_feed=0 disable_explore=0 disable_reels=0 disable_stories=0 disable_adds=1
08-19 21:02:45.470 21194 21194 I DFInstaProbe: set_app_context
08-19 21:02:45.594 20950 21048 I DFInstaObserve: !toggles +blocked disable_feed=0 disable_explore=0 disable_reels=0 disable_stories=0 disable_adds=1
08-19 21:02:45.749 20950 21186 I DFInstaObserve: !toggles +blocked disable_feed=0 disable_explore=0 disable_reels=0 disable_stories=0 disable_adds=1
08-19 21:02:46.964 20950 21133 I DFInstaObserve: !toggles +blocked disable_feed=0 disable_explore=0 disable_reels=0 disable_stories=0 disable_adds=1
08-19 21:02:46.981 20950 21000 I DFInstaObserve: !toggles +blocked disable_feed=0 disable_explore=0 disable_reels=0 disable_stories=0 disable_adds=1
08-19 21:02:46.992 20950 21000 I DFInstaObserve: !toggles +blocked disable_feed=0 disable_explore=0 disable_reels=0 disable_stories=0 disable_adds=1
08-19 21:02:47.000 20950 21000 I DFInstaObserve: !toggles +blocked disable_feed=0 disable_explore=0 disable_reels=0 disable_stories=0 disable_adds=1
08-19 21:02:47.071 20950 21154 I DFInstaObserve: !toggles +blocked disable_feed=0 disable_explore=0 disable_reels=0 disable_stories=0 disable_adds=1
08-19 21:02:47.212 20950 21136 I DFInstaObserve: !toggles +blocked disable_feed=0 disable_explore=0 disable_reels=0 disable_stories=0 disable_adds=1
08-19 21:02:47.212 20950 21136 I DFInstaObserve: /feed/timeline/
08-19 21:02:47.406 20950 21154 I DFInstaObserve: !toggles +blocked disable_feed=0 disable_explore=0 disable_reels=0 disable_stories=0 disable_adds=1
08-19 21:02:47.626 20950 21154 I DFInstaObserve: !toggles +blocked disable_feed=0 disable_explore=0 disable_reels=0 disable_stories=0 disable_adds=1
08-19 21:02:48.500 20950 21281 I DFInstaObserve: !toggles +blocked disable_feed=0 disable_explore=0 disable_reels=0 disable_stories=0 disable_adds=1
08-19 21:02:48.598 20950 21281 I DFInstaObserve: !toggles +blocked disable_feed=0 disable_explore=0 disable_reels=0 disable_stories=0 disable_adds=1
08-19 21:02:51.016 20950 21281 I DFInstaObserve: !toggles +blocked disable_feed=0 disable_explore=0 disable_reels=0 disable_stories=0 disable_adds=1
08-19 21:02:51.130 20950 21002 I DFInstaObserve: !toggles +blocked disable_feed=0 disable_explore=0 disable_reels=0 disable_stories=0 disable_adds=1
08-19 21:02:51.139 20950 21002 I DFInstaObserve: !toggles +blocked disable_feed=0 disable_explore=0 disable_reels=0 disable_stories=0 disable_adds=1
08-19 21:02:51.547 20950 21136 I DFInstaObserve: !toggles +blocked disable_feed=0 disable_explore=0 disable_reels=0 disable_stories=0 disable_adds=1
08-19 21:02:51.547 20950 21136 I DFInstaObserve: /discover/topical_explore
08-19 21:02:51.743 20950 21048 I DFInstaObserve: !toggles +blocked disable_feed=0 disable_explore=0 disable_reels=0 disable_stories=0 disable_adds=1
08-19 21:02:51.958 20950 21327 I DFInstaObserve: !toggles +blocked disable_feed=0 disable_explore=0 disable_reels=0 disable_stories=0 disable_adds=1
08-19 21:02:52.198 20950 21299 I DFInstaObserve: !toggles +blocked disable_feed=0 disable_explore=0 disable_reels=0 disable_stories=0 disable_adds=1
08-19 21:02:52.334 20950 21003 I DFInstaObserve: !toggles +blocked disable_feed=0 disable_explore=0 disable_reels=0 disable_stories=0 disable_adds=1
08-19 21:02:52.648 20950 21048 I DFInstaObserve: !toggles +blocked disable_feed=0 disable_explore=0 disable_reels=0 disable_stories=0 disable_adds=1
08-19 21:02:52.654 20950 21003 I DFInstaObserve: !toggles +blocked disable_feed=0 disable_explore=0 disable_reels=0 disable_stories=0 disable_adds=1
08-19 21:02:53.079 20950 21325 I DFInstaObserve: !toggles +blocked disable_feed=0 disable_explore=0 disable_reels=0 disable_stories=0 disable_adds=1
08-19 21:02:53.144 20950 21348 I DFInstaObserve: !toggles +blocked disable_feed=0 disable_explore=0 disable_reels=0 disable_stories=0 disable_adds=1
08-19 21:02:55.516 20950 21281 I DFInstaObserve: !toggles +blocked disable_feed=0 disable_explore=0 disable_reels=0 disable_stories=0 disable_adds=1
08-19 21:02:55.803 20950 21000 I DFInstaObserve: !toggles +blocked disable_feed=0 disable_explore=0 disable_reels=0 disable_stories=0 disable_adds=1
08-19 21:02:55.807 20950 21000 I DFInstaObserve: !toggles +blocked disable_feed=0 disable_explore=0 disable_reels=0 disable_stories=0 disable_adds=1
08-19 21:02:55.892 20950 21367 I DFInstaObserve: !toggles +blocked disable_feed=0 disable_explore=0 disable_reels=0 disable_stories=0 disable_adds=1
08-19 21:02:55.912 20950 21297 I DFInstaObserve: !toggles +blocked disable_feed=0 disable_explore=0 disable_reels=0 disable_stories=0 disable_adds=1
08-19 21:02:55.948 20950 21154 I DFInstaObserve: !toggles +blocked disable_feed=0 disable_explore=0 disable_reels=0 disable_stories=0 disable_adds=1
08-19 21:02:56.032 20950 21316 I DFInstaObserve: !toggles +blocked disable_feed=0 disable_explore=0 disable_reels=0 disable_stories=0 disable_adds=1
08-19 21:02:56.067 20950 21324 I DFInstaObserve: !toggles +blocked disable_feed=0 disable_explore=0 disable_reels=0 disable_stories=0 disable_adds=1
08-19 21:02:56.133 20950 21324 I DFInstaObserve: !toggles +blocked disable_feed=0 disable_explore=0 disable_reels=0 disable_stories=0 disable_adds=1
08-19 21:02:56.185 20950 21324 I DFInstaObserve: !toggles +blocked disable_feed=0 disable_explore=0 disable_reels=0 disable_stories=0 disable_adds=1
08-19 21:02:56.218 20950 21027 I DFInstaObserve: !toggles +blocked disable_feed=0 disable_explore=0 disable_reels=0 disable_stories=0 disable_adds=1
08-19 21:02:56.275 20950 21324 I DFInstaObserve: !toggles +blocked disable_feed=0 disable_explore=0 disable_reels=0 disable_stories=0 disable_adds=1
08-19 21:02:56.317 20950 21324 I DFInstaObserve: !toggles +blocked disable_feed=0 disable_explore=0 disable_reels=0 disable_stories=0 disable_adds=1
08-19 21:02:56.410 20950 21316 I DFInstaObserve: !toggles +blocked disable_feed=0 disable_explore=0 disable_reels=0 disable_stories=0 disable_adds=1
08-19 21:02:56.446 20950 21324 I DFInstaObserve: !toggles +blocked disable_feed=0 disable_explore=0 disable_reels=0 disable_stories=0 disable_adds=1
08-19 21:02:56.459 20950 21154 I DFInstaObserve: !toggles +blocked disable_feed=0 disable_explore=0 disable_reels=0 disable_stories=0 disable_adds=1
08-19 21:02:56.481 20950 21324 I DFInstaObserve: !toggles +blocked disable_feed=0 disable_explore=0 disable_reels=0 disable_stories=0 disable_adds=1
08-19 21:02:56.501 20950 21154 I DFInstaObserve: !toggles +blocked disable_feed=0 disable_explore=0 disable_reels=0 disable_stories=0 disable_adds=1
08-19 21:02:56.512 20950 21326 I DFInstaObserve: !toggles +blocked disable_feed=0 disable_explore=0 disable_reels=0 disable_stories=0 disable_adds=1
08-19 21:02:56.613 20950 21154 I DFInstaObserve: !toggles +blocked disable_feed=0 disable_explore=0 disable_reels=0 disable_stories=0 disable_adds=1
08-19 21:02:56.648 20950 21316 I DFInstaObserve: !toggles +blocked disable_feed=0 disable_explore=0 disable_reels=0 disable_stories=0 disable_adds=1
08-19 21:02:56.669 20950 21154 I DFInstaObserve: !toggles +blocked disable_feed=0 disable_explore=0 disable_reels=0 disable_stories=0 disable_adds=1
08-19 21:02:56.675 20950 21326 I DFInstaObserve: !toggles +blocked disable_feed=0 disable_explore=0 disable_reels=0 disable_stories=0 disable_adds=1
08-19 21:02:56.804 20950 21154 I DFInstaObserve: !toggles +blocked disable_feed=0 disable_explore=0 disable_reels=0 disable_stories=0 disable_adds=1
08-19 21:02:56.902 20950 21154 I DFInstaObserve: !toggles +blocked disable_feed=0 disable_explore=0 disable_reels=0 disable_stories=0 disable_adds=1
08-19 21:02:56.977 20950 21154 I DFInstaObserve: !toggles +blocked disable_feed=0 disable_explore=0 disable_reels=0 disable_stories=0 disable_adds=1
08-19 21:02:57.029 20950 21154 I DFInstaObserve: !toggles +blocked disable_feed=0 disable_explore=0 disable_reels=0 disable_stories=0 disable_adds=1
08-19 21:02:57.534 20950 21297 I DFInstaObserve: !toggles +blocked disable_feed=0 disable_explore=0 disable_reels=0 disable_stories=0 disable_adds=1
08-19 21:02:57.546 20950 21121 I DFInstaObserve: !toggles +blocked disable_feed=0 disable_explore=0 disable_reels=0 disable_stories=0 disable_adds=1
08-19 21:02:57.552 20950 21154 I DFInstaObserve: !toggles +blocked disable_feed=0 disable_explore=0 disable_reels=0 disable_stories=0 disable_adds=1
08-19 21:02:57.626 20950 21154 I DFInstaObserve: !toggles +blocked disable_feed=0 disable_explore=0 disable_reels=0 disable_stories=0 disable_adds=1
08-19 21:02:57.688 20950 21154 I DFInstaObserve: !toggles +blocked disable_feed=0 disable_explore=0 disable_reels=0 disable_stories=0 disable_adds=1
08-19 21:02:57.846 20950 21121 I DFInstaObserve: !toggles +blocked disable_feed=0 disable_explore=0 disable_reels=0 disable_stories=0 disable_adds=1
08-19 21:02:57.939 20950 21297 I DFInstaObserve: !toggles +blocked disable_feed=0 disable_explore=0 disable_reels=0 disable_stories=0 disable_adds=1
08-19 21:02:58.112 20950 21186 I DFInstaObserve: !toggles +blocked disable_feed=0 disable_explore=0 disable_reels=0 disable_stories=0 disable_adds=1
08-19 21:02:58.279 20950 21186 I DFInstaObserve: !toggles +blocked disable_feed=0 disable_explore=0 disable_reels=0 disable_stories=0 disable_adds=1
08-19 21:02:59.579 20950 21186 I DFInstaObserve: !toggles +blocked disable_feed=0 disable_explore=0 disable_reels=0 disable_stories=0 disable_adds=1
08-19 21:03:00.516 20950 21281 I DFInstaObserve: !toggles +blocked disable_feed=0 disable_explore=0 disable_reels=0 disable_stories=0 disable_adds=1
08-19 21:03:02.495 21453 21453 I DFInstaWalk: surface=Home
08-19 21:03:02.598 20950 21299 I DFInstaObserve: !toggles +blocked disable_feed=0 disable_explore=0 disable_reels=0 disable_stories=0 disable_adds=1
08-19 21:03:02.598 20950 21299 I DFInstaObserve: /feed/reels_tray/
08-19 21:03:02.602 20950 21371 I DFInstaObserve: !toggles +blocked disable_feed=0 disable_explore=0 disable_reels=0 disable_stories=0 disable_adds=1
08-19 21:03:02.603 20950 21371 I DFInstaObserve: /feed/timeline/
08-19 21:03:03.771 20950 21186 I DFInstaObserve: !toggles +blocked disable_feed=0 disable_explore=0 disable_reels=0 disable_stories=0 disable_adds=1
08-19 21:03:04.337 20950 21349 I DFInstaObserve: !toggles +blocked disable_feed=0 disable_explore=0 disable_reels=0 disable_stories=0 disable_adds=1
08-19 21:03:04.364 20950 21000 I DFInstaObserve: !toggles +blocked disable_feed=0 disable_explore=0 disable_reels=0 disable_stories=0 disable_adds=1
08-19 21:03:04.667 20950 21371 I DFInstaObserve: !toggles +blocked disable_feed=0 disable_explore=0 disable_reels=0 disable_stories=0 disable_adds=1
08-19 21:03:04.667 20950 21371 I DFInstaObserve: /feed/timeline/
08-19 21:03:04.695 20950 21299 I DFInstaObserve: !toggles +blocked disable_feed=0 disable_explore=0 disable_reels=0 disable_stories=0 disable_adds=1
08-19 21:03:07.198 20950 21000 I DFInstaObserve: !toggles +blocked disable_feed=0 disable_explore=0 disable_reels=0 disable_stories=0 disable_adds=1
08-19 21:03:07.204 20950 21000 I DFInstaObserve: !toggles +blocked disable_feed=0 disable_explore=0 disable_reels=0 disable_stories=0 disable_adds=1
08-19 21:03:07.252 20950 21154 I DFInstaObserve: !toggles +blocked disable_feed=0 disable_explore=0 disable_reels=0 disable_stories=0 disable_adds=1
08-19 21:03:10.767 20950 21470 I DFInstaObserve: !toggles +blocked disable_feed=0 disable_explore=0 disable_reels=0 disable_stories=0 disable_adds=1
08-19 21:03:10.767 20950 21470 I DFInstaObserve: /feed/timeline/
08-19 21:03:10.772 20950 21316 I DFInstaObserve: !toggles +blocked disable_feed=0 disable_explore=0 disable_reels=0 disable_stories=0 disable_adds=1
08-19 21:03:10.772 20950 21316 I DFInstaObserve: /feed/reels_tray/
08-19 21:03:11.918 20950 21000 I DFInstaObserve: !toggles +blocked disable_feed=0 disable_explore=0 disable_reels=0 disable_stories=0 disable_adds=1
08-19 21:03:12.322 20950 21186 I DFInstaObserve: !toggles +blocked disable_feed=0 disable_explore=0 disable_reels=0 disable_stories=0 disable_adds=1
08-19 21:03:12.413 20950 21000 I DFInstaObserve: !toggles +blocked disable_feed=0 disable_explore=0 disable_reels=0 disable_stories=0 disable_adds=1
08-19 21:03:12.418 20950 21000 I DFInstaObserve: !toggles +blocked disable_feed=0 disable_explore=0 disable_reels=0 disable_stories=0 disable_adds=1
08-19 21:03:12.469 20950 21348 I DFInstaObserve: !toggles +blocked disable_feed=0 disable_explore=0 disable_reels=0 disable_stories=0 disable_adds=1
08-19 21:03:12.646 20950 21371 I DFInstaObserve: !toggles +blocked disable_feed=0 disable_explore=0 disable_reels=0 disable_stories=0 disable_adds=1
08-19 21:03:12.774 20950 21299 I DFInstaObserve: !toggles +blocked disable_feed=0 disable_explore=0 disable_reels=0 disable_stories=0 disable_adds=1
08-19 21:03:12.774 20950 21299 I DFInstaObserve: /feed/timeline/
08-19 21:03:12.804 20950 21487 I DFInstaObserve: !toggles +blocked disable_feed=0 disable_explore=0 disable_reels=0 disable_stories=0 disable_adds=1
08-19 21:03:12.935 20950 21493 I DFInstaObserve: !toggles +blocked disable_feed=0 disable_explore=0 disable_reels=0 disable_stories=0 disable_adds=1
08-19 21:03:15.402 20950 21000 I DFInstaObserve: !toggles +blocked disable_feed=0 disable_explore=0 disable_reels=0 disable_stories=0 disable_adds=1
08-19 21:03:15.407 20950 21000 I DFInstaObserve: !toggles +blocked disable_feed=0 disable_explore=0 disable_reels=0 disable_stories=0 disable_adds=1
08-19 21:03:15.457 20950 21154 I DFInstaObserve: !toggles +blocked disable_feed=0 disable_explore=0 disable_reels=0 disable_stories=0 disable_adds=1
08-19 21:03:15.956 20950 21493 I DFInstaObserve: !toggles +blocked disable_feed=0 disable_explore=0 disable_reels=0 disable_stories=0 disable_adds=1
08-19 21:03:22.428 20950 21349 I DFInstaObserve: !toggles +blocked disable_feed=0 disable_explore=0 disable_reels=0 disable_stories=0 disable_adds=1
08-19 21:03:28.976 20950 21000 I DFInstaObserve: !toggles +blocked disable_feed=0 disable_explore=0 disable_reels=0 disable_stories=0 disable_adds=1
08-19 21:03:29.143 20950 21349 I DFInstaObserve: !toggles +blocked disable_feed=0 disable_explore=0 disable_reels=0 disable_stories=0 disable_adds=1
08-19 21:03:32.498 20950 21349 I DFInstaObserve: !toggles +blocked disable_feed=0 disable_explore=0 disable_reels=0 disable_stories=0 disable_adds=1
08-19 21:03:35.788 20950 21572 I DFInstaObserve: !toggles +blocked disable_feed=0 disable_explore=0 disable_reels=0 disable_stories=0 disable_adds=1
08-19 21:03:35.789 20950 21572 I DFInstaObserve: /feed/timeline/
08-19 21:03:38.077 20950 21000 I DFInstaObserve: !toggles +blocked disable_feed=0 disable_explore=0 disable_reels=0 disable_stories=0 disable_adds=1
08-19 21:03:38.082 20950 21000 I DFInstaObserve: !toggles +blocked disable_feed=0 disable_explore=0 disable_reels=0 disable_stories=0 disable_adds=1
08-19 21:03:38.178 20950 21154 I DFInstaObserve: !toggles +blocked disable_feed=0 disable_explore=0 disable_reels=0 disable_stories=0 disable_adds=1
08-19 21:03:38.470 20950 21572 I DFInstaObserve: !toggles +blocked disable_feed=0 disable_explore=0 disable_reels=0 disable_stories=0 disable_adds=1
08-19 21:03:38.692 20950 21621 I DFInstaObserve: !toggles +blocked disable_feed=0 disable_explore=0 disable_reels=0 disable_stories=0 disable_adds=1
08-19 21:03:38.906 21717 21717 I DFInstaWalk: surface=Search and explore
08-19 21:03:38.907 20950 21566 I DFInstaObserve: !toggles +blocked disable_feed=0 disable_explore=0 disable_reels=0 disable_stories=0 disable_adds=1
08-19 21:03:39.032 20950 21572 I DFInstaObserve: !toggles +blocked disable_feed=0 disable_explore=0 disable_reels=0 disable_stories=0 disable_adds=1
08-19 21:03:39.145 20950 21567 I DFInstaObserve: !toggles +blocked disable_feed=0 disable_explore=0 disable_reels=0 disable_stories=0 disable_adds=1
08-19 21:03:39.171 20950 21566 I DFInstaObserve: !toggles +blocked disable_feed=0 disable_explore=0 disable_reels=0 disable_stories=0 disable_adds=1
08-19 21:03:39.825 20950 21349 I DFInstaObserve: !toggles +blocked disable_feed=0 disable_explore=0 disable_reels=0 disable_stories=0 disable_adds=1
08-19 21:03:39.829 20950 21000 I DFInstaObserve: !toggles +blocked disable_feed=0 disable_explore=0 disable_reels=0 disable_stories=0 disable_adds=1
08-19 21:03:39.867 20950 21154 I DFInstaObserve: !toggles +blocked disable_feed=0 disable_explore=0 disable_reels=0 disable_stories=0 disable_adds=1
08-19 21:03:39.965 20950 21587 I DFInstaObserve: !toggles +blocked disable_feed=0 disable_explore=0 disable_reels=0 disable_stories=0 disable_adds=1
08-19 21:03:39.992 20950 21567 I DFInstaObserve: !toggles +blocked disable_feed=0 disable_explore=0 disable_reels=0 disable_stories=0 disable_adds=1
08-19 21:03:40.091 20950 21154 I DFInstaObserve: !toggles +blocked disable_feed=0 disable_explore=0 disable_reels=0 disable_stories=0 disable_adds=1
08-19 21:03:40.138 20950 21587 I DFInstaObserve: !toggles +blocked disable_feed=0 disable_explore=0 disable_reels=0 disable_stories=0 disable_adds=1
08-19 21:03:40.182 20950 21568 I DFInstaObserve: !toggles +blocked disable_feed=0 disable_explore=0 disable_reels=0 disable_stories=0 disable_adds=1
08-19 21:03:40.200 20950 21186 I DFInstaObserve: !toggles +blocked disable_feed=0 disable_explore=0 disable_reels=0 disable_stories=0 disable_adds=1
08-19 21:03:40.322 20950 21186 I DFInstaObserve: !toggles +blocked disable_feed=0 disable_explore=0 disable_reels=0 disable_stories=0 disable_adds=1
08-19 21:03:40.337 20950 21567 I DFInstaObserve: !toggles +blocked disable_feed=0 disable_explore=0 disable_reels=0 disable_stories=0 disable_adds=1
08-19 21:03:41.478 20950 21732 I DFInstaObserve: !toggles +blocked disable_feed=0 disable_explore=0 disable_reels=0 disable_stories=0 disable_adds=1
08-19 21:03:41.501 20950 21737 I DFInstaObserve: !toggles +blocked disable_feed=0 disable_explore=0 disable_reels=0 disable_stories=0 disable_adds=1
08-19 21:03:41.512 20950 21732 I DFInstaObserve: !toggles +blocked disable_feed=0 disable_explore=0 disable_reels=0 disable_stories=0 disable_adds=1
08-19 21:03:41.776 20950 21737 I DFInstaObserve: !toggles +blocked disable_feed=0 disable_explore=0 disable_reels=0 disable_stories=0 disable_adds=1
08-19 21:03:44.007 20950 21737 I DFInstaObserve: !toggles +blocked disable_feed=0 disable_explore=0 disable_reels=0 disable_stories=0 disable_adds=1
08-19 21:03:47.113 20950 21771 I DFInstaObserve: !toggles +blocked disable_feed=0 disable_explore=0 disable_reels=0 disable_stories=0 disable_adds=1
08-19 21:03:47.113 20950 21771 I DFInstaObserve: /discover/topical_explore
08-19 21:03:49.680 20950 21795 I DFInstaObserve: !toggles +blocked disable_feed=0 disable_explore=0 disable_reels=0 disable_stories=0 disable_adds=1
08-19 21:03:50.200 20950 21000 I DFInstaObserve: !toggles +blocked disable_feed=0 disable_explore=0 disable_reels=0 disable_stories=0 disable_adds=1
08-19 21:03:50.204 20950 21000 I DFInstaObserve: !toggles +blocked disable_feed=0 disable_explore=0 disable_reels=0 disable_stories=0 disable_adds=1
08-19 21:03:50.213 20950 21000 I DFInstaObserve: !toggles +blocked disable_feed=0 disable_explore=0 disable_reels=0 disable_stories=0 disable_adds=1
08-19 21:03:50.413 20950 21000 I DFInstaObserve: !toggles +blocked disable_feed=0 disable_explore=0 disable_reels=0 disable_stories=0 disable_adds=1
08-19 21:03:50.420 20950 21349 I DFInstaObserve: !toggles +blocked disable_feed=0 disable_explore=0 disable_reels=0 disable_stories=0 disable_adds=1
08-19 21:03:50.437 20950 21770 I DFInstaObserve: !toggles +blocked disable_feed=0 disable_explore=0 disable_reels=0 disable_stories=0 disable_adds=1
08-19 21:03:50.437 20950 21770 I DFInstaObserve: /discover/topical_explore
08-19 21:03:50.451 20950 21154 I DFInstaObserve: !toggles +blocked disable_feed=0 disable_explore=0 disable_reels=0 disable_stories=0 disable_adds=1
08-19 21:03:50.488 20950 21771 I DFInstaObserve: !toggles +blocked disable_feed=0 disable_explore=0 disable_reels=0 disable_stories=0 disable_adds=1
08-19 21:03:50.560 20950 21813 I DFInstaObserve: !toggles +blocked disable_feed=0 disable_explore=0 disable_reels=0 disable_stories=0 disable_adds=1
08-19 21:03:50.592 20950 21801 I DFInstaObserve: !toggles +blocked disable_feed=0 disable_explore=0 disable_reels=0 disable_stories=0 disable_adds=1
08-19 21:03:50.610 20950 21348 I DFInstaObserve: !toggles +blocked disable_feed=0 disable_explore=0 disable_reels=0 disable_stories=0 disable_adds=1
08-19 21:03:50.691 20950 21791 I DFInstaObserve: !toggles +blocked disable_feed=0 disable_explore=0 disable_reels=0 disable_stories=0 disable_adds=1
08-19 21:03:50.697 20950 21817 I DFInstaObserve: !toggles +blocked disable_feed=0 disable_explore=0 disable_reels=0 disable_stories=0 disable_adds=1
08-19 21:03:50.714 20950 21348 I DFInstaObserve: !toggles +blocked disable_feed=0 disable_explore=0 disable_reels=0 disable_stories=0 disable_adds=1
08-19 21:03:50.723 20950 21348 I DFInstaObserve: !toggles +blocked disable_feed=0 disable_explore=0 disable_reels=0 disable_stories=0 disable_adds=1
08-19 21:03:50.787 20950 21791 I DFInstaObserve: !toggles +blocked disable_feed=0 disable_explore=0 disable_reels=0 disable_stories=0 disable_adds=1
08-19 21:03:50.851 20950 21348 I DFInstaObserve: !toggles +blocked disable_feed=0 disable_explore=0 disable_reels=0 disable_stories=0 disable_adds=1
08-19 21:03:50.858 20950 21348 I DFInstaObserve: !toggles +blocked disable_feed=0 disable_explore=0 disable_reels=0 disable_stories=0 disable_adds=1
08-19 21:03:50.862 20950 21829 I DFInstaObserve: !toggles +blocked disable_feed=0 disable_explore=0 disable_reels=0 disable_stories=0 disable_adds=1
08-19 21:03:50.862 20950 21827 I DFInstaObserve: !toggles +blocked disable_feed=0 disable_explore=0 disable_reels=0 disable_stories=0 disable_adds=1
08-19 21:03:50.887 20950 21763 I DFInstaObserve: !toggles +blocked disable_feed=0 disable_explore=0 disable_reels=0 disable_stories=0 disable_adds=1
08-19 21:03:50.903 20950 21154 I DFInstaObserve: !toggles +blocked disable_feed=0 disable_explore=0 disable_reels=0 disable_stories=0 disable_adds=1
08-19 21:03:50.968 20950 21801 I DFInstaObserve: !toggles +blocked disable_feed=0 disable_explore=0 disable_reels=0 disable_stories=0 disable_adds=1
08-19 21:03:51.079 20950 21838 I DFInstaObserve: !toggles +blocked disable_feed=0 disable_explore=0 disable_reels=0 disable_stories=0 disable_adds=1
08-19 21:03:51.113 20950 21348 I DFInstaObserve: !toggles +blocked disable_feed=0 disable_explore=0 disable_reels=0 disable_stories=0 disable_adds=1
08-19 21:03:51.341 20950 21844 I DFInstaObserve: !toggles +blocked disable_feed=0 disable_explore=0 disable_reels=0 disable_stories=0 disable_adds=1
08-19 21:03:51.489 20950 21154 I DFInstaObserve: !toggles +blocked disable_feed=0 disable_explore=0 disable_reels=0 disable_stories=0 disable_adds=1
08-19 21:03:51.560 20950 21154 I DFInstaObserve: !toggles +blocked disable_feed=0 disable_explore=0 disable_reels=0 disable_stories=0 disable_adds=1
08-19 21:03:51.660 20950 21154 I DFInstaObserve: !toggles +blocked disable_feed=0 disable_explore=0 disable_reels=0 disable_stories=0 disable_adds=1
08-19 21:03:52.924 20950 21000 I DFInstaObserve: !toggles +blocked disable_feed=0 disable_explore=0 disable_reels=0 disable_stories=0 disable_adds=1
08-19 21:03:52.928 20950 21000 I DFInstaObserve: !toggles +blocked disable_feed=0 disable_explore=0 disable_reels=0 disable_stories=0 disable_adds=1
08-19 21:03:52.952 20950 21154 I DFInstaObserve: !toggles +blocked disable_feed=0 disable_explore=0 disable_reels=0 disable_stories=0 disable_adds=1
08-19 21:03:53.007 20950 21827 I DFInstaObserve: !toggles +blocked disable_feed=0 disable_explore=0 disable_reels=0 disable_stories=0 disable_adds=1
08-19 21:03:53.020 20950 21771 I DFInstaObserve: !toggles +blocked disable_feed=0 disable_explore=0 disable_reels=0 disable_stories=0 disable_adds=1
08-19 21:03:53.024 20950 21154 I DFInstaObserve: !toggles +blocked disable_feed=0 disable_explore=0 disable_reels=0 disable_stories=0 disable_adds=1
08-19 21:03:53.059 20950 21851 I DFInstaObserve: !toggles +blocked disable_feed=0 disable_explore=0 disable_reels=0 disable_stories=0 disable_adds=1
08-19 21:03:53.117 20950 21154 I DFInstaObserve: !toggles +blocked disable_feed=0 disable_explore=0 disable_reels=0 disable_stories=0 disable_adds=1
08-19 21:03:53.190 20950 21850 I DFInstaObserve: !toggles +blocked disable_feed=0 disable_explore=0 disable_reels=0 disable_stories=0 disable_adds=1
08-19 21:03:53.235 20950 21849 I DFInstaObserve: !toggles +blocked disable_feed=0 disable_explore=0 disable_reels=0 disable_stories=0 disable_adds=1
08-19 21:03:53.263 20950 21838 I DFInstaObserve: !toggles +blocked disable_feed=0 disable_explore=0 disable_reels=0 disable_stories=0 disable_adds=1
08-19 21:03:53.318 20950 21849 I DFInstaObserve: !toggles +blocked disable_feed=0 disable_explore=0 disable_reels=0 disable_stories=0 disable_adds=1
08-19 21:03:53.453 20950 21791 I DFInstaObserve: !toggles +blocked disable_feed=0 disable_explore=0 disable_reels=0 disable_stories=0 disable_adds=1
08-19 21:03:53.680 20950 21857 I DFInstaObserve: !toggles +blocked disable_feed=0 disable_explore=0 disable_reels=0 disable_stories=0 disable_adds=1
08-19 21:03:53.718 20950 21830 I DFInstaObserve: !toggles +blocked disable_feed=0 disable_explore=0 disable_reels=0 disable_stories=0 disable_adds=1
08-19 21:03:53.814 20950 21857 I DFInstaObserve: !toggles +blocked disable_feed=0 disable_explore=0 disable_reels=0 disable_stories=0 disable_adds=1
08-19 21:03:53.814 20950 21857 I DFInstaObserve: /discover/topical_explore
08-19 21:03:53.962 20950 21850 I DFInstaObserve: !toggles +blocked disable_feed=0 disable_explore=0 disable_reels=0 disable_stories=0 disable_adds=1
08-19 21:03:54.062 20950 21830 I DFInstaObserve: !toggles +blocked disable_feed=0 disable_explore=0 disable_reels=0 disable_stories=0 disable_adds=1
08-19 21:03:54.111 20950 21878 I DFInstaObserve: !toggles +blocked disable_feed=0 disable_explore=0 disable_reels=0 disable_stories=0 disable_adds=1
08-19 21:03:54.184 20950 21771 I DFInstaObserve: !toggles +blocked disable_feed=0 disable_explore=0 disable_reels=0 disable_stories=0 disable_adds=1
08-19 21:03:54.214 20950 21154 I DFInstaObserve: !toggles +blocked disable_feed=0 disable_explore=0 disable_reels=0 disable_stories=0 disable_adds=1
08-19 21:03:54.281 20950 21154 I DFInstaObserve: !toggles +blocked disable_feed=0 disable_explore=0 disable_reels=0 disable_stories=0 disable_adds=1
08-19 21:03:54.289 20950 21850 I DFInstaObserve: !toggles +blocked disable_feed=0 disable_explore=0 disable_reels=0 disable_stories=0 disable_adds=1
08-19 21:03:54.363 20950 21763 I DFInstaObserve: !toggles +blocked disable_feed=0 disable_explore=0 disable_reels=0 disable_stories=0 disable_adds=1
08-19 21:03:54.380 20950 21893 I DFInstaObserve: !toggles +blocked disable_feed=0 disable_explore=0 disable_reels=0 disable_stories=0 disable_adds=1
08-19 21:03:54.406 20950 21850 I DFInstaObserve: !toggles +blocked disable_feed=0 disable_explore=0 disable_reels=0 disable_stories=0 disable_adds=1
08-19 21:03:54.477 20950 21830 I DFInstaObserve: !toggles +blocked disable_feed=0 disable_explore=0 disable_reels=0 disable_stories=0 disable_adds=1
08-19 21:03:54.566 20950 21832 I DFInstaObserve: !toggles +blocked disable_feed=0 disable_explore=0 disable_reels=0 disable_stories=0 disable_adds=1
08-19 21:03:55.508 20950 21154 I DFInstaObserve: !toggles +blocked disable_feed=0 disable_explore=0 disable_reels=0 disable_stories=0 disable_adds=1
08-19 21:03:55.618 20950 21154 I DFInstaObserve: !toggles +blocked disable_feed=0 disable_explore=0 disable_reels=0 disable_stories=0 disable_adds=1
08-19 21:03:55.783 20950 21154 I DFInstaObserve: !toggles +blocked disable_feed=0 disable_explore=0 disable_reels=0 disable_stories=0 disable_adds=1
08-19 21:03:55.851 20950 21154 I DFInstaObserve: !toggles +blocked disable_feed=0 disable_explore=0 disable_reels=0 disable_stories=0 disable_adds=1
08-19 21:03:56.090 20950 21154 I DFInstaObserve: !toggles +blocked disable_feed=0 disable_explore=0 disable_reels=0 disable_stories=0 disable_adds=1
08-19 21:03:56.200 20950 21877 I DFInstaObserve: !toggles +blocked disable_feed=0 disable_explore=0 disable_reels=0 disable_stories=0 disable_adds=1
08-19 21:03:56.335 20950 21885 I DFInstaObserve: !toggles +blocked disable_feed=0 disable_explore=0 disable_reels=0 disable_stories=0 disable_adds=1
08-19 21:03:57.430 20950 21000 I DFInstaObserve: !toggles +blocked disable_feed=0 disable_explore=0 disable_reels=0 disable_stories=0 disable_adds=1
08-19 21:03:57.434 20950 21000 I DFInstaObserve: !toggles +blocked disable_feed=0 disable_explore=0 disable_reels=0 disable_stories=0 disable_adds=1
08-19 21:03:57.438 20950 21000 I DFInstaObserve: !toggles +blocked disable_feed=0 disable_explore=0 disable_reels=0 disable_stories=0 disable_adds=1
08-19 21:03:57.459 20950 21857 I DFInstaObserve: !toggles +blocked disable_feed=0 disable_explore=0 disable_reels=0 disable_stories=0 disable_adds=1
08-19 21:03:57.459 20950 21857 I DFInstaObserve: /discover/topical_explore
08-19 21:03:57.510 20950 21000 I DFInstaObserve: !toggles +blocked disable_feed=0 disable_explore=0 disable_reels=0 disable_stories=0 disable_adds=1
08-19 21:03:57.529 20950 21000 I DFInstaObserve: !toggles +blocked disable_feed=0 disable_explore=0 disable_reels=0 disable_stories=0 disable_adds=1
08-19 21:03:57.544 20950 21000 I DFInstaObserve: !toggles +blocked disable_feed=0 disable_explore=0 disable_reels=0 disable_stories=0 disable_adds=1
08-19 21:03:57.656 20950 21000 I DFInstaObserve: !toggles +blocked disable_feed=0 disable_explore=0 disable_reels=0 disable_stories=0 disable_adds=1
08-19 21:03:57.667 20950 21000 I DFInstaObserve: !toggles +blocked disable_feed=0 disable_explore=0 disable_reels=0 disable_stories=0 disable_adds=1
08-19 21:03:57.672 20950 21000 I DFInstaObserve: !toggles +blocked disable_feed=0 disable_explore=0 disable_reels=0 disable_stories=0 disable_adds=1
08-19 21:03:57.713 20950 21934 I DFInstaObserve: !toggles +blocked disable_feed=0 disable_explore=0 disable_reels=0 disable_stories=0 disable_adds=1
08-19 21:03:57.972 20950 21000 I DFInstaObserve: !toggles +blocked disable_feed=0 disable_explore=0 disable_reels=0 disable_stories=0 disable_adds=1
08-19 21:03:57.977 20950 21349 I DFInstaObserve: !toggles +blocked disable_feed=0 disable_explore=0 disable_reels=0 disable_stories=0 disable_adds=1
08-19 21:03:58.041 20950 21154 I DFInstaObserve: !toggles +blocked disable_feed=0 disable_explore=0 disable_reels=0 disable_stories=0 disable_adds=1
08-19 21:03:58.064 20950 21830 I DFInstaObserve: !toggles +blocked disable_feed=0 disable_explore=0 disable_reels=0 disable_stories=0 disable_adds=1
08-19 21:03:58.078 20950 21968 I DFInstaObserve: !toggles +blocked disable_feed=0 disable_explore=0 disable_reels=0 disable_stories=0 disable_adds=1
08-19 21:03:58.078 20950 21967 I DFInstaObserve: !toggles +blocked disable_feed=0 disable_explore=0 disable_reels=0 disable_stories=0 disable_adds=1
08-19 21:03:58.101 20950 21942 I DFInstaObserve: !toggles +blocked disable_feed=0 disable_explore=0 disable_reels=0 disable_stories=0 disable_adds=1
08-19 21:03:58.283 20950 21830 I DFInstaObserve: !toggles +blocked disable_feed=0 disable_explore=0 disable_reels=0 disable_stories=0 disable_adds=1
08-19 21:03:58.328 20950 21942 I DFInstaObserve: !toggles +blocked disable_feed=0 disable_explore=0 disable_reels=0 disable_stories=0 disable_adds=1
08-19 21:03:58.351 20950 21977 I DFInstaObserve: !toggles +blocked disable_feed=0 disable_explore=0 disable_reels=0 disable_stories=0 disable_adds=1
08-19 21:03:58.358 20950 21154 I DFInstaObserve: !toggles +blocked disable_feed=0 disable_explore=0 disable_reels=0 disable_stories=0 disable_adds=1
08-19 21:03:58.372 20950 21942 I DFInstaObserve: !toggles +blocked disable_feed=0 disable_explore=0 disable_reels=0 disable_stories=0 disable_adds=1
08-19 21:03:58.450 20950 21906 I DFInstaObserve: !toggles +blocked disable_feed=0 disable_explore=0 disable_reels=0 disable_stories=0 disable_adds=1
08-19 21:03:58.455 20950 21154 I DFInstaObserve: !toggles +blocked disable_feed=0 disable_explore=0 disable_reels=0 disable_stories=0 disable_adds=1
08-19 21:03:58.520 20950 21154 I DFInstaObserve: !toggles +blocked disable_feed=0 disable_explore=0 disable_reels=0 disable_stories=0 disable_adds=1
08-19 21:03:58.534 20950 21940 I DFInstaObserve: !toggles +blocked disable_feed=0 disable_explore=0 disable_reels=0 disable_stories=0 disable_adds=1
08-19 21:03:58.630 20950 21154 I DFInstaObserve: !toggles +blocked disable_feed=0 disable_explore=0 disable_reels=0 disable_stories=0 disable_adds=1
08-19 21:03:59.829 20950 21934 I DFInstaObserve: !toggles +blocked disable_feed=0 disable_explore=0 disable_reels=0 disable_stories=0 disable_adds=1
08-19 21:04:00.329 20950 21967 I DFInstaObserve: !toggles +blocked disable_feed=0 disable_explore=0 disable_reels=0 disable_stories=0 disable_adds=1
08-19 21:04:00.668 20950 21992 I DFInstaObserve: !toggles +blocked disable_feed=0 disable_explore=0 disable_reels=0 disable_stories=0 disable_adds=1
08-19 21:04:00.680 20950 21349 I DFInstaObserve: !toggles +blocked disable_feed=0 disable_explore=0 disable_reels=0 disable_stories=0 disable_adds=1
08-19 21:04:00.748 20950 21154 I DFInstaObserve: !toggles +blocked disable_feed=0 disable_explore=0 disable_reels=0 disable_stories=0 disable_adds=1
08-19 21:04:00.769 20950 21940 I DFInstaObserve: !toggles +blocked disable_feed=0 disable_explore=0 disable_reels=0 disable_stories=0 disable_adds=1
08-19 21:04:00.808 20950 21830 I DFInstaObserve: !toggles +blocked disable_feed=0 disable_explore=0 disable_reels=0 disable_stories=0 disable_adds=1
08-19 21:04:00.808 20950 21830 I DFInstaObserve: /discover/topical_explore
08-19 21:04:00.860 20950 21907 I DFInstaObserve: !toggles +blocked disable_feed=0 disable_explore=0 disable_reels=0 disable_stories=0 disable_adds=1
08-19 21:04:00.978 20950 22003 I DFInstaObserve: !toggles +blocked disable_feed=0 disable_explore=0 disable_reels=0 disable_stories=0 disable_adds=1
08-19 21:04:00.999 20950 21997 I DFInstaObserve: !toggles +blocked disable_feed=0 disable_explore=0 disable_reels=0 disable_stories=0 disable_adds=1
08-19 21:04:01.058 20950 21348 I DFInstaObserve: !toggles +blocked disable_feed=0 disable_explore=0 disable_reels=0 disable_stories=0 disable_adds=1
08-19 21:04:01.065 20950 21939 I DFInstaObserve: !toggles +blocked disable_feed=0 disable_explore=0 disable_reels=0 disable_stories=0 disable_adds=1
08-19 21:04:01.123 20950 21997 I DFInstaObserve: !toggles +blocked disable_feed=0 disable_explore=0 disable_reels=0 disable_stories=0 disable_adds=1
08-19 21:04:01.214 20950 22014 I DFInstaObserve: !toggles +blocked disable_feed=0 disable_explore=0 disable_reels=0 disable_stories=0 disable_adds=1
08-19 21:04:01.284 20950 21995 I DFInstaObserve: !toggles +blocked disable_feed=0 disable_explore=0 disable_reels=0 disable_stories=0 disable_adds=1
08-19 21:04:01.341 20950 22020 I DFInstaObserve: !toggles +blocked disable_feed=0 disable_explore=0 disable_reels=0 disable_stories=0 disable_adds=1
08-19 21:04:01.401 20950 21939 I DFInstaObserve: !toggles +blocked disable_feed=0 disable_explore=0 disable_reels=0 disable_stories=0 disable_adds=1
08-19 21:04:01.454 20950 21996 I DFInstaObserve: !toggles +blocked disable_feed=0 disable_explore=0 disable_reels=0 disable_stories=0 disable_adds=1
08-19 21:04:01.564 20950 21994 I DFInstaObserve: !toggles +blocked disable_feed=0 disable_explore=0 disable_reels=0 disable_stories=0 disable_adds=1
08-19 21:04:01.708 20950 21995 I DFInstaObserve: !toggles +blocked disable_feed=0 disable_explore=0 disable_reels=0 disable_stories=0 disable_adds=1
08-19 21:04:01.831 20950 21997 I DFInstaObserve: !toggles +blocked disable_feed=0 disable_explore=0 disable_reels=0 disable_stories=0 disable_adds=1
08-19 21:04:01.863 20950 21154 I DFInstaObserve: !toggles +blocked disable_feed=0 disable_explore=0 disable_reels=0 disable_stories=0 disable_adds=1
08-19 21:04:01.873 20950 21994 I DFInstaObserve: !toggles +blocked disable_feed=0 disable_explore=0 disable_reels=0 disable_stories=0 disable_adds=1
08-19 21:04:01.918 20950 21154 I DFInstaObserve: !toggles +blocked disable_feed=0 disable_explore=0 disable_reels=0 disable_stories=0 disable_adds=1
08-19 21:04:01.952 20950 21154 I DFInstaObserve: !toggles +blocked disable_feed=0 disable_explore=0 disable_reels=0 disable_stories=0 disable_adds=1
08-19 21:04:01.959 20950 21994 I DFInstaObserve: !toggles +blocked disable_feed=0 disable_explore=0 disable_reels=0 disable_stories=0 disable_adds=1
08-19 21:04:02.001 20950 21997 I DFInstaObserve: !toggles +blocked disable_feed=0 disable_explore=0 disable_reels=0 disable_stories=0 disable_adds=1
08-19 21:04:02.089 20950 22029 I DFInstaObserve: !toggles +blocked disable_feed=0 disable_explore=0 disable_reels=0 disable_stories=0 disable_adds=1
08-19 21:04:02.458 20950 21154 I DFInstaObserve: !toggles +blocked disable_feed=0 disable_explore=0 disable_reels=0 disable_stories=0 disable_adds=1
08-19 21:04:02.517 20950 21154 I DFInstaObserve: !toggles +blocked disable_feed=0 disable_explore=0 disable_reels=0 disable_stories=0 disable_adds=1
08-19 21:04:02.685 20950 21154 I DFInstaObserve: !toggles +blocked disable_feed=0 disable_explore=0 disable_reels=0 disable_stories=0 disable_adds=1
08-19 21:04:03.138 20950 21349 I DFInstaObserve: !toggles +blocked disable_feed=0 disable_explore=0 disable_reels=0 disable_stories=0 disable_adds=1
08-19 21:04:03.145 20950 22031 I DFInstaObserve: !toggles +blocked disable_feed=0 disable_explore=0 disable_reels=0 disable_stories=0 disable_adds=1
08-19 21:04:03.164 20950 21154 I DFInstaObserve: !toggles +blocked disable_feed=0 disable_explore=0 disable_reels=0 disable_stories=0 disable_adds=1
08-19 21:04:03.200 20950 22002 I DFInstaObserve: !toggles +blocked disable_feed=0 disable_explore=0 disable_reels=0 disable_stories=0 disable_adds=1
08-19 21:04:03.287 20950 22013 I DFInstaObserve: !toggles +blocked disable_feed=0 disable_explore=0 disable_reels=0 disable_stories=0 disable_adds=1
08-19 21:04:03.301 20950 21939 I DFInstaObserve: !toggles +blocked disable_feed=0 disable_explore=0 disable_reels=0 disable_stories=0 disable_adds=1
08-19 21:04:03.335 20950 22027 I DFInstaObserve: !toggles +blocked disable_feed=0 disable_explore=0 disable_reels=0 disable_stories=0 disable_adds=1
08-19 21:04:03.670 20950 21939 I DFInstaObserve: !toggles +blocked disable_feed=0 disable_explore=0 disable_reels=0 disable_stories=0 disable_adds=1
08-19 21:04:03.759 20950 22038 I DFInstaObserve: !toggles +blocked disable_feed=0 disable_explore=0 disable_reels=0 disable_stories=0 disable_adds=1
08-19 21:04:03.875 22043 22043 I DFInstaWalk: surface=Reels
08-19 21:04:03.899 20950 21940 I DFInstaObserve: !toggles +blocked disable_feed=0 disable_explore=0 disable_reels=0 disable_stories=0 disable_adds=1
08-19 21:04:03.973 20950 22039 I DFInstaObserve: !toggles +blocked disable_feed=0 disable_explore=0 disable_reels=0 disable_stories=0 disable_adds=1
08-19 21:04:04.056 20950 22039 I DFInstaObserve: !toggles +blocked disable_feed=0 disable_explore=0 disable_reels=0 disable_stories=0 disable_adds=1
08-19 21:04:04.091 20950 22038 I DFInstaObserve: !toggles +blocked disable_feed=0 disable_explore=0 disable_reels=0 disable_stories=0 disable_adds=1
08-19 21:04:04.151 20950 21154 I DFInstaObserve: !toggles +blocked disable_feed=0 disable_explore=0 disable_reels=0 disable_stories=0 disable_adds=1
08-19 21:04:04.194 20950 21939 I DFInstaObserve: !toggles +blocked disable_feed=0 disable_explore=0 disable_reels=0 disable_stories=0 disable_adds=1
08-19 21:04:04.205 20950 21154 I DFInstaObserve: !toggles +blocked disable_feed=0 disable_explore=0 disable_reels=0 disable_stories=0 disable_adds=1
08-19 21:04:04.250 20950 21996 I DFInstaObserve: !toggles +blocked disable_feed=0 disable_explore=0 disable_reels=0 disable_stories=0 disable_adds=1
08-19 21:04:04.311 20950 22028 I DFInstaObserve: !toggles +blocked disable_feed=0 disable_explore=0 disable_reels=0 disable_stories=0 disable_adds=1
08-19 21:04:04.412 20950 21349 I DFInstaObserve: !toggles +blocked disable_feed=0 disable_explore=0 disable_reels=0 disable_stories=0 disable_adds=1
08-19 21:04:04.424 20950 22028 I DFInstaObserve: !toggles +blocked disable_feed=0 disable_explore=0 disable_reels=0 disable_stories=0 disable_adds=1
08-19 21:04:04.510 20950 21186 I DFInstaObserve: !toggles +blocked disable_feed=0 disable_explore=0 disable_reels=0 disable_stories=0 disable_adds=1
08-19 21:04:04.555 20950 21901 I DFInstaObserve: !toggles +blocked disable_feed=0 disable_explore=0 disable_reels=0 disable_stories=0 disable_adds=1
08-19 21:04:04.631 20950 21994 I DFInstaObserve: !toggles +blocked disable_feed=0 disable_explore=0 disable_reels=0 disable_stories=0 disable_adds=1
08-19 21:04:04.656 20950 21186 I DFInstaObserve: !toggles +blocked disable_feed=0 disable_explore=0 disable_reels=0 disable_stories=0 disable_adds=1
08-19 21:04:04.699 20950 21154 I DFInstaObserve: !toggles +blocked disable_feed=0 disable_explore=0 disable_reels=0 disable_stories=0 disable_adds=1
08-19 21:04:04.722 20950 21994 I DFInstaObserve: !toggles +blocked disable_feed=0 disable_explore=0 disable_reels=0 disable_stories=0 disable_adds=1
08-19 21:04:04.755 20950 21940 I DFInstaObserve: !toggles +blocked disable_feed=0 disable_explore=0 disable_reels=0 disable_stories=0 disable_adds=1
08-19 21:04:04.794 20950 21154 I DFInstaObserve: !toggles +blocked disable_feed=0 disable_explore=0 disable_reels=0 disable_stories=0 disable_adds=1
08-19 21:04:04.916 20950 21186 I DFInstaObserve: !toggles +blocked disable_feed=0 disable_explore=0 disable_reels=0 disable_stories=0 disable_adds=1
08-19 21:04:04.919 20950 22028 I DFInstaObserve: !toggles +blocked disable_feed=0 disable_explore=0 disable_reels=0 disable_stories=0 disable_adds=1
08-19 21:04:05.005 20950 21186 I DFInstaObserve: !toggles +blocked disable_feed=0 disable_explore=0 disable_reels=0 disable_stories=0 disable_adds=1
08-19 21:04:05.106 20950 21186 I DFInstaObserve: !toggles +blocked disable_feed=0 disable_explore=0 disable_reels=0 disable_stories=0 disable_adds=1
08-19 21:04:05.266 20950 21154 I DFInstaObserve: !toggles +blocked disable_feed=0 disable_explore=0 disable_reels=0 disable_stories=0 disable_adds=1
08-19 21:04:05.306 20950 21154 I DFInstaObserve: !toggles +blocked disable_feed=0 disable_explore=0 disable_reels=0 disable_stories=0 disable_adds=1
08-19 21:04:05.655 20950 21154 I DFInstaObserve: !toggles +blocked disable_feed=0 disable_explore=0 disable_reels=0 disable_stories=0 disable_adds=1
08-19 21:04:05.713 20950 21154 I DFInstaObserve: !toggles +blocked disable_feed=0 disable_explore=0 disable_reels=0 disable_stories=0 disable_adds=1
08-19 21:04:06.099 20950 21154 I DFInstaObserve: !toggles +blocked disable_feed=0 disable_explore=0 disable_reels=0 disable_stories=0 disable_adds=1
08-19 21:04:06.195 20950 21154 I DFInstaObserve: !toggles +blocked disable_feed=0 disable_explore=0 disable_reels=0 disable_stories=0 disable_adds=1
08-19 21:04:06.247 20950 21154 I DFInstaObserve: !toggles +blocked disable_feed=0 disable_explore=0 disable_reels=0 disable_stories=0 disable_adds=1
08-19 21:04:06.360 20950 21154 I DFInstaObserve: !toggles +blocked disable_feed=0 disable_explore=0 disable_reels=0 disable_stories=0 disable_adds=1
08-19 21:04:06.409 20950 21154 I DFInstaObserve: !toggles +blocked disable_feed=0 disable_explore=0 disable_reels=0 disable_stories=0 disable_adds=1
08-19 21:04:06.448 20950 21154 I DFInstaObserve: !toggles +blocked disable_feed=0 disable_explore=0 disable_reels=0 disable_stories=0 disable_adds=1
08-19 21:04:06.626 20950 22082 I DFInstaObserve: !toggles +blocked disable_feed=0 disable_explore=0 disable_reels=0 disable_stories=0 disable_adds=1
08-19 21:04:06.628 20950 22081 I DFInstaObserve: !toggles +blocked disable_feed=0 disable_explore=0 disable_reels=0 disable_stories=0 disable_adds=1
08-19 21:04:09.080 20950 22082 I DFInstaObserve: !toggles +blocked disable_feed=0 disable_explore=0 disable_reels=0 disable_stories=0 disable_adds=1
08-19 21:04:09.085 20950 22081 I DFInstaObserve: !toggles +blocked disable_feed=0 disable_explore=0 disable_reels=0 disable_stories=0 disable_adds=1
08-19 21:04:12.103 20950 22069 I DFInstaObserve: !toggles +blocked disable_feed=0 disable_explore=0 disable_reels=0 disable_stories=0 disable_adds=1
08-19 21:04:12.103 20950 22069 I DFInstaObserve: /clips/discover
08-19 21:04:12.103 20950 22069 I DFInstaObserve: /clips/discover/stream/
08-19 21:04:12.512 20950 22031 I DFInstaObserve: !toggles +blocked disable_feed=0 disable_explore=0 disable_reels=0 disable_stories=0 disable_adds=1
08-19 21:04:14.633 20950 22126 I DFInstaObserve: !toggles +blocked disable_feed=0 disable_explore=0 disable_reels=0 disable_stories=0 disable_adds=1
08-19 21:04:14.636 20950 22125 I DFInstaObserve: !toggles +blocked disable_feed=0 disable_explore=0 disable_reels=0 disable_stories=0 disable_adds=1
08-19 21:04:14.728 20950 22125 I DFInstaObserve: !toggles +blocked disable_feed=0 disable_explore=0 disable_reels=0 disable_stories=0 disable_adds=1
08-19 21:04:14.729 20950 22126 I DFInstaObserve: !toggles +blocked disable_feed=0 disable_explore=0 disable_reels=0 disable_stories=0 disable_adds=1
08-19 21:04:16.481 20950 21349 I DFInstaObserve: !toggles +blocked disable_feed=0 disable_explore=0 disable_reels=0 disable_stories=0 disable_adds=1
08-19 21:04:16.490 20950 21349 I DFInstaObserve: !toggles +blocked disable_feed=0 disable_explore=0 disable_reels=0 disable_stories=0 disable_adds=1
08-19 21:04:16.500 20950 21349 I DFInstaObserve: !toggles +blocked disable_feed=0 disable_explore=0 disable_reels=0 disable_stories=0 disable_adds=1
08-19 21:04:16.506 20950 21349 I DFInstaObserve: !toggles +blocked disable_feed=0 disable_explore=0 disable_reels=0 disable_stories=0 disable_adds=1
08-19 21:04:16.537 20950 21154 I DFInstaObserve: !toggles +blocked disable_feed=0 disable_explore=0 disable_reels=0 disable_stories=0 disable_adds=1
08-19 21:04:16.899 20950 21349 I DFInstaObserve: !toggles +blocked disable_feed=0 disable_explore=0 disable_reels=0 disable_stories=0 disable_adds=1
08-19 21:04:16.911 20950 21349 I DFInstaObserve: !toggles +blocked disable_feed=0 disable_explore=0 disable_reels=0 disable_stories=0 disable_adds=1
08-19 21:04:17.386 20950 21154 I DFInstaObserve: !toggles +blocked disable_feed=0 disable_explore=0 disable_reels=0 disable_stories=0 disable_adds=1
08-19 21:04:17.451 20950 21154 I DFInstaObserve: !toggles +blocked disable_feed=0 disable_explore=0 disable_reels=0 disable_stories=0 disable_adds=1
08-19 21:04:17.977 20950 22154 I DFInstaObserve: !toggles +blocked disable_feed=0 disable_explore=0 disable_reels=0 disable_stories=0 disable_adds=1
08-19 21:04:17.977 20950 22155 I DFInstaObserve: !toggles +blocked disable_feed=0 disable_explore=0 disable_reels=0 disable_stories=0 disable_adds=1
08-19 21:04:18.411 20950 21154 I DFInstaObserve: !toggles +blocked disable_feed=0 disable_explore=0 disable_reels=0 disable_stories=0 disable_adds=1
08-19 21:04:18.715 20950 21154 I DFInstaObserve: !toggles +blocked disable_feed=0 disable_explore=0 disable_reels=0 disable_stories=0 disable_adds=1
08-19 21:04:19.242 20950 22031 I DFInstaObserve: !toggles +blocked disable_feed=0 disable_explore=0 disable_reels=0 disable_stories=0 disable_adds=1
08-19 21:04:19.288 20950 21349 I DFInstaObserve: !toggles +blocked disable_feed=0 disable_explore=0 disable_reels=0 disable_stories=0 disable_adds=1
08-19 21:04:19.366 20950 21154 I DFInstaObserve: !toggles +blocked disable_feed=0 disable_explore=0 disable_reels=0 disable_stories=0 disable_adds=1
08-19 21:04:19.448 20950 21154 I DFInstaObserve: !toggles +blocked disable_feed=0 disable_explore=0 disable_reels=0 disable_stories=0 disable_adds=1
08-19 21:04:20.168 20950 21154 I DFInstaObserve: !toggles +blocked disable_feed=0 disable_explore=0 disable_reels=0 disable_stories=0 disable_adds=1
08-19 21:04:21.382 20950 22194 I DFInstaObserve: !toggles +blocked disable_feed=0 disable_explore=0 disable_reels=0 disable_stories=0 disable_adds=1
08-19 21:04:21.383 20950 22195 I DFInstaObserve: !toggles +blocked disable_feed=0 disable_explore=0 disable_reels=0 disable_stories=0 disable_adds=1
08-19 21:04:24.742 20950 22232 I DFInstaObserve: !toggles +blocked disable_feed=0 disable_explore=0 disable_reels=0 disable_stories=0 disable_adds=1
08-19 21:04:24.743 20950 22233 I DFInstaObserve: !toggles +blocked disable_feed=0 disable_explore=0 disable_reels=0 disable_stories=0 disable_adds=1
08-19 21:04:25.555 20950 22174 I DFInstaObserve: !toggles +blocked disable_feed=0 disable_explore=0 disable_reels=0 disable_stories=0 disable_adds=1
08-19 21:04:25.555 20950 22174 I DFInstaObserve: /clips/discover
08-19 21:04:25.555 20950 22174 I DFInstaObserve: /clips/discover/stream/
08-19 21:04:25.982 20950 21349 I DFInstaObserve: !toggles +blocked disable_feed=0 disable_explore=0 disable_reels=0 disable_stories=0 disable_adds=1
08-19 21:04:25.986 20950 22031 I DFInstaObserve: !toggles +blocked disable_feed=0 disable_explore=0 disable_reels=0 disable_stories=0 disable_adds=1
08-19 21:04:26.026 20950 22031 I DFInstaObserve: !toggles +blocked disable_feed=0 disable_explore=0 disable_reels=0 disable_stories=0 disable_adds=1
08-19 21:04:28.060 20950 22271 I DFInstaObserve: !toggles +blocked disable_feed=0 disable_explore=0 disable_reels=0 disable_stories=0 disable_adds=1
08-19 21:04:28.063 20950 22272 I DFInstaObserve: !toggles +blocked disable_feed=0 disable_explore=0 disable_reels=0 disable_stories=0 disable_adds=1
08-19 21:04:28.832 22302 22302 I DFInstaWalk: surface=Home
08-19 21:04:28.921 20950 22259 I DFInstaObserve: !toggles +blocked disable_feed=0 disable_explore=0 disable_reels=0 disable_stories=0 disable_adds=1
08-19 21:04:29.161 20950 21186 I DFInstaObserve: !toggles +blocked disable_feed=0 disable_explore=0 disable_reels=0 disable_stories=0 disable_adds=1
08-19 21:04:29.252 20950 21186 I DFInstaObserve: !toggles +blocked disable_feed=0 disable_explore=0 disable_reels=0 disable_stories=0 disable_adds=1
08-19 21:04:29.628 20950 21349 I DFInstaObserve: !toggles +blocked disable_feed=0 disable_explore=0 disable_reels=0 disable_stories=0 disable_adds=1
08-19 21:04:29.634 20950 21349 I DFInstaObserve: !toggles +blocked disable_feed=0 disable_explore=0 disable_reels=0 disable_stories=0 disable_adds=1
08-19 21:04:29.678 20950 21154 I DFInstaObserve: !toggles +blocked disable_feed=0 disable_explore=0 disable_reels=0 disable_stories=0 disable_adds=1
08-19 21:04:29.779 20950 22101 I DFInstaObserve: !toggles +blocked disable_feed=0 disable_explore=0 disable_reels=0 disable_stories=0 disable_adds=1
08-19 21:04:29.869 20950 21154 I DFInstaObserve: !toggles +blocked disable_feed=0 disable_explore=0 disable_reels=0 disable_stories=0 disable_adds=1
08-19 21:04:29.890 20950 21349 I DFInstaObserve: !toggles +blocked disable_feed=0 disable_explore=0 disable_reels=0 disable_stories=0 disable_adds=1
08-19 21:04:29.895 20950 21349 I DFInstaObserve: !toggles +blocked disable_feed=0 disable_explore=0 disable_reels=0 disable_stories=0 disable_adds=1
08-19 21:04:29.915 20950 21154 I DFInstaObserve: !toggles +blocked disable_feed=0 disable_explore=0 disable_reels=0 disable_stories=0 disable_adds=1
08-19 21:04:30.006 20950 22101 I DFInstaObserve: !toggles +blocked disable_feed=0 disable_explore=0 disable_reels=0 disable_stories=0 disable_adds=1
08-19 21:04:30.532 20950 21154 I DFInstaObserve: !toggles +blocked disable_feed=0 disable_explore=0 disable_reels=0 disable_stories=0 disable_adds=1
08-19 21:04:30.708 20950 21154 I DFInstaObserve: !toggles +blocked disable_feed=0 disable_explore=0 disable_reels=0 disable_stories=0 disable_adds=1
08-19 21:04:31.550 20950 21154 I DFInstaObserve: !toggles +blocked disable_feed=0 disable_explore=0 disable_reels=0 disable_stories=0 disable_adds=1
08-19 21:04:31.655 20950 21154 I DFInstaObserve: !toggles +blocked disable_feed=0 disable_explore=0 disable_reels=0 disable_stories=0 disable_adds=1
08-19 21:04:32.638 20950 21154 I DFInstaObserve: !toggles +blocked disable_feed=0 disable_explore=0 disable_reels=0 disable_stories=0 disable_adds=1
08-19 21:04:48.751 20950 22031 I DFInstaObserve: !toggles +blocked disable_feed=0 disable_explore=0 disable_reels=0 disable_stories=0 disable_adds=1
08-19 21:04:52.107 20950 21349 I DFInstaObserve: !toggles +blocked disable_feed=0 disable_explore=0 disable_reels=0 disable_stories=0 disable_adds=1
08-19 21:04:52.110 20950 22031 I DFInstaObserve: !toggles +blocked disable_feed=0 disable_explore=0 disable_reels=0 disable_stories=0 disable_adds=1
08-19 21:04:55.471 20950 21349 I DFInstaObserve: !toggles +blocked disable_feed=0 disable_explore=0 disable_reels=0 disable_stories=0 disable_adds=1
08-19 21:05:02.105 20950 22439 I DFInstaObserve: !toggles +blocked disable_feed=0 disable_explore=0 disable_reels=0 disable_stories=0 disable_adds=1
08-19 21:05:02.215 20950 22143 I DFInstaObserve: !toggles +blocked disable_feed=0 disable_explore=0 disable_reels=0 disable_stories=0 disable_adds=1
08-19 21:05:02.215 20950 22143 I DFInstaObserve: /feed/timeline/
08-19 21:05:04.630 20950 22031 I DFInstaObserve: !toggles +blocked disable_feed=0 disable_explore=0 disable_reels=0 disable_stories=0 disable_adds=1
08-19 21:05:04.634 20950 22031 I DFInstaObserve: !toggles +blocked disable_feed=0 disable_explore=0 disable_reels=0 disable_stories=0 disable_adds=1
08-19 21:05:04.795 20950 21154 I DFInstaObserve: !toggles +blocked disable_feed=0 disable_explore=0 disable_reels=0 disable_stories=0 disable_adds=1
08-19 21:05:05.084 20950 22410 I DFInstaObserve: !toggles +blocked disable_feed=0 disable_explore=0 disable_reels=0 disable_stories=0 disable_adds=1
08-19 21:05:05.243 22488 22488 I DFInstaWalk: surface=Search and explore
08-19 21:05:05.361 20950 22143 I DFInstaObserve: !toggles +blocked disable_feed=0 disable_explore=0 disable_reels=0 disable_stories=0 disable_adds=1
08-19 21:05:05.602 20950 22481 I DFInstaObserve: !toggles +blocked disable_feed=0 disable_explore=0 disable_reels=0 disable_stories=0 disable_adds=1
08-19 21:05:05.787 20950 21186 I DFInstaObserve: !toggles +blocked disable_feed=0 disable_explore=0 disable_reels=0 disable_stories=0 disable_adds=1
08-19 21:05:05.921 20950 21186 I DFInstaObserve: !toggles +blocked disable_feed=0 disable_explore=0 disable_reels=0 disable_stories=0 disable_adds=1
08-19 21:05:07.461 20950 22506 I DFInstaObserve: !toggles +blocked disable_feed=0 disable_explore=0 disable_reels=0 disable_stories=0 disable_adds=1
08-19 21:05:07.514 20950 22506 I DFInstaObserve: !toggles +blocked disable_feed=0 disable_explore=0 disable_reels=0 disable_stories=0 disable_adds=1
08-19 21:05:09.903 20950 22501 I DFInstaObserve: !toggles +blocked disable_feed=0 disable_explore=0 disable_reels=0 disable_stories=0 disable_adds=1
08-19 21:05:09.945 20950 22501 I DFInstaObserve: !toggles +blocked disable_feed=0 disable_explore=0 disable_reels=0 disable_stories=0 disable_adds=1
08-19 21:05:09.961 20950 22506 I DFInstaObserve: !toggles +blocked disable_feed=0 disable_explore=0 disable_reels=0 disable_stories=0 disable_adds=1
08-19 21:05:13.882 20950 22546 I DFInstaObserve: !toggles +blocked disable_feed=0 disable_explore=0 disable_reels=0 disable_stories=0 disable_adds=1
08-19 21:05:13.882 20950 22546 I DFInstaObserve: /discover/topical_explore
08-19 21:05:14.086 20950 22571 I DFInstaObserve: !toggles +blocked disable_feed=0 disable_explore=0 disable_reels=0 disable_stories=0 disable_adds=1
08-19 21:05:16.070 20950 22563 I DFInstaObserve: !toggles +blocked disable_feed=0 disable_explore=0 disable_reels=0 disable_stories=0 disable_adds=1
08-19 21:05:17.681 20950 22580 I DFInstaObserve: !toggles +blocked disable_feed=0 disable_explore=0 disable_reels=0 disable_stories=0 disable_adds=1
08-19 21:05:17.681 20950 22580 I DFInstaObserve: /discover/topical_explore
08-19 21:05:18.210 20950 22612 I DFInstaObserve: !toggles +blocked disable_feed=0 disable_explore=0 disable_reels=0 disable_stories=0 disable_adds=1
08-19 21:05:18.215 20950 22031 I DFInstaObserve: !toggles +blocked disable_feed=0 disable_explore=0 disable_reels=0 disable_stories=0 disable_adds=1
08-19 21:05:18.282 20950 21154 I DFInstaObserve: !toggles +blocked disable_feed=0 disable_explore=0 disable_reels=0 disable_stories=0 disable_adds=1
08-19 21:05:18.351 20950 22619 I DFInstaObserve: !toggles +blocked disable_feed=0 disable_explore=0 disable_reels=0 disable_stories=0 disable_adds=1
08-19 21:05:18.382 20950 22596 I DFInstaObserve: !toggles +blocked disable_feed=0 disable_explore=0 disable_reels=0 disable_stories=0 disable_adds=1
08-19 21:05:18.539 20950 22597 I DFInstaObserve: !toggles +blocked disable_feed=0 disable_explore=0 disable_reels=0 disable_stories=0 disable_adds=1
08-19 21:05:18.631 20950 22546 I DFInstaObserve: !toggles +blocked disable_feed=0 disable_explore=0 disable_reels=0 disable_stories=0 disable_adds=1
08-19 21:05:18.651 20950 21154 I DFInstaObserve: !toggles +blocked disable_feed=0 disable_explore=0 disable_reels=0 disable_stories=0 disable_adds=1
08-19 21:05:18.697 20950 22619 I DFInstaObserve: !toggles +blocked disable_feed=0 disable_explore=0 disable_reels=0 disable_stories=0 disable_adds=1
08-19 21:05:18.753 20950 21154 I DFInstaObserve: !toggles +blocked disable_feed=0 disable_explore=0 disable_reels=0 disable_stories=0 disable_adds=1
08-19 21:05:18.759 20950 22624 I DFInstaObserve: !toggles +blocked disable_feed=0 disable_explore=0 disable_reels=0 disable_stories=0 disable_adds=1
08-19 21:05:18.796 20950 22619 I DFInstaObserve: !toggles +blocked disable_feed=0 disable_explore=0 disable_reels=0 disable_stories=0 disable_adds=1
08-19 21:05:18.861 20950 22546 I DFInstaObserve: !toggles +blocked disable_feed=0 disable_explore=0 disable_reels=0 disable_stories=0 disable_adds=1
08-19 21:05:18.944 20950 22622 I DFInstaObserve: !toggles +blocked disable_feed=0 disable_explore=0 disable_reels=0 disable_stories=0 disable_adds=1
08-19 21:05:18.979 20950 22622 I DFInstaObserve: !toggles +blocked disable_feed=0 disable_explore=0 disable_reels=0 disable_stories=0 disable_adds=1
08-19 21:05:19.099 20950 22546 I DFInstaObserve: !toggles +blocked disable_feed=0 disable_explore=0 disable_reels=0 disable_stories=0 disable_adds=1
08-19 21:05:19.137 20950 22530 I DFInstaObserve: !toggles +blocked disable_feed=0 disable_explore=0 disable_reels=0 disable_stories=0 disable_adds=1
08-19 21:05:19.213 20950 22625 I DFInstaObserve: !toggles +blocked disable_feed=0 disable_explore=0 disable_reels=0 disable_stories=0 disable_adds=1
08-19 21:05:19.245 20950 22530 I DFInstaObserve: !toggles +blocked disable_feed=0 disable_explore=0 disable_reels=0 disable_stories=0 disable_adds=1
08-19 21:05:19.277 20950 22467 I DFInstaObserve: !toggles +blocked disable_feed=0 disable_explore=0 disable_reels=0 disable_stories=0 disable_adds=1
08-19 21:05:19.279 20950 22601 I DFInstaObserve: !toggles +blocked disable_feed=0 disable_explore=0 disable_reels=0 disable_stories=0 disable_adds=1
08-19 21:05:19.307 20950 21154 I DFInstaObserve: !toggles +blocked disable_feed=0 disable_explore=0 disable_reels=0 disable_stories=0 disable_adds=1
08-19 21:05:19.326 20950 22601 I DFInstaObserve: !toggles +blocked disable_feed=0 disable_explore=0 disable_reels=0 disable_stories=0 disable_adds=1
08-19 21:05:19.366 20950 21154 I DFInstaObserve: !toggles +blocked disable_feed=0 disable_explore=0 disable_reels=0 disable_stories=0 disable_adds=1
08-19 21:05:19.386 20950 22619 I DFInstaObserve: !toggles +blocked disable_feed=0 disable_explore=0 disable_reels=0 disable_stories=0 disable_adds=1
08-19 21:05:19.713 20950 21154 I DFInstaObserve: !toggles +blocked disable_feed=0 disable_explore=0 disable_reels=0 disable_stories=0 disable_adds=1
08-19 21:05:19.787 20950 21154 I DFInstaObserve: !toggles +blocked disable_feed=0 disable_explore=0 disable_reels=0 disable_stories=0 disable_adds=1
08-19 21:05:20.148 20950 21154 I DFInstaObserve: !toggles +blocked disable_feed=0 disable_explore=0 disable_reels=0 disable_stories=0 disable_adds=1
08-19 21:05:20.189 20950 22612 I DFInstaObserve: !toggles +blocked disable_feed=0 disable_explore=0 disable_reels=0 disable_stories=0 disable_adds=1
08-19 21:05:20.194 20950 22638 I DFInstaObserve: !toggles +blocked disable_feed=0 disable_explore=0 disable_reels=0 disable_stories=0 disable_adds=1
08-19 21:05:20.364 20950 21154 I DFInstaObserve: !toggles +blocked disable_feed=0 disable_explore=0 disable_reels=0 disable_stories=0 disable_adds=1
08-19 21:05:20.400 20950 22619 I DFInstaObserve: !toggles +blocked disable_feed=0 disable_explore=0 disable_reels=0 disable_stories=0 disable_adds=1
08-19 21:05:20.444 20950 22625 I DFInstaObserve: !toggles +blocked disable_feed=0 disable_explore=0 disable_reels=0 disable_stories=0 disable_adds=1
08-19 21:05:20.554 20950 22651 I DFInstaObserve: !toggles +blocked disable_feed=0 disable_explore=0 disable_reels=0 disable_stories=0 disable_adds=1
08-19 21:05:20.635 20950 22628 I DFInstaObserve: !toggles +blocked disable_feed=0 disable_explore=0 disable_reels=0 disable_stories=0 disable_adds=1
08-19 21:05:20.664 20950 21154 I DFInstaObserve: !toggles +blocked disable_feed=0 disable_explore=0 disable_reels=0 disable_stories=0 disable_adds=1
08-19 21:05:20.690 20950 22580 I DFInstaObserve: !toggles +blocked disable_feed=0 disable_explore=0 disable_reels=0 disable_stories=0 disable_adds=1
08-19 21:05:20.716 20950 22530 I DFInstaObserve: !toggles +blocked disable_feed=0 disable_explore=0 disable_reels=0 disable_stories=0 disable_adds=1
08-19 21:05:20.754 20950 21154 I DFInstaObserve: !toggles +blocked disable_feed=0 disable_explore=0 disable_reels=0 disable_stories=0 disable_adds=1
08-19 21:05:20.786 20950 22620 I DFInstaObserve: !toggles +blocked disable_feed=0 disable_explore=0 disable_reels=0 disable_stories=0 disable_adds=1
08-19 21:05:20.832 20950 22580 I DFInstaObserve: !toggles +blocked disable_feed=0 disable_explore=0 disable_reels=0 disable_stories=0 disable_adds=1
08-19 21:05:20.845 20950 22664 I DFInstaObserve: !toggles +blocked disable_feed=0 disable_explore=0 disable_reels=0 disable_stories=0 disable_adds=1
08-19 21:05:20.957 20950 22625 I DFInstaObserve: !toggles +blocked disable_feed=0 disable_explore=0 disable_reels=0 disable_stories=0 disable_adds=1
08-19 21:05:20.975 20950 21154 I DFInstaObserve: !toggles +blocked disable_feed=0 disable_explore=0 disable_reels=0 disable_stories=0 disable_adds=1
08-19 21:05:21.039 20950 22578 I DFInstaObserve: !toggles +blocked disable_feed=0 disable_explore=0 disable_reels=0 disable_stories=0 disable_adds=1
08-19 21:05:21.078 20950 21154 I DFInstaObserve: !toggles +blocked disable_feed=0 disable_explore=0 disable_reels=0 disable_stories=0 disable_adds=1
08-19 21:05:21.099 20950 22580 I DFInstaObserve: !toggles +blocked disable_feed=0 disable_explore=0 disable_reels=0 disable_stories=0 disable_adds=1
08-19 21:05:21.185 20950 21154 I DFInstaObserve: !toggles +blocked disable_feed=0 disable_explore=0 disable_reels=0 disable_stories=0 disable_adds=1
08-19 21:05:21.207 20950 22578 I DFInstaObserve: !toggles +blocked disable_feed=0 disable_explore=0 disable_reels=0 disable_stories=0 disable_adds=1
08-19 21:05:21.273 20950 21154 I DFInstaObserve: !toggles +blocked disable_feed=0 disable_explore=0 disable_reels=0 disable_stories=0 disable_adds=1
08-19 21:05:21.284 20950 22628 I DFInstaObserve: !toggles +blocked disable_feed=0 disable_explore=0 disable_reels=0 disable_stories=0 disable_adds=1
08-19 21:05:21.355 20950 22578 I DFInstaObserve: !toggles +blocked disable_feed=0 disable_explore=0 disable_reels=0 disable_stories=0 disable_adds=1
08-19 21:05:21.422 20950 22625 I DFInstaObserve: !toggles +blocked disable_feed=0 disable_explore=0 disable_reels=0 disable_stories=0 disable_adds=1
08-19 21:05:21.620 20950 22529 I DFInstaObserve: !toggles +blocked disable_feed=0 disable_explore=0 disable_reels=0 disable_stories=0 disable_adds=1
08-19 21:05:21.756 20950 22625 I DFInstaObserve: !toggles +blocked disable_feed=0 disable_explore=0 disable_reels=0 disable_stories=0 disable_adds=1
08-19 21:05:21.913 20950 21154 I DFInstaObserve: !toggles +blocked disable_feed=0 disable_explore=0 disable_reels=0 disable_stories=0 disable_adds=1
08-19 21:05:22.820 20950 22656 I DFInstaObserve: !toggles +blocked disable_feed=0 disable_explore=0 disable_reels=0 disable_stories=0 disable_adds=1
08-19 21:05:22.865 20950 22650 I DFInstaObserve: !toggles +blocked disable_feed=0 disable_explore=0 disable_reels=0 disable_stories=0 disable_adds=1
08-19 21:05:22.967 20950 22656 I DFInstaObserve: !toggles +blocked disable_feed=0 disable_explore=0 disable_reels=0 disable_stories=0 disable_adds=1
08-19 21:05:23.627 20950 22628 I DFInstaObserve: !toggles +blocked disable_feed=0 disable_explore=0 disable_reels=0 disable_stories=0 disable_adds=1
08-19 21:05:23.627 20950 22628 I DFInstaObserve: /discover/topical_explore
08-19 21:05:23.789 20950 22686 I DFInstaObserve: !toggles +blocked disable_feed=0 disable_explore=0 disable_reels=0 disable_stories=0 disable_adds=1
08-19 21:05:24.106 20950 22704 I DFInstaObserve: !toggles +blocked disable_feed=0 disable_explore=0 disable_reels=0 disable_stories=0 disable_adds=1
08-19 21:05:26.092 20950 22692 I DFInstaObserve: !toggles +blocked disable_feed=0 disable_explore=0 disable_reels=0 disable_stories=0 disable_adds=1
08-19 21:05:26.697 20950 22612 I DFInstaObserve: !toggles +blocked disable_feed=0 disable_explore=0 disable_reels=0 disable_stories=0 disable_adds=1
08-19 21:05:26.700 20950 22714 I DFInstaObserve: !toggles +blocked disable_feed=0 disable_explore=0 disable_reels=0 disable_stories=0 disable_adds=1
08-19 21:05:26.721 20950 21154 I DFInstaObserve: !toggles +blocked disable_feed=0 disable_explore=0 disable_reels=0 disable_stories=0 disable_adds=1
08-19 21:05:26.816 20950 22619 I DFInstaObserve: !toggles +blocked disable_feed=0 disable_explore=0 disable_reels=0 disable_stories=0 disable_adds=1
08-19 21:05:26.886 20950 22628 I DFInstaObserve: !toggles +blocked disable_feed=0 disable_explore=0 disable_reels=0 disable_stories=0 disable_adds=1
08-19 21:05:26.956 20950 21154 I DFInstaObserve: !toggles +blocked disable_feed=0 disable_explore=0 disable_reels=0 disable_stories=0 disable_adds=1
08-19 21:05:26.960 20950 22696 I DFInstaObserve: !toggles +blocked disable_feed=0 disable_explore=0 disable_reels=0 disable_stories=0 disable_adds=1
08-19 21:05:27.022 20950 21154 I DFInstaObserve: !toggles +blocked disable_feed=0 disable_explore=0 disable_reels=0 disable_stories=0 disable_adds=1
08-19 21:05:27.037 20950 22580 I DFInstaObserve: !toggles +blocked disable_feed=0 disable_explore=0 disable_reels=0 disable_stories=0 disable_adds=1
08-19 21:05:27.081 20950 22629 I DFInstaObserve: !toggles +blocked disable_feed=0 disable_explore=0 disable_reels=0 disable_stories=0 disable_adds=1
08-19 21:05:27.106 20950 22728 I DFInstaObserve: !toggles +blocked disable_feed=0 disable_explore=0 disable_reels=0 disable_stories=0 disable_adds=1
08-19 21:05:27.106 20950 22728 I DFInstaObserve: /discover/topical_explore
08-19 21:05:27.338 20950 22699 I DFInstaObserve: !toggles +blocked disable_feed=0 disable_explore=0 disable_reels=0 disable_stories=0 disable_adds=1
08-19 21:05:27.413 20950 21154 I DFInstaObserve: !toggles +blocked disable_feed=0 disable_explore=0 disable_reels=0 disable_stories=0 disable_adds=1
08-19 21:05:27.417 20950 22467 I DFInstaObserve: !toggles +blocked disable_feed=0 disable_explore=0 disable_reels=0 disable_stories=0 disable_adds=1
08-19 21:05:27.482 20950 21154 I DFInstaObserve: !toggles +blocked disable_feed=0 disable_explore=0 disable_reels=0 disable_stories=0 disable_adds=1
08-19 21:05:27.507 20950 22530 I DFInstaObserve: !toggles +blocked disable_feed=0 disable_explore=0 disable_reels=0 disable_stories=0 disable_adds=1
08-19 21:05:27.595 20950 22730 I DFInstaObserve: !toggles +blocked disable_feed=0 disable_explore=0 disable_reels=0 disable_stories=0 disable_adds=1
08-19 21:05:27.605 20950 22749 I DFInstaObserve: !toggles +blocked disable_feed=0 disable_explore=0 disable_reels=0 disable_stories=0 disable_adds=1
08-19 21:05:27.699 20950 22729 I DFInstaObserve: !toggles +blocked disable_feed=0 disable_explore=0 disable_reels=0 disable_stories=0 disable_adds=1
08-19 21:05:27.733 20950 22698 I DFInstaObserve: !toggles +blocked disable_feed=0 disable_explore=0 disable_reels=0 disable_stories=0 disable_adds=1
08-19 21:05:27.801 20950 22729 I DFInstaObserve: !toggles +blocked disable_feed=0 disable_explore=0 disable_reels=0 disable_stories=0 disable_adds=1
08-19 21:05:27.846 20950 22698 I DFInstaObserve: !toggles +blocked disable_feed=0 disable_explore=0 disable_reels=0 disable_stories=0 disable_adds=1
08-19 21:05:28.005 20950 22628 I DFInstaObserve: !toggles +blocked disable_feed=0 disable_explore=0 disable_reels=0 disable_stories=0 disable_adds=1
08-19 21:05:28.081 20950 22730 I DFInstaObserve: !toggles +blocked disable_feed=0 disable_explore=0 disable_reels=0 disable_stories=0 disable_adds=1
08-19 21:05:28.151 20950 21154 I DFInstaObserve: !toggles +blocked disable_feed=0 disable_explore=0 disable_reels=0 disable_stories=0 disable_adds=1
08-19 21:05:28.209 20950 22628 I DFInstaObserve: !toggles +blocked disable_feed=0 disable_explore=0 disable_reels=0 disable_stories=0 disable_adds=1
08-19 21:05:28.346 20950 21154 I DFInstaObserve: !toggles +blocked disable_feed=0 disable_explore=0 disable_reels=0 disable_stories=0 disable_adds=1
08-19 21:05:28.972 20950 21154 I DFInstaObserve: !toggles +blocked disable_feed=0 disable_explore=0 disable_reels=0 disable_stories=0 disable_adds=1
08-19 21:05:29.096 20950 21154 I DFInstaObserve: !toggles +blocked disable_feed=0 disable_explore=0 disable_reels=0 disable_stories=0 disable_adds=1
08-19 21:05:29.448 20950 22734 I DFInstaObserve: !toggles +blocked disable_feed=0 disable_explore=0 disable_reels=0 disable_stories=0 disable_adds=1
08-19 21:05:29.575 20950 22741 I DFInstaObserve: !toggles +blocked disable_feed=0 disable_explore=0 disable_reels=0 disable_stories=0 disable_adds=1
08-19 21:05:29.743 20950 22755 I DFInstaObserve: !toggles +blocked disable_feed=0 disable_explore=0 disable_reels=0 disable_stories=0 disable_adds=1
08-19 21:05:29.747 20950 22612 I DFInstaObserve: !toggles +blocked disable_feed=0 disable_explore=0 disable_reels=0 disable_stories=0 disable_adds=1
08-19 21:05:29.923 20950 22619 I DFInstaObserve: !toggles +blocked disable_feed=0 disable_explore=0 disable_reels=0 disable_stories=0 disable_adds=1
08-19 21:05:29.965 20950 22698 I DFInstaObserve: !toggles +blocked disable_feed=0 disable_explore=0 disable_reels=0 disable_stories=0 disable_adds=1
08-19 21:05:30.190 22759 22759 I DFInstaWalk: surface=Reels
08-19 21:05:30.199 20950 22699 I DFInstaObserve: !toggles +blocked disable_feed=0 disable_explore=0 disable_reels=0 disable_stories=0 disable_adds=1
08-19 21:05:30.233 20950 22696 I DFInstaObserve: !toggles +blocked disable_feed=0 disable_explore=0 disable_reels=0 disable_stories=0 disable_adds=1
08-19 21:05:30.364 20950 22698 I DFInstaObserve: !toggles +blocked disable_feed=0 disable_explore=0 disable_reels=0 disable_stories=0 disable_adds=1
08-19 21:05:30.389 20950 21154 I DFInstaObserve: !toggles +blocked disable_feed=0 disable_explore=0 disable_reels=0 disable_stories=0 disable_adds=1
08-19 21:05:30.449 20950 22628 I DFInstaObserve: !toggles +blocked disable_feed=0 disable_explore=0 disable_reels=0 disable_stories=0 disable_adds=1
08-19 21:05:30.469 20950 21154 I DFInstaObserve: !toggles +blocked disable_feed=0 disable_explore=0 disable_reels=0 disable_stories=0 disable_adds=1
08-19 21:05:30.545 20950 21186 I DFInstaObserve: !toggles +blocked disable_feed=0 disable_explore=0 disable_reels=0 disable_stories=0 disable_adds=1
08-19 21:05:30.558 20950 22699 I DFInstaObserve: !toggles +blocked disable_feed=0 disable_explore=0 disable_reels=0 disable_stories=0 disable_adds=1
08-19 21:05:30.637 20950 22756 I DFInstaObserve: !toggles +blocked disable_feed=0 disable_explore=0 disable_reels=0 disable_stories=0 disable_adds=1
08-19 21:05:30.699 20950 21186 I DFInstaObserve: !toggles +blocked disable_feed=0 disable_explore=0 disable_reels=0 disable_stories=0 disable_adds=1
08-19 21:05:30.714 20950 22728 I DFInstaObserve: !toggles +blocked disable_feed=0 disable_explore=0 disable_reels=0 disable_stories=0 disable_adds=1
08-19 21:05:30.792 20950 22756 I DFInstaObserve: !toggles +blocked disable_feed=0 disable_explore=0 disable_reels=0 disable_stories=0 disable_adds=1
08-19 21:05:30.873 20950 22728 I DFInstaObserve: !toggles +blocked disable_feed=0 disable_explore=0 disable_reels=0 disable_stories=0 disable_adds=1
08-19 21:05:30.946 20950 21186 I DFInstaObserve: !toggles +blocked disable_feed=0 disable_explore=0 disable_reels=0 disable_stories=0 disable_adds=1
08-19 21:05:30.964 20950 22728 I DFInstaObserve: !toggles +blocked disable_feed=0 disable_explore=0 disable_reels=0 disable_stories=0 disable_adds=1
08-19 21:05:30.986 20950 21154 I DFInstaObserve: !toggles +blocked disable_feed=0 disable_explore=0 disable_reels=0 disable_stories=0 disable_adds=1
08-19 21:05:31.000 20950 22772 I DFInstaObserve: !toggles +blocked disable_feed=0 disable_explore=0 disable_reels=0 disable_stories=0 disable_adds=1
08-19 21:05:31.050 20950 21154 I DFInstaObserve: !toggles +blocked disable_feed=0 disable_explore=0 disable_reels=0 disable_stories=0 disable_adds=1
08-19 21:05:31.068 20950 21186 I DFInstaObserve: !toggles +blocked disable_feed=0 disable_explore=0 disable_reels=0 disable_stories=0 disable_adds=1
08-19 21:05:31.094 20950 22772 I DFInstaObserve: !toggles +blocked disable_feed=0 disable_explore=0 disable_reels=0 disable_stories=0 disable_adds=1
08-19 21:05:31.117 20950 22730 I DFInstaObserve: !toggles +blocked disable_feed=0 disable_explore=0 disable_reels=0 disable_stories=0 disable_adds=1
08-19 21:05:31.211 20950 22773 I DFInstaObserve: !toggles +blocked disable_feed=0 disable_explore=0 disable_reels=0 disable_stories=0 disable_adds=1
08-19 21:05:31.269 20950 21186 I DFInstaObserve: !toggles +blocked disable_feed=0 disable_explore=0 disable_reels=0 disable_stories=0 disable_adds=1
08-19 21:05:31.560 20950 21154 I DFInstaObserve: !toggles +blocked disable_feed=0 disable_explore=0 disable_reels=0 disable_stories=0 disable_adds=1
08-19 21:05:31.630 20950 21154 I DFInstaObserve: !toggles +blocked disable_feed=0 disable_explore=0 disable_reels=0 disable_stories=0 disable_adds=1
08-19 21:05:31.699 20950 21154 I DFInstaObserve: !toggles +blocked disable_feed=0 disable_explore=0 disable_reels=0 disable_stories=0 disable_adds=1
08-19 21:05:31.774 20950 21154 I DFInstaObserve: !toggles +blocked disable_feed=0 disable_explore=0 disable_reels=0 disable_stories=0 disable_adds=1
08-19 21:05:32.348 20950 21154 I DFInstaObserve: !toggles +blocked disable_feed=0 disable_explore=0 disable_reels=0 disable_stories=0 disable_adds=1
08-19 21:05:32.401 20950 21154 I DFInstaObserve: !toggles +blocked disable_feed=0 disable_explore=0 disable_reels=0 disable_stories=0 disable_adds=1
08-19 21:05:32.517 20950 21154 I DFInstaObserve: !toggles +blocked disable_feed=0 disable_explore=0 disable_reels=0 disable_stories=0 disable_adds=1
08-19 21:05:32.563 20950 22790 I DFInstaObserve: !toggles +blocked disable_feed=0 disable_explore=0 disable_reels=0 disable_stories=0 disable_adds=1
08-19 21:05:32.567 20950 22787 I DFInstaObserve: !toggles +blocked disable_feed=0 disable_explore=0 disable_reels=0 disable_stories=0 disable_adds=1
08-19 21:05:35.028 20950 22790 I DFInstaObserve: !toggles +blocked disable_feed=0 disable_explore=0 disable_reels=0 disable_stories=0 disable_adds=1
08-19 21:05:35.029 20950 22787 I DFInstaObserve: !toggles +blocked disable_feed=0 disable_explore=0 disable_reels=0 disable_stories=0 disable_adds=1
08-19 21:05:38.786 20950 22755 I DFInstaObserve: !toggles +blocked disable_feed=0 disable_explore=0 disable_reels=0 disable_stories=0 disable_adds=1
08-19 21:05:38.787 20950 22612 I DFInstaObserve: !toggles +blocked disable_feed=0 disable_explore=0 disable_reels=0 disable_stories=0 disable_adds=1
08-19 21:05:38.829 20950 22756 I DFInstaObserve: !toggles +blocked disable_feed=0 disable_explore=0 disable_reels=0 disable_stories=0 disable_adds=1
08-19 21:05:38.844 20950 22755 I DFInstaObserve: !toggles +blocked disable_feed=0 disable_explore=0 disable_reels=0 disable_stories=0 disable_adds=1
08-19 21:05:40.918 20950 22829 I DFInstaObserve: !toggles +blocked disable_feed=0 disable_explore=0 disable_reels=0 disable_stories=0 disable_adds=1
08-19 21:05:40.919 20950 22828 I DFInstaObserve: !toggles +blocked disable_feed=0 disable_explore=0 disable_reels=0 disable_stories=0 disable_adds=1
08-19 21:05:42.179 20950 22755 I DFInstaObserve: !toggles +blocked disable_feed=0 disable_explore=0 disable_reels=0 disable_stories=0 disable_adds=1
08-19 21:05:44.245 20950 22863 I DFInstaObserve: !toggles +blocked disable_feed=0 disable_explore=0 disable_reels=0 disable_stories=0 disable_adds=1
08-19 21:05:44.245 20950 22864 I DFInstaObserve: !toggles +blocked disable_feed=0 disable_explore=0 disable_reels=0 disable_stories=0 disable_adds=1
08-19 21:05:45.104 20950 22850 I DFInstaObserve: !toggles +blocked disable_feed=0 disable_explore=0 disable_reels=0 disable_stories=0 disable_adds=1
08-19 21:05:45.104 20950 22850 I DFInstaObserve: /clips/discover
08-19 21:05:45.104 20950 22850 I DFInstaObserve: /clips/discover/stream/
08-19 21:05:45.503 20950 22755 I DFInstaObserve: !toggles +blocked disable_feed=0 disable_explore=0 disable_reels=0 disable_stories=0 disable_adds=1
08-19 21:05:45.544 20950 22755 I DFInstaObserve: !toggles +blocked disable_feed=0 disable_explore=0 disable_reels=0 disable_stories=0 disable_adds=1
08-19 21:05:47.605 20950 22896 I DFInstaObserve: !toggles +blocked disable_feed=0 disable_explore=0 disable_reels=0 disable_stories=0 disable_adds=1
08-19 21:05:47.606 20950 22897 I DFInstaObserve: !toggles +blocked disable_feed=0 disable_explore=0 disable_reels=0 disable_stories=0 disable_adds=1
08-19 21:05:49.185 20950 22612 I DFInstaObserve: !toggles +blocked disable_feed=0 disable_explore=0 disable_reels=0 disable_stories=0 disable_adds=1
08-19 21:05:49.194 20950 22612 I DFInstaObserve: !toggles +blocked disable_feed=0 disable_explore=0 disable_reels=0 disable_stories=0 disable_adds=1
08-19 21:05:49.262 20950 21348 I DFInstaObserve: !toggles +blocked disable_feed=0 disable_explore=0 disable_reels=0 disable_stories=0 disable_adds=1
08-19 21:05:49.268 20950 21154 I DFInstaObserve: !toggles +blocked disable_feed=0 disable_explore=0 disable_reels=0 disable_stories=0 disable_adds=1
08-19 21:05:49.804 20950 22612 I DFInstaObserve: !toggles +blocked disable_feed=0 disable_explore=0 disable_reels=0 disable_stories=0 disable_adds=1
08-19 21:05:49.809 20950 22612 I DFInstaObserve: !toggles +blocked disable_feed=0 disable_explore=0 disable_reels=0 disable_stories=0 disable_adds=1
08-19 21:05:49.868 20950 21154 I DFInstaObserve: !toggles +blocked disable_feed=0 disable_explore=0 disable_reels=0 disable_stories=0 disable_adds=1
08-19 21:05:49.954 20950 21154 I DFInstaObserve: !toggles +blocked disable_feed=0 disable_explore=0 disable_reels=0 disable_stories=0 disable_adds=1
08-19 21:05:50.957 20950 22930 I DFInstaObserve: !toggles +blocked disable_feed=0 disable_explore=0 disable_reels=0 disable_stories=0 disable_adds=1
08-19 21:05:50.957 20950 22929 I DFInstaObserve: !toggles +blocked disable_feed=0 disable_explore=0 disable_reels=0 disable_stories=0 disable_adds=1
08-19 21:05:51.023 20950 21154 I DFInstaObserve: !toggles +blocked disable_feed=0 disable_explore=0 disable_reels=0 disable_stories=0 disable_adds=1
08-19 21:05:51.207 20950 21154 I DFInstaObserve: !toggles +blocked disable_feed=0 disable_explore=0 disable_reels=0 disable_stories=0 disable_adds=1
08-19 21:05:52.210 20950 22755 I DFInstaObserve: !toggles +blocked disable_feed=0 disable_explore=0 disable_reels=0 disable_stories=0 disable_adds=1
08-19 21:05:52.210 20950 22612 I DFInstaObserve: !toggles +blocked disable_feed=0 disable_explore=0 disable_reels=0 disable_stories=0 disable_adds=1
08-19 21:05:52.599 20950 21154 I DFInstaObserve: !toggles +blocked disable_feed=0 disable_explore=0 disable_reels=0 disable_stories=0 disable_adds=1
08-19 21:05:54.322 20950 22962 I DFInstaObserve: !toggles +blocked disable_feed=0 disable_explore=0 disable_reels=0 disable_stories=0 disable_adds=1
08-19 21:05:54.334 20950 22961 I DFInstaObserve: !toggles +blocked disable_feed=0 disable_explore=0 disable_reels=0 disable_stories=0 disable_adds=1
08-19 21:05:55.065 22987 22987 I DFInstaWalk: surface=Home
08-19 21:05:55.149 20950 22914 I DFInstaObserve: !toggles +blocked disable_feed=0 disable_explore=0 disable_reels=0 disable_stories=0 disable_adds=1
08-19 21:05:55.651 20950 21186 I DFInstaObserve: !toggles +blocked disable_feed=0 disable_explore=0 disable_reels=0 disable_stories=0 disable_adds=1
08-19 21:05:55.846 20950 21186 I DFInstaObserve: !toggles +blocked disable_feed=0 disable_explore=0 disable_reels=0 disable_stories=0 disable_adds=1
08-19 21:06:18.285 20950 22612 I DFInstaObserve: !toggles +blocked disable_feed=0 disable_explore=0 disable_reels=0 disable_stories=0 disable_adds=1
08-19 21:06:18.378 20950 22612 I DFInstaObserve: !toggles +blocked disable_feed=0 disable_explore=0 disable_reels=0 disable_stories=0 disable_adds=1
08-19 21:06:21.742 20950 22755 I DFInstaObserve: !toggles +blocked disable_feed=0 disable_explore=0 disable_reels=0 disable_stories=0 disable_adds=1
08-19 21:06:21.784 20950 22755 I DFInstaObserve: !toggles +blocked disable_feed=0 disable_explore=0 disable_reels=0 disable_stories=0 disable_adds=1
08-19 21:06:25.501 20950 23086 I DFInstaObserve: !toggles +blocked disable_feed=0 disable_explore=0 disable_reels=0 disable_stories=0 disable_adds=1
08-19 21:06:25.501 20950 23086 I DFInstaObserve: /feed/timeline/
08-19 21:06:28.095 20950 22755 I DFInstaObserve: !toggles +blocked disable_feed=0 disable_explore=0 disable_reels=0 disable_stories=0 disable_adds=1
08-19 21:06:28.098 20950 22755 I DFInstaObserve: !toggles +blocked disable_feed=0 disable_explore=0 disable_reels=0 disable_stories=0 disable_adds=1
08-19 21:06:28.199 20950 23089 I DFInstaObserve: !toggles +blocked disable_feed=0 disable_explore=0 disable_reels=0 disable_stories=0 disable_adds=1
08-19 21:06:28.267 20950 23055 I DFInstaObserve: !toggles +blocked disable_feed=0 disable_explore=0 disable_reels=0 disable_stories=0 disable_adds=1
08-19 21:06:28.308 20950 23089 I DFInstaObserve: !toggles +blocked disable_feed=0 disable_explore=0 disable_reels=0 disable_stories=0 disable_adds=1
08-19 21:06:28.389 20950 23089 I DFInstaObserve: !toggles +blocked disable_feed=0 disable_explore=0 disable_reels=0 disable_stories=0 disable_adds=1
08-19 21:06:28.421 20950 23026 I DFInstaObserve: !toggles +blocked disable_feed=0 disable_explore=0 disable_reels=0 disable_stories=0 disable_adds=1
08-19 21:06:28.503 20950 23089 I DFInstaObserve: !toggles +blocked disable_feed=0 disable_explore=0 disable_reels=0 disable_stories=0 disable_adds=1
08-19 21:06:28.559 20950 23054 I DFInstaObserve: !toggles +blocked disable_feed=0 disable_explore=0 disable_reels=0 disable_stories=0 disable_adds=1
08-19 21:06:28.765 20950 21154 I DFInstaObserve: !toggles +blocked disable_feed=0 disable_explore=0 disable_reels=0 disable_stories=0 disable_adds=1
08-19 21:06:29.305 20950 21154 I DFInstaObserve: !toggles +blocked disable_feed=0 disable_explore=0 disable_reels=0 disable_stories=0 disable_adds=1
08-19 21:06:29.896 20950 21154 I DFInstaObserve: !toggles +blocked disable_feed=0 disable_explore=0 disable_reels=0 disable_stories=0 disable_adds=1
08-19 21:06:30.391 20950 23093 I DFInstaObserve: !toggles +blocked disable_feed=0 disable_explore=0 disable_reels=0 disable_stories=0 disable_adds=1
08-19 21:06:31.209 20950 21154 I DFInstaObserve: !toggles +blocked disable_feed=0 disable_explore=0 disable_reels=0 disable_stories=0 disable_adds=1
08-19 21:06:31.297 20950 21154 I DFInstaObserve: !toggles +blocked disable_feed=0 disable_explore=0 disable_reels=0 disable_stories=0 disable_adds=1
08-19 21:06:31.514 23208 23208 I DFInstaWalk: surface=Search and explore
08-19 21:06:31.799 20950 21186 I DFInstaObserve: !toggles +blocked disable_feed=0 disable_explore=0 disable_reels=0 disable_stories=0 disable_adds=1
08-19 21:06:31.913 20950 21186 I DFInstaObserve: !toggles +blocked disable_feed=0 disable_explore=0 disable_reels=0 disable_stories=0 disable_adds=1
08-19 21:06:33.693 20950 23220 I DFInstaObserve: !toggles +blocked disable_feed=0 disable_explore=0 disable_reels=0 disable_stories=0 disable_adds=1
08-19 21:06:33.726 20950 23225 I DFInstaObserve: !toggles +blocked disable_feed=0 disable_explore=0 disable_reels=0 disable_stories=0 disable_adds=1
08-19 21:06:33.786 20950 23225 I DFInstaObserve: !toggles +blocked disable_feed=0 disable_explore=0 disable_reels=0 disable_stories=0 disable_adds=1
08-19 21:06:33.800 20950 23220 I DFInstaObserve: !toggles +blocked disable_feed=0 disable_explore=0 disable_reels=0 disable_stories=0 disable_adds=1
08-19 21:06:36.195 20950 23220 I DFInstaObserve: !toggles +blocked disable_feed=0 disable_explore=0 disable_reels=0 disable_stories=0 disable_adds=1
08-19 21:06:36.235 20950 23225 I DFInstaObserve: !toggles +blocked disable_feed=0 disable_explore=0 disable_reels=0 disable_stories=0 disable_adds=1
08-19 21:06:40.085 20950 23264 I DFInstaObserve: !toggles +blocked disable_feed=0 disable_explore=0 disable_reels=0 disable_stories=0 disable_adds=1
08-19 21:06:40.112 20950 23239 I DFInstaObserve: !toggles +blocked disable_feed=0 disable_explore=0 disable_reels=0 disable_stories=0 disable_adds=1
08-19 21:06:40.112 20950 23239 I DFInstaObserve: /discover/topical_explore
08-19 21:06:40.586 20950 23281 I DFInstaObserve: !toggles +blocked disable_feed=0 disable_explore=0 disable_reels=0 disable_stories=0 disable_adds=1
08-19 21:06:42.579 20950 23272 I DFInstaObserve: !toggles +blocked disable_feed=0 disable_explore=0 disable_reels=0 disable_stories=0 disable_adds=1
08-19 21:06:43.409 20950 23318 I DFInstaObserve: !toggles +blocked disable_feed=0 disable_explore=0 disable_reels=0 disable_stories=0 disable_adds=1
08-19 21:06:43.667 20950 23239 I DFInstaObserve: !toggles +blocked disable_feed=0 disable_explore=0 disable_reels=0 disable_stories=0 disable_adds=1
08-19 21:06:43.667 20950 23239 I DFInstaObserve: /discover/topical_explore
08-19 21:06:44.206 20950 23198 I DFInstaObserve: !toggles +blocked disable_feed=0 disable_explore=0 disable_reels=0 disable_stories=0 disable_adds=1
08-19 21:06:44.209 20950 22755 I DFInstaObserve: !toggles +blocked disable_feed=0 disable_explore=0 disable_reels=0 disable_stories=0 disable_adds=1
08-19 21:06:44.235 20950 21154 I DFInstaObserve: !toggles +blocked disable_feed=0 disable_explore=0 disable_reels=0 disable_stories=0 disable_adds=1
08-19 21:06:44.245 20950 23334 I DFInstaObserve: !toggles +blocked disable_feed=0 disable_explore=0 disable_reels=0 disable_stories=0 disable_adds=1
08-19 21:06:44.366 20950 23304 I DFInstaObserve: !toggles +blocked disable_feed=0 disable_explore=0 disable_reels=0 disable_stories=0 disable_adds=1
08-19 21:06:44.385 20950 23301 I DFInstaObserve: !toggles +blocked disable_feed=0 disable_explore=0 disable_reels=0 disable_stories=0 disable_adds=1
08-19 21:06:44.408 20950 21154 I DFInstaObserve: !toggles +blocked disable_feed=0 disable_explore=0 disable_reels=0 disable_stories=0 disable_adds=1
08-19 21:06:44.460 20950 21154 I DFInstaObserve: !toggles +blocked disable_feed=0 disable_explore=0 disable_reels=0 disable_stories=0 disable_adds=1
08-19 21:06:44.460 20950 23302 I DFInstaObserve: !toggles +blocked disable_feed=0 disable_explore=0 disable_reels=0 disable_stories=0 disable_adds=1
08-19 21:06:44.494 20950 23291 I DFInstaObserve: !toggles +blocked disable_feed=0 disable_explore=0 disable_reels=0 disable_stories=0 disable_adds=1
08-19 21:06:44.575 20950 23253 I DFInstaObserve: !toggles +blocked disable_feed=0 disable_explore=0 disable_reels=0 disable_stories=0 disable_adds=1
08-19 21:06:44.656 20950 23203 I DFInstaObserve: !toggles +blocked disable_feed=0 disable_explore=0 disable_reels=0 disable_stories=0 disable_adds=1
08-19 21:06:44.763 20950 23253 I DFInstaObserve: !toggles +blocked disable_feed=0 disable_explore=0 disable_reels=0 disable_stories=0 disable_adds=1
08-19 21:06:44.806 20950 23291 I DFInstaObserve: !toggles +blocked disable_feed=0 disable_explore=0 disable_reels=0 disable_stories=0 disable_adds=1
08-19 21:06:44.911 20950 23253 I DFInstaObserve: !toggles +blocked disable_feed=0 disable_explore=0 disable_reels=0 disable_stories=0 disable_adds=1
08-19 21:06:44.985 20950 23203 I DFInstaObserve: !toggles +blocked disable_feed=0 disable_explore=0 disable_reels=0 disable_stories=0 disable_adds=1
08-19 21:06:45.009 20950 23302 I DFInstaObserve: !toggles +blocked disable_feed=0 disable_explore=0 disable_reels=0 disable_stories=0 disable_adds=1
08-19 21:06:45.146 20950 23303 I DFInstaObserve: !toggles +blocked disable_feed=0 disable_explore=0 disable_reels=0 disable_stories=0 disable_adds=1
08-19 21:06:45.179 20950 23302 I DFInstaObserve: !toggles +blocked disable_feed=0 disable_explore=0 disable_reels=0 disable_stories=0 disable_adds=1
08-19 21:06:45.302 20950 23302 I DFInstaObserve: !toggles +blocked disable_feed=0 disable_explore=0 disable_reels=0 disable_stories=0 disable_adds=1
08-19 21:06:45.335 20950 23302 I DFInstaObserve: !toggles +blocked disable_feed=0 disable_explore=0 disable_reels=0 disable_stories=0 disable_adds=1
08-19 21:06:45.374 20950 23303 I DFInstaObserve: !toggles +blocked disable_feed=0 disable_explore=0 disable_reels=0 disable_stories=0 disable_adds=1
08-19 21:06:45.721 20950 23316 I DFInstaObserve: !toggles +blocked disable_feed=0 disable_explore=0 disable_reels=0 disable_stories=0 disable_adds=1
08-19 21:06:45.843 20950 23326 I DFInstaObserve: !toggles +blocked disable_feed=0 disable_explore=0 disable_reels=0 disable_stories=0 disable_adds=1
08-19 21:06:45.976 20950 23326 I DFInstaObserve: !toggles +blocked disable_feed=0 disable_explore=0 disable_reels=0 disable_stories=0 disable_adds=1
08-19 21:06:46.007 20950 21154 I DFInstaObserve: !toggles +blocked disable_feed=0 disable_explore=0 disable_reels=0 disable_stories=0 disable_adds=1
08-19 21:06:46.079 20950 21154 I DFInstaObserve: !toggles +blocked disable_feed=0 disable_explore=0 disable_reels=0 disable_stories=0 disable_adds=1
08-19 21:06:46.244 20950 21154 I DFInstaObserve: !toggles +blocked disable_feed=0 disable_explore=0 disable_reels=0 disable_stories=0 disable_adds=1
08-19 21:06:46.323 20950 21154 I DFInstaObserve: !toggles +blocked disable_feed=0 disable_explore=0 disable_reels=0 disable_stories=0 disable_adds=1
08-19 21:06:46.425 20950 21154 I DFInstaObserve: !toggles +blocked disable_feed=0 disable_explore=0 disable_reels=0 disable_stories=0 disable_adds=1
08-19 21:06:46.772 20950 23198 I DFInstaObserve: !toggles +blocked disable_feed=0 disable_explore=0 disable_reels=0 disable_stories=0 disable_adds=1
08-19 21:06:46.777 20950 23198 I DFInstaObserve: !toggles +blocked disable_feed=0 disable_explore=0 disable_reels=0 disable_stories=0 disable_adds=1
08-19 21:06:46.800 20950 21154 I DFInstaObserve: !toggles +blocked disable_feed=0 disable_explore=0 disable_reels=0 disable_stories=0 disable_adds=1
08-19 21:06:46.905 20950 23252 I DFInstaObserve: !toggles +blocked disable_feed=0 disable_explore=0 disable_reels=0 disable_stories=0 disable_adds=1
08-19 21:06:47.008 20950 23239 I DFInstaObserve: !toggles +blocked disable_feed=0 disable_explore=0 disable_reels=0 disable_stories=0 disable_adds=1
08-19 21:06:47.074 20950 23303 I DFInstaObserve: !toggles +blocked disable_feed=0 disable_explore=0 disable_reels=0 disable_stories=0 disable_adds=1
08-19 21:06:47.294 20950 23239 I DFInstaObserve: !toggles +blocked disable_feed=0 disable_explore=0 disable_reels=0 disable_stories=0 disable_adds=1
08-19 21:06:47.331 20950 23303 I DFInstaObserve: !toggles +blocked disable_feed=0 disable_explore=0 disable_reels=0 disable_stories=0 disable_adds=1
08-19 21:06:47.408 20950 23239 I DFInstaObserve: !toggles +blocked disable_feed=0 disable_explore=0 disable_reels=0 disable_stories=0 disable_adds=1
08-19 21:06:47.454 20950 23291 I DFInstaObserve: !toggles +blocked disable_feed=0 disable_explore=0 disable_reels=0 disable_stories=0 disable_adds=1
08-19 21:06:47.484 20950 21154 I DFInstaObserve: !toggles +blocked disable_feed=0 disable_explore=0 disable_reels=0 disable_stories=0 disable_adds=1
08-19 21:06:47.530 20950 21154 I DFInstaObserve: !toggles +blocked disable_feed=0 disable_explore=0 disable_reels=0 disable_stories=0 disable_adds=1
08-19 21:06:47.556 20950 23291 I DFInstaObserve: !toggles +blocked disable_feed=0 disable_explore=0 disable_reels=0 disable_stories=0 disable_adds=1
08-19 21:06:47.592 20950 23367 I DFInstaObserve: !toggles +blocked disable_feed=0 disable_explore=0 disable_reels=0 disable_stories=0 disable_adds=1
08-19 21:06:47.702 20950 21154 I DFInstaObserve: !toggles +blocked disable_feed=0 disable_explore=0 disable_reels=0 disable_stories=0 disable_adds=1
08-19 21:06:47.717 20950 23291 I DFInstaObserve: !toggles +blocked disable_feed=0 disable_explore=0 disable_reels=0 disable_stories=0 disable_adds=1
08-19 21:06:47.755 20950 23369 I DFInstaObserve: !toggles +blocked disable_feed=0 disable_explore=0 disable_reels=0 disable_stories=0 disable_adds=1
08-19 21:06:47.823 20950 21154 I DFInstaObserve: !toggles +blocked disable_feed=0 disable_explore=0 disable_reels=0 disable_stories=0 disable_adds=1
08-19 21:06:47.838 20950 23370 I DFInstaObserve: !toggles +blocked disable_feed=0 disable_explore=0 disable_reels=0 disable_stories=0 disable_adds=1
08-19 21:06:47.901 20950 21154 I DFInstaObserve: !toggles +blocked disable_feed=0 disable_explore=0 disable_reels=0 disable_stories=0 disable_adds=1
08-19 21:06:47.934 20950 23369 I DFInstaObserve: !toggles +blocked disable_feed=0 disable_explore=0 disable_reels=0 disable_stories=0 disable_adds=1
08-19 21:06:47.961 20950 21154 I DFInstaObserve: !toggles +blocked disable_feed=0 disable_explore=0 disable_reels=0 disable_stories=0 disable_adds=1
08-19 21:06:48.039 20950 23370 I DFInstaObserve: !toggles +blocked disable_feed=0 disable_explore=0 disable_reels=0 disable_stories=0 disable_adds=1
08-19 21:06:48.113 20950 23291 I DFInstaObserve: !toggles +blocked disable_feed=0 disable_explore=0 disable_reels=0 disable_stories=0 disable_adds=1
08-19 21:06:48.141 20950 21154 I DFInstaObserve: !toggles +blocked disable_feed=0 disable_explore=0 disable_reels=0 disable_stories=0 disable_adds=1
08-19 21:06:48.161 20950 23338 I DFInstaObserve: !toggles +blocked disable_feed=0 disable_explore=0 disable_reels=0 disable_stories=0 disable_adds=1
08-19 21:06:48.247 20950 21154 I DFInstaObserve: !toggles +blocked disable_feed=0 disable_explore=0 disable_reels=0 disable_stories=0 disable_adds=1
08-19 21:06:48.613 20950 21154 I DFInstaObserve: !toggles +blocked disable_feed=0 disable_explore=0 disable_reels=0 disable_stories=0 disable_adds=1
08-19 21:06:48.679 20950 21154 I DFInstaObserve: !toggles +blocked disable_feed=0 disable_explore=0 disable_reels=0 disable_stories=0 disable_adds=1
08-19 21:06:48.808 20950 21154 I DFInstaObserve: !toggles +blocked disable_feed=0 disable_explore=0 disable_reels=0 disable_stories=0 disable_adds=1
08-19 21:06:48.877 20950 23351 I DFInstaObserve: !toggles +blocked disable_feed=0 disable_explore=0 disable_reels=0 disable_stories=0 disable_adds=1
08-19 21:06:48.978 20950 23357 I DFInstaObserve: !toggles +blocked disable_feed=0 disable_explore=0 disable_reels=0 disable_stories=0 disable_adds=1
08-19 21:06:49.877 20950 23252 I DFInstaObserve: !toggles +blocked disable_feed=0 disable_explore=0 disable_reels=0 disable_stories=0 disable_adds=1
08-19 21:06:49.877 20950 23252 I DFInstaObserve: /discover/topical_explore
08-19 21:06:50.215 20950 23447 I DFInstaObserve: !toggles +blocked disable_feed=0 disable_explore=0 disable_reels=0 disable_stories=0 disable_adds=1
08-19 21:06:50.556 20950 23462 I DFInstaObserve: !toggles +blocked disable_feed=0 disable_explore=0 disable_reels=0 disable_stories=0 disable_adds=1
08-19 21:06:52.308 20950 23446 I DFInstaObserve: !toggles +blocked disable_feed=0 disable_explore=0 disable_reels=0 disable_stories=0 disable_adds=1
08-19 21:06:52.354 20950 23446 I DFInstaObserve: !toggles +blocked disable_feed=0 disable_explore=0 disable_reels=0 disable_stories=0 disable_adds=1
08-19 21:06:52.544 20950 23453 I DFInstaObserve: !toggles +blocked disable_feed=0 disable_explore=0 disable_reels=0 disable_stories=0 disable_adds=1
08-19 21:06:52.786 20950 22755 I DFInstaObserve: !toggles +blocked disable_feed=0 disable_explore=0 disable_reels=0 disable_stories=0 disable_adds=1
08-19 21:06:52.789 20950 23476 I DFInstaObserve: !toggles +blocked disable_feed=0 disable_explore=0 disable_reels=0 disable_stories=0 disable_adds=1
08-19 21:06:52.808 20950 21154 I DFInstaObserve: !toggles +blocked disable_feed=0 disable_explore=0 disable_reels=0 disable_stories=0 disable_adds=1
08-19 21:06:53.184 20950 23203 I DFInstaObserve: !toggles +blocked disable_feed=0 disable_explore=0 disable_reels=0 disable_stories=0 disable_adds=1
08-19 21:06:53.257 20950 23252 I DFInstaObserve: !toggles +blocked disable_feed=0 disable_explore=0 disable_reels=0 disable_stories=0 disable_adds=1
08-19 21:06:53.346 20950 23471 I DFInstaObserve: !toggles +blocked disable_feed=0 disable_explore=0 disable_reels=0 disable_stories=0 disable_adds=1
08-19 21:06:53.369 20950 23472 I DFInstaObserve: !toggles +blocked disable_feed=0 disable_explore=0 disable_reels=0 disable_stories=0 disable_adds=1
08-19 21:06:53.369 20950 23472 I DFInstaObserve: /discover/topical_explore
08-19 21:06:53.421 20950 23370 I DFInstaObserve: !toggles +blocked disable_feed=0 disable_explore=0 disable_reels=0 disable_stories=0 disable_adds=1
08-19 21:06:53.440 20950 23493 I DFInstaObserve: !toggles +blocked disable_feed=0 disable_explore=0 disable_reels=0 disable_stories=0 disable_adds=1
08-19 21:06:53.508 20950 23303 I DFInstaObserve: !toggles +blocked disable_feed=0 disable_explore=0 disable_reels=0 disable_stories=0 disable_adds=1
08-19 21:06:53.550 20950 23370 I DFInstaObserve: !toggles +blocked disable_feed=0 disable_explore=0 disable_reels=0 disable_stories=0 disable_adds=1
08-19 21:06:53.634 20950 21154 I DFInstaObserve: !toggles +blocked disable_feed=0 disable_explore=0 disable_reels=0 disable_stories=0 disable_adds=1
08-19 21:06:53.647 20950 23471 I DFInstaObserve: !toggles +blocked disable_feed=0 disable_explore=0 disable_reels=0 disable_stories=0 disable_adds=1
08-19 21:06:53.681 20950 21154 I DFInstaObserve: !toggles +blocked disable_feed=0 disable_explore=0 disable_reels=0 disable_stories=0 disable_adds=1
08-19 21:06:53.702 20950 23303 I DFInstaObserve: !toggles +blocked disable_feed=0 disable_explore=0 disable_reels=0 disable_stories=0 disable_adds=1
08-19 21:06:53.792 20950 23471 I DFInstaObserve: !toggles +blocked disable_feed=0 disable_explore=0 disable_reels=0 disable_stories=0 disable_adds=1
08-19 21:06:53.804 20950 21154 I DFInstaObserve: !toggles +blocked disable_feed=0 disable_explore=0 disable_reels=0 disable_stories=0 disable_adds=1
08-19 21:06:53.968 20950 23370 I DFInstaObserve: !toggles +blocked disable_feed=0 disable_explore=0 disable_reels=0 disable_stories=0 disable_adds=1
08-19 21:06:53.999 20950 23487 I DFInstaObserve: !toggles +blocked disable_feed=0 disable_explore=0 disable_reels=0 disable_stories=0 disable_adds=1
08-19 21:06:54.055 20950 23486 I DFInstaObserve: !toggles +blocked disable_feed=0 disable_explore=0 disable_reels=0 disable_stories=0 disable_adds=1
08-19 21:06:54.074 20950 21154 I DFInstaObserve: !toggles +blocked disable_feed=0 disable_explore=0 disable_reels=0 disable_stories=0 disable_adds=1
08-19 21:06:54.087 20950 23291 I DFInstaObserve: !toggles +blocked disable_feed=0 disable_explore=0 disable_reels=0 disable_stories=0 disable_adds=1
08-19 21:06:54.121 20950 23486 I DFInstaObserve: !toggles +blocked disable_feed=0 disable_explore=0 disable_reels=0 disable_stories=0 disable_adds=1
08-19 21:06:54.230 20950 23473 I DFInstaObserve: !toggles +blocked disable_feed=0 disable_explore=0 disable_reels=0 disable_stories=0 disable_adds=1
08-19 21:06:55.460 20950 21154 I DFInstaObserve: !toggles +blocked disable_feed=0 disable_explore=0 disable_reels=0 disable_stories=0 disable_adds=1
08-19 21:06:55.518 20950 21154 I DFInstaObserve: !toggles +blocked disable_feed=0 disable_explore=0 disable_reels=0 disable_stories=0 disable_adds=1
08-19 21:06:55.556 20950 23498 I DFInstaObserve: !toggles +blocked disable_feed=0 disable_explore=0 disable_reels=0 disable_stories=0 disable_adds=1
08-19 21:06:55.641 20950 23498 I DFInstaObserve: !toggles +blocked disable_feed=0 disable_explore=0 disable_reels=0 disable_stories=0 disable_adds=1
08-19 21:06:55.818 20950 23513 I DFInstaObserve: !toggles +blocked disable_feed=0 disable_explore=0 disable_reels=0 disable_stories=0 disable_adds=1
08-19 21:06:55.913 20950 23513 I DFInstaObserve: !toggles +blocked disable_feed=0 disable_explore=0 disable_reels=0 disable_stories=0 disable_adds=1
08-19 21:06:56.471 23548 23548 I DFInstaWalk: surface=Reels
08-19 21:06:56.844 20950 21154 I DFInstaObserve: !toggles +blocked disable_feed=0 disable_explore=0 disable_reels=0 disable_stories=0 disable_adds=1
08-19 21:06:56.894 20950 21154 I DFInstaObserve: !toggles +blocked disable_feed=0 disable_explore=0 disable_reels=0 disable_stories=0 disable_adds=1
08-19 21:06:57.028 20950 21154 I DFInstaObserve: !toggles +blocked disable_feed=0 disable_explore=0 disable_reels=0 disable_stories=0 disable_adds=1
08-19 21:06:57.096 20950 21154 I DFInstaObserve: !toggles +blocked disable_feed=0 disable_explore=0 disable_reels=0 disable_stories=0 disable_adds=1
08-19 21:06:57.238 20950 21154 I DFInstaObserve: !toggles +blocked disable_feed=0 disable_explore=0 disable_reels=0 disable_stories=0 disable_adds=1
08-19 21:06:57.306 20950 22755 I DFInstaObserve: !toggles +blocked disable_feed=0 disable_explore=0 disable_reels=0 disable_stories=0 disable_adds=1
08-19 21:06:57.309 20950 23648 I DFInstaObserve: !toggles +blocked disable_feed=0 disable_explore=0 disable_reels=0 disable_stories=0 disable_adds=1
08-19 21:06:57.372 20950 21154 I DFInstaObserve: !toggles +blocked disable_feed=0 disable_explore=0 disable_reels=0 disable_stories=0 disable_adds=1
08-19 21:06:57.484 20950 23486 I DFInstaObserve: !toggles +blocked disable_feed=0 disable_explore=0 disable_reels=0 disable_stories=0 disable_adds=1
08-19 21:06:57.553 20950 21186 I DFInstaObserve: !toggles +blocked disable_feed=0 disable_explore=0 disable_reels=0 disable_stories=0 disable_adds=1
08-19 21:06:57.562 20950 23589 I DFInstaObserve: !toggles +blocked disable_feed=0 disable_explore=0 disable_reels=0 disable_stories=0 disable_adds=1
08-19 21:06:57.675 20950 21186 I DFInstaObserve: !toggles +blocked disable_feed=0 disable_explore=0 disable_reels=0 disable_stories=0 disable_adds=1
08-19 21:06:57.716 20950 23601 I DFInstaObserve: !toggles +blocked disable_feed=0 disable_explore=0 disable_reels=0 disable_stories=0 disable_adds=1
08-19 21:06:57.783 20950 21186 I DFInstaObserve: !toggles +blocked disable_feed=0 disable_explore=0 disable_reels=0 disable_stories=0 disable_adds=1
08-19 21:06:57.806 20950 23203 I DFInstaObserve: !toggles +blocked disable_feed=0 disable_explore=0 disable_reels=0 disable_stories=0 disable_adds=1
08-19 21:06:57.842 20950 23601 I DFInstaObserve: !toggles +blocked disable_feed=0 disable_explore=0 disable_reels=0 disable_stories=0 disable_adds=1
08-19 21:06:57.896 20950 23601 I DFInstaObserve: !toggles +blocked disable_feed=0 disable_explore=0 disable_reels=0 disable_stories=0 disable_adds=1
08-19 21:06:57.912 20950 21154 I DFInstaObserve: !toggles +blocked disable_feed=0 disable_explore=0 disable_reels=0 disable_stories=0 disable_adds=1
08-19 21:06:57.934 20950 21186 I DFInstaObserve: !toggles +blocked disable_feed=0 disable_explore=0 disable_reels=0 disable_stories=0 disable_adds=1
08-19 21:06:57.955 20950 21154 I DFInstaObserve: !toggles +blocked disable_feed=0 disable_explore=0 disable_reels=0 disable_stories=0 disable_adds=1
08-19 21:06:57.978 20950 23203 I DFInstaObserve: !toggles +blocked disable_feed=0 disable_explore=0 disable_reels=0 disable_stories=0 disable_adds=1
08-19 21:06:58.007 20950 23651 I DFInstaObserve: !toggles +blocked disable_feed=0 disable_explore=0 disable_reels=0 disable_stories=0 disable_adds=1
08-19 21:06:58.032 20950 21186 I DFInstaObserve: !toggles +blocked disable_feed=0 disable_explore=0 disable_reels=0 disable_stories=0 disable_adds=1
08-19 21:06:58.133 20950 23652 I DFInstaObserve: !toggles +blocked disable_feed=0 disable_explore=0 disable_reels=0 disable_stories=0 disable_adds=1
08-19 21:06:58.208 20950 23652 I DFInstaObserve: !toggles +blocked disable_feed=0 disable_explore=0 disable_reels=0 disable_stories=0 disable_adds=1
08-19 21:06:58.271 20950 23528 I DFInstaObserve: !toggles +blocked disable_feed=0 disable_explore=0 disable_reels=0 disable_stories=0 disable_adds=1
08-19 21:06:58.315 20950 23651 I DFInstaObserve: !toggles +blocked disable_feed=0 disable_explore=0 disable_reels=0 disable_stories=0 disable_adds=1
08-19 21:06:58.350 20950 21186 I DFInstaObserve: !toggles +blocked disable_feed=0 disable_explore=0 disable_reels=0 disable_stories=0 disable_adds=1
08-19 21:06:58.372 20950 23649 I DFInstaObserve: !toggles +blocked disable_feed=0 disable_explore=0 disable_reels=0 disable_stories=0 disable_adds=1
08-19 21:06:58.410 20950 23486 I DFInstaObserve: !toggles +blocked disable_feed=0 disable_explore=0 disable_reels=0 disable_stories=0 disable_adds=1
08-19 21:06:58.441 20950 21154 I DFInstaObserve: !toggles +blocked disable_feed=0 disable_explore=0 disable_reels=0 disable_stories=0 disable_adds=1
08-19 21:06:58.494 20950 21154 I DFInstaObserve: !toggles +blocked disable_feed=0 disable_explore=0 disable_reels=0 disable_stories=0 disable_adds=1
08-19 21:06:58.503 20950 23486 I DFInstaObserve: !toggles +blocked disable_feed=0 disable_explore=0 disable_reels=0 disable_stories=0 disable_adds=1
08-19 21:06:58.572 20950 23528 I DFInstaObserve: !toggles +blocked disable_feed=0 disable_explore=0 disable_reels=0 disable_stories=0 disable_adds=1
08-19 21:06:58.686 20950 21154 I DFInstaObserve: !toggles +blocked disable_feed=0 disable_explore=0 disable_reels=0 disable_stories=0 disable_adds=1
08-19 21:06:58.737 20950 21154 I DFInstaObserve: !toggles +blocked disable_feed=0 disable_explore=0 disable_reels=0 disable_stories=0 disable_adds=1
08-19 21:06:58.836 20950 21154 I DFInstaObserve: !toggles +blocked disable_feed=0 disable_explore=0 disable_reels=0 disable_stories=0 disable_adds=1
08-19 21:06:58.868 20950 21154 I DFInstaObserve: !toggles +blocked disable_feed=0 disable_explore=0 disable_reels=0 disable_stories=0 disable_adds=1
08-19 21:06:58.925 20950 23606 I DFInstaObserve: !toggles +blocked disable_feed=0 disable_explore=0 disable_reels=0 disable_stories=0 disable_adds=1
08-19 21:06:58.925 20950 23603 I DFInstaObserve: !toggles +blocked disable_feed=0 disable_explore=0 disable_reels=0 disable_stories=0 disable_adds=1
08-19 21:06:59.219 20950 21154 I DFInstaObserve: !toggles +blocked disable_feed=0 disable_explore=0 disable_reels=0 disable_stories=0 disable_adds=1
08-19 21:07:01.383 20950 23606 I DFInstaObserve: !toggles +blocked disable_feed=0 disable_explore=0 disable_reels=0 disable_stories=0 disable_adds=1
08-19 21:07:01.384 20950 23603 I DFInstaObserve: !toggles +blocked disable_feed=0 disable_explore=0 disable_reels=0 disable_stories=0 disable_adds=1
08-19 21:07:04.704 20950 23682 I DFInstaObserve: !toggles +blocked disable_feed=0 disable_explore=0 disable_reels=0 disable_stories=0 disable_adds=1
08-19 21:07:04.704 20950 23682 I DFInstaObserve: /clips/discover
08-19 21:07:04.704 20950 23682 I DFInstaObserve: /clips/discover/stream/
08-19 21:07:07.208 20950 23713 I DFInstaObserve: !toggles +blocked disable_feed=0 disable_explore=0 disable_reels=0 disable_stories=0 disable_adds=1
08-19 21:07:07.220 20950 23711 I DFInstaObserve: !toggles +blocked disable_feed=0 disable_explore=0 disable_reels=0 disable_stories=0 disable_adds=1
08-19 21:07:08.505 20950 23755 I DFInstaObserve: !toggles +blocked disable_feed=0 disable_explore=0 disable_reels=0 disable_stories=0 disable_adds=1
08-19 21:07:08.600 20950 22755 I DFInstaObserve: !toggles +blocked disable_feed=0 disable_explore=0 disable_reels=0 disable_stories=0 disable_adds=1
08-19 21:07:08.603 20950 22755 I DFInstaObserve: !toggles +blocked disable_feed=0 disable_explore=0 disable_reels=0 disable_stories=0 disable_adds=1
08-19 21:07:08.693 20950 21348 I DFInstaObserve: !toggles +blocked disable_feed=0 disable_explore=0 disable_reels=0 disable_stories=0 disable_adds=1
08-19 21:07:08.697 20950 21154 I DFInstaObserve: !toggles +blocked disable_feed=0 disable_explore=0 disable_reels=0 disable_stories=0 disable_adds=1
08-19 21:07:09.287 20950 21154 I DFInstaObserve: !toggles +blocked disable_feed=0 disable_explore=0 disable_reels=0 disable_stories=0 disable_adds=1
08-19 21:07:09.384 20950 21154 I DFInstaObserve: !toggles +blocked disable_feed=0 disable_explore=0 disable_reels=0 disable_stories=0 disable_adds=1
08-19 21:07:09.692 20950 21154 I DFInstaObserve: !toggles +blocked disable_feed=0 disable_explore=0 disable_reels=0 disable_stories=0 disable_adds=1
08-19 21:07:09.749 20950 21154 I DFInstaObserve: !toggles +blocked disable_feed=0 disable_explore=0 disable_reels=0 disable_stories=0 disable_adds=1
08-19 21:07:09.826 20950 21154 I DFInstaObserve: !toggles +blocked disable_feed=0 disable_explore=0 disable_reels=0 disable_stories=0 disable_adds=1
08-19 21:07:10.568 20950 23769 I DFInstaObserve: !toggles +blocked disable_feed=0 disable_explore=0 disable_reels=0 disable_stories=0 disable_adds=1
08-19 21:07:10.569 20950 23770 I DFInstaObserve: !toggles +blocked disable_feed=0 disable_explore=0 disable_reels=0 disable_stories=0 disable_adds=1
08-19 21:07:11.808 20950 23648 I DFInstaObserve: !toggles +blocked disable_feed=0 disable_explore=0 disable_reels=0 disable_stories=0 disable_adds=1
08-19 21:07:13.923 20950 23816 I DFInstaObserve: !toggles +blocked disable_feed=0 disable_explore=0 disable_reels=0 disable_stories=0 disable_adds=1
08-19 21:07:13.926 20950 23815 I DFInstaObserve: !toggles +blocked disable_feed=0 disable_explore=0 disable_reels=0 disable_stories=0 disable_adds=1
08-19 21:07:17.296 20950 23843 I DFInstaObserve: !toggles +blocked disable_feed=0 disable_explore=0 disable_reels=0 disable_stories=0 disable_adds=1
08-19 21:07:17.305 20950 23842 I DFInstaObserve: !toggles +blocked disable_feed=0 disable_explore=0 disable_reels=0 disable_stories=0 disable_adds=1
08-19 21:07:18.095 20950 23652 I DFInstaObserve: !toggles +blocked disable_feed=0 disable_explore=0 disable_reels=0 disable_stories=0 disable_adds=1
08-19 21:07:18.095 20950 23652 I DFInstaObserve: /clips/discover
08-19 21:07:18.095 20950 23652 I DFInstaObserve: /clips/discover/stream/
08-19 21:07:20.617 20950 23866 I DFInstaObserve: !toggles +blocked disable_feed=0 disable_explore=0 disable_reels=0 disable_stories=0 disable_adds=1
08-19 21:07:20.621 20950 23867 I DFInstaObserve: !toggles +blocked disable_feed=0 disable_explore=0 disable_reels=0 disable_stories=0 disable_adds=1
